input_idx,layer_name,layer_type,op_type,M,K,P,input_sparsity,output_sparsity,weight_sparsity,input_shape,output_shape,model_name
0,stress_layer_0,Linear,MM,256,512,128,0.0803,0.0791,0.0,"(1, 512)","(1, 128)",dp_stress
0,stress_layer_1,Linear,MM,256,512,128,0.0119,0.096,0.0,"(1, 512)","(1, 128)",dp_stress
0,stress_layer_2,Linear,MM,256,512,128,0.0091,0.0498,0.0,"(1, 512)","(1, 128)",dp_stress
0,stress_layer_3,Linear,MM,256,512,128,0.0427,0.0832,0.0,"(1, 512)","(1, 128)",dp_stress
0,stress_layer_4,Linear,MM,256,512,128,0.0628,0.1046,0.0,"(1, 512)","(1, 128)",dp_stress
0,stress_layer_5,Linear,MM,256,512,128,0.658,0.3264,0.75,"(1, 512)","(1, 128)",dp_stress
0,stress_layer_6,Linear,MM,256,512,128,0.0343,0.0302,0.0,"(1, 512)","(1, 128)",dp_stress
0,stress_layer_7,Linear,MM,256,512,128,0.0707,0.005,0.0,"(1, 512)","(1, 128)",dp_stress
0,stress_layer_8,Linear,MM,256,512,128,0.0909,0.0608,0.0,"(1, 512)","(1, 128)",dp_stress
0,stress_layer_9,Linear,MM,256,512,128,0.076,0.0711,0.0,"(1, 512)","(1, 128)",dp_stress
0,stress_layer_10,Linear,MM,256,512,128,0.0287,0.1127,0.0,"(1, 512)","(1, 128)",dp_stress
0,stress_layer_11,Linear,MM,256,512,128,0.5194,0.3825,0.75,"(1, 512)","(1, 128)",dp_stress
0,stress_layer_12,Linear,MM,256,512,128,0.0282,0.0585,0.0,"(1, 512)","(1, 128)",dp_stress
0,stress_layer_13,Linear,MM,256,512,128,0.0871,0.0122,0.0,"(1, 512)","(1, 128)",dp_stress
0,stress_layer_14,Linear,MM,256,512,128,0.0558,0.0821,0.0,"(1, 512)","(1, 128)",dp_stress
0,stress_layer_15,Linear,MM,256,512,128,0.0332,0.146,0.0,"(1, 512)","(1, 128)",dp_stress
0,stress_layer_16,Linear,MM,256,512,128,0.0286,0.0762,0.0,"(1, 512)","(1, 128)",dp_stress
0,stress_layer_17,Linear,MM,256,512,128,0.5296,0.3393,0.75,"(1, 512)","(1, 128)",dp_stress
0,stress_layer_18,Linear,MM,256,512,128,0.0841,0.0006,0.0,"(1, 512)","(1, 128)",dp_stress
0,stress_layer_19,Linear,MM,256,512,128,0.0783,0.125,0.0,"(1, 512)","(1, 128)",dp_stress
0,stress_layer_20,Linear,MM,256,512,128,0.0938,0.1459,0.0,"(1, 512)","(1, 128)",dp_stress
0,stress_layer_21,Linear,MM,256,512,128,0.0833,0.0099,0.0,"(1, 512)","(1, 128)",dp_stress
0,stress_layer_22,Linear,MM,256,512,128,0.0404,0.0562,0.0,"(1, 512)","(1, 128)",dp_stress
0,stress_layer_23,Linear,MM,256,512,128,0.6015,0.4956,0.75,"(1, 512)","(1, 128)",dp_stress
0,stress_layer_24,Linear,MM,256,512,128,0.0819,0.0281,0.0,"(1, 512)","(1, 128)",dp_stress
0,stress_layer_25,Linear,MM,256,512,128,0.0698,0.1024,0.0,"(1, 512)","(1, 128)",dp_stress
0,stress_layer_26,Linear,MM,256,512,128,0.0999,0.0724,0.0,"(1, 512)","(1, 128)",dp_stress
0,stress_layer_27,Linear,MM,256,512,128,0.0731,0.1193,0.0,"(1, 512)","(1, 128)",dp_stress
0,stress_layer_28,Linear,MM,256,512,128,0.0261,0.0242,0.0,"(1, 512)","(1, 128)",dp_stress
0,stress_layer_29,Linear,MM,256,512,128,0.6397,0.4799,0.75,"(1, 512)","(1, 128)",dp_stress
0,stress_layer_30,Linear,MM,256,512,128,0.0915,0.0469,0.0,"(1, 512)","(1, 128)",dp_stress
0,stress_layer_31,Linear,MM,256,512,128,0.0954,0.1086,0.0,"(1, 512)","(1, 128)",dp_stress
0,stress_layer_32,Linear,MM,256,512,128,0.0021,0.1088,0.0,"(1, 512)","(1, 128)",dp_stress
0,stress_layer_33,Linear,MM,256,512,128,0.0582,0.1432,0.0,"(1, 512)","(1, 128)",dp_stress
0,stress_layer_34,Linear,MM,256,512,128,0.0742,0.0296,0.0,"(1, 512)","(1, 128)",dp_stress
0,stress_layer_35,Linear,MM,256,512,128,0.6898,0.4717,0.75,"(1, 512)","(1, 128)",dp_stress
0,stress_layer_36,Linear,MM,256,512,128,0.0449,0.1235,0.0,"(1, 512)","(1, 128)",dp_stress
0,stress_layer_37,Linear,MM,256,512,128,0.0997,0.0846,0.0,"(1, 512)","(1, 128)",dp_stress
0,stress_layer_38,Linear,MM,256,512,128,0.0589,0.0636,0.0,"(1, 512)","(1, 128)",dp_stress
0,stress_layer_39,Linear,MM,256,512,128,0.0895,0.0667,0.0,"(1, 512)","(1, 128)",dp_stress
1,stress_layer_0,Linear,MM,256,512,128,0.0577,0.099,0.0,"(1, 512)","(1, 128)",dp_stress
1,stress_layer_1,Linear,MM,256,512,128,0.0302,0.0034,0.0,"(1, 512)","(1, 128)",dp_stress
1,stress_layer_2,Linear,MM,256,512,128,0.0838,0.0479,0.0,"(1, 512)","(1, 128)",dp_stress
1,stress_layer_3,Linear,MM,256,512,128,0.0376,0.0273,0.0,"(1, 512)","(1, 128)",dp_stress
1,stress_layer_4,Linear,MM,256,512,128,0.0831,0.0277,0.0,"(1, 512)","(1, 128)",dp_stress
1,stress_layer_5,Linear,MM,256,512,128,0.6939,0.4393,0.75,"(1, 512)","(1, 128)",dp_stress
1,stress_layer_6,Linear,MM,256,512,128,0.0606,0.0744,0.0,"(1, 512)","(1, 128)",dp_stress
1,stress_layer_7,Linear,MM,256,512,128,0.0709,0.0391,0.0,"(1, 512)","(1, 128)",dp_stress
1,stress_layer_8,Linear,MM,256,512,128,0.0653,0.0934,0.0,"(1, 512)","(1, 128)",dp_stress
1,stress_layer_9,Linear,MM,256,512,128,0.0836,0.0536,0.0,"(1, 512)","(1, 128)",dp_stress
1,stress_layer_10,Linear,MM,256,512,128,0.0955,0.0095,0.0,"(1, 512)","(1, 128)",dp_stress
1,stress_layer_11,Linear,MM,256,512,128,0.6734,0.4103,0.75,"(1, 512)","(1, 128)",dp_stress
1,stress_layer_12,Linear,MM,256,512,128,0.089,0.112,0.0,"(1, 512)","(1, 128)",dp_stress
1,stress_layer_13,Linear,MM,256,512,128,0.0208,0.0732,0.0,"(1, 512)","(1, 128)",dp_stress
1,stress_layer_14,Linear,MM,256,512,128,0.0591,0.1306,0.0,"(1, 512)","(1, 128)",dp_stress
1,stress_layer_15,Linear,MM,256,512,128,0.0799,0.1432,0.0,"(1, 512)","(1, 128)",dp_stress
1,stress_layer_16,Linear,MM,256,512,128,0.0173,0.016,0.0,"(1, 512)","(1, 128)",dp_stress
1,stress_layer_17,Linear,MM,256,512,128,0.6254,0.3749,0.75,"(1, 512)","(1, 128)",dp_stress
1,stress_layer_18,Linear,MM,256,512,128,0.0652,0.103,0.0,"(1, 512)","(1, 128)",dp_stress
1,stress_layer_19,Linear,MM,256,512,128,0.0476,0.0999,0.0,"(1, 512)","(1, 128)",dp_stress
1,stress_layer_20,Linear,MM,256,512,128,0.0954,0.0272,0.0,"(1, 512)","(1, 128)",dp_stress
1,stress_layer_21,Linear,MM,256,512,128,0.07,0.0671,0.0,"(1, 512)","(1, 128)",dp_stress
1,stress_layer_22,Linear,MM,256,512,128,0.0525,0.0139,0.0,"(1, 512)","(1, 128)",dp_stress
1,stress_layer_23,Linear,MM,256,512,128,0.6344,0.4827,0.75,"(1, 512)","(1, 128)",dp_stress
1,stress_layer_24,Linear,MM,256,512,128,0.0332,0.1453,0.0,"(1, 512)","(1, 128)",dp_stress
1,stress_layer_25,Linear,MM,256,512,128,0.0174,0.0084,0.0,"(1, 512)","(1, 128)",dp_stress
1,stress_layer_26,Linear,MM,256,512,128,0.0061,0.117,0.0,"(1, 512)","(1, 128)",dp_stress
1,stress_layer_27,Linear,MM,256,512,128,0.0565,0.0203,0.0,"(1, 512)","(1, 128)",dp_stress
1,stress_layer_28,Linear,MM,256,512,128,0.0483,0.0985,0.0,"(1, 512)","(1, 128)",dp_stress
1,stress_layer_29,Linear,MM,256,512,128,0.6868,0.4086,0.75,"(1, 512)","(1, 128)",dp_stress
1,stress_layer_30,Linear,MM,256,512,128,0.0284,0.0328,0.0,"(1, 512)","(1, 128)",dp_stress
1,stress_layer_31,Linear,MM,256,512,128,0.0742,0.0746,0.0,"(1, 512)","(1, 128)",dp_stress
1,stress_layer_32,Linear,MM,256,512,128,0.0166,0.1439,0.0,"(1, 512)","(1, 128)",dp_stress
1,stress_layer_33,Linear,MM,256,512,128,0.0359,0.0601,0.0,"(1, 512)","(1, 128)",dp_stress
1,stress_layer_34,Linear,MM,256,512,128,0.0686,0.1401,0.0,"(1, 512)","(1, 128)",dp_stress
1,stress_layer_35,Linear,MM,256,512,128,0.577,0.3703,0.75,"(1, 512)","(1, 128)",dp_stress
1,stress_layer_36,Linear,MM,256,512,128,0.0372,0.0257,0.0,"(1, 512)","(1, 128)",dp_stress
1,stress_layer_37,Linear,MM,256,512,128,0.0178,0.0963,0.0,"(1, 512)","(1, 128)",dp_stress
1,stress_layer_38,Linear,MM,256,512,128,0.0975,0.011,0.0,"(1, 512)","(1, 128)",dp_stress
1,stress_layer_39,Linear,MM,256,512,128,0.0131,0.1226,0.0,"(1, 512)","(1, 128)",dp_stress
2,stress_layer_0,Linear,MM,256,512,128,0.078,0.147,0.0,"(1, 512)","(1, 128)",dp_stress
2,stress_layer_1,Linear,MM,256,512,128,0.021,0.1402,0.0,"(1, 512)","(1, 128)",dp_stress
2,stress_layer_2,Linear,MM,256,512,128,0.0124,0.1047,0.0,"(1, 512)","(1, 128)",dp_stress
2,stress_layer_3,Linear,MM,256,512,128,0.0915,0.0783,0.0,"(1, 512)","(1, 128)",dp_stress
2,stress_layer_4,Linear,MM,256,512,128,0.0399,0.1159,0.0,"(1, 512)","(1, 128)",dp_stress
2,stress_layer_5,Linear,MM,256,512,128,0.6647,0.4904,0.75,"(1, 512)","(1, 128)",dp_stress
2,stress_layer_6,Linear,MM,256,512,128,0.0068,0.0288,0.0,"(1, 512)","(1, 128)",dp_stress
2,stress_layer_7,Linear,MM,256,512,128,0.0785,0.1014,0.0,"(1, 512)","(1, 128)",dp_stress
2,stress_layer_8,Linear,MM,256,512,128,0.0271,0.0003,0.0,"(1, 512)","(1, 128)",dp_stress
2,stress_layer_9,Linear,MM,256,512,128,0.0594,0.123,0.0,"(1, 512)","(1, 128)",dp_stress
2,stress_layer_10,Linear,MM,256,512,128,0.0461,0.0987,0.0,"(1, 512)","(1, 128)",dp_stress
2,stress_layer_11,Linear,MM,256,512,128,0.6033,0.4913,0.75,"(1, 512)","(1, 128)",dp_stress
2,stress_layer_12,Linear,MM,256,512,128,0.0821,0.0598,0.0,"(1, 512)","(1, 128)",dp_stress
2,stress_layer_13,Linear,MM,256,512,128,0.0893,0.0404,0.0,"(1, 512)","(1, 128)",dp_stress
2,stress_layer_14,Linear,MM,256,512,128,0.0543,0.0379,0.0,"(1, 512)","(1, 128)",dp_stress
2,stress_layer_15,Linear,MM,256,512,128,0.0529,0.0732,0.0,"(1, 512)","(1, 128)",dp_stress
2,stress_layer_16,Linear,MM,256,512,128,0.0978,0.0774,0.0,"(1, 512)","(1, 128)",dp_stress
2,stress_layer_17,Linear,MM,256,512,128,0.5606,0.3439,0.75,"(1, 512)","(1, 128)",dp_stress
2,stress_layer_18,Linear,MM,256,512,128,0.0559,0.0575,0.0,"(1, 512)","(1, 128)",dp_stress
2,stress_layer_19,Linear,MM,256,512,128,0.0856,0.0088,0.0,"(1, 512)","(1, 128)",dp_stress
2,stress_layer_20,Linear,MM,256,512,128,0.0087,0.0752,0.0,"(1, 512)","(1, 128)",dp_stress
2,stress_layer_21,Linear,MM,256,512,128,0.0366,0.1117,0.0,"(1, 512)","(1, 128)",dp_stress
2,stress_layer_22,Linear,MM,256,512,128,0.0104,0.1439,0.0,"(1, 512)","(1, 128)",dp_stress
2,stress_layer_23,Linear,MM,256,512,128,0.6368,0.3083,0.75,"(1, 512)","(1, 128)",dp_stress
2,stress_layer_24,Linear,MM,256,512,128,0.0084,0.0954,0.0,"(1, 512)","(1, 128)",dp_stress
2,stress_layer_25,Linear,MM,256,512,128,0.0775,0.043,0.0,"(1, 512)","(1, 128)",dp_stress
2,stress_layer_26,Linear,MM,256,512,128,0.0299,0.0406,0.0,"(1, 512)","(1, 128)",dp_stress
2,stress_layer_27,Linear,MM,256,512,128,0.0279,0.0116,0.0,"(1, 512)","(1, 128)",dp_stress
2,stress_layer_28,Linear,MM,256,512,128,0.0541,0.0008,0.0,"(1, 512)","(1, 128)",dp_stress
2,stress_layer_29,Linear,MM,256,512,128,0.6483,0.4687,0.75,"(1, 512)","(1, 128)",dp_stress
2,stress_layer_30,Linear,MM,256,512,128,0.0108,0.04,0.0,"(1, 512)","(1, 128)",dp_stress
2,stress_layer_31,Linear,MM,256,512,128,0.0161,0.0839,0.0,"(1, 512)","(1, 128)",dp_stress
2,stress_layer_32,Linear,MM,256,512,128,0.0955,0.0287,0.0,"(1, 512)","(1, 128)",dp_stress
2,stress_layer_33,Linear,MM,256,512,128,0.0936,0.0771,0.0,"(1, 512)","(1, 128)",dp_stress
2,stress_layer_34,Linear,MM,256,512,128,0.0258,0.1167,0.0,"(1, 512)","(1, 128)",dp_stress
2,stress_layer_35,Linear,MM,256,512,128,0.5687,0.3642,0.75,"(1, 512)","(1, 128)",dp_stress
2,stress_layer_36,Linear,MM,256,512,128,0.0831,0.0337,0.0,"(1, 512)","(1, 128)",dp_stress
2,stress_layer_37,Linear,MM,256,512,128,0.0146,0.0361,0.0,"(1, 512)","(1, 128)",dp_stress
2,stress_layer_38,Linear,MM,256,512,128,0.0183,0.0402,0.0,"(1, 512)","(1, 128)",dp_stress
2,stress_layer_39,Linear,MM,256,512,128,0.035,0.123,0.0,"(1, 512)","(1, 128)",dp_stress
3,stress_layer_0,Linear,MM,256,512,128,0.0316,0.1259,0.0,"(1, 512)","(1, 128)",dp_stress
3,stress_layer_1,Linear,MM,256,512,128,0.0038,0.0869,0.0,"(1, 512)","(1, 128)",dp_stress
3,stress_layer_2,Linear,MM,256,512,128,0.0593,0.089,0.0,"(1, 512)","(1, 128)",dp_stress
3,stress_layer_3,Linear,MM,256,512,128,0.0652,0.134,0.0,"(1, 512)","(1, 128)",dp_stress
3,stress_layer_4,Linear,MM,256,512,128,0.0202,0.0061,0.0,"(1, 512)","(1, 128)",dp_stress
3,stress_layer_5,Linear,MM,256,512,128,0.5675,0.413,0.75,"(1, 512)","(1, 128)",dp_stress
3,stress_layer_6,Linear,MM,256,512,128,0.0731,0.1228,0.0,"(1, 512)","(1, 128)",dp_stress
3,stress_layer_7,Linear,MM,256,512,128,0.083,0.017,0.0,"(1, 512)","(1, 128)",dp_stress
3,stress_layer_8,Linear,MM,256,512,128,0.0495,0.1486,0.0,"(1, 512)","(1, 128)",dp_stress
3,stress_layer_9,Linear,MM,256,512,128,0.0391,0.1331,0.0,"(1, 512)","(1, 128)",dp_stress
3,stress_layer_10,Linear,MM,256,512,128,0.051,0.0709,0.0,"(1, 512)","(1, 128)",dp_stress
3,stress_layer_11,Linear,MM,256,512,128,0.5105,0.4219,0.75,"(1, 512)","(1, 128)",dp_stress
3,stress_layer_12,Linear,MM,256,512,128,0.0084,0.0631,0.0,"(1, 512)","(1, 128)",dp_stress
3,stress_layer_13,Linear,MM,256,512,128,0.0066,0.0893,0.0,"(1, 512)","(1, 128)",dp_stress
3,stress_layer_14,Linear,MM,256,512,128,0.0865,0.1025,0.0,"(1, 512)","(1, 128)",dp_stress
3,stress_layer_15,Linear,MM,256,512,128,0.0057,0.1109,0.0,"(1, 512)","(1, 128)",dp_stress
3,stress_layer_16,Linear,MM,256,512,128,0.0881,0.1469,0.0,"(1, 512)","(1, 128)",dp_stress
3,stress_layer_17,Linear,MM,256,512,128,0.6202,0.3243,0.75,"(1, 512)","(1, 128)",dp_stress
3,stress_layer_18,Linear,MM,256,512,128,0.0932,0.1066,0.0,"(1, 512)","(1, 128)",dp_stress
3,stress_layer_19,Linear,MM,256,512,128,0.0365,0.0431,0.0,"(1, 512)","(1, 128)",dp_stress
3,stress_layer_20,Linear,MM,256,512,128,0.0628,0.0521,0.0,"(1, 512)","(1, 128)",dp_stress
3,stress_layer_21,Linear,MM,256,512,128,0.0941,0.0123,0.0,"(1, 512)","(1, 128)",dp_stress
3,stress_layer_22,Linear,MM,256,512,128,0.0456,0.0723,0.0,"(1, 512)","(1, 128)",dp_stress
3,stress_layer_23,Linear,MM,256,512,128,0.5361,0.4417,0.75,"(1, 512)","(1, 128)",dp_stress
3,stress_layer_24,Linear,MM,256,512,128,0.0044,0.0782,0.0,"(1, 512)","(1, 128)",dp_stress
3,stress_layer_25,Linear,MM,256,512,128,0.0755,0.1189,0.0,"(1, 512)","(1, 128)",dp_stress
3,stress_layer_26,Linear,MM,256,512,128,0.0023,0.0197,0.0,"(1, 512)","(1, 128)",dp_stress
3,stress_layer_27,Linear,MM,256,512,128,0.0441,0.0991,0.0,"(1, 512)","(1, 128)",dp_stress
3,stress_layer_28,Linear,MM,256,512,128,0.0365,0.0599,0.0,"(1, 512)","(1, 128)",dp_stress
3,stress_layer_29,Linear,MM,256,512,128,0.557,0.3244,0.75,"(1, 512)","(1, 128)",dp_stress
3,stress_layer_30,Linear,MM,256,512,128,0.092,0.1385,0.0,"(1, 512)","(1, 128)",dp_stress
3,stress_layer_31,Linear,MM,256,512,128,0.048,0.0074,0.0,"(1, 512)","(1, 128)",dp_stress
3,stress_layer_32,Linear,MM,256,512,128,0.0357,0.0484,0.0,"(1, 512)","(1, 128)",dp_stress
3,stress_layer_33,Linear,MM,256,512,128,0.0888,0.1339,0.0,"(1, 512)","(1, 128)",dp_stress
3,stress_layer_34,Linear,MM,256,512,128,0.0325,0.0449,0.0,"(1, 512)","(1, 128)",dp_stress
3,stress_layer_35,Linear,MM,256,512,128,0.5617,0.3727,0.75,"(1, 512)","(1, 128)",dp_stress
3,stress_layer_36,Linear,MM,256,512,128,0.0499,0.1135,0.0,"(1, 512)","(1, 128)",dp_stress
3,stress_layer_37,Linear,MM,256,512,128,0.0969,0.033,0.0,"(1, 512)","(1, 128)",dp_stress
3,stress_layer_38,Linear,MM,256,512,128,0.0689,0.012,0.0,"(1, 512)","(1, 128)",dp_stress
3,stress_layer_39,Linear,MM,256,512,128,0.0581,0.0935,0.0,"(1, 512)","(1, 128)",dp_stress
4,stress_layer_0,Linear,MM,256,512,128,0.056,0.12,0.0,"(1, 512)","(1, 128)",dp_stress
4,stress_layer_1,Linear,MM,256,512,128,0.0308,0.0085,0.0,"(1, 512)","(1, 128)",dp_stress
4,stress_layer_2,Linear,MM,256,512,128,0.0715,0.1365,0.0,"(1, 512)","(1, 128)",dp_stress
4,stress_layer_3,Linear,MM,256,512,128,0.0313,0.0226,0.0,"(1, 512)","(1, 128)",dp_stress
4,stress_layer_4,Linear,MM,256,512,128,0.05,0.016,0.0,"(1, 512)","(1, 128)",dp_stress
4,stress_layer_5,Linear,MM,256,512,128,0.566,0.3362,0.75,"(1, 512)","(1, 128)",dp_stress
4,stress_layer_6,Linear,MM,256,512,128,0.0055,0.0015,0.0,"(1, 512)","(1, 128)",dp_stress
4,stress_layer_7,Linear,MM,256,512,128,0.0981,0.1084,0.0,"(1, 512)","(1, 128)",dp_stress
4,stress_layer_8,Linear,MM,256,512,128,0.0388,0.0787,0.0,"(1, 512)","(1, 128)",dp_stress
4,stress_layer_9,Linear,MM,256,512,128,0.0661,0.0132,0.0,"(1, 512)","(1, 128)",dp_stress
4,stress_layer_10,Linear,MM,256,512,128,0.0827,0.0454,0.0,"(1, 512)","(1, 128)",dp_stress
4,stress_layer_11,Linear,MM,256,512,128,0.5819,0.3194,0.75,"(1, 512)","(1, 128)",dp_stress
4,stress_layer_12,Linear,MM,256,512,128,0.0375,0.1125,0.0,"(1, 512)","(1, 128)",dp_stress
4,stress_layer_13,Linear,MM,256,512,128,0.0243,0.0029,0.0,"(1, 512)","(1, 128)",dp_stress
4,stress_layer_14,Linear,MM,256,512,128,0.0726,0.1378,0.0,"(1, 512)","(1, 128)",dp_stress
4,stress_layer_15,Linear,MM,256,512,128,0.0427,0.1462,0.0,"(1, 512)","(1, 128)",dp_stress
4,stress_layer_16,Linear,MM,256,512,128,0.0058,0.1102,0.0,"(1, 512)","(1, 128)",dp_stress
4,stress_layer_17,Linear,MM,256,512,128,0.6212,0.4855,0.75,"(1, 512)","(1, 128)",dp_stress
4,stress_layer_18,Linear,MM,256,512,128,0.0752,0.0139,0.0,"(1, 512)","(1, 128)",dp_stress
4,stress_layer_19,Linear,MM,256,512,128,0.0217,0.0014,0.0,"(1, 512)","(1, 128)",dp_stress
4,stress_layer_20,Linear,MM,256,512,128,0.0091,0.0911,0.0,"(1, 512)","(1, 128)",dp_stress
4,stress_layer_21,Linear,MM,256,512,128,0.0075,0.1124,0.0,"(1, 512)","(1, 128)",dp_stress
4,stress_layer_22,Linear,MM,256,512,128,0.0959,0.1266,0.0,"(1, 512)","(1, 128)",dp_stress
4,stress_layer_23,Linear,MM,256,512,128,0.6843,0.3979,0.75,"(1, 512)","(1, 128)",dp_stress
4,stress_layer_24,Linear,MM,256,512,128,0.0479,0.0073,0.0,"(1, 512)","(1, 128)",dp_stress
4,stress_layer_25,Linear,MM,256,512,128,0.0785,0.0537,0.0,"(1, 512)","(1, 128)",dp_stress
4,stress_layer_26,Linear,MM,256,512,128,0.0998,0.0998,0.0,"(1, 512)","(1, 128)",dp_stress
4,stress_layer_27,Linear,MM,256,512,128,0.0651,0.0399,0.0,"(1, 512)","(1, 128)",dp_stress
4,stress_layer_28,Linear,MM,256,512,128,0.0443,0.1243,0.0,"(1, 512)","(1, 128)",dp_stress
4,stress_layer_29,Linear,MM,256,512,128,0.656,0.3687,0.75,"(1, 512)","(1, 128)",dp_stress
4,stress_layer_30,Linear,MM,256,512,128,0.0163,0.0273,0.0,"(1, 512)","(1, 128)",dp_stress
4,stress_layer_31,Linear,MM,256,512,128,0.0053,0.0376,0.0,"(1, 512)","(1, 128)",dp_stress
4,stress_layer_32,Linear,MM,256,512,128,0.0984,0.0459,0.0,"(1, 512)","(1, 128)",dp_stress
4,stress_layer_33,Linear,MM,256,512,128,0.0216,0.1253,0.0,"(1, 512)","(1, 128)",dp_stress
4,stress_layer_34,Linear,MM,256,512,128,0.0485,0.0558,0.0,"(1, 512)","(1, 128)",dp_stress
4,stress_layer_35,Linear,MM,256,512,128,0.6006,0.3754,0.75,"(1, 512)","(1, 128)",dp_stress
4,stress_layer_36,Linear,MM,256,512,128,0.0652,0.0447,0.0,"(1, 512)","(1, 128)",dp_stress
4,stress_layer_37,Linear,MM,256,512,128,0.0797,0.0516,0.0,"(1, 512)","(1, 128)",dp_stress
4,stress_layer_38,Linear,MM,256,512,128,0.0012,0.0362,0.0,"(1, 512)","(1, 128)",dp_stress
4,stress_layer_39,Linear,MM,256,512,128,0.035,0.0308,0.0,"(1, 512)","(1, 128)",dp_stress
5,stress_layer_0,Linear,MM,256,512,128,0.077,0.1087,0.0,"(1, 512)","(1, 128)",dp_stress
5,stress_layer_1,Linear,MM,256,512,128,0.019,0.0738,0.0,"(1, 512)","(1, 128)",dp_stress
5,stress_layer_2,Linear,MM,256,512,128,0.0336,0.1155,0.0,"(1, 512)","(1, 128)",dp_stress
5,stress_layer_3,Linear,MM,256,512,128,0.0001,0.0824,0.0,"(1, 512)","(1, 128)",dp_stress
5,stress_layer_4,Linear,MM,256,512,128,0.0474,0.0837,0.0,"(1, 512)","(1, 128)",dp_stress
5,stress_layer_5,Linear,MM,256,512,128,0.6094,0.3628,0.75,"(1, 512)","(1, 128)",dp_stress
5,stress_layer_6,Linear,MM,256,512,128,0.0421,0.001,0.0,"(1, 512)","(1, 128)",dp_stress
5,stress_layer_7,Linear,MM,256,512,128,0.0002,0.0516,0.0,"(1, 512)","(1, 128)",dp_stress
5,stress_layer_8,Linear,MM,256,512,128,0.0009,0.0482,0.0,"(1, 512)","(1, 128)",dp_stress
5,stress_layer_9,Linear,MM,256,512,128,0.0972,0.0882,0.0,"(1, 512)","(1, 128)",dp_stress
5,stress_layer_10,Linear,MM,256,512,128,0.0313,0.0273,0.0,"(1, 512)","(1, 128)",dp_stress
5,stress_layer_11,Linear,MM,256,512,128,0.6816,0.4202,0.75,"(1, 512)","(1, 128)",dp_stress
5,stress_layer_12,Linear,MM,256,512,128,0.0169,0.0939,0.0,"(1, 512)","(1, 128)",dp_stress
5,stress_layer_13,Linear,MM,256,512,128,0.0657,0.0069,0.0,"(1, 512)","(1, 128)",dp_stress
5,stress_layer_14,Linear,MM,256,512,128,0.0437,0.0181,0.0,"(1, 512)","(1, 128)",dp_stress
5,stress_layer_15,Linear,MM,256,512,128,0.0769,0.1237,0.0,"(1, 512)","(1, 128)",dp_stress
5,stress_layer_16,Linear,MM,256,512,128,0.0544,0.075,0.0,"(1, 512)","(1, 128)",dp_stress
5,stress_layer_17,Linear,MM,256,512,128,0.5959,0.4007,0.75,"(1, 512)","(1, 128)",dp_stress
5,stress_layer_18,Linear,MM,256,512,128,0.0773,0.0765,0.0,"(1, 512)","(1, 128)",dp_stress
5,stress_layer_19,Linear,MM,256,512,128,0.0348,0.0969,0.0,"(1, 512)","(1, 128)",dp_stress
5,stress_layer_20,Linear,MM,256,512,128,0.074,0.1096,0.0,"(1, 512)","(1, 128)",dp_stress
5,stress_layer_21,Linear,MM,256,512,128,0.0354,0.0826,0.0,"(1, 512)","(1, 128)",dp_stress
5,stress_layer_22,Linear,MM,256,512,128,0.0264,0.1335,0.0,"(1, 512)","(1, 128)",dp_stress
5,stress_layer_23,Linear,MM,256,512,128,0.6401,0.3494,0.75,"(1, 512)","(1, 128)",dp_stress
5,stress_layer_24,Linear,MM,256,512,128,0.0549,0.0848,0.0,"(1, 512)","(1, 128)",dp_stress
5,stress_layer_25,Linear,MM,256,512,128,0.0772,0.0193,0.0,"(1, 512)","(1, 128)",dp_stress
5,stress_layer_26,Linear,MM,256,512,128,0.0287,0.0531,0.0,"(1, 512)","(1, 128)",dp_stress
5,stress_layer_27,Linear,MM,256,512,128,0.0213,0.1255,0.0,"(1, 512)","(1, 128)",dp_stress
5,stress_layer_28,Linear,MM,256,512,128,0.0118,0.1137,0.0,"(1, 512)","(1, 128)",dp_stress
5,stress_layer_29,Linear,MM,256,512,128,0.5313,0.4687,0.75,"(1, 512)","(1, 128)",dp_stress
5,stress_layer_30,Linear,MM,256,512,128,0.0922,0.0649,0.0,"(1, 512)","(1, 128)",dp_stress
5,stress_layer_31,Linear,MM,256,512,128,0.0429,0.0395,0.0,"(1, 512)","(1, 128)",dp_stress
5,stress_layer_32,Linear,MM,256,512,128,0.052,0.0615,0.0,"(1, 512)","(1, 128)",dp_stress
5,stress_layer_33,Linear,MM,256,512,128,0.007,0.1284,0.0,"(1, 512)","(1, 128)",dp_stress
5,stress_layer_34,Linear,MM,256,512,128,0.0487,0.0731,0.0,"(1, 512)","(1, 128)",dp_stress
5,stress_layer_35,Linear,MM,256,512,128,0.5394,0.3662,0.75,"(1, 512)","(1, 128)",dp_stress
5,stress_layer_36,Linear,MM,256,512,128,0.0566,0.0503,0.0,"(1, 512)","(1, 128)",dp_stress
5,stress_layer_37,Linear,MM,256,512,128,0.0803,0.1495,0.0,"(1, 512)","(1, 128)",dp_stress
5,stress_layer_38,Linear,MM,256,512,128,0.0179,0.0951,0.0,"(1, 512)","(1, 128)",dp_stress
5,stress_layer_39,Linear,MM,256,512,128,0.0676,0.0334,0.0,"(1, 512)","(1, 128)",dp_stress
6,stress_layer_0,Linear,MM,256,512,128,0.0323,0.139,0.0,"(1, 512)","(1, 128)",dp_stress
6,stress_layer_1,Linear,MM,256,512,128,0.0338,0.0593,0.0,"(1, 512)","(1, 128)",dp_stress
6,stress_layer_2,Linear,MM,256,512,128,0.0964,0.1027,0.0,"(1, 512)","(1, 128)",dp_stress
6,stress_layer_3,Linear,MM,256,512,128,0.0259,0.0642,0.0,"(1, 512)","(1, 128)",dp_stress
6,stress_layer_4,Linear,MM,256,512,128,0.0575,0.1026,0.0,"(1, 512)","(1, 128)",dp_stress
6,stress_layer_5,Linear,MM,256,512,128,0.6221,0.3377,0.75,"(1, 512)","(1, 128)",dp_stress
6,stress_layer_6,Linear,MM,256,512,128,0.0715,0.0429,0.0,"(1, 512)","(1, 128)",dp_stress
6,stress_layer_7,Linear,MM,256,512,128,0.0559,0.1483,0.0,"(1, 512)","(1, 128)",dp_stress
6,stress_layer_8,Linear,MM,256,512,128,0.0369,0.0908,0.0,"(1, 512)","(1, 128)",dp_stress
6,stress_layer_9,Linear,MM,256,512,128,0.0647,0.0486,0.0,"(1, 512)","(1, 128)",dp_stress
6,stress_layer_10,Linear,MM,256,512,128,0.05,0.0996,0.0,"(1, 512)","(1, 128)",dp_stress
6,stress_layer_11,Linear,MM,256,512,128,0.6314,0.4786,0.75,"(1, 512)","(1, 128)",dp_stress
6,stress_layer_12,Linear,MM,256,512,128,0.0578,0.0341,0.0,"(1, 512)","(1, 128)",dp_stress
6,stress_layer_13,Linear,MM,256,512,128,0.0031,0.0487,0.0,"(1, 512)","(1, 128)",dp_stress
6,stress_layer_14,Linear,MM,256,512,128,0.0367,0.0126,0.0,"(1, 512)","(1, 128)",dp_stress
6,stress_layer_15,Linear,MM,256,512,128,0.0044,0.0122,0.0,"(1, 512)","(1, 128)",dp_stress
6,stress_layer_16,Linear,MM,256,512,128,0.0161,0.0049,0.0,"(1, 512)","(1, 128)",dp_stress
6,stress_layer_17,Linear,MM,256,512,128,0.507,0.3405,0.75,"(1, 512)","(1, 128)",dp_stress
6,stress_layer_18,Linear,MM,256,512,128,0.0528,0.1097,0.0,"(1, 512)","(1, 128)",dp_stress
6,stress_layer_19,Linear,MM,256,512,128,0.0154,0.1433,0.0,"(1, 512)","(1, 128)",dp_stress
6,stress_layer_20,Linear,MM,256,512,128,0.0468,0.0909,0.0,"(1, 512)","(1, 128)",dp_stress
6,stress_layer_21,Linear,MM,256,512,128,0.0286,0.0211,0.0,"(1, 512)","(1, 128)",dp_stress
6,stress_layer_22,Linear,MM,256,512,128,0.0023,0.1096,0.0,"(1, 512)","(1, 128)",dp_stress
6,stress_layer_23,Linear,MM,256,512,128,0.5975,0.3626,0.75,"(1, 512)","(1, 128)",dp_stress
6,stress_layer_24,Linear,MM,256,512,128,0.0052,0.0254,0.0,"(1, 512)","(1, 128)",dp_stress
6,stress_layer_25,Linear,MM,256,512,128,0.014,0.0911,0.0,"(1, 512)","(1, 128)",dp_stress
6,stress_layer_26,Linear,MM,256,512,128,0.001,0.0426,0.0,"(1, 512)","(1, 128)",dp_stress
6,stress_layer_27,Linear,MM,256,512,128,0.0258,0.1174,0.0,"(1, 512)","(1, 128)",dp_stress
6,stress_layer_28,Linear,MM,256,512,128,0.0386,0.0177,0.0,"(1, 512)","(1, 128)",dp_stress
6,stress_layer_29,Linear,MM,256,512,128,0.5095,0.4979,0.75,"(1, 512)","(1, 128)",dp_stress
6,stress_layer_30,Linear,MM,256,512,128,0.0102,0.1105,0.0,"(1, 512)","(1, 128)",dp_stress
6,stress_layer_31,Linear,MM,256,512,128,0.0434,0.0639,0.0,"(1, 512)","(1, 128)",dp_stress
6,stress_layer_32,Linear,MM,256,512,128,0.0817,0.129,0.0,"(1, 512)","(1, 128)",dp_stress
6,stress_layer_33,Linear,MM,256,512,128,0.0549,0.0226,0.0,"(1, 512)","(1, 128)",dp_stress
6,stress_layer_34,Linear,MM,256,512,128,0.0438,0.0555,0.0,"(1, 512)","(1, 128)",dp_stress
6,stress_layer_35,Linear,MM,256,512,128,0.5962,0.4021,0.75,"(1, 512)","(1, 128)",dp_stress
6,stress_layer_36,Linear,MM,256,512,128,0.041,0.1122,0.0,"(1, 512)","(1, 128)",dp_stress
6,stress_layer_37,Linear,MM,256,512,128,0.0038,0.0392,0.0,"(1, 512)","(1, 128)",dp_stress
6,stress_layer_38,Linear,MM,256,512,128,0.0868,0.0062,0.0,"(1, 512)","(1, 128)",dp_stress
6,stress_layer_39,Linear,MM,256,512,128,0.0679,0.001,0.0,"(1, 512)","(1, 128)",dp_stress
7,stress_layer_0,Linear,MM,256,512,128,0.0818,0.0273,0.0,"(1, 512)","(1, 128)",dp_stress
7,stress_layer_1,Linear,MM,256,512,128,0.0473,0.0169,0.0,"(1, 512)","(1, 128)",dp_stress
7,stress_layer_2,Linear,MM,256,512,128,0.0154,0.1315,0.0,"(1, 512)","(1, 128)",dp_stress
7,stress_layer_3,Linear,MM,256,512,128,0.0023,0.1209,0.0,"(1, 512)","(1, 128)",dp_stress
7,stress_layer_4,Linear,MM,256,512,128,0.0459,0.0312,0.0,"(1, 512)","(1, 128)",dp_stress
7,stress_layer_5,Linear,MM,256,512,128,0.542,0.4938,0.75,"(1, 512)","(1, 128)",dp_stress
7,stress_layer_6,Linear,MM,256,512,128,0.0946,0.0098,0.0,"(1, 512)","(1, 128)",dp_stress
7,stress_layer_7,Linear,MM,256,512,128,0.0862,0.0707,0.0,"(1, 512)","(1, 128)",dp_stress
7,stress_layer_8,Linear,MM,256,512,128,0.0526,0.0206,0.0,"(1, 512)","(1, 128)",dp_stress
7,stress_layer_9,Linear,MM,256,512,128,0.014,0.1485,0.0,"(1, 512)","(1, 128)",dp_stress
7,stress_layer_10,Linear,MM,256,512,128,0.0988,0.1497,0.0,"(1, 512)","(1, 128)",dp_stress
7,stress_layer_11,Linear,MM,256,512,128,0.6279,0.3471,0.75,"(1, 512)","(1, 128)",dp_stress
7,stress_layer_12,Linear,MM,256,512,128,0.0275,0.0959,0.0,"(1, 512)","(1, 128)",dp_stress
7,stress_layer_13,Linear,MM,256,512,128,0.0604,0.0325,0.0,"(1, 512)","(1, 128)",dp_stress
7,stress_layer_14,Linear,MM,256,512,128,0.0988,0.078,0.0,"(1, 512)","(1, 128)",dp_stress
7,stress_layer_15,Linear,MM,256,512,128,0.002,0.1124,0.0,"(1, 512)","(1, 128)",dp_stress
7,stress_layer_16,Linear,MM,256,512,128,0.0537,0.0319,0.0,"(1, 512)","(1, 128)",dp_stress
7,stress_layer_17,Linear,MM,256,512,128,0.523,0.422,0.75,"(1, 512)","(1, 128)",dp_stress
7,stress_layer_18,Linear,MM,256,512,128,0.049,0.0587,0.0,"(1, 512)","(1, 128)",dp_stress
7,stress_layer_19,Linear,MM,256,512,128,0.0873,0.0505,0.0,"(1, 512)","(1, 128)",dp_stress
7,stress_layer_20,Linear,MM,256,512,128,0.0749,0.0461,0.0,"(1, 512)","(1, 128)",dp_stress
7,stress_layer_21,Linear,MM,256,512,128,0.0468,0.1068,0.0,"(1, 512)","(1, 128)",dp_stress
7,stress_layer_22,Linear,MM,256,512,128,0.0839,0.082,0.0,"(1, 512)","(1, 128)",dp_stress
7,stress_layer_23,Linear,MM,256,512,128,0.5649,0.419,0.75,"(1, 512)","(1, 128)",dp_stress
7,stress_layer_24,Linear,MM,256,512,128,0.0299,0.0457,0.0,"(1, 512)","(1, 128)",dp_stress
7,stress_layer_25,Linear,MM,256,512,128,0.0389,0.1256,0.0,"(1, 512)","(1, 128)",dp_stress
7,stress_layer_26,Linear,MM,256,512,128,0.0051,0.1085,0.0,"(1, 512)","(1, 128)",dp_stress
7,stress_layer_27,Linear,MM,256,512,128,0.0214,0.0148,0.0,"(1, 512)","(1, 128)",dp_stress
7,stress_layer_28,Linear,MM,256,512,128,0.0375,0.0046,0.0,"(1, 512)","(1, 128)",dp_stress
7,stress_layer_29,Linear,MM,256,512,128,0.5281,0.3506,0.75,"(1, 512)","(1, 128)",dp_stress
7,stress_layer_30,Linear,MM,256,512,128,0.0721,0.0151,0.0,"(1, 512)","(1, 128)",dp_stress
7,stress_layer_31,Linear,MM,256,512,128,0.0713,0.0115,0.0,"(1, 512)","(1, 128)",dp_stress
7,stress_layer_32,Linear,MM,256,512,128,0.062,0.131,0.0,"(1, 512)","(1, 128)",dp_stress
7,stress_layer_33,Linear,MM,256,512,128,0.033,0.1206,0.0,"(1, 512)","(1, 128)",dp_stress
7,stress_layer_34,Linear,MM,256,512,128,0.0161,0.0954,0.0,"(1, 512)","(1, 128)",dp_stress
7,stress_layer_35,Linear,MM,256,512,128,0.5541,0.3577,0.75,"(1, 512)","(1, 128)",dp_stress
7,stress_layer_36,Linear,MM,256,512,128,0.0171,0.1395,0.0,"(1, 512)","(1, 128)",dp_stress
7,stress_layer_37,Linear,MM,256,512,128,0.0104,0.1021,0.0,"(1, 512)","(1, 128)",dp_stress
7,stress_layer_38,Linear,MM,256,512,128,0.0839,0.1352,0.0,"(1, 512)","(1, 128)",dp_stress
7,stress_layer_39,Linear,MM,256,512,128,0.0144,0.1328,0.0,"(1, 512)","(1, 128)",dp_stress
8,stress_layer_0,Linear,MM,256,512,128,0.0999,0.0737,0.0,"(1, 512)","(1, 128)",dp_stress
8,stress_layer_1,Linear,MM,256,512,128,0.0491,0.0993,0.0,"(1, 512)","(1, 128)",dp_stress
8,stress_layer_2,Linear,MM,256,512,128,0.0226,0.0419,0.0,"(1, 512)","(1, 128)",dp_stress
8,stress_layer_3,Linear,MM,256,512,128,0.028,0.1358,0.0,"(1, 512)","(1, 128)",dp_stress
8,stress_layer_4,Linear,MM,256,512,128,0.0208,0.0422,0.0,"(1, 512)","(1, 128)",dp_stress
8,stress_layer_5,Linear,MM,256,512,128,0.5689,0.4733,0.75,"(1, 512)","(1, 128)",dp_stress
8,stress_layer_6,Linear,MM,256,512,128,0.0733,0.1336,0.0,"(1, 512)","(1, 128)",dp_stress
8,stress_layer_7,Linear,MM,256,512,128,0.0249,0.0861,0.0,"(1, 512)","(1, 128)",dp_stress
8,stress_layer_8,Linear,MM,256,512,128,0.0948,0.1216,0.0,"(1, 512)","(1, 128)",dp_stress
8,stress_layer_9,Linear,MM,256,512,128,0.0931,0.1111,0.0,"(1, 512)","(1, 128)",dp_stress
8,stress_layer_10,Linear,MM,256,512,128,0.0545,0.0997,0.0,"(1, 512)","(1, 128)",dp_stress
8,stress_layer_11,Linear,MM,256,512,128,0.6768,0.4079,0.75,"(1, 512)","(1, 128)",dp_stress
8,stress_layer_12,Linear,MM,256,512,128,0.0471,0.1063,0.0,"(1, 512)","(1, 128)",dp_stress
8,stress_layer_13,Linear,MM,256,512,128,0.0497,0.1015,0.0,"(1, 512)","(1, 128)",dp_stress
8,stress_layer_14,Linear,MM,256,512,128,0.0745,0.0846,0.0,"(1, 512)","(1, 128)",dp_stress
8,stress_layer_15,Linear,MM,256,512,128,0.0135,0.1289,0.0,"(1, 512)","(1, 128)",dp_stress
8,stress_layer_16,Linear,MM,256,512,128,0.0236,0.0597,0.0,"(1, 512)","(1, 128)",dp_stress
8,stress_layer_17,Linear,MM,256,512,128,0.6139,0.4435,0.75,"(1, 512)","(1, 128)",dp_stress
8,stress_layer_18,Linear,MM,256,512,128,0.0841,0.0429,0.0,"(1, 512)","(1, 128)",dp_stress
8,stress_layer_19,Linear,MM,256,512,128,0.0925,0.0848,0.0,"(1, 512)","(1, 128)",dp_stress
8,stress_layer_20,Linear,MM,256,512,128,0.0275,0.0135,0.0,"(1, 512)","(1, 128)",dp_stress
8,stress_layer_21,Linear,MM,256,512,128,0.0738,0.0371,0.0,"(1, 512)","(1, 128)",dp_stress
8,stress_layer_22,Linear,MM,256,512,128,0.0827,0.0069,0.0,"(1, 512)","(1, 128)",dp_stress
8,stress_layer_23,Linear,MM,256,512,128,0.6259,0.3935,0.75,"(1, 512)","(1, 128)",dp_stress
8,stress_layer_24,Linear,MM,256,512,128,0.0686,0.108,0.0,"(1, 512)","(1, 128)",dp_stress
8,stress_layer_25,Linear,MM,256,512,128,0.0768,0.1142,0.0,"(1, 512)","(1, 128)",dp_stress
8,stress_layer_26,Linear,MM,256,512,128,0.0257,0.1001,0.0,"(1, 512)","(1, 128)",dp_stress
8,stress_layer_27,Linear,MM,256,512,128,0.0671,0.1044,0.0,"(1, 512)","(1, 128)",dp_stress
8,stress_layer_28,Linear,MM,256,512,128,0.0834,0.0753,0.0,"(1, 512)","(1, 128)",dp_stress
8,stress_layer_29,Linear,MM,256,512,128,0.5879,0.3339,0.75,"(1, 512)","(1, 128)",dp_stress
8,stress_layer_30,Linear,MM,256,512,128,0.0761,0.0147,0.0,"(1, 512)","(1, 128)",dp_stress
8,stress_layer_31,Linear,MM,256,512,128,0.063,0.0233,0.0,"(1, 512)","(1, 128)",dp_stress
8,stress_layer_32,Linear,MM,256,512,128,0.0009,0.0638,0.0,"(1, 512)","(1, 128)",dp_stress
8,stress_layer_33,Linear,MM,256,512,128,0.0051,0.1347,0.0,"(1, 512)","(1, 128)",dp_stress
8,stress_layer_34,Linear,MM,256,512,128,0.0139,0.0663,0.0,"(1, 512)","(1, 128)",dp_stress
8,stress_layer_35,Linear,MM,256,512,128,0.6273,0.355,0.75,"(1, 512)","(1, 128)",dp_stress
8,stress_layer_36,Linear,MM,256,512,128,0.0993,0.0277,0.0,"(1, 512)","(1, 128)",dp_stress
8,stress_layer_37,Linear,MM,256,512,128,0.0266,0.0914,0.0,"(1, 512)","(1, 128)",dp_stress
8,stress_layer_38,Linear,MM,256,512,128,0.0718,0.1041,0.0,"(1, 512)","(1, 128)",dp_stress
8,stress_layer_39,Linear,MM,256,512,128,0.0589,0.0056,0.0,"(1, 512)","(1, 128)",dp_stress
9,stress_layer_0,Linear,MM,256,512,128,0.0828,0.1224,0.0,"(1, 512)","(1, 128)",dp_stress
9,stress_layer_1,Linear,MM,256,512,128,0.064,0.0238,0.0,"(1, 512)","(1, 128)",dp_stress
9,stress_layer_2,Linear,MM,256,512,128,0.0308,0.1401,0.0,"(1, 512)","(1, 128)",dp_stress
9,stress_layer_3,Linear,MM,256,512,128,0.0541,0.1098,0.0,"(1, 512)","(1, 128)",dp_stress
9,stress_layer_4,Linear,MM,256,512,128,0.0077,0.0501,0.0,"(1, 512)","(1, 128)",dp_stress
9,stress_layer_5,Linear,MM,256,512,128,0.5935,0.4332,0.75,"(1, 512)","(1, 128)",dp_stress
9,stress_layer_6,Linear,MM,256,512,128,0.086,0.121,0.0,"(1, 512)","(1, 128)",dp_stress
9,stress_layer_7,Linear,MM,256,512,128,0.0411,0.0645,0.0,"(1, 512)","(1, 128)",dp_stress
9,stress_layer_8,Linear,MM,256,512,128,0.0568,0.0835,0.0,"(1, 512)","(1, 128)",dp_stress
9,stress_layer_9,Linear,MM,256,512,128,0.0158,0.1409,0.0,"(1, 512)","(1, 128)",dp_stress
9,stress_layer_10,Linear,MM,256,512,128,0.0797,0.0086,0.0,"(1, 512)","(1, 128)",dp_stress
9,stress_layer_11,Linear,MM,256,512,128,0.5162,0.4068,0.75,"(1, 512)","(1, 128)",dp_stress
9,stress_layer_12,Linear,MM,256,512,128,0.064,0.0433,0.0,"(1, 512)","(1, 128)",dp_stress
9,stress_layer_13,Linear,MM,256,512,128,0.0064,0.0245,0.0,"(1, 512)","(1, 128)",dp_stress
9,stress_layer_14,Linear,MM,256,512,128,0.0213,0.0477,0.0,"(1, 512)","(1, 128)",dp_stress
9,stress_layer_15,Linear,MM,256,512,128,0.011,0.0158,0.0,"(1, 512)","(1, 128)",dp_stress
9,stress_layer_16,Linear,MM,256,512,128,0.0445,0.0163,0.0,"(1, 512)","(1, 128)",dp_stress
9,stress_layer_17,Linear,MM,256,512,128,0.6496,0.3923,0.75,"(1, 512)","(1, 128)",dp_stress
9,stress_layer_18,Linear,MM,256,512,128,0.0878,0.1418,0.0,"(1, 512)","(1, 128)",dp_stress
9,stress_layer_19,Linear,MM,256,512,128,0.0404,0.0802,0.0,"(1, 512)","(1, 128)",dp_stress
9,stress_layer_20,Linear,MM,256,512,128,0.0775,0.0284,0.0,"(1, 512)","(1, 128)",dp_stress
9,stress_layer_21,Linear,MM,256,512,128,0.0248,0.1077,0.0,"(1, 512)","(1, 128)",dp_stress
9,stress_layer_22,Linear,MM,256,512,128,0.0875,0.0083,0.0,"(1, 512)","(1, 128)",dp_stress
9,stress_layer_23,Linear,MM,256,512,128,0.6706,0.448,0.75,"(1, 512)","(1, 128)",dp_stress
9,stress_layer_24,Linear,MM,256,512,128,0.0384,0.1497,0.0,"(1, 512)","(1, 128)",dp_stress
9,stress_layer_25,Linear,MM,256,512,128,0.011,0.0275,0.0,"(1, 512)","(1, 128)",dp_stress
9,stress_layer_26,Linear,MM,256,512,128,0.0008,0.126,0.0,"(1, 512)","(1, 128)",dp_stress
9,stress_layer_27,Linear,MM,256,512,128,0.0552,0.0746,0.0,"(1, 512)","(1, 128)",dp_stress
9,stress_layer_28,Linear,MM,256,512,128,0.0515,0.0224,0.0,"(1, 512)","(1, 128)",dp_stress
9,stress_layer_29,Linear,MM,256,512,128,0.6816,0.4254,0.75,"(1, 512)","(1, 128)",dp_stress
9,stress_layer_30,Linear,MM,256,512,128,0.0142,0.0908,0.0,"(1, 512)","(1, 128)",dp_stress
9,stress_layer_31,Linear,MM,256,512,128,0.0617,0.0994,0.0,"(1, 512)","(1, 128)",dp_stress
9,stress_layer_32,Linear,MM,256,512,128,0.0966,0.0725,0.0,"(1, 512)","(1, 128)",dp_stress
9,stress_layer_33,Linear,MM,256,512,128,0.0543,0.0872,0.0,"(1, 512)","(1, 128)",dp_stress
9,stress_layer_34,Linear,MM,256,512,128,0.013,0.0741,0.0,"(1, 512)","(1, 128)",dp_stress
9,stress_layer_35,Linear,MM,256,512,128,0.5958,0.3554,0.75,"(1, 512)","(1, 128)",dp_stress
9,stress_layer_36,Linear,MM,256,512,128,0.0389,0.0902,0.0,"(1, 512)","(1, 128)",dp_stress
9,stress_layer_37,Linear,MM,256,512,128,0.0834,0.0298,0.0,"(1, 512)","(1, 128)",dp_stress
9,stress_layer_38,Linear,MM,256,512,128,0.0059,0.0426,0.0,"(1, 512)","(1, 128)",dp_stress
9,stress_layer_39,Linear,MM,256,512,128,0.0848,0.1359,0.0,"(1, 512)","(1, 128)",dp_stress
10,stress_layer_0,Linear,MM,256,512,128,0.0585,0.1373,0.0,"(1, 512)","(1, 128)",dp_stress
10,stress_layer_1,Linear,MM,256,512,128,0.018,0.0043,0.0,"(1, 512)","(1, 128)",dp_stress
10,stress_layer_2,Linear,MM,256,512,128,0.0814,0.1065,0.0,"(1, 512)","(1, 128)",dp_stress
10,stress_layer_3,Linear,MM,256,512,128,0.0089,0.0873,0.0,"(1, 512)","(1, 128)",dp_stress
10,stress_layer_4,Linear,MM,256,512,128,0.0347,0.0874,0.0,"(1, 512)","(1, 128)",dp_stress
10,stress_layer_5,Linear,MM,256,512,128,0.669,0.3302,0.75,"(1, 512)","(1, 128)",dp_stress
10,stress_layer_6,Linear,MM,256,512,128,0.0103,0.019,0.0,"(1, 512)","(1, 128)",dp_stress
10,stress_layer_7,Linear,MM,256,512,128,0.0766,0.1028,0.0,"(1, 512)","(1, 128)",dp_stress
10,stress_layer_8,Linear,MM,256,512,128,0.072,0.098,0.0,"(1, 512)","(1, 128)",dp_stress
10,stress_layer_9,Linear,MM,256,512,128,0.0884,0.099,0.0,"(1, 512)","(1, 128)",dp_stress
10,stress_layer_10,Linear,MM,256,512,128,0.0513,0.1121,0.0,"(1, 512)","(1, 128)",dp_stress
10,stress_layer_11,Linear,MM,256,512,128,0.6893,0.4337,0.75,"(1, 512)","(1, 128)",dp_stress
10,stress_layer_12,Linear,MM,256,512,128,0.01,0.0344,0.0,"(1, 512)","(1, 128)",dp_stress
10,stress_layer_13,Linear,MM,256,512,128,0.0671,0.0641,0.0,"(1, 512)","(1, 128)",dp_stress
10,stress_layer_14,Linear,MM,256,512,128,0.0326,0.0929,0.0,"(1, 512)","(1, 128)",dp_stress
10,stress_layer_15,Linear,MM,256,512,128,0.0563,0.07,0.0,"(1, 512)","(1, 128)",dp_stress
10,stress_layer_16,Linear,MM,256,512,128,0.0765,0.0548,0.0,"(1, 512)","(1, 128)",dp_stress
10,stress_layer_17,Linear,MM,256,512,128,0.5195,0.4078,0.75,"(1, 512)","(1, 128)",dp_stress
10,stress_layer_18,Linear,MM,256,512,128,0.0557,0.148,0.0,"(1, 512)","(1, 128)",dp_stress
10,stress_layer_19,Linear,MM,256,512,128,0.0351,0.1469,0.0,"(1, 512)","(1, 128)",dp_stress
10,stress_layer_20,Linear,MM,256,512,128,0.0671,0.1137,0.0,"(1, 512)","(1, 128)",dp_stress
10,stress_layer_21,Linear,MM,256,512,128,0.0273,0.01,0.0,"(1, 512)","(1, 128)",dp_stress
10,stress_layer_22,Linear,MM,256,512,128,0.083,0.1257,0.0,"(1, 512)","(1, 128)",dp_stress
10,stress_layer_23,Linear,MM,256,512,128,0.519,0.4325,0.75,"(1, 512)","(1, 128)",dp_stress
10,stress_layer_24,Linear,MM,256,512,128,0.0881,0.0738,0.0,"(1, 512)","(1, 128)",dp_stress
10,stress_layer_25,Linear,MM,256,512,128,0.0489,0.0707,0.0,"(1, 512)","(1, 128)",dp_stress
10,stress_layer_26,Linear,MM,256,512,128,0.0831,0.0289,0.0,"(1, 512)","(1, 128)",dp_stress
10,stress_layer_27,Linear,MM,256,512,128,0.0218,0.065,0.0,"(1, 512)","(1, 128)",dp_stress
10,stress_layer_28,Linear,MM,256,512,128,0.027,0.0244,0.0,"(1, 512)","(1, 128)",dp_stress
10,stress_layer_29,Linear,MM,256,512,128,0.596,0.4034,0.75,"(1, 512)","(1, 128)",dp_stress
10,stress_layer_30,Linear,MM,256,512,128,0.0118,0.146,0.0,"(1, 512)","(1, 128)",dp_stress
10,stress_layer_31,Linear,MM,256,512,128,0.0878,0.1053,0.0,"(1, 512)","(1, 128)",dp_stress
10,stress_layer_32,Linear,MM,256,512,128,0.0502,0.1432,0.0,"(1, 512)","(1, 128)",dp_stress
10,stress_layer_33,Linear,MM,256,512,128,0.0444,0.0047,0.0,"(1, 512)","(1, 128)",dp_stress
10,stress_layer_34,Linear,MM,256,512,128,0.0558,0.0519,0.0,"(1, 512)","(1, 128)",dp_stress
10,stress_layer_35,Linear,MM,256,512,128,0.688,0.4964,0.75,"(1, 512)","(1, 128)",dp_stress
10,stress_layer_36,Linear,MM,256,512,128,0.0579,0.0944,0.0,"(1, 512)","(1, 128)",dp_stress
10,stress_layer_37,Linear,MM,256,512,128,0.0042,0.036,0.0,"(1, 512)","(1, 128)",dp_stress
10,stress_layer_38,Linear,MM,256,512,128,0.0258,0.0921,0.0,"(1, 512)","(1, 128)",dp_stress
10,stress_layer_39,Linear,MM,256,512,128,0.0707,0.0091,0.0,"(1, 512)","(1, 128)",dp_stress
11,stress_layer_0,Linear,MM,256,512,128,0.0137,0.0386,0.0,"(1, 512)","(1, 128)",dp_stress
11,stress_layer_1,Linear,MM,256,512,128,0.0516,0.0102,0.0,"(1, 512)","(1, 128)",dp_stress
11,stress_layer_2,Linear,MM,256,512,128,0.0406,0.0178,0.0,"(1, 512)","(1, 128)",dp_stress
11,stress_layer_3,Linear,MM,256,512,128,0.0037,0.085,0.0,"(1, 512)","(1, 128)",dp_stress
11,stress_layer_4,Linear,MM,256,512,128,0.0431,0.084,0.0,"(1, 512)","(1, 128)",dp_stress
11,stress_layer_5,Linear,MM,256,512,128,0.6331,0.3392,0.75,"(1, 512)","(1, 128)",dp_stress
11,stress_layer_6,Linear,MM,256,512,128,0.0986,0.0597,0.0,"(1, 512)","(1, 128)",dp_stress
11,stress_layer_7,Linear,MM,256,512,128,0.0528,0.0921,0.0,"(1, 512)","(1, 128)",dp_stress
11,stress_layer_8,Linear,MM,256,512,128,0.0435,0.0131,0.0,"(1, 512)","(1, 128)",dp_stress
11,stress_layer_9,Linear,MM,256,512,128,0.0743,0.03,0.0,"(1, 512)","(1, 128)",dp_stress
11,stress_layer_10,Linear,MM,256,512,128,0.0119,0.0192,0.0,"(1, 512)","(1, 128)",dp_stress
11,stress_layer_11,Linear,MM,256,512,128,0.6976,0.4209,0.75,"(1, 512)","(1, 128)",dp_stress
11,stress_layer_12,Linear,MM,256,512,128,0.0833,0.15,0.0,"(1, 512)","(1, 128)",dp_stress
11,stress_layer_13,Linear,MM,256,512,128,0.0786,0.0173,0.0,"(1, 512)","(1, 128)",dp_stress
11,stress_layer_14,Linear,MM,256,512,128,0.046,0.1386,0.0,"(1, 512)","(1, 128)",dp_stress
11,stress_layer_15,Linear,MM,256,512,128,0.003,0.0942,0.0,"(1, 512)","(1, 128)",dp_stress
11,stress_layer_16,Linear,MM,256,512,128,0.0387,0.0457,0.0,"(1, 512)","(1, 128)",dp_stress
11,stress_layer_17,Linear,MM,256,512,128,0.6584,0.3122,0.75,"(1, 512)","(1, 128)",dp_stress
11,stress_layer_18,Linear,MM,256,512,128,0.0119,0.1365,0.0,"(1, 512)","(1, 128)",dp_stress
11,stress_layer_19,Linear,MM,256,512,128,0.0182,0.1212,0.0,"(1, 512)","(1, 128)",dp_stress
11,stress_layer_20,Linear,MM,256,512,128,0.0466,0.0497,0.0,"(1, 512)","(1, 128)",dp_stress
11,stress_layer_21,Linear,MM,256,512,128,0.0352,0.1119,0.0,"(1, 512)","(1, 128)",dp_stress
11,stress_layer_22,Linear,MM,256,512,128,0.0641,0.0993,0.0,"(1, 512)","(1, 128)",dp_stress
11,stress_layer_23,Linear,MM,256,512,128,0.6556,0.4424,0.75,"(1, 512)","(1, 128)",dp_stress
11,stress_layer_24,Linear,MM,256,512,128,0.0601,0.057,0.0,"(1, 512)","(1, 128)",dp_stress
11,stress_layer_25,Linear,MM,256,512,128,0.0771,0.0445,0.0,"(1, 512)","(1, 128)",dp_stress
11,stress_layer_26,Linear,MM,256,512,128,0.0174,0.0853,0.0,"(1, 512)","(1, 128)",dp_stress
11,stress_layer_27,Linear,MM,256,512,128,0.0746,0.0064,0.0,"(1, 512)","(1, 128)",dp_stress
11,stress_layer_28,Linear,MM,256,512,128,0.0351,0.1089,0.0,"(1, 512)","(1, 128)",dp_stress
11,stress_layer_29,Linear,MM,256,512,128,0.5551,0.4531,0.75,"(1, 512)","(1, 128)",dp_stress
11,stress_layer_30,Linear,MM,256,512,128,0.01,0.143,0.0,"(1, 512)","(1, 128)",dp_stress
11,stress_layer_31,Linear,MM,256,512,128,0.0321,0.1386,0.0,"(1, 512)","(1, 128)",dp_stress
11,stress_layer_32,Linear,MM,256,512,128,0.0845,0.0934,0.0,"(1, 512)","(1, 128)",dp_stress
11,stress_layer_33,Linear,MM,256,512,128,0.0215,0.1388,0.0,"(1, 512)","(1, 128)",dp_stress
11,stress_layer_34,Linear,MM,256,512,128,0.0399,0.1207,0.0,"(1, 512)","(1, 128)",dp_stress
11,stress_layer_35,Linear,MM,256,512,128,0.6781,0.3552,0.75,"(1, 512)","(1, 128)",dp_stress
11,stress_layer_36,Linear,MM,256,512,128,0.034,0.0086,0.0,"(1, 512)","(1, 128)",dp_stress
11,stress_layer_37,Linear,MM,256,512,128,0.0738,0.1375,0.0,"(1, 512)","(1, 128)",dp_stress
11,stress_layer_38,Linear,MM,256,512,128,0.0807,0.1285,0.0,"(1, 512)","(1, 128)",dp_stress
11,stress_layer_39,Linear,MM,256,512,128,0.0554,0.0752,0.0,"(1, 512)","(1, 128)",dp_stress
12,stress_layer_0,Linear,MM,256,512,128,0.058,0.0924,0.0,"(1, 512)","(1, 128)",dp_stress
12,stress_layer_1,Linear,MM,256,512,128,0.0147,0.1439,0.0,"(1, 512)","(1, 128)",dp_stress
12,stress_layer_2,Linear,MM,256,512,128,0.0495,0.0683,0.0,"(1, 512)","(1, 128)",dp_stress
12,stress_layer_3,Linear,MM,256,512,128,0.0333,0.02,0.0,"(1, 512)","(1, 128)",dp_stress
12,stress_layer_4,Linear,MM,256,512,128,0.0054,0.0699,0.0,"(1, 512)","(1, 128)",dp_stress
12,stress_layer_5,Linear,MM,256,512,128,0.6545,0.4877,0.75,"(1, 512)","(1, 128)",dp_stress
12,stress_layer_6,Linear,MM,256,512,128,0.0566,0.0443,0.0,"(1, 512)","(1, 128)",dp_stress
12,stress_layer_7,Linear,MM,256,512,128,0.0096,0.0932,0.0,"(1, 512)","(1, 128)",dp_stress
12,stress_layer_8,Linear,MM,256,512,128,0.0777,0.082,0.0,"(1, 512)","(1, 128)",dp_stress
12,stress_layer_9,Linear,MM,256,512,128,0.0965,0.115,0.0,"(1, 512)","(1, 128)",dp_stress
12,stress_layer_10,Linear,MM,256,512,128,0.0864,0.1057,0.0,"(1, 512)","(1, 128)",dp_stress
12,stress_layer_11,Linear,MM,256,512,128,0.682,0.4733,0.75,"(1, 512)","(1, 128)",dp_stress
12,stress_layer_12,Linear,MM,256,512,128,0.0911,0.1314,0.0,"(1, 512)","(1, 128)",dp_stress
12,stress_layer_13,Linear,MM,256,512,128,0.0787,0.0906,0.0,"(1, 512)","(1, 128)",dp_stress
12,stress_layer_14,Linear,MM,256,512,128,0.0491,0.1214,0.0,"(1, 512)","(1, 128)",dp_stress
12,stress_layer_15,Linear,MM,256,512,128,0.0531,0.0993,0.0,"(1, 512)","(1, 128)",dp_stress
12,stress_layer_16,Linear,MM,256,512,128,0.0387,0.1313,0.0,"(1, 512)","(1, 128)",dp_stress
12,stress_layer_17,Linear,MM,256,512,128,0.6175,0.4698,0.75,"(1, 512)","(1, 128)",dp_stress
12,stress_layer_18,Linear,MM,256,512,128,0.0759,0.0699,0.0,"(1, 512)","(1, 128)",dp_stress
12,stress_layer_19,Linear,MM,256,512,128,0.0349,0.137,0.0,"(1, 512)","(1, 128)",dp_stress
12,stress_layer_20,Linear,MM,256,512,128,0.0282,0.0644,0.0,"(1, 512)","(1, 128)",dp_stress
12,stress_layer_21,Linear,MM,256,512,128,0.0609,0.0158,0.0,"(1, 512)","(1, 128)",dp_stress
12,stress_layer_22,Linear,MM,256,512,128,0.0714,0.1387,0.0,"(1, 512)","(1, 128)",dp_stress
12,stress_layer_23,Linear,MM,256,512,128,0.5643,0.318,0.75,"(1, 512)","(1, 128)",dp_stress
12,stress_layer_24,Linear,MM,256,512,128,0.0619,0.0416,0.0,"(1, 512)","(1, 128)",dp_stress
12,stress_layer_25,Linear,MM,256,512,128,0.0449,0.0437,0.0,"(1, 512)","(1, 128)",dp_stress
12,stress_layer_26,Linear,MM,256,512,128,0.0389,0.0364,0.0,"(1, 512)","(1, 128)",dp_stress
12,stress_layer_27,Linear,MM,256,512,128,0.0318,0.1206,0.0,"(1, 512)","(1, 128)",dp_stress
12,stress_layer_28,Linear,MM,256,512,128,0.0088,0.0101,0.0,"(1, 512)","(1, 128)",dp_stress
12,stress_layer_29,Linear,MM,256,512,128,0.5785,0.3927,0.75,"(1, 512)","(1, 128)",dp_stress
12,stress_layer_30,Linear,MM,256,512,128,0.0188,0.0761,0.0,"(1, 512)","(1, 128)",dp_stress
12,stress_layer_31,Linear,MM,256,512,128,0.0664,0.0551,0.0,"(1, 512)","(1, 128)",dp_stress
12,stress_layer_32,Linear,MM,256,512,128,0.0644,0.1491,0.0,"(1, 512)","(1, 128)",dp_stress
12,stress_layer_33,Linear,MM,256,512,128,0.0569,0.0816,0.0,"(1, 512)","(1, 128)",dp_stress
12,stress_layer_34,Linear,MM,256,512,128,0.0628,0.1422,0.0,"(1, 512)","(1, 128)",dp_stress
12,stress_layer_35,Linear,MM,256,512,128,0.6544,0.3941,0.75,"(1, 512)","(1, 128)",dp_stress
12,stress_layer_36,Linear,MM,256,512,128,0.0014,0.042,0.0,"(1, 512)","(1, 128)",dp_stress
12,stress_layer_37,Linear,MM,256,512,128,0.0416,0.1354,0.0,"(1, 512)","(1, 128)",dp_stress
12,stress_layer_38,Linear,MM,256,512,128,0.0815,0.0643,0.0,"(1, 512)","(1, 128)",dp_stress
12,stress_layer_39,Linear,MM,256,512,128,0.0486,0.1121,0.0,"(1, 512)","(1, 128)",dp_stress
13,stress_layer_0,Linear,MM,256,512,128,0.0284,0.0139,0.0,"(1, 512)","(1, 128)",dp_stress
13,stress_layer_1,Linear,MM,256,512,128,0.0093,0.0792,0.0,"(1, 512)","(1, 128)",dp_stress
13,stress_layer_2,Linear,MM,256,512,128,0.0614,0.0804,0.0,"(1, 512)","(1, 128)",dp_stress
13,stress_layer_3,Linear,MM,256,512,128,0.0682,0.1346,0.0,"(1, 512)","(1, 128)",dp_stress
13,stress_layer_4,Linear,MM,256,512,128,0.0972,0.0401,0.0,"(1, 512)","(1, 128)",dp_stress
13,stress_layer_5,Linear,MM,256,512,128,0.552,0.4904,0.75,"(1, 512)","(1, 128)",dp_stress
13,stress_layer_6,Linear,MM,256,512,128,0.0785,0.0096,0.0,"(1, 512)","(1, 128)",dp_stress
13,stress_layer_7,Linear,MM,256,512,128,0.0807,0.1018,0.0,"(1, 512)","(1, 128)",dp_stress
13,stress_layer_8,Linear,MM,256,512,128,0.0948,0.0993,0.0,"(1, 512)","(1, 128)",dp_stress
13,stress_layer_9,Linear,MM,256,512,128,0.0106,0.0941,0.0,"(1, 512)","(1, 128)",dp_stress
13,stress_layer_10,Linear,MM,256,512,128,0.0319,0.0945,0.0,"(1, 512)","(1, 128)",dp_stress
13,stress_layer_11,Linear,MM,256,512,128,0.5915,0.3659,0.75,"(1, 512)","(1, 128)",dp_stress
13,stress_layer_12,Linear,MM,256,512,128,0.0921,0.1135,0.0,"(1, 512)","(1, 128)",dp_stress
13,stress_layer_13,Linear,MM,256,512,128,0.0771,0.1406,0.0,"(1, 512)","(1, 128)",dp_stress
13,stress_layer_14,Linear,MM,256,512,128,0.0355,0.023,0.0,"(1, 512)","(1, 128)",dp_stress
13,stress_layer_15,Linear,MM,256,512,128,0.0225,0.1061,0.0,"(1, 512)","(1, 128)",dp_stress
13,stress_layer_16,Linear,MM,256,512,128,0.0419,0.0296,0.0,"(1, 512)","(1, 128)",dp_stress
13,stress_layer_17,Linear,MM,256,512,128,0.593,0.453,0.75,"(1, 512)","(1, 128)",dp_stress
13,stress_layer_18,Linear,MM,256,512,128,0.0906,0.0061,0.0,"(1, 512)","(1, 128)",dp_stress
13,stress_layer_19,Linear,MM,256,512,128,0.0511,0.1295,0.0,"(1, 512)","(1, 128)",dp_stress
13,stress_layer_20,Linear,MM,256,512,128,0.0492,0.0563,0.0,"(1, 512)","(1, 128)",dp_stress
13,stress_layer_21,Linear,MM,256,512,128,0.0506,0.0619,0.0,"(1, 512)","(1, 128)",dp_stress
13,stress_layer_22,Linear,MM,256,512,128,0.0968,0.0229,0.0,"(1, 512)","(1, 128)",dp_stress
13,stress_layer_23,Linear,MM,256,512,128,0.6136,0.381,0.75,"(1, 512)","(1, 128)",dp_stress
13,stress_layer_24,Linear,MM,256,512,128,0.0848,0.1205,0.0,"(1, 512)","(1, 128)",dp_stress
13,stress_layer_25,Linear,MM,256,512,128,0.0518,0.1083,0.0,"(1, 512)","(1, 128)",dp_stress
13,stress_layer_26,Linear,MM,256,512,128,0.0784,0.0934,0.0,"(1, 512)","(1, 128)",dp_stress
13,stress_layer_27,Linear,MM,256,512,128,0.0521,0.0063,0.0,"(1, 512)","(1, 128)",dp_stress
13,stress_layer_28,Linear,MM,256,512,128,0.0093,0.0226,0.0,"(1, 512)","(1, 128)",dp_stress
13,stress_layer_29,Linear,MM,256,512,128,0.5775,0.4615,0.75,"(1, 512)","(1, 128)",dp_stress
13,stress_layer_30,Linear,MM,256,512,128,0.0408,0.1175,0.0,"(1, 512)","(1, 128)",dp_stress
13,stress_layer_31,Linear,MM,256,512,128,0.0636,0.0251,0.0,"(1, 512)","(1, 128)",dp_stress
13,stress_layer_32,Linear,MM,256,512,128,0.065,0.0342,0.0,"(1, 512)","(1, 128)",dp_stress
13,stress_layer_33,Linear,MM,256,512,128,0.0096,0.0705,0.0,"(1, 512)","(1, 128)",dp_stress
13,stress_layer_34,Linear,MM,256,512,128,0.0707,0.1341,0.0,"(1, 512)","(1, 128)",dp_stress
13,stress_layer_35,Linear,MM,256,512,128,0.54,0.3092,0.75,"(1, 512)","(1, 128)",dp_stress
13,stress_layer_36,Linear,MM,256,512,128,0.0161,0.0711,0.0,"(1, 512)","(1, 128)",dp_stress
13,stress_layer_37,Linear,MM,256,512,128,0.0153,0.064,0.0,"(1, 512)","(1, 128)",dp_stress
13,stress_layer_38,Linear,MM,256,512,128,0.0581,0.0871,0.0,"(1, 512)","(1, 128)",dp_stress
13,stress_layer_39,Linear,MM,256,512,128,0.0483,0.0645,0.0,"(1, 512)","(1, 128)",dp_stress
14,stress_layer_0,Linear,MM,256,512,128,0.0656,0.0259,0.0,"(1, 512)","(1, 128)",dp_stress
14,stress_layer_1,Linear,MM,256,512,128,0.02,0.0996,0.0,"(1, 512)","(1, 128)",dp_stress
14,stress_layer_2,Linear,MM,256,512,128,0.0454,0.1015,0.0,"(1, 512)","(1, 128)",dp_stress
14,stress_layer_3,Linear,MM,256,512,128,0.0014,0.1256,0.0,"(1, 512)","(1, 128)",dp_stress
14,stress_layer_4,Linear,MM,256,512,128,0.028,0.0473,0.0,"(1, 512)","(1, 128)",dp_stress
14,stress_layer_5,Linear,MM,256,512,128,0.6765,0.3175,0.75,"(1, 512)","(1, 128)",dp_stress
14,stress_layer_6,Linear,MM,256,512,128,0.0183,0.1481,0.0,"(1, 512)","(1, 128)",dp_stress
14,stress_layer_7,Linear,MM,256,512,128,0.0085,0.1306,0.0,"(1, 512)","(1, 128)",dp_stress
14,stress_layer_8,Linear,MM,256,512,128,0.072,0.0093,0.0,"(1, 512)","(1, 128)",dp_stress
14,stress_layer_9,Linear,MM,256,512,128,0.039,0.0705,0.0,"(1, 512)","(1, 128)",dp_stress
14,stress_layer_10,Linear,MM,256,512,128,0.0876,0.1079,0.0,"(1, 512)","(1, 128)",dp_stress
14,stress_layer_11,Linear,MM,256,512,128,0.5125,0.4336,0.75,"(1, 512)","(1, 128)",dp_stress
14,stress_layer_12,Linear,MM,256,512,128,0.0162,0.0701,0.0,"(1, 512)","(1, 128)",dp_stress
14,stress_layer_13,Linear,MM,256,512,128,0.0251,0.128,0.0,"(1, 512)","(1, 128)",dp_stress
14,stress_layer_14,Linear,MM,256,512,128,0.0814,0.0043,0.0,"(1, 512)","(1, 128)",dp_stress
14,stress_layer_15,Linear,MM,256,512,128,0.0507,0.0708,0.0,"(1, 512)","(1, 128)",dp_stress
14,stress_layer_16,Linear,MM,256,512,128,0.0389,0.0306,0.0,"(1, 512)","(1, 128)",dp_stress
14,stress_layer_17,Linear,MM,256,512,128,0.6501,0.3454,0.75,"(1, 512)","(1, 128)",dp_stress
14,stress_layer_18,Linear,MM,256,512,128,0.0326,0.0636,0.0,"(1, 512)","(1, 128)",dp_stress
14,stress_layer_19,Linear,MM,256,512,128,0.0175,0.1205,0.0,"(1, 512)","(1, 128)",dp_stress
14,stress_layer_20,Linear,MM,256,512,128,0.0639,0.0557,0.0,"(1, 512)","(1, 128)",dp_stress
14,stress_layer_21,Linear,MM,256,512,128,0.0147,0.0608,0.0,"(1, 512)","(1, 128)",dp_stress
14,stress_layer_22,Linear,MM,256,512,128,0.056,0.0374,0.0,"(1, 512)","(1, 128)",dp_stress
14,stress_layer_23,Linear,MM,256,512,128,0.5044,0.429,0.75,"(1, 512)","(1, 128)",dp_stress
14,stress_layer_24,Linear,MM,256,512,128,0.0103,0.1421,0.0,"(1, 512)","(1, 128)",dp_stress
14,stress_layer_25,Linear,MM,256,512,128,0.0646,0.0032,0.0,"(1, 512)","(1, 128)",dp_stress
14,stress_layer_26,Linear,MM,256,512,128,0.0307,0.1279,0.0,"(1, 512)","(1, 128)",dp_stress
14,stress_layer_27,Linear,MM,256,512,128,0.0903,0.0002,0.0,"(1, 512)","(1, 128)",dp_stress
14,stress_layer_28,Linear,MM,256,512,128,0.0532,0.0815,0.0,"(1, 512)","(1, 128)",dp_stress
14,stress_layer_29,Linear,MM,256,512,128,0.6757,0.3582,0.75,"(1, 512)","(1, 128)",dp_stress
14,stress_layer_30,Linear,MM,256,512,128,0.0524,0.0168,0.0,"(1, 512)","(1, 128)",dp_stress
14,stress_layer_31,Linear,MM,256,512,128,0.0568,0.0406,0.0,"(1, 512)","(1, 128)",dp_stress
14,stress_layer_32,Linear,MM,256,512,128,0.099,0.1039,0.0,"(1, 512)","(1, 128)",dp_stress
14,stress_layer_33,Linear,MM,256,512,128,0.0592,0.1327,0.0,"(1, 512)","(1, 128)",dp_stress
14,stress_layer_34,Linear,MM,256,512,128,0.0239,0.1115,0.0,"(1, 512)","(1, 128)",dp_stress
14,stress_layer_35,Linear,MM,256,512,128,0.6814,0.411,0.75,"(1, 512)","(1, 128)",dp_stress
14,stress_layer_36,Linear,MM,256,512,128,0.066,0.0443,0.0,"(1, 512)","(1, 128)",dp_stress
14,stress_layer_37,Linear,MM,256,512,128,0.0271,0.0785,0.0,"(1, 512)","(1, 128)",dp_stress
14,stress_layer_38,Linear,MM,256,512,128,0.0546,0.0865,0.0,"(1, 512)","(1, 128)",dp_stress
14,stress_layer_39,Linear,MM,256,512,128,0.0439,0.0804,0.0,"(1, 512)","(1, 128)",dp_stress
15,stress_layer_0,Linear,MM,256,512,128,0.0179,0.0429,0.0,"(1, 512)","(1, 128)",dp_stress
15,stress_layer_1,Linear,MM,256,512,128,0.0181,0.0832,0.0,"(1, 512)","(1, 128)",dp_stress
15,stress_layer_2,Linear,MM,256,512,128,0.0511,0.0473,0.0,"(1, 512)","(1, 128)",dp_stress
15,stress_layer_3,Linear,MM,256,512,128,0.0829,0.1081,0.0,"(1, 512)","(1, 128)",dp_stress
15,stress_layer_4,Linear,MM,256,512,128,0.0786,0.0123,0.0,"(1, 512)","(1, 128)",dp_stress
15,stress_layer_5,Linear,MM,256,512,128,0.5167,0.3593,0.75,"(1, 512)","(1, 128)",dp_stress
15,stress_layer_6,Linear,MM,256,512,128,0.0603,0.0834,0.0,"(1, 512)","(1, 128)",dp_stress
15,stress_layer_7,Linear,MM,256,512,128,0.0091,0.0295,0.0,"(1, 512)","(1, 128)",dp_stress
15,stress_layer_8,Linear,MM,256,512,128,0.0037,0.0154,0.0,"(1, 512)","(1, 128)",dp_stress
15,stress_layer_9,Linear,MM,256,512,128,0.0302,0.022,0.0,"(1, 512)","(1, 128)",dp_stress
15,stress_layer_10,Linear,MM,256,512,128,0.093,0.0679,0.0,"(1, 512)","(1, 128)",dp_stress
15,stress_layer_11,Linear,MM,256,512,128,0.5749,0.4789,0.75,"(1, 512)","(1, 128)",dp_stress
15,stress_layer_12,Linear,MM,256,512,128,0.0153,0.0086,0.0,"(1, 512)","(1, 128)",dp_stress
15,stress_layer_13,Linear,MM,256,512,128,0.0093,0.0288,0.0,"(1, 512)","(1, 128)",dp_stress
15,stress_layer_14,Linear,MM,256,512,128,0.0249,0.0825,0.0,"(1, 512)","(1, 128)",dp_stress
15,stress_layer_15,Linear,MM,256,512,128,0.0366,0.0837,0.0,"(1, 512)","(1, 128)",dp_stress
15,stress_layer_16,Linear,MM,256,512,128,0.0461,0.0084,0.0,"(1, 512)","(1, 128)",dp_stress
15,stress_layer_17,Linear,MM,256,512,128,0.5593,0.3031,0.75,"(1, 512)","(1, 128)",dp_stress
15,stress_layer_18,Linear,MM,256,512,128,0.0291,0.013,0.0,"(1, 512)","(1, 128)",dp_stress
15,stress_layer_19,Linear,MM,256,512,128,0.0395,0.1173,0.0,"(1, 512)","(1, 128)",dp_stress
15,stress_layer_20,Linear,MM,256,512,128,0.0082,0.0966,0.0,"(1, 512)","(1, 128)",dp_stress
15,stress_layer_21,Linear,MM,256,512,128,0.031,0.084,0.0,"(1, 512)","(1, 128)",dp_stress
15,stress_layer_22,Linear,MM,256,512,128,0.0823,0.0013,0.0,"(1, 512)","(1, 128)",dp_stress
15,stress_layer_23,Linear,MM,256,512,128,0.6725,0.3884,0.75,"(1, 512)","(1, 128)",dp_stress
15,stress_layer_24,Linear,MM,256,512,128,0.0295,0.0484,0.0,"(1, 512)","(1, 128)",dp_stress
15,stress_layer_25,Linear,MM,256,512,128,0.0897,0.0258,0.0,"(1, 512)","(1, 128)",dp_stress
15,stress_layer_26,Linear,MM,256,512,128,0.0256,0.1174,0.0,"(1, 512)","(1, 128)",dp_stress
15,stress_layer_27,Linear,MM,256,512,128,0.0866,0.0934,0.0,"(1, 512)","(1, 128)",dp_stress
15,stress_layer_28,Linear,MM,256,512,128,0.0966,0.1329,0.0,"(1, 512)","(1, 128)",dp_stress
15,stress_layer_29,Linear,MM,256,512,128,0.5513,0.3006,0.75,"(1, 512)","(1, 128)",dp_stress
15,stress_layer_30,Linear,MM,256,512,128,0.0378,0.0403,0.0,"(1, 512)","(1, 128)",dp_stress
15,stress_layer_31,Linear,MM,256,512,128,0.0679,0.1095,0.0,"(1, 512)","(1, 128)",dp_stress
15,stress_layer_32,Linear,MM,256,512,128,0.0931,0.015,0.0,"(1, 512)","(1, 128)",dp_stress
15,stress_layer_33,Linear,MM,256,512,128,0.007,0.0843,0.0,"(1, 512)","(1, 128)",dp_stress
15,stress_layer_34,Linear,MM,256,512,128,0.0944,0.0338,0.0,"(1, 512)","(1, 128)",dp_stress
15,stress_layer_35,Linear,MM,256,512,128,0.5052,0.3643,0.75,"(1, 512)","(1, 128)",dp_stress
15,stress_layer_36,Linear,MM,256,512,128,0.0701,0.0206,0.0,"(1, 512)","(1, 128)",dp_stress
15,stress_layer_37,Linear,MM,256,512,128,0.0274,0.0535,0.0,"(1, 512)","(1, 128)",dp_stress
15,stress_layer_38,Linear,MM,256,512,128,0.0585,0.122,0.0,"(1, 512)","(1, 128)",dp_stress
15,stress_layer_39,Linear,MM,256,512,128,0.076,0.0396,0.0,"(1, 512)","(1, 128)",dp_stress
16,stress_layer_0,Linear,MM,256,512,128,0.0434,0.0421,0.0,"(1, 512)","(1, 128)",dp_stress
16,stress_layer_1,Linear,MM,256,512,128,0.0629,0.1017,0.0,"(1, 512)","(1, 128)",dp_stress
16,stress_layer_2,Linear,MM,256,512,128,0.03,0.022,0.0,"(1, 512)","(1, 128)",dp_stress
16,stress_layer_3,Linear,MM,256,512,128,0.0793,0.0158,0.0,"(1, 512)","(1, 128)",dp_stress
16,stress_layer_4,Linear,MM,256,512,128,0.0732,0.0791,0.0,"(1, 512)","(1, 128)",dp_stress
16,stress_layer_5,Linear,MM,256,512,128,0.6663,0.4509,0.75,"(1, 512)","(1, 128)",dp_stress
16,stress_layer_6,Linear,MM,256,512,128,0.0099,0.0175,0.0,"(1, 512)","(1, 128)",dp_stress
16,stress_layer_7,Linear,MM,256,512,128,0.0794,0.0599,0.0,"(1, 512)","(1, 128)",dp_stress
16,stress_layer_8,Linear,MM,256,512,128,0.0945,0.0007,0.0,"(1, 512)","(1, 128)",dp_stress
16,stress_layer_9,Linear,MM,256,512,128,0.0549,0.0141,0.0,"(1, 512)","(1, 128)",dp_stress
16,stress_layer_10,Linear,MM,256,512,128,0.0962,0.0213,0.0,"(1, 512)","(1, 128)",dp_stress
16,stress_layer_11,Linear,MM,256,512,128,0.5749,0.3532,0.75,"(1, 512)","(1, 128)",dp_stress
16,stress_layer_12,Linear,MM,256,512,128,0.0671,0.0115,0.0,"(1, 512)","(1, 128)",dp_stress
16,stress_layer_13,Linear,MM,256,512,128,0.0999,0.0311,0.0,"(1, 512)","(1, 128)",dp_stress
16,stress_layer_14,Linear,MM,256,512,128,0.0563,0.0412,0.0,"(1, 512)","(1, 128)",dp_stress
16,stress_layer_15,Linear,MM,256,512,128,0.0124,0.0289,0.0,"(1, 512)","(1, 128)",dp_stress
16,stress_layer_16,Linear,MM,256,512,128,0.0856,0.0746,0.0,"(1, 512)","(1, 128)",dp_stress
16,stress_layer_17,Linear,MM,256,512,128,0.6307,0.3715,0.75,"(1, 512)","(1, 128)",dp_stress
16,stress_layer_18,Linear,MM,256,512,128,0.0552,0.1321,0.0,"(1, 512)","(1, 128)",dp_stress
16,stress_layer_19,Linear,MM,256,512,128,0.0085,0.1256,0.0,"(1, 512)","(1, 128)",dp_stress
16,stress_layer_20,Linear,MM,256,512,128,0.0006,0.1093,0.0,"(1, 512)","(1, 128)",dp_stress
16,stress_layer_21,Linear,MM,256,512,128,0.0033,0.0423,0.0,"(1, 512)","(1, 128)",dp_stress
16,stress_layer_22,Linear,MM,256,512,128,0.0763,0.0602,0.0,"(1, 512)","(1, 128)",dp_stress
16,stress_layer_23,Linear,MM,256,512,128,0.6029,0.33,0.75,"(1, 512)","(1, 128)",dp_stress
16,stress_layer_24,Linear,MM,256,512,128,0.0164,0.0364,0.0,"(1, 512)","(1, 128)",dp_stress
16,stress_layer_25,Linear,MM,256,512,128,0.0284,0.073,0.0,"(1, 512)","(1, 128)",dp_stress
16,stress_layer_26,Linear,MM,256,512,128,0.053,0.0929,0.0,"(1, 512)","(1, 128)",dp_stress
16,stress_layer_27,Linear,MM,256,512,128,0.0283,0.1036,0.0,"(1, 512)","(1, 128)",dp_stress
16,stress_layer_28,Linear,MM,256,512,128,0.0422,0.0325,0.0,"(1, 512)","(1, 128)",dp_stress
16,stress_layer_29,Linear,MM,256,512,128,0.543,0.3999,0.75,"(1, 512)","(1, 128)",dp_stress
16,stress_layer_30,Linear,MM,256,512,128,0.0617,0.0981,0.0,"(1, 512)","(1, 128)",dp_stress
16,stress_layer_31,Linear,MM,256,512,128,0.0693,0.0467,0.0,"(1, 512)","(1, 128)",dp_stress
16,stress_layer_32,Linear,MM,256,512,128,0.0308,0.0235,0.0,"(1, 512)","(1, 128)",dp_stress
16,stress_layer_33,Linear,MM,256,512,128,0.072,0.1105,0.0,"(1, 512)","(1, 128)",dp_stress
16,stress_layer_34,Linear,MM,256,512,128,0.0735,0.1491,0.0,"(1, 512)","(1, 128)",dp_stress
16,stress_layer_35,Linear,MM,256,512,128,0.5827,0.4764,0.75,"(1, 512)","(1, 128)",dp_stress
16,stress_layer_36,Linear,MM,256,512,128,0.0181,0.0155,0.0,"(1, 512)","(1, 128)",dp_stress
16,stress_layer_37,Linear,MM,256,512,128,0.074,0.0744,0.0,"(1, 512)","(1, 128)",dp_stress
16,stress_layer_38,Linear,MM,256,512,128,0.0168,0.0292,0.0,"(1, 512)","(1, 128)",dp_stress
16,stress_layer_39,Linear,MM,256,512,128,0.0984,0.1202,0.0,"(1, 512)","(1, 128)",dp_stress
17,stress_layer_0,Linear,MM,256,512,128,0.0025,0.0023,0.0,"(1, 512)","(1, 128)",dp_stress
17,stress_layer_1,Linear,MM,256,512,128,0.0507,0.1432,0.0,"(1, 512)","(1, 128)",dp_stress
17,stress_layer_2,Linear,MM,256,512,128,0.0113,0.0407,0.0,"(1, 512)","(1, 128)",dp_stress
17,stress_layer_3,Linear,MM,256,512,128,0.081,0.0121,0.0,"(1, 512)","(1, 128)",dp_stress
17,stress_layer_4,Linear,MM,256,512,128,0.0709,0.0819,0.0,"(1, 512)","(1, 128)",dp_stress
17,stress_layer_5,Linear,MM,256,512,128,0.6892,0.3657,0.75,"(1, 512)","(1, 128)",dp_stress
17,stress_layer_6,Linear,MM,256,512,128,0.0414,0.147,0.0,"(1, 512)","(1, 128)",dp_stress
17,stress_layer_7,Linear,MM,256,512,128,0.0237,0.046,0.0,"(1, 512)","(1, 128)",dp_stress
17,stress_layer_8,Linear,MM,256,512,128,0.0634,0.0839,0.0,"(1, 512)","(1, 128)",dp_stress
17,stress_layer_9,Linear,MM,256,512,128,0.0535,0.0625,0.0,"(1, 512)","(1, 128)",dp_stress
17,stress_layer_10,Linear,MM,256,512,128,0.0703,0.0563,0.0,"(1, 512)","(1, 128)",dp_stress
17,stress_layer_11,Linear,MM,256,512,128,0.5009,0.4041,0.75,"(1, 512)","(1, 128)",dp_stress
17,stress_layer_12,Linear,MM,256,512,128,0.0817,0.0994,0.0,"(1, 512)","(1, 128)",dp_stress
17,stress_layer_13,Linear,MM,256,512,128,0.0626,0.1421,0.0,"(1, 512)","(1, 128)",dp_stress
17,stress_layer_14,Linear,MM,256,512,128,0.065,0.0425,0.0,"(1, 512)","(1, 128)",dp_stress
17,stress_layer_15,Linear,MM,256,512,128,0.0453,0.0422,0.0,"(1, 512)","(1, 128)",dp_stress
17,stress_layer_16,Linear,MM,256,512,128,0.0,0.1268,0.0,"(1, 512)","(1, 128)",dp_stress
17,stress_layer_17,Linear,MM,256,512,128,0.5102,0.3185,0.75,"(1, 512)","(1, 128)",dp_stress
17,stress_layer_18,Linear,MM,256,512,128,0.0491,0.085,0.0,"(1, 512)","(1, 128)",dp_stress
17,stress_layer_19,Linear,MM,256,512,128,0.0088,0.1485,0.0,"(1, 512)","(1, 128)",dp_stress
17,stress_layer_20,Linear,MM,256,512,128,0.09,0.0198,0.0,"(1, 512)","(1, 128)",dp_stress
17,stress_layer_21,Linear,MM,256,512,128,0.0168,0.0076,0.0,"(1, 512)","(1, 128)",dp_stress
17,stress_layer_22,Linear,MM,256,512,128,0.0392,0.0903,0.0,"(1, 512)","(1, 128)",dp_stress
17,stress_layer_23,Linear,MM,256,512,128,0.5237,0.4066,0.75,"(1, 512)","(1, 128)",dp_stress
17,stress_layer_24,Linear,MM,256,512,128,0.0854,0.0106,0.0,"(1, 512)","(1, 128)",dp_stress
17,stress_layer_25,Linear,MM,256,512,128,0.0474,0.0672,0.0,"(1, 512)","(1, 128)",dp_stress
17,stress_layer_26,Linear,MM,256,512,128,0.0643,0.1099,0.0,"(1, 512)","(1, 128)",dp_stress
17,stress_layer_27,Linear,MM,256,512,128,0.0267,0.0288,0.0,"(1, 512)","(1, 128)",dp_stress
17,stress_layer_28,Linear,MM,256,512,128,0.0981,0.0356,0.0,"(1, 512)","(1, 128)",dp_stress
17,stress_layer_29,Linear,MM,256,512,128,0.6996,0.3114,0.75,"(1, 512)","(1, 128)",dp_stress
17,stress_layer_30,Linear,MM,256,512,128,0.0052,0.0384,0.0,"(1, 512)","(1, 128)",dp_stress
17,stress_layer_31,Linear,MM,256,512,128,0.0416,0.0098,0.0,"(1, 512)","(1, 128)",dp_stress
17,stress_layer_32,Linear,MM,256,512,128,0.0511,0.0074,0.0,"(1, 512)","(1, 128)",dp_stress
17,stress_layer_33,Linear,MM,256,512,128,0.028,0.113,0.0,"(1, 512)","(1, 128)",dp_stress
17,stress_layer_34,Linear,MM,256,512,128,0.005,0.0021,0.0,"(1, 512)","(1, 128)",dp_stress
17,stress_layer_35,Linear,MM,256,512,128,0.6819,0.3111,0.75,"(1, 512)","(1, 128)",dp_stress
17,stress_layer_36,Linear,MM,256,512,128,0.0321,0.0101,0.0,"(1, 512)","(1, 128)",dp_stress
17,stress_layer_37,Linear,MM,256,512,128,0.0888,0.0971,0.0,"(1, 512)","(1, 128)",dp_stress
17,stress_layer_38,Linear,MM,256,512,128,0.0933,0.1278,0.0,"(1, 512)","(1, 128)",dp_stress
17,stress_layer_39,Linear,MM,256,512,128,0.086,0.0325,0.0,"(1, 512)","(1, 128)",dp_stress
18,stress_layer_0,Linear,MM,256,512,128,0.0827,0.1397,0.0,"(1, 512)","(1, 128)",dp_stress
18,stress_layer_1,Linear,MM,256,512,128,0.0451,0.0776,0.0,"(1, 512)","(1, 128)",dp_stress
18,stress_layer_2,Linear,MM,256,512,128,0.0526,0.0917,0.0,"(1, 512)","(1, 128)",dp_stress
18,stress_layer_3,Linear,MM,256,512,128,0.0783,0.0412,0.0,"(1, 512)","(1, 128)",dp_stress
18,stress_layer_4,Linear,MM,256,512,128,0.0403,0.0474,0.0,"(1, 512)","(1, 128)",dp_stress
18,stress_layer_5,Linear,MM,256,512,128,0.6794,0.3205,0.75,"(1, 512)","(1, 128)",dp_stress
18,stress_layer_6,Linear,MM,256,512,128,0.0923,0.1131,0.0,"(1, 512)","(1, 128)",dp_stress
18,stress_layer_7,Linear,MM,256,512,128,0.025,0.0656,0.0,"(1, 512)","(1, 128)",dp_stress
18,stress_layer_8,Linear,MM,256,512,128,0.0187,0.0532,0.0,"(1, 512)","(1, 128)",dp_stress
18,stress_layer_9,Linear,MM,256,512,128,0.0246,0.0872,0.0,"(1, 512)","(1, 128)",dp_stress
18,stress_layer_10,Linear,MM,256,512,128,0.0699,0.0145,0.0,"(1, 512)","(1, 128)",dp_stress
18,stress_layer_11,Linear,MM,256,512,128,0.5989,0.3985,0.75,"(1, 512)","(1, 128)",dp_stress
18,stress_layer_12,Linear,MM,256,512,128,0.0293,0.1441,0.0,"(1, 512)","(1, 128)",dp_stress
18,stress_layer_13,Linear,MM,256,512,128,0.0296,0.0406,0.0,"(1, 512)","(1, 128)",dp_stress
18,stress_layer_14,Linear,MM,256,512,128,0.0185,0.1127,0.0,"(1, 512)","(1, 128)",dp_stress
18,stress_layer_15,Linear,MM,256,512,128,0.0033,0.139,0.0,"(1, 512)","(1, 128)",dp_stress
18,stress_layer_16,Linear,MM,256,512,128,0.062,0.0734,0.0,"(1, 512)","(1, 128)",dp_stress
18,stress_layer_17,Linear,MM,256,512,128,0.5149,0.4784,0.75,"(1, 512)","(1, 128)",dp_stress
18,stress_layer_18,Linear,MM,256,512,128,0.0991,0.1236,0.0,"(1, 512)","(1, 128)",dp_stress
18,stress_layer_19,Linear,MM,256,512,128,0.0032,0.1455,0.0,"(1, 512)","(1, 128)",dp_stress
18,stress_layer_20,Linear,MM,256,512,128,0.082,0.073,0.0,"(1, 512)","(1, 128)",dp_stress
18,stress_layer_21,Linear,MM,256,512,128,0.0588,0.0775,0.0,"(1, 512)","(1, 128)",dp_stress
18,stress_layer_22,Linear,MM,256,512,128,0.0323,0.1465,0.0,"(1, 512)","(1, 128)",dp_stress
18,stress_layer_23,Linear,MM,256,512,128,0.6452,0.4883,0.75,"(1, 512)","(1, 128)",dp_stress
18,stress_layer_24,Linear,MM,256,512,128,0.0214,0.0867,0.0,"(1, 512)","(1, 128)",dp_stress
18,stress_layer_25,Linear,MM,256,512,128,0.0444,0.0354,0.0,"(1, 512)","(1, 128)",dp_stress
18,stress_layer_26,Linear,MM,256,512,128,0.014,0.1175,0.0,"(1, 512)","(1, 128)",dp_stress
18,stress_layer_27,Linear,MM,256,512,128,0.0852,0.036,0.0,"(1, 512)","(1, 128)",dp_stress
18,stress_layer_28,Linear,MM,256,512,128,0.0689,0.0328,0.0,"(1, 512)","(1, 128)",dp_stress
18,stress_layer_29,Linear,MM,256,512,128,0.5841,0.3785,0.75,"(1, 512)","(1, 128)",dp_stress
18,stress_layer_30,Linear,MM,256,512,128,0.0111,0.012,0.0,"(1, 512)","(1, 128)",dp_stress
18,stress_layer_31,Linear,MM,256,512,128,0.0647,0.0723,0.0,"(1, 512)","(1, 128)",dp_stress
18,stress_layer_32,Linear,MM,256,512,128,0.0982,0.09,0.0,"(1, 512)","(1, 128)",dp_stress
18,stress_layer_33,Linear,MM,256,512,128,0.0851,0.0784,0.0,"(1, 512)","(1, 128)",dp_stress
18,stress_layer_34,Linear,MM,256,512,128,0.0313,0.028,0.0,"(1, 512)","(1, 128)",dp_stress
18,stress_layer_35,Linear,MM,256,512,128,0.5256,0.4612,0.75,"(1, 512)","(1, 128)",dp_stress
18,stress_layer_36,Linear,MM,256,512,128,0.0357,0.1258,0.0,"(1, 512)","(1, 128)",dp_stress
18,stress_layer_37,Linear,MM,256,512,128,0.0916,0.1258,0.0,"(1, 512)","(1, 128)",dp_stress
18,stress_layer_38,Linear,MM,256,512,128,0.0502,0.0053,0.0,"(1, 512)","(1, 128)",dp_stress
18,stress_layer_39,Linear,MM,256,512,128,0.024,0.1264,0.0,"(1, 512)","(1, 128)",dp_stress
19,stress_layer_0,Linear,MM,256,512,128,0.0436,0.0987,0.0,"(1, 512)","(1, 128)",dp_stress
19,stress_layer_1,Linear,MM,256,512,128,0.0228,0.0678,0.0,"(1, 512)","(1, 128)",dp_stress
19,stress_layer_2,Linear,MM,256,512,128,0.0461,0.0988,0.0,"(1, 512)","(1, 128)",dp_stress
19,stress_layer_3,Linear,MM,256,512,128,0.0317,0.009,0.0,"(1, 512)","(1, 128)",dp_stress
19,stress_layer_4,Linear,MM,256,512,128,0.01,0.1266,0.0,"(1, 512)","(1, 128)",dp_stress
19,stress_layer_5,Linear,MM,256,512,128,0.5381,0.3936,0.75,"(1, 512)","(1, 128)",dp_stress
19,stress_layer_6,Linear,MM,256,512,128,0.0623,0.0744,0.0,"(1, 512)","(1, 128)",dp_stress
19,stress_layer_7,Linear,MM,256,512,128,0.0265,0.0031,0.0,"(1, 512)","(1, 128)",dp_stress
19,stress_layer_8,Linear,MM,256,512,128,0.0598,0.0492,0.0,"(1, 512)","(1, 128)",dp_stress
19,stress_layer_9,Linear,MM,256,512,128,0.0679,0.12,0.0,"(1, 512)","(1, 128)",dp_stress
19,stress_layer_10,Linear,MM,256,512,128,0.0124,0.1347,0.0,"(1, 512)","(1, 128)",dp_stress
19,stress_layer_11,Linear,MM,256,512,128,0.5941,0.4152,0.75,"(1, 512)","(1, 128)",dp_stress
19,stress_layer_12,Linear,MM,256,512,128,0.0862,0.0449,0.0,"(1, 512)","(1, 128)",dp_stress
19,stress_layer_13,Linear,MM,256,512,128,0.0429,0.0209,0.0,"(1, 512)","(1, 128)",dp_stress
19,stress_layer_14,Linear,MM,256,512,128,0.0615,0.0948,0.0,"(1, 512)","(1, 128)",dp_stress
19,stress_layer_15,Linear,MM,256,512,128,0.0588,0.0738,0.0,"(1, 512)","(1, 128)",dp_stress
19,stress_layer_16,Linear,MM,256,512,128,0.0718,0.0787,0.0,"(1, 512)","(1, 128)",dp_stress
19,stress_layer_17,Linear,MM,256,512,128,0.5166,0.4713,0.75,"(1, 512)","(1, 128)",dp_stress
19,stress_layer_18,Linear,MM,256,512,128,0.0624,0.0377,0.0,"(1, 512)","(1, 128)",dp_stress
19,stress_layer_19,Linear,MM,256,512,128,0.0897,0.0515,0.0,"(1, 512)","(1, 128)",dp_stress
19,stress_layer_20,Linear,MM,256,512,128,0.028,0.0555,0.0,"(1, 512)","(1, 128)",dp_stress
19,stress_layer_21,Linear,MM,256,512,128,0.0227,0.0757,0.0,"(1, 512)","(1, 128)",dp_stress
19,stress_layer_22,Linear,MM,256,512,128,0.0436,0.126,0.0,"(1, 512)","(1, 128)",dp_stress
19,stress_layer_23,Linear,MM,256,512,128,0.6412,0.4956,0.75,"(1, 512)","(1, 128)",dp_stress
19,stress_layer_24,Linear,MM,256,512,128,0.0713,0.0859,0.0,"(1, 512)","(1, 128)",dp_stress
19,stress_layer_25,Linear,MM,256,512,128,0.0592,0.0488,0.0,"(1, 512)","(1, 128)",dp_stress
19,stress_layer_26,Linear,MM,256,512,128,0.0075,0.0775,0.0,"(1, 512)","(1, 128)",dp_stress
19,stress_layer_27,Linear,MM,256,512,128,0.0343,0.034,0.0,"(1, 512)","(1, 128)",dp_stress
19,stress_layer_28,Linear,MM,256,512,128,0.0871,0.0781,0.0,"(1, 512)","(1, 128)",dp_stress
19,stress_layer_29,Linear,MM,256,512,128,0.6122,0.4526,0.75,"(1, 512)","(1, 128)",dp_stress
19,stress_layer_30,Linear,MM,256,512,128,0.054,0.1288,0.0,"(1, 512)","(1, 128)",dp_stress
19,stress_layer_31,Linear,MM,256,512,128,0.0455,0.1399,0.0,"(1, 512)","(1, 128)",dp_stress
19,stress_layer_32,Linear,MM,256,512,128,0.0921,0.0037,0.0,"(1, 512)","(1, 128)",dp_stress
19,stress_layer_33,Linear,MM,256,512,128,0.0733,0.0623,0.0,"(1, 512)","(1, 128)",dp_stress
19,stress_layer_34,Linear,MM,256,512,128,0.0088,0.1308,0.0,"(1, 512)","(1, 128)",dp_stress
19,stress_layer_35,Linear,MM,256,512,128,0.6942,0.3662,0.75,"(1, 512)","(1, 128)",dp_stress
19,stress_layer_36,Linear,MM,256,512,128,0.086,0.1237,0.0,"(1, 512)","(1, 128)",dp_stress
19,stress_layer_37,Linear,MM,256,512,128,0.097,0.0155,0.0,"(1, 512)","(1, 128)",dp_stress
19,stress_layer_38,Linear,MM,256,512,128,0.0674,0.0981,0.0,"(1, 512)","(1, 128)",dp_stress
19,stress_layer_39,Linear,MM,256,512,128,0.0417,0.073,0.0,"(1, 512)","(1, 128)",dp_stress
20,stress_layer_0,Linear,MM,256,512,128,0.0467,0.0932,0.0,"(1, 512)","(1, 128)",dp_stress
20,stress_layer_1,Linear,MM,256,512,128,0.0575,0.0686,0.0,"(1, 512)","(1, 128)",dp_stress
20,stress_layer_2,Linear,MM,256,512,128,0.0622,0.0058,0.0,"(1, 512)","(1, 128)",dp_stress
20,stress_layer_3,Linear,MM,256,512,128,0.076,0.0033,0.0,"(1, 512)","(1, 128)",dp_stress
20,stress_layer_4,Linear,MM,256,512,128,0.0546,0.0059,0.0,"(1, 512)","(1, 128)",dp_stress
20,stress_layer_5,Linear,MM,256,512,128,0.6357,0.4213,0.75,"(1, 512)","(1, 128)",dp_stress
20,stress_layer_6,Linear,MM,256,512,128,0.0722,0.1155,0.0,"(1, 512)","(1, 128)",dp_stress
20,stress_layer_7,Linear,MM,256,512,128,0.0302,0.0142,0.0,"(1, 512)","(1, 128)",dp_stress
20,stress_layer_8,Linear,MM,256,512,128,0.0947,0.0284,0.0,"(1, 512)","(1, 128)",dp_stress
20,stress_layer_9,Linear,MM,256,512,128,0.0237,0.0015,0.0,"(1, 512)","(1, 128)",dp_stress
20,stress_layer_10,Linear,MM,256,512,128,0.0074,0.1181,0.0,"(1, 512)","(1, 128)",dp_stress
20,stress_layer_11,Linear,MM,256,512,128,0.5289,0.454,0.75,"(1, 512)","(1, 128)",dp_stress
20,stress_layer_12,Linear,MM,256,512,128,0.0493,0.0009,0.0,"(1, 512)","(1, 128)",dp_stress
20,stress_layer_13,Linear,MM,256,512,128,0.0991,0.0273,0.0,"(1, 512)","(1, 128)",dp_stress
20,stress_layer_14,Linear,MM,256,512,128,0.0691,0.1325,0.0,"(1, 512)","(1, 128)",dp_stress
20,stress_layer_15,Linear,MM,256,512,128,0.0266,0.1276,0.0,"(1, 512)","(1, 128)",dp_stress
20,stress_layer_16,Linear,MM,256,512,128,0.0336,0.021,0.0,"(1, 512)","(1, 128)",dp_stress
20,stress_layer_17,Linear,MM,256,512,128,0.5431,0.4455,0.75,"(1, 512)","(1, 128)",dp_stress
20,stress_layer_18,Linear,MM,256,512,128,0.0665,0.1144,0.0,"(1, 512)","(1, 128)",dp_stress
20,stress_layer_19,Linear,MM,256,512,128,0.0003,0.0727,0.0,"(1, 512)","(1, 128)",dp_stress
20,stress_layer_20,Linear,MM,256,512,128,0.037,0.0622,0.0,"(1, 512)","(1, 128)",dp_stress
20,stress_layer_21,Linear,MM,256,512,128,0.0615,0.1462,0.0,"(1, 512)","(1, 128)",dp_stress
20,stress_layer_22,Linear,MM,256,512,128,0.0109,0.0048,0.0,"(1, 512)","(1, 128)",dp_stress
20,stress_layer_23,Linear,MM,256,512,128,0.5829,0.3207,0.75,"(1, 512)","(1, 128)",dp_stress
20,stress_layer_24,Linear,MM,256,512,128,0.0866,0.148,0.0,"(1, 512)","(1, 128)",dp_stress
20,stress_layer_25,Linear,MM,256,512,128,0.057,0.0083,0.0,"(1, 512)","(1, 128)",dp_stress
20,stress_layer_26,Linear,MM,256,512,128,0.0692,0.0647,0.0,"(1, 512)","(1, 128)",dp_stress
20,stress_layer_27,Linear,MM,256,512,128,0.0733,0.1326,0.0,"(1, 512)","(1, 128)",dp_stress
20,stress_layer_28,Linear,MM,256,512,128,0.052,0.0663,0.0,"(1, 512)","(1, 128)",dp_stress
20,stress_layer_29,Linear,MM,256,512,128,0.5628,0.3273,0.75,"(1, 512)","(1, 128)",dp_stress
20,stress_layer_30,Linear,MM,256,512,128,0.0429,0.1085,0.0,"(1, 512)","(1, 128)",dp_stress
20,stress_layer_31,Linear,MM,256,512,128,0.0719,0.0716,0.0,"(1, 512)","(1, 128)",dp_stress
20,stress_layer_32,Linear,MM,256,512,128,0.0806,0.0297,0.0,"(1, 512)","(1, 128)",dp_stress
20,stress_layer_33,Linear,MM,256,512,128,0.0098,0.0975,0.0,"(1, 512)","(1, 128)",dp_stress
20,stress_layer_34,Linear,MM,256,512,128,0.0189,0.0915,0.0,"(1, 512)","(1, 128)",dp_stress
20,stress_layer_35,Linear,MM,256,512,128,0.6625,0.3808,0.75,"(1, 512)","(1, 128)",dp_stress
20,stress_layer_36,Linear,MM,256,512,128,0.0736,0.0109,0.0,"(1, 512)","(1, 128)",dp_stress
20,stress_layer_37,Linear,MM,256,512,128,0.0708,0.0989,0.0,"(1, 512)","(1, 128)",dp_stress
20,stress_layer_38,Linear,MM,256,512,128,0.031,0.1414,0.0,"(1, 512)","(1, 128)",dp_stress
20,stress_layer_39,Linear,MM,256,512,128,0.022,0.0838,0.0,"(1, 512)","(1, 128)",dp_stress
21,stress_layer_0,Linear,MM,256,512,128,0.0212,0.0615,0.0,"(1, 512)","(1, 128)",dp_stress
21,stress_layer_1,Linear,MM,256,512,128,0.0954,0.0844,0.0,"(1, 512)","(1, 128)",dp_stress
21,stress_layer_2,Linear,MM,256,512,128,0.0529,0.0715,0.0,"(1, 512)","(1, 128)",dp_stress
21,stress_layer_3,Linear,MM,256,512,128,0.0484,0.1047,0.0,"(1, 512)","(1, 128)",dp_stress
21,stress_layer_4,Linear,MM,256,512,128,0.0592,0.1472,0.0,"(1, 512)","(1, 128)",dp_stress
21,stress_layer_5,Linear,MM,256,512,128,0.5122,0.3806,0.75,"(1, 512)","(1, 128)",dp_stress
21,stress_layer_6,Linear,MM,256,512,128,0.062,0.0676,0.0,"(1, 512)","(1, 128)",dp_stress
21,stress_layer_7,Linear,MM,256,512,128,0.0456,0.0638,0.0,"(1, 512)","(1, 128)",dp_stress
21,stress_layer_8,Linear,MM,256,512,128,0.0277,0.0615,0.0,"(1, 512)","(1, 128)",dp_stress
21,stress_layer_9,Linear,MM,256,512,128,0.0728,0.0591,0.0,"(1, 512)","(1, 128)",dp_stress
21,stress_layer_10,Linear,MM,256,512,128,0.0144,0.046,0.0,"(1, 512)","(1, 128)",dp_stress
21,stress_layer_11,Linear,MM,256,512,128,0.6225,0.4009,0.75,"(1, 512)","(1, 128)",dp_stress
21,stress_layer_12,Linear,MM,256,512,128,0.0583,0.0911,0.0,"(1, 512)","(1, 128)",dp_stress
21,stress_layer_13,Linear,MM,256,512,128,0.0151,0.0351,0.0,"(1, 512)","(1, 128)",dp_stress
21,stress_layer_14,Linear,MM,256,512,128,0.0314,0.0587,0.0,"(1, 512)","(1, 128)",dp_stress
21,stress_layer_15,Linear,MM,256,512,128,0.0023,0.0376,0.0,"(1, 512)","(1, 128)",dp_stress
21,stress_layer_16,Linear,MM,256,512,128,0.0305,0.0959,0.0,"(1, 512)","(1, 128)",dp_stress
21,stress_layer_17,Linear,MM,256,512,128,0.5353,0.3375,0.75,"(1, 512)","(1, 128)",dp_stress
21,stress_layer_18,Linear,MM,256,512,128,0.026,0.0407,0.0,"(1, 512)","(1, 128)",dp_stress
21,stress_layer_19,Linear,MM,256,512,128,0.0555,0.0265,0.0,"(1, 512)","(1, 128)",dp_stress
21,stress_layer_20,Linear,MM,256,512,128,0.0553,0.0888,0.0,"(1, 512)","(1, 128)",dp_stress
21,stress_layer_21,Linear,MM,256,512,128,0.0064,0.1239,0.0,"(1, 512)","(1, 128)",dp_stress
21,stress_layer_22,Linear,MM,256,512,128,0.0037,0.0853,0.0,"(1, 512)","(1, 128)",dp_stress
21,stress_layer_23,Linear,MM,256,512,128,0.5074,0.4442,0.75,"(1, 512)","(1, 128)",dp_stress
21,stress_layer_24,Linear,MM,256,512,128,0.049,0.1014,0.0,"(1, 512)","(1, 128)",dp_stress
21,stress_layer_25,Linear,MM,256,512,128,0.0988,0.0203,0.0,"(1, 512)","(1, 128)",dp_stress
21,stress_layer_26,Linear,MM,256,512,128,0.0253,0.0276,0.0,"(1, 512)","(1, 128)",dp_stress
21,stress_layer_27,Linear,MM,256,512,128,0.0458,0.0224,0.0,"(1, 512)","(1, 128)",dp_stress
21,stress_layer_28,Linear,MM,256,512,128,0.0332,0.1094,0.0,"(1, 512)","(1, 128)",dp_stress
21,stress_layer_29,Linear,MM,256,512,128,0.6661,0.3852,0.75,"(1, 512)","(1, 128)",dp_stress
21,stress_layer_30,Linear,MM,256,512,128,0.0134,0.0113,0.0,"(1, 512)","(1, 128)",dp_stress
21,stress_layer_31,Linear,MM,256,512,128,0.003,0.1088,0.0,"(1, 512)","(1, 128)",dp_stress
21,stress_layer_32,Linear,MM,256,512,128,0.0304,0.1407,0.0,"(1, 512)","(1, 128)",dp_stress
21,stress_layer_33,Linear,MM,256,512,128,0.0166,0.0096,0.0,"(1, 512)","(1, 128)",dp_stress
21,stress_layer_34,Linear,MM,256,512,128,0.0922,0.0303,0.0,"(1, 512)","(1, 128)",dp_stress
21,stress_layer_35,Linear,MM,256,512,128,0.5804,0.4959,0.75,"(1, 512)","(1, 128)",dp_stress
21,stress_layer_36,Linear,MM,256,512,128,0.0008,0.1355,0.0,"(1, 512)","(1, 128)",dp_stress
21,stress_layer_37,Linear,MM,256,512,128,0.0145,0.1385,0.0,"(1, 512)","(1, 128)",dp_stress
21,stress_layer_38,Linear,MM,256,512,128,0.0631,0.1346,0.0,"(1, 512)","(1, 128)",dp_stress
21,stress_layer_39,Linear,MM,256,512,128,0.0465,0.0194,0.0,"(1, 512)","(1, 128)",dp_stress
22,stress_layer_0,Linear,MM,256,512,128,0.0848,0.0152,0.0,"(1, 512)","(1, 128)",dp_stress
22,stress_layer_1,Linear,MM,256,512,128,0.0704,0.0413,0.0,"(1, 512)","(1, 128)",dp_stress
22,stress_layer_2,Linear,MM,256,512,128,0.0877,0.1364,0.0,"(1, 512)","(1, 128)",dp_stress
22,stress_layer_3,Linear,MM,256,512,128,0.002,0.1489,0.0,"(1, 512)","(1, 128)",dp_stress
22,stress_layer_4,Linear,MM,256,512,128,0.0583,0.1022,0.0,"(1, 512)","(1, 128)",dp_stress
22,stress_layer_5,Linear,MM,256,512,128,0.6321,0.3935,0.75,"(1, 512)","(1, 128)",dp_stress
22,stress_layer_6,Linear,MM,256,512,128,0.0508,0.0645,0.0,"(1, 512)","(1, 128)",dp_stress
22,stress_layer_7,Linear,MM,256,512,128,0.0694,0.0909,0.0,"(1, 512)","(1, 128)",dp_stress
22,stress_layer_8,Linear,MM,256,512,128,0.0098,0.0573,0.0,"(1, 512)","(1, 128)",dp_stress
22,stress_layer_9,Linear,MM,256,512,128,0.0981,0.0097,0.0,"(1, 512)","(1, 128)",dp_stress
22,stress_layer_10,Linear,MM,256,512,128,0.0085,0.0248,0.0,"(1, 512)","(1, 128)",dp_stress
22,stress_layer_11,Linear,MM,256,512,128,0.5073,0.3322,0.75,"(1, 512)","(1, 128)",dp_stress
22,stress_layer_12,Linear,MM,256,512,128,0.0363,0.0027,0.0,"(1, 512)","(1, 128)",dp_stress
22,stress_layer_13,Linear,MM,256,512,128,0.0821,0.0595,0.0,"(1, 512)","(1, 128)",dp_stress
22,stress_layer_14,Linear,MM,256,512,128,0.0094,0.105,0.0,"(1, 512)","(1, 128)",dp_stress
22,stress_layer_15,Linear,MM,256,512,128,0.0567,0.0112,0.0,"(1, 512)","(1, 128)",dp_stress
22,stress_layer_16,Linear,MM,256,512,128,0.077,0.0311,0.0,"(1, 512)","(1, 128)",dp_stress
22,stress_layer_17,Linear,MM,256,512,128,0.6478,0.3778,0.75,"(1, 512)","(1, 128)",dp_stress
22,stress_layer_18,Linear,MM,256,512,128,0.0884,0.0164,0.0,"(1, 512)","(1, 128)",dp_stress
22,stress_layer_19,Linear,MM,256,512,128,0.0368,0.0742,0.0,"(1, 512)","(1, 128)",dp_stress
22,stress_layer_20,Linear,MM,256,512,128,0.0864,0.1018,0.0,"(1, 512)","(1, 128)",dp_stress
22,stress_layer_21,Linear,MM,256,512,128,0.0379,0.1018,0.0,"(1, 512)","(1, 128)",dp_stress
22,stress_layer_22,Linear,MM,256,512,128,0.0077,0.0897,0.0,"(1, 512)","(1, 128)",dp_stress
22,stress_layer_23,Linear,MM,256,512,128,0.6517,0.4008,0.75,"(1, 512)","(1, 128)",dp_stress
22,stress_layer_24,Linear,MM,256,512,128,0.0668,0.0437,0.0,"(1, 512)","(1, 128)",dp_stress
22,stress_layer_25,Linear,MM,256,512,128,0.0417,0.1331,0.0,"(1, 512)","(1, 128)",dp_stress
22,stress_layer_26,Linear,MM,256,512,128,0.0306,0.0702,0.0,"(1, 512)","(1, 128)",dp_stress
22,stress_layer_27,Linear,MM,256,512,128,0.0069,0.0568,0.0,"(1, 512)","(1, 128)",dp_stress
22,stress_layer_28,Linear,MM,256,512,128,0.0266,0.1271,0.0,"(1, 512)","(1, 128)",dp_stress
22,stress_layer_29,Linear,MM,256,512,128,0.6877,0.4308,0.75,"(1, 512)","(1, 128)",dp_stress
22,stress_layer_30,Linear,MM,256,512,128,0.0826,0.087,0.0,"(1, 512)","(1, 128)",dp_stress
22,stress_layer_31,Linear,MM,256,512,128,0.092,0.0725,0.0,"(1, 512)","(1, 128)",dp_stress
22,stress_layer_32,Linear,MM,256,512,128,0.0969,0.0631,0.0,"(1, 512)","(1, 128)",dp_stress
22,stress_layer_33,Linear,MM,256,512,128,0.0574,0.1114,0.0,"(1, 512)","(1, 128)",dp_stress
22,stress_layer_34,Linear,MM,256,512,128,0.0173,0.0278,0.0,"(1, 512)","(1, 128)",dp_stress
22,stress_layer_35,Linear,MM,256,512,128,0.5706,0.4975,0.75,"(1, 512)","(1, 128)",dp_stress
22,stress_layer_36,Linear,MM,256,512,128,0.0714,0.0096,0.0,"(1, 512)","(1, 128)",dp_stress
22,stress_layer_37,Linear,MM,256,512,128,0.0119,0.1236,0.0,"(1, 512)","(1, 128)",dp_stress
22,stress_layer_38,Linear,MM,256,512,128,0.0525,0.0644,0.0,"(1, 512)","(1, 128)",dp_stress
22,stress_layer_39,Linear,MM,256,512,128,0.0082,0.0473,0.0,"(1, 512)","(1, 128)",dp_stress
23,stress_layer_0,Linear,MM,256,512,128,0.0997,0.0828,0.0,"(1, 512)","(1, 128)",dp_stress
23,stress_layer_1,Linear,MM,256,512,128,0.0611,0.0492,0.0,"(1, 512)","(1, 128)",dp_stress
23,stress_layer_2,Linear,MM,256,512,128,0.0455,0.0429,0.0,"(1, 512)","(1, 128)",dp_stress
23,stress_layer_3,Linear,MM,256,512,128,0.0901,0.1476,0.0,"(1, 512)","(1, 128)",dp_stress
23,stress_layer_4,Linear,MM,256,512,128,0.0175,0.1135,0.0,"(1, 512)","(1, 128)",dp_stress
23,stress_layer_5,Linear,MM,256,512,128,0.569,0.3469,0.75,"(1, 512)","(1, 128)",dp_stress
23,stress_layer_6,Linear,MM,256,512,128,0.0283,0.0887,0.0,"(1, 512)","(1, 128)",dp_stress
23,stress_layer_7,Linear,MM,256,512,128,0.0211,0.0413,0.0,"(1, 512)","(1, 128)",dp_stress
23,stress_layer_8,Linear,MM,256,512,128,0.017,0.0501,0.0,"(1, 512)","(1, 128)",dp_stress
23,stress_layer_9,Linear,MM,256,512,128,0.053,0.0761,0.0,"(1, 512)","(1, 128)",dp_stress
23,stress_layer_10,Linear,MM,256,512,128,0.0748,0.0859,0.0,"(1, 512)","(1, 128)",dp_stress
23,stress_layer_11,Linear,MM,256,512,128,0.6258,0.3165,0.75,"(1, 512)","(1, 128)",dp_stress
23,stress_layer_12,Linear,MM,256,512,128,0.0819,0.1028,0.0,"(1, 512)","(1, 128)",dp_stress
23,stress_layer_13,Linear,MM,256,512,128,0.0079,0.0995,0.0,"(1, 512)","(1, 128)",dp_stress
23,stress_layer_14,Linear,MM,256,512,128,0.0955,0.118,0.0,"(1, 512)","(1, 128)",dp_stress
23,stress_layer_15,Linear,MM,256,512,128,0.0234,0.0776,0.0,"(1, 512)","(1, 128)",dp_stress
23,stress_layer_16,Linear,MM,256,512,128,0.0432,0.0451,0.0,"(1, 512)","(1, 128)",dp_stress
23,stress_layer_17,Linear,MM,256,512,128,0.6303,0.4303,0.75,"(1, 512)","(1, 128)",dp_stress
23,stress_layer_18,Linear,MM,256,512,128,0.0445,0.0906,0.0,"(1, 512)","(1, 128)",dp_stress
23,stress_layer_19,Linear,MM,256,512,128,0.0244,0.1442,0.0,"(1, 512)","(1, 128)",dp_stress
23,stress_layer_20,Linear,MM,256,512,128,0.0456,0.1453,0.0,"(1, 512)","(1, 128)",dp_stress
23,stress_layer_21,Linear,MM,256,512,128,0.0807,0.0135,0.0,"(1, 512)","(1, 128)",dp_stress
23,stress_layer_22,Linear,MM,256,512,128,0.0806,0.0175,0.0,"(1, 512)","(1, 128)",dp_stress
23,stress_layer_23,Linear,MM,256,512,128,0.6383,0.4721,0.75,"(1, 512)","(1, 128)",dp_stress
23,stress_layer_24,Linear,MM,256,512,128,0.0133,0.1472,0.0,"(1, 512)","(1, 128)",dp_stress
23,stress_layer_25,Linear,MM,256,512,128,0.0333,0.0872,0.0,"(1, 512)","(1, 128)",dp_stress
23,stress_layer_26,Linear,MM,256,512,128,0.088,0.0528,0.0,"(1, 512)","(1, 128)",dp_stress
23,stress_layer_27,Linear,MM,256,512,128,0.0441,0.0116,0.0,"(1, 512)","(1, 128)",dp_stress
23,stress_layer_28,Linear,MM,256,512,128,0.0013,0.0447,0.0,"(1, 512)","(1, 128)",dp_stress
23,stress_layer_29,Linear,MM,256,512,128,0.6876,0.4005,0.75,"(1, 512)","(1, 128)",dp_stress
23,stress_layer_30,Linear,MM,256,512,128,0.0291,0.0001,0.0,"(1, 512)","(1, 128)",dp_stress
23,stress_layer_31,Linear,MM,256,512,128,0.0746,0.039,0.0,"(1, 512)","(1, 128)",dp_stress
23,stress_layer_32,Linear,MM,256,512,128,0.0413,0.0589,0.0,"(1, 512)","(1, 128)",dp_stress
23,stress_layer_33,Linear,MM,256,512,128,0.0361,0.0543,0.0,"(1, 512)","(1, 128)",dp_stress
23,stress_layer_34,Linear,MM,256,512,128,0.0905,0.1246,0.0,"(1, 512)","(1, 128)",dp_stress
23,stress_layer_35,Linear,MM,256,512,128,0.5923,0.4425,0.75,"(1, 512)","(1, 128)",dp_stress
23,stress_layer_36,Linear,MM,256,512,128,0.0809,0.1297,0.0,"(1, 512)","(1, 128)",dp_stress
23,stress_layer_37,Linear,MM,256,512,128,0.0076,0.0123,0.0,"(1, 512)","(1, 128)",dp_stress
23,stress_layer_38,Linear,MM,256,512,128,0.0481,0.0907,0.0,"(1, 512)","(1, 128)",dp_stress
23,stress_layer_39,Linear,MM,256,512,128,0.011,0.1159,0.0,"(1, 512)","(1, 128)",dp_stress
24,stress_layer_0,Linear,MM,256,512,128,0.0786,0.0529,0.0,"(1, 512)","(1, 128)",dp_stress
24,stress_layer_1,Linear,MM,256,512,128,0.0841,0.0843,0.0,"(1, 512)","(1, 128)",dp_stress
24,stress_layer_2,Linear,MM,256,512,128,0.0789,0.0219,0.0,"(1, 512)","(1, 128)",dp_stress
24,stress_layer_3,Linear,MM,256,512,128,0.0159,0.0306,0.0,"(1, 512)","(1, 128)",dp_stress
24,stress_layer_4,Linear,MM,256,512,128,0.0632,0.1427,0.0,"(1, 512)","(1, 128)",dp_stress
24,stress_layer_5,Linear,MM,256,512,128,0.6247,0.3938,0.75,"(1, 512)","(1, 128)",dp_stress
24,stress_layer_6,Linear,MM,256,512,128,0.0402,0.056,0.0,"(1, 512)","(1, 128)",dp_stress
24,stress_layer_7,Linear,MM,256,512,128,0.0902,0.1068,0.0,"(1, 512)","(1, 128)",dp_stress
24,stress_layer_8,Linear,MM,256,512,128,0.0036,0.0318,0.0,"(1, 512)","(1, 128)",dp_stress
24,stress_layer_9,Linear,MM,256,512,128,0.0487,0.0549,0.0,"(1, 512)","(1, 128)",dp_stress
24,stress_layer_10,Linear,MM,256,512,128,0.0626,0.0661,0.0,"(1, 512)","(1, 128)",dp_stress
24,stress_layer_11,Linear,MM,256,512,128,0.6548,0.4357,0.75,"(1, 512)","(1, 128)",dp_stress
24,stress_layer_12,Linear,MM,256,512,128,0.0423,0.136,0.0,"(1, 512)","(1, 128)",dp_stress
24,stress_layer_13,Linear,MM,256,512,128,0.005,0.0294,0.0,"(1, 512)","(1, 128)",dp_stress
24,stress_layer_14,Linear,MM,256,512,128,0.089,0.0218,0.0,"(1, 512)","(1, 128)",dp_stress
24,stress_layer_15,Linear,MM,256,512,128,0.0055,0.0692,0.0,"(1, 512)","(1, 128)",dp_stress
24,stress_layer_16,Linear,MM,256,512,128,0.0724,0.0727,0.0,"(1, 512)","(1, 128)",dp_stress
24,stress_layer_17,Linear,MM,256,512,128,0.6062,0.4686,0.75,"(1, 512)","(1, 128)",dp_stress
24,stress_layer_18,Linear,MM,256,512,128,0.0505,0.1428,0.0,"(1, 512)","(1, 128)",dp_stress
24,stress_layer_19,Linear,MM,256,512,128,0.0324,0.1218,0.0,"(1, 512)","(1, 128)",dp_stress
24,stress_layer_20,Linear,MM,256,512,128,0.018,0.0665,0.0,"(1, 512)","(1, 128)",dp_stress
24,stress_layer_21,Linear,MM,256,512,128,0.0889,0.1318,0.0,"(1, 512)","(1, 128)",dp_stress
24,stress_layer_22,Linear,MM,256,512,128,0.021,0.1329,0.0,"(1, 512)","(1, 128)",dp_stress
24,stress_layer_23,Linear,MM,256,512,128,0.6048,0.4119,0.75,"(1, 512)","(1, 128)",dp_stress
24,stress_layer_24,Linear,MM,256,512,128,0.0262,0.0069,0.0,"(1, 512)","(1, 128)",dp_stress
24,stress_layer_25,Linear,MM,256,512,128,0.0247,0.1242,0.0,"(1, 512)","(1, 128)",dp_stress
24,stress_layer_26,Linear,MM,256,512,128,0.0458,0.1215,0.0,"(1, 512)","(1, 128)",dp_stress
24,stress_layer_27,Linear,MM,256,512,128,0.0602,0.0967,0.0,"(1, 512)","(1, 128)",dp_stress
24,stress_layer_28,Linear,MM,256,512,128,0.0138,0.1484,0.0,"(1, 512)","(1, 128)",dp_stress
24,stress_layer_29,Linear,MM,256,512,128,0.6105,0.3632,0.75,"(1, 512)","(1, 128)",dp_stress
24,stress_layer_30,Linear,MM,256,512,128,0.0929,0.0012,0.0,"(1, 512)","(1, 128)",dp_stress
24,stress_layer_31,Linear,MM,256,512,128,0.0107,0.0387,0.0,"(1, 512)","(1, 128)",dp_stress
24,stress_layer_32,Linear,MM,256,512,128,0.095,0.002,0.0,"(1, 512)","(1, 128)",dp_stress
24,stress_layer_33,Linear,MM,256,512,128,0.0223,0.0529,0.0,"(1, 512)","(1, 128)",dp_stress
24,stress_layer_34,Linear,MM,256,512,128,0.0885,0.0603,0.0,"(1, 512)","(1, 128)",dp_stress
24,stress_layer_35,Linear,MM,256,512,128,0.586,0.4546,0.75,"(1, 512)","(1, 128)",dp_stress
24,stress_layer_36,Linear,MM,256,512,128,0.078,0.0734,0.0,"(1, 512)","(1, 128)",dp_stress
24,stress_layer_37,Linear,MM,256,512,128,0.0696,0.1433,0.0,"(1, 512)","(1, 128)",dp_stress
24,stress_layer_38,Linear,MM,256,512,128,0.0494,0.1257,0.0,"(1, 512)","(1, 128)",dp_stress
24,stress_layer_39,Linear,MM,256,512,128,0.098,0.1141,0.0,"(1, 512)","(1, 128)",dp_stress
25,stress_layer_0,Linear,MM,256,512,128,0.0505,0.0677,0.0,"(1, 512)","(1, 128)",dp_stress
25,stress_layer_1,Linear,MM,256,512,128,0.0539,0.051,0.0,"(1, 512)","(1, 128)",dp_stress
25,stress_layer_2,Linear,MM,256,512,128,0.0875,0.0862,0.0,"(1, 512)","(1, 128)",dp_stress
25,stress_layer_3,Linear,MM,256,512,128,0.0376,0.0427,0.0,"(1, 512)","(1, 128)",dp_stress
25,stress_layer_4,Linear,MM,256,512,128,0.0025,0.105,0.0,"(1, 512)","(1, 128)",dp_stress
25,stress_layer_5,Linear,MM,256,512,128,0.5518,0.4061,0.75,"(1, 512)","(1, 128)",dp_stress
25,stress_layer_6,Linear,MM,256,512,128,0.0536,0.0484,0.0,"(1, 512)","(1, 128)",dp_stress
25,stress_layer_7,Linear,MM,256,512,128,0.0055,0.1106,0.0,"(1, 512)","(1, 128)",dp_stress
25,stress_layer_8,Linear,MM,256,512,128,0.0463,0.0392,0.0,"(1, 512)","(1, 128)",dp_stress
25,stress_layer_9,Linear,MM,256,512,128,0.0109,0.0071,0.0,"(1, 512)","(1, 128)",dp_stress
25,stress_layer_10,Linear,MM,256,512,128,0.0905,0.0012,0.0,"(1, 512)","(1, 128)",dp_stress
25,stress_layer_11,Linear,MM,256,512,128,0.5691,0.4066,0.75,"(1, 512)","(1, 128)",dp_stress
25,stress_layer_12,Linear,MM,256,512,128,0.0111,0.0674,0.0,"(1, 512)","(1, 128)",dp_stress
25,stress_layer_13,Linear,MM,256,512,128,0.0427,0.0709,0.0,"(1, 512)","(1, 128)",dp_stress
25,stress_layer_14,Linear,MM,256,512,128,0.0997,0.0047,0.0,"(1, 512)","(1, 128)",dp_stress
25,stress_layer_15,Linear,MM,256,512,128,0.0096,0.0697,0.0,"(1, 512)","(1, 128)",dp_stress
25,stress_layer_16,Linear,MM,256,512,128,0.0415,0.1171,0.0,"(1, 512)","(1, 128)",dp_stress
25,stress_layer_17,Linear,MM,256,512,128,0.6165,0.3159,0.75,"(1, 512)","(1, 128)",dp_stress
25,stress_layer_18,Linear,MM,256,512,128,0.0754,0.0212,0.0,"(1, 512)","(1, 128)",dp_stress
25,stress_layer_19,Linear,MM,256,512,128,0.0303,0.0502,0.0,"(1, 512)","(1, 128)",dp_stress
25,stress_layer_20,Linear,MM,256,512,128,0.0048,0.0979,0.0,"(1, 512)","(1, 128)",dp_stress
25,stress_layer_21,Linear,MM,256,512,128,0.0475,0.0809,0.0,"(1, 512)","(1, 128)",dp_stress
25,stress_layer_22,Linear,MM,256,512,128,0.0466,0.0111,0.0,"(1, 512)","(1, 128)",dp_stress
25,stress_layer_23,Linear,MM,256,512,128,0.6328,0.4567,0.75,"(1, 512)","(1, 128)",dp_stress
25,stress_layer_24,Linear,MM,256,512,128,0.0178,0.0245,0.0,"(1, 512)","(1, 128)",dp_stress
25,stress_layer_25,Linear,MM,256,512,128,0.0486,0.0615,0.0,"(1, 512)","(1, 128)",dp_stress
25,stress_layer_26,Linear,MM,256,512,128,0.062,0.0816,0.0,"(1, 512)","(1, 128)",dp_stress
25,stress_layer_27,Linear,MM,256,512,128,0.0407,0.0481,0.0,"(1, 512)","(1, 128)",dp_stress
25,stress_layer_28,Linear,MM,256,512,128,0.0737,0.0673,0.0,"(1, 512)","(1, 128)",dp_stress
25,stress_layer_29,Linear,MM,256,512,128,0.5679,0.4004,0.75,"(1, 512)","(1, 128)",dp_stress
25,stress_layer_30,Linear,MM,256,512,128,0.0849,0.0641,0.0,"(1, 512)","(1, 128)",dp_stress
25,stress_layer_31,Linear,MM,256,512,128,0.036,0.0213,0.0,"(1, 512)","(1, 128)",dp_stress
25,stress_layer_32,Linear,MM,256,512,128,0.0689,0.1055,0.0,"(1, 512)","(1, 128)",dp_stress
25,stress_layer_33,Linear,MM,256,512,128,0.0871,0.0682,0.0,"(1, 512)","(1, 128)",dp_stress
25,stress_layer_34,Linear,MM,256,512,128,0.0383,0.0685,0.0,"(1, 512)","(1, 128)",dp_stress
25,stress_layer_35,Linear,MM,256,512,128,0.5672,0.342,0.75,"(1, 512)","(1, 128)",dp_stress
25,stress_layer_36,Linear,MM,256,512,128,0.0948,0.1424,0.0,"(1, 512)","(1, 128)",dp_stress
25,stress_layer_37,Linear,MM,256,512,128,0.098,0.0763,0.0,"(1, 512)","(1, 128)",dp_stress
25,stress_layer_38,Linear,MM,256,512,128,0.0414,0.0291,0.0,"(1, 512)","(1, 128)",dp_stress
25,stress_layer_39,Linear,MM,256,512,128,0.0729,0.1369,0.0,"(1, 512)","(1, 128)",dp_stress
26,stress_layer_0,Linear,MM,256,512,128,0.0051,0.1141,0.0,"(1, 512)","(1, 128)",dp_stress
26,stress_layer_1,Linear,MM,256,512,128,0.0326,0.1297,0.0,"(1, 512)","(1, 128)",dp_stress
26,stress_layer_2,Linear,MM,256,512,128,0.0872,0.0957,0.0,"(1, 512)","(1, 128)",dp_stress
26,stress_layer_3,Linear,MM,256,512,128,0.0633,0.0613,0.0,"(1, 512)","(1, 128)",dp_stress
26,stress_layer_4,Linear,MM,256,512,128,0.0347,0.1355,0.0,"(1, 512)","(1, 128)",dp_stress
26,stress_layer_5,Linear,MM,256,512,128,0.6668,0.4945,0.75,"(1, 512)","(1, 128)",dp_stress
26,stress_layer_6,Linear,MM,256,512,128,0.05,0.047,0.0,"(1, 512)","(1, 128)",dp_stress
26,stress_layer_7,Linear,MM,256,512,128,0.0001,0.0558,0.0,"(1, 512)","(1, 128)",dp_stress
26,stress_layer_8,Linear,MM,256,512,128,0.0714,0.0397,0.0,"(1, 512)","(1, 128)",dp_stress
26,stress_layer_9,Linear,MM,256,512,128,0.0908,0.0779,0.0,"(1, 512)","(1, 128)",dp_stress
26,stress_layer_10,Linear,MM,256,512,128,0.0761,0.0239,0.0,"(1, 512)","(1, 128)",dp_stress
26,stress_layer_11,Linear,MM,256,512,128,0.555,0.3712,0.75,"(1, 512)","(1, 128)",dp_stress
26,stress_layer_12,Linear,MM,256,512,128,0.0348,0.041,0.0,"(1, 512)","(1, 128)",dp_stress
26,stress_layer_13,Linear,MM,256,512,128,0.0039,0.0022,0.0,"(1, 512)","(1, 128)",dp_stress
26,stress_layer_14,Linear,MM,256,512,128,0.042,0.0626,0.0,"(1, 512)","(1, 128)",dp_stress
26,stress_layer_15,Linear,MM,256,512,128,0.0659,0.0203,0.0,"(1, 512)","(1, 128)",dp_stress
26,stress_layer_16,Linear,MM,256,512,128,0.0066,0.1499,0.0,"(1, 512)","(1, 128)",dp_stress
26,stress_layer_17,Linear,MM,256,512,128,0.5227,0.3511,0.75,"(1, 512)","(1, 128)",dp_stress
26,stress_layer_18,Linear,MM,256,512,128,0.0588,0.037,0.0,"(1, 512)","(1, 128)",dp_stress
26,stress_layer_19,Linear,MM,256,512,128,0.0773,0.0967,0.0,"(1, 512)","(1, 128)",dp_stress
26,stress_layer_20,Linear,MM,256,512,128,0.0124,0.0198,0.0,"(1, 512)","(1, 128)",dp_stress
26,stress_layer_21,Linear,MM,256,512,128,0.0416,0.0818,0.0,"(1, 512)","(1, 128)",dp_stress
26,stress_layer_22,Linear,MM,256,512,128,0.0784,0.1303,0.0,"(1, 512)","(1, 128)",dp_stress
26,stress_layer_23,Linear,MM,256,512,128,0.5692,0.4695,0.75,"(1, 512)","(1, 128)",dp_stress
26,stress_layer_24,Linear,MM,256,512,128,0.048,0.0313,0.0,"(1, 512)","(1, 128)",dp_stress
26,stress_layer_25,Linear,MM,256,512,128,0.0928,0.0339,0.0,"(1, 512)","(1, 128)",dp_stress
26,stress_layer_26,Linear,MM,256,512,128,0.0629,0.0736,0.0,"(1, 512)","(1, 128)",dp_stress
26,stress_layer_27,Linear,MM,256,512,128,0.0769,0.1226,0.0,"(1, 512)","(1, 128)",dp_stress
26,stress_layer_28,Linear,MM,256,512,128,0.0031,0.0003,0.0,"(1, 512)","(1, 128)",dp_stress
26,stress_layer_29,Linear,MM,256,512,128,0.6247,0.4034,0.75,"(1, 512)","(1, 128)",dp_stress
26,stress_layer_30,Linear,MM,256,512,128,0.0763,0.0549,0.0,"(1, 512)","(1, 128)",dp_stress
26,stress_layer_31,Linear,MM,256,512,128,0.0698,0.1189,0.0,"(1, 512)","(1, 128)",dp_stress
26,stress_layer_32,Linear,MM,256,512,128,0.0422,0.1188,0.0,"(1, 512)","(1, 128)",dp_stress
26,stress_layer_33,Linear,MM,256,512,128,0.0354,0.1457,0.0,"(1, 512)","(1, 128)",dp_stress
26,stress_layer_34,Linear,MM,256,512,128,0.0579,0.0626,0.0,"(1, 512)","(1, 128)",dp_stress
26,stress_layer_35,Linear,MM,256,512,128,0.6883,0.3284,0.75,"(1, 512)","(1, 128)",dp_stress
26,stress_layer_36,Linear,MM,256,512,128,0.0169,0.1464,0.0,"(1, 512)","(1, 128)",dp_stress
26,stress_layer_37,Linear,MM,256,512,128,0.0022,0.1118,0.0,"(1, 512)","(1, 128)",dp_stress
26,stress_layer_38,Linear,MM,256,512,128,0.0379,0.0417,0.0,"(1, 512)","(1, 128)",dp_stress
26,stress_layer_39,Linear,MM,256,512,128,0.0808,0.0055,0.0,"(1, 512)","(1, 128)",dp_stress
27,stress_layer_0,Linear,MM,256,512,128,0.0204,0.0161,0.0,"(1, 512)","(1, 128)",dp_stress
27,stress_layer_1,Linear,MM,256,512,128,0.0252,0.1143,0.0,"(1, 512)","(1, 128)",dp_stress
27,stress_layer_2,Linear,MM,256,512,128,0.0844,0.0082,0.0,"(1, 512)","(1, 128)",dp_stress
27,stress_layer_3,Linear,MM,256,512,128,0.0587,0.1255,0.0,"(1, 512)","(1, 128)",dp_stress
27,stress_layer_4,Linear,MM,256,512,128,0.0953,0.1435,0.0,"(1, 512)","(1, 128)",dp_stress
27,stress_layer_5,Linear,MM,256,512,128,0.5716,0.4324,0.75,"(1, 512)","(1, 128)",dp_stress
27,stress_layer_6,Linear,MM,256,512,128,0.0069,0.0907,0.0,"(1, 512)","(1, 128)",dp_stress
27,stress_layer_7,Linear,MM,256,512,128,0.027,0.1126,0.0,"(1, 512)","(1, 128)",dp_stress
27,stress_layer_8,Linear,MM,256,512,128,0.0864,0.0758,0.0,"(1, 512)","(1, 128)",dp_stress
27,stress_layer_9,Linear,MM,256,512,128,0.0762,0.0499,0.0,"(1, 512)","(1, 128)",dp_stress
27,stress_layer_10,Linear,MM,256,512,128,0.0543,0.0452,0.0,"(1, 512)","(1, 128)",dp_stress
27,stress_layer_11,Linear,MM,256,512,128,0.5277,0.4487,0.75,"(1, 512)","(1, 128)",dp_stress
27,stress_layer_12,Linear,MM,256,512,128,0.0384,0.1108,0.0,"(1, 512)","(1, 128)",dp_stress
27,stress_layer_13,Linear,MM,256,512,128,0.0074,0.1008,0.0,"(1, 512)","(1, 128)",dp_stress
27,stress_layer_14,Linear,MM,256,512,128,0.0502,0.0651,0.0,"(1, 512)","(1, 128)",dp_stress
27,stress_layer_15,Linear,MM,256,512,128,0.0468,0.0323,0.0,"(1, 512)","(1, 128)",dp_stress
27,stress_layer_16,Linear,MM,256,512,128,0.043,0.1145,0.0,"(1, 512)","(1, 128)",dp_stress
27,stress_layer_17,Linear,MM,256,512,128,0.5239,0.3444,0.75,"(1, 512)","(1, 128)",dp_stress
27,stress_layer_18,Linear,MM,256,512,128,0.0479,0.0324,0.0,"(1, 512)","(1, 128)",dp_stress
27,stress_layer_19,Linear,MM,256,512,128,0.0708,0.0604,0.0,"(1, 512)","(1, 128)",dp_stress
27,stress_layer_20,Linear,MM,256,512,128,0.0166,0.0393,0.0,"(1, 512)","(1, 128)",dp_stress
27,stress_layer_21,Linear,MM,256,512,128,0.0455,0.1466,0.0,"(1, 512)","(1, 128)",dp_stress
27,stress_layer_22,Linear,MM,256,512,128,0.0487,0.043,0.0,"(1, 512)","(1, 128)",dp_stress
27,stress_layer_23,Linear,MM,256,512,128,0.6618,0.4833,0.75,"(1, 512)","(1, 128)",dp_stress
27,stress_layer_24,Linear,MM,256,512,128,0.0251,0.0626,0.0,"(1, 512)","(1, 128)",dp_stress
27,stress_layer_25,Linear,MM,256,512,128,0.0912,0.1368,0.0,"(1, 512)","(1, 128)",dp_stress
27,stress_layer_26,Linear,MM,256,512,128,0.0974,0.041,0.0,"(1, 512)","(1, 128)",dp_stress
27,stress_layer_27,Linear,MM,256,512,128,0.0287,0.0955,0.0,"(1, 512)","(1, 128)",dp_stress
27,stress_layer_28,Linear,MM,256,512,128,0.0336,0.1248,0.0,"(1, 512)","(1, 128)",dp_stress
27,stress_layer_29,Linear,MM,256,512,128,0.5613,0.4222,0.75,"(1, 512)","(1, 128)",dp_stress
27,stress_layer_30,Linear,MM,256,512,128,0.0741,0.073,0.0,"(1, 512)","(1, 128)",dp_stress
27,stress_layer_31,Linear,MM,256,512,128,0.0546,0.0087,0.0,"(1, 512)","(1, 128)",dp_stress
27,stress_layer_32,Linear,MM,256,512,128,0.0374,0.0427,0.0,"(1, 512)","(1, 128)",dp_stress
27,stress_layer_33,Linear,MM,256,512,128,0.0537,0.082,0.0,"(1, 512)","(1, 128)",dp_stress
27,stress_layer_34,Linear,MM,256,512,128,0.0236,0.0227,0.0,"(1, 512)","(1, 128)",dp_stress
27,stress_layer_35,Linear,MM,256,512,128,0.6665,0.4358,0.75,"(1, 512)","(1, 128)",dp_stress
27,stress_layer_36,Linear,MM,256,512,128,0.0474,0.1421,0.0,"(1, 512)","(1, 128)",dp_stress
27,stress_layer_37,Linear,MM,256,512,128,0.0927,0.0702,0.0,"(1, 512)","(1, 128)",dp_stress
27,stress_layer_38,Linear,MM,256,512,128,0.0913,0.1469,0.0,"(1, 512)","(1, 128)",dp_stress
27,stress_layer_39,Linear,MM,256,512,128,0.0856,0.0625,0.0,"(1, 512)","(1, 128)",dp_stress
28,stress_layer_0,Linear,MM,256,512,128,0.0067,0.1147,0.0,"(1, 512)","(1, 128)",dp_stress
28,stress_layer_1,Linear,MM,256,512,128,0.0109,0.0982,0.0,"(1, 512)","(1, 128)",dp_stress
28,stress_layer_2,Linear,MM,256,512,128,0.0994,0.0214,0.0,"(1, 512)","(1, 128)",dp_stress
28,stress_layer_3,Linear,MM,256,512,128,0.0715,0.1211,0.0,"(1, 512)","(1, 128)",dp_stress
28,stress_layer_4,Linear,MM,256,512,128,0.0197,0.0235,0.0,"(1, 512)","(1, 128)",dp_stress
28,stress_layer_5,Linear,MM,256,512,128,0.6582,0.4119,0.75,"(1, 512)","(1, 128)",dp_stress
28,stress_layer_6,Linear,MM,256,512,128,0.093,0.0241,0.0,"(1, 512)","(1, 128)",dp_stress
28,stress_layer_7,Linear,MM,256,512,128,0.0541,0.1462,0.0,"(1, 512)","(1, 128)",dp_stress
28,stress_layer_8,Linear,MM,256,512,128,0.0114,0.039,0.0,"(1, 512)","(1, 128)",dp_stress
28,stress_layer_9,Linear,MM,256,512,128,0.0707,0.0174,0.0,"(1, 512)","(1, 128)",dp_stress
28,stress_layer_10,Linear,MM,256,512,128,0.0053,0.0159,0.0,"(1, 512)","(1, 128)",dp_stress
28,stress_layer_11,Linear,MM,256,512,128,0.5784,0.3979,0.75,"(1, 512)","(1, 128)",dp_stress
28,stress_layer_12,Linear,MM,256,512,128,0.0085,0.0896,0.0,"(1, 512)","(1, 128)",dp_stress
28,stress_layer_13,Linear,MM,256,512,128,0.0076,0.095,0.0,"(1, 512)","(1, 128)",dp_stress
28,stress_layer_14,Linear,MM,256,512,128,0.0826,0.0744,0.0,"(1, 512)","(1, 128)",dp_stress
28,stress_layer_15,Linear,MM,256,512,128,0.0337,0.0779,0.0,"(1, 512)","(1, 128)",dp_stress
28,stress_layer_16,Linear,MM,256,512,128,0.0603,0.1203,0.0,"(1, 512)","(1, 128)",dp_stress
28,stress_layer_17,Linear,MM,256,512,128,0.6518,0.3956,0.75,"(1, 512)","(1, 128)",dp_stress
28,stress_layer_18,Linear,MM,256,512,128,0.0133,0.0596,0.0,"(1, 512)","(1, 128)",dp_stress
28,stress_layer_19,Linear,MM,256,512,128,0.0661,0.0521,0.0,"(1, 512)","(1, 128)",dp_stress
28,stress_layer_20,Linear,MM,256,512,128,0.088,0.0085,0.0,"(1, 512)","(1, 128)",dp_stress
28,stress_layer_21,Linear,MM,256,512,128,0.0132,0.032,0.0,"(1, 512)","(1, 128)",dp_stress
28,stress_layer_22,Linear,MM,256,512,128,0.0108,0.0781,0.0,"(1, 512)","(1, 128)",dp_stress
28,stress_layer_23,Linear,MM,256,512,128,0.5769,0.3808,0.75,"(1, 512)","(1, 128)",dp_stress
28,stress_layer_24,Linear,MM,256,512,128,0.0969,0.1048,0.0,"(1, 512)","(1, 128)",dp_stress
28,stress_layer_25,Linear,MM,256,512,128,0.0385,0.1003,0.0,"(1, 512)","(1, 128)",dp_stress
28,stress_layer_26,Linear,MM,256,512,128,0.0612,0.0349,0.0,"(1, 512)","(1, 128)",dp_stress
28,stress_layer_27,Linear,MM,256,512,128,0.0395,0.0289,0.0,"(1, 512)","(1, 128)",dp_stress
28,stress_layer_28,Linear,MM,256,512,128,0.0166,0.092,0.0,"(1, 512)","(1, 128)",dp_stress
28,stress_layer_29,Linear,MM,256,512,128,0.5108,0.3588,0.75,"(1, 512)","(1, 128)",dp_stress
28,stress_layer_30,Linear,MM,256,512,128,0.0359,0.1122,0.0,"(1, 512)","(1, 128)",dp_stress
28,stress_layer_31,Linear,MM,256,512,128,0.0887,0.1126,0.0,"(1, 512)","(1, 128)",dp_stress
28,stress_layer_32,Linear,MM,256,512,128,0.0971,0.0062,0.0,"(1, 512)","(1, 128)",dp_stress
28,stress_layer_33,Linear,MM,256,512,128,0.0576,0.1189,0.0,"(1, 512)","(1, 128)",dp_stress
28,stress_layer_34,Linear,MM,256,512,128,0.0528,0.0227,0.0,"(1, 512)","(1, 128)",dp_stress
28,stress_layer_35,Linear,MM,256,512,128,0.6391,0.304,0.75,"(1, 512)","(1, 128)",dp_stress
28,stress_layer_36,Linear,MM,256,512,128,0.0217,0.0489,0.0,"(1, 512)","(1, 128)",dp_stress
28,stress_layer_37,Linear,MM,256,512,128,0.0716,0.1423,0.0,"(1, 512)","(1, 128)",dp_stress
28,stress_layer_38,Linear,MM,256,512,128,0.0124,0.0585,0.0,"(1, 512)","(1, 128)",dp_stress
28,stress_layer_39,Linear,MM,256,512,128,0.0264,0.0066,0.0,"(1, 512)","(1, 128)",dp_stress
29,stress_layer_0,Linear,MM,256,512,128,0.0969,0.0086,0.0,"(1, 512)","(1, 128)",dp_stress
29,stress_layer_1,Linear,MM,256,512,128,0.0147,0.1057,0.0,"(1, 512)","(1, 128)",dp_stress
29,stress_layer_2,Linear,MM,256,512,128,0.073,0.0189,0.0,"(1, 512)","(1, 128)",dp_stress
29,stress_layer_3,Linear,MM,256,512,128,0.0806,0.1193,0.0,"(1, 512)","(1, 128)",dp_stress
29,stress_layer_4,Linear,MM,256,512,128,0.0763,0.089,0.0,"(1, 512)","(1, 128)",dp_stress
29,stress_layer_5,Linear,MM,256,512,128,0.5252,0.317,0.75,"(1, 512)","(1, 128)",dp_stress
29,stress_layer_6,Linear,MM,256,512,128,0.0309,0.0387,0.0,"(1, 512)","(1, 128)",dp_stress
29,stress_layer_7,Linear,MM,256,512,128,0.0272,0.1096,0.0,"(1, 512)","(1, 128)",dp_stress
29,stress_layer_8,Linear,MM,256,512,128,0.0013,0.1053,0.0,"(1, 512)","(1, 128)",dp_stress
29,stress_layer_9,Linear,MM,256,512,128,0.025,0.0826,0.0,"(1, 512)","(1, 128)",dp_stress
29,stress_layer_10,Linear,MM,256,512,128,0.0737,0.1222,0.0,"(1, 512)","(1, 128)",dp_stress
29,stress_layer_11,Linear,MM,256,512,128,0.5489,0.4203,0.75,"(1, 512)","(1, 128)",dp_stress
29,stress_layer_12,Linear,MM,256,512,128,0.0862,0.0575,0.0,"(1, 512)","(1, 128)",dp_stress
29,stress_layer_13,Linear,MM,256,512,128,0.038,0.1442,0.0,"(1, 512)","(1, 128)",dp_stress
29,stress_layer_14,Linear,MM,256,512,128,0.0775,0.0097,0.0,"(1, 512)","(1, 128)",dp_stress
29,stress_layer_15,Linear,MM,256,512,128,0.0167,0.1316,0.0,"(1, 512)","(1, 128)",dp_stress
29,stress_layer_16,Linear,MM,256,512,128,0.0472,0.1356,0.0,"(1, 512)","(1, 128)",dp_stress
29,stress_layer_17,Linear,MM,256,512,128,0.5651,0.447,0.75,"(1, 512)","(1, 128)",dp_stress
29,stress_layer_18,Linear,MM,256,512,128,0.0463,0.1378,0.0,"(1, 512)","(1, 128)",dp_stress
29,stress_layer_19,Linear,MM,256,512,128,0.0514,0.0667,0.0,"(1, 512)","(1, 128)",dp_stress
29,stress_layer_20,Linear,MM,256,512,128,0.0058,0.0264,0.0,"(1, 512)","(1, 128)",dp_stress
29,stress_layer_21,Linear,MM,256,512,128,0.0636,0.0711,0.0,"(1, 512)","(1, 128)",dp_stress
29,stress_layer_22,Linear,MM,256,512,128,0.0154,0.0825,0.0,"(1, 512)","(1, 128)",dp_stress
29,stress_layer_23,Linear,MM,256,512,128,0.6352,0.4889,0.75,"(1, 512)","(1, 128)",dp_stress
29,stress_layer_24,Linear,MM,256,512,128,0.0427,0.1149,0.0,"(1, 512)","(1, 128)",dp_stress
29,stress_layer_25,Linear,MM,256,512,128,0.0861,0.0805,0.0,"(1, 512)","(1, 128)",dp_stress
29,stress_layer_26,Linear,MM,256,512,128,0.004,0.0664,0.0,"(1, 512)","(1, 128)",dp_stress
29,stress_layer_27,Linear,MM,256,512,128,0.0561,0.1427,0.0,"(1, 512)","(1, 128)",dp_stress
29,stress_layer_28,Linear,MM,256,512,128,0.0302,0.0064,0.0,"(1, 512)","(1, 128)",dp_stress
29,stress_layer_29,Linear,MM,256,512,128,0.5597,0.4865,0.75,"(1, 512)","(1, 128)",dp_stress
29,stress_layer_30,Linear,MM,256,512,128,0.0005,0.0004,0.0,"(1, 512)","(1, 128)",dp_stress
29,stress_layer_31,Linear,MM,256,512,128,0.0879,0.0439,0.0,"(1, 512)","(1, 128)",dp_stress
29,stress_layer_32,Linear,MM,256,512,128,0.0595,0.0456,0.0,"(1, 512)","(1, 128)",dp_stress
29,stress_layer_33,Linear,MM,256,512,128,0.058,0.1162,0.0,"(1, 512)","(1, 128)",dp_stress
29,stress_layer_34,Linear,MM,256,512,128,0.0325,0.0684,0.0,"(1, 512)","(1, 128)",dp_stress
29,stress_layer_35,Linear,MM,256,512,128,0.6315,0.4888,0.75,"(1, 512)","(1, 128)",dp_stress
29,stress_layer_36,Linear,MM,256,512,128,0.0725,0.0739,0.0,"(1, 512)","(1, 128)",dp_stress
29,stress_layer_37,Linear,MM,256,512,128,0.0971,0.1415,0.0,"(1, 512)","(1, 128)",dp_stress
29,stress_layer_38,Linear,MM,256,512,128,0.0223,0.0051,0.0,"(1, 512)","(1, 128)",dp_stress
29,stress_layer_39,Linear,MM,256,512,128,0.056,0.0423,0.0,"(1, 512)","(1, 128)",dp_stress
30,stress_layer_0,Linear,MM,256,512,128,0.0236,0.0621,0.0,"(1, 512)","(1, 128)",dp_stress
30,stress_layer_1,Linear,MM,256,512,128,0.0178,0.1198,0.0,"(1, 512)","(1, 128)",dp_stress
30,stress_layer_2,Linear,MM,256,512,128,0.0097,0.1494,0.0,"(1, 512)","(1, 128)",dp_stress
30,stress_layer_3,Linear,MM,256,512,128,0.0253,0.0215,0.0,"(1, 512)","(1, 128)",dp_stress
30,stress_layer_4,Linear,MM,256,512,128,0.0166,0.1252,0.0,"(1, 512)","(1, 128)",dp_stress
30,stress_layer_5,Linear,MM,256,512,128,0.5409,0.478,0.75,"(1, 512)","(1, 128)",dp_stress
30,stress_layer_6,Linear,MM,256,512,128,0.002,0.0918,0.0,"(1, 512)","(1, 128)",dp_stress
30,stress_layer_7,Linear,MM,256,512,128,0.0814,0.1451,0.0,"(1, 512)","(1, 128)",dp_stress
30,stress_layer_8,Linear,MM,256,512,128,0.0168,0.0537,0.0,"(1, 512)","(1, 128)",dp_stress
30,stress_layer_9,Linear,MM,256,512,128,0.0777,0.0415,0.0,"(1, 512)","(1, 128)",dp_stress
30,stress_layer_10,Linear,MM,256,512,128,0.0081,0.0059,0.0,"(1, 512)","(1, 128)",dp_stress
30,stress_layer_11,Linear,MM,256,512,128,0.6777,0.3865,0.75,"(1, 512)","(1, 128)",dp_stress
30,stress_layer_12,Linear,MM,256,512,128,0.0742,0.0587,0.0,"(1, 512)","(1, 128)",dp_stress
30,stress_layer_13,Linear,MM,256,512,128,0.0464,0.1352,0.0,"(1, 512)","(1, 128)",dp_stress
30,stress_layer_14,Linear,MM,256,512,128,0.0201,0.1188,0.0,"(1, 512)","(1, 128)",dp_stress
30,stress_layer_15,Linear,MM,256,512,128,0.0842,0.1117,0.0,"(1, 512)","(1, 128)",dp_stress
30,stress_layer_16,Linear,MM,256,512,128,0.0427,0.0434,0.0,"(1, 512)","(1, 128)",dp_stress
30,stress_layer_17,Linear,MM,256,512,128,0.5989,0.4195,0.75,"(1, 512)","(1, 128)",dp_stress
30,stress_layer_18,Linear,MM,256,512,128,0.0148,0.0314,0.0,"(1, 512)","(1, 128)",dp_stress
30,stress_layer_19,Linear,MM,256,512,128,0.0362,0.1439,0.0,"(1, 512)","(1, 128)",dp_stress
30,stress_layer_20,Linear,MM,256,512,128,0.0704,0.0721,0.0,"(1, 512)","(1, 128)",dp_stress
30,stress_layer_21,Linear,MM,256,512,128,0.0668,0.1067,0.0,"(1, 512)","(1, 128)",dp_stress
30,stress_layer_22,Linear,MM,256,512,128,0.0419,0.1228,0.0,"(1, 512)","(1, 128)",dp_stress
30,stress_layer_23,Linear,MM,256,512,128,0.6945,0.34,0.75,"(1, 512)","(1, 128)",dp_stress
30,stress_layer_24,Linear,MM,256,512,128,0.0455,0.0808,0.0,"(1, 512)","(1, 128)",dp_stress
30,stress_layer_25,Linear,MM,256,512,128,0.0143,0.0073,0.0,"(1, 512)","(1, 128)",dp_stress
30,stress_layer_26,Linear,MM,256,512,128,0.0737,0.1137,0.0,"(1, 512)","(1, 128)",dp_stress
30,stress_layer_27,Linear,MM,256,512,128,0.0828,0.0241,0.0,"(1, 512)","(1, 128)",dp_stress
30,stress_layer_28,Linear,MM,256,512,128,0.0858,0.0414,0.0,"(1, 512)","(1, 128)",dp_stress
30,stress_layer_29,Linear,MM,256,512,128,0.5609,0.3545,0.75,"(1, 512)","(1, 128)",dp_stress
30,stress_layer_30,Linear,MM,256,512,128,0.0931,0.0998,0.0,"(1, 512)","(1, 128)",dp_stress
30,stress_layer_31,Linear,MM,256,512,128,0.062,0.0204,0.0,"(1, 512)","(1, 128)",dp_stress
30,stress_layer_32,Linear,MM,256,512,128,0.0435,0.0488,0.0,"(1, 512)","(1, 128)",dp_stress
30,stress_layer_33,Linear,MM,256,512,128,0.0065,0.0006,0.0,"(1, 512)","(1, 128)",dp_stress
30,stress_layer_34,Linear,MM,256,512,128,0.0029,0.1084,0.0,"(1, 512)","(1, 128)",dp_stress
30,stress_layer_35,Linear,MM,256,512,128,0.6139,0.4619,0.75,"(1, 512)","(1, 128)",dp_stress
30,stress_layer_36,Linear,MM,256,512,128,0.0139,0.1407,0.0,"(1, 512)","(1, 128)",dp_stress
30,stress_layer_37,Linear,MM,256,512,128,0.0172,0.0459,0.0,"(1, 512)","(1, 128)",dp_stress
30,stress_layer_38,Linear,MM,256,512,128,0.036,0.1352,0.0,"(1, 512)","(1, 128)",dp_stress
30,stress_layer_39,Linear,MM,256,512,128,0.0925,0.008,0.0,"(1, 512)","(1, 128)",dp_stress
31,stress_layer_0,Linear,MM,256,512,128,0.0376,0.0305,0.0,"(1, 512)","(1, 128)",dp_stress
31,stress_layer_1,Linear,MM,256,512,128,0.0919,0.089,0.0,"(1, 512)","(1, 128)",dp_stress
31,stress_layer_2,Linear,MM,256,512,128,0.0823,0.033,0.0,"(1, 512)","(1, 128)",dp_stress
31,stress_layer_3,Linear,MM,256,512,128,0.0126,0.0007,0.0,"(1, 512)","(1, 128)",dp_stress
31,stress_layer_4,Linear,MM,256,512,128,0.0874,0.061,0.0,"(1, 512)","(1, 128)",dp_stress
31,stress_layer_5,Linear,MM,256,512,128,0.6368,0.4387,0.75,"(1, 512)","(1, 128)",dp_stress
31,stress_layer_6,Linear,MM,256,512,128,0.0647,0.0627,0.0,"(1, 512)","(1, 128)",dp_stress
31,stress_layer_7,Linear,MM,256,512,128,0.0128,0.0227,0.0,"(1, 512)","(1, 128)",dp_stress
31,stress_layer_8,Linear,MM,256,512,128,0.0045,0.1134,0.0,"(1, 512)","(1, 128)",dp_stress
31,stress_layer_9,Linear,MM,256,512,128,0.0661,0.0479,0.0,"(1, 512)","(1, 128)",dp_stress
31,stress_layer_10,Linear,MM,256,512,128,0.0726,0.132,0.0,"(1, 512)","(1, 128)",dp_stress
31,stress_layer_11,Linear,MM,256,512,128,0.6925,0.3264,0.75,"(1, 512)","(1, 128)",dp_stress
31,stress_layer_12,Linear,MM,256,512,128,0.0896,0.0966,0.0,"(1, 512)","(1, 128)",dp_stress
31,stress_layer_13,Linear,MM,256,512,128,0.0169,0.0827,0.0,"(1, 512)","(1, 128)",dp_stress
31,stress_layer_14,Linear,MM,256,512,128,0.017,0.0812,0.0,"(1, 512)","(1, 128)",dp_stress
31,stress_layer_15,Linear,MM,256,512,128,0.0756,0.0454,0.0,"(1, 512)","(1, 128)",dp_stress
31,stress_layer_16,Linear,MM,256,512,128,0.0521,0.1193,0.0,"(1, 512)","(1, 128)",dp_stress
31,stress_layer_17,Linear,MM,256,512,128,0.6644,0.3916,0.75,"(1, 512)","(1, 128)",dp_stress
31,stress_layer_18,Linear,MM,256,512,128,0.0659,0.1248,0.0,"(1, 512)","(1, 128)",dp_stress
31,stress_layer_19,Linear,MM,256,512,128,0.0751,0.0415,0.0,"(1, 512)","(1, 128)",dp_stress
31,stress_layer_20,Linear,MM,256,512,128,0.0148,0.1381,0.0,"(1, 512)","(1, 128)",dp_stress
31,stress_layer_21,Linear,MM,256,512,128,0.0564,0.1433,0.0,"(1, 512)","(1, 128)",dp_stress
31,stress_layer_22,Linear,MM,256,512,128,0.0106,0.1211,0.0,"(1, 512)","(1, 128)",dp_stress
31,stress_layer_23,Linear,MM,256,512,128,0.5662,0.4184,0.75,"(1, 512)","(1, 128)",dp_stress
31,stress_layer_24,Linear,MM,256,512,128,0.0642,0.0651,0.0,"(1, 512)","(1, 128)",dp_stress
31,stress_layer_25,Linear,MM,256,512,128,0.0818,0.013,0.0,"(1, 512)","(1, 128)",dp_stress
31,stress_layer_26,Linear,MM,256,512,128,0.0455,0.1252,0.0,"(1, 512)","(1, 128)",dp_stress
31,stress_layer_27,Linear,MM,256,512,128,0.0975,0.0665,0.0,"(1, 512)","(1, 128)",dp_stress
31,stress_layer_28,Linear,MM,256,512,128,0.024,0.0105,0.0,"(1, 512)","(1, 128)",dp_stress
31,stress_layer_29,Linear,MM,256,512,128,0.5316,0.4411,0.75,"(1, 512)","(1, 128)",dp_stress
31,stress_layer_30,Linear,MM,256,512,128,0.06,0.0342,0.0,"(1, 512)","(1, 128)",dp_stress
31,stress_layer_31,Linear,MM,256,512,128,0.058,0.0747,0.0,"(1, 512)","(1, 128)",dp_stress
31,stress_layer_32,Linear,MM,256,512,128,0.018,0.0401,0.0,"(1, 512)","(1, 128)",dp_stress
31,stress_layer_33,Linear,MM,256,512,128,0.0006,0.1057,0.0,"(1, 512)","(1, 128)",dp_stress
31,stress_layer_34,Linear,MM,256,512,128,0.0837,0.0288,0.0,"(1, 512)","(1, 128)",dp_stress
31,stress_layer_35,Linear,MM,256,512,128,0.6329,0.4683,0.75,"(1, 512)","(1, 128)",dp_stress
31,stress_layer_36,Linear,MM,256,512,128,0.0154,0.0795,0.0,"(1, 512)","(1, 128)",dp_stress
31,stress_layer_37,Linear,MM,256,512,128,0.0788,0.0936,0.0,"(1, 512)","(1, 128)",dp_stress
31,stress_layer_38,Linear,MM,256,512,128,0.082,0.0337,0.0,"(1, 512)","(1, 128)",dp_stress
31,stress_layer_39,Linear,MM,256,512,128,0.0215,0.1284,0.0,"(1, 512)","(1, 128)",dp_stress
32,stress_layer_0,Linear,MM,256,512,128,0.0821,0.1263,0.0,"(1, 512)","(1, 128)",dp_stress
32,stress_layer_1,Linear,MM,256,512,128,0.0014,0.1241,0.0,"(1, 512)","(1, 128)",dp_stress
32,stress_layer_2,Linear,MM,256,512,128,0.0598,0.1146,0.0,"(1, 512)","(1, 128)",dp_stress
32,stress_layer_3,Linear,MM,256,512,128,0.022,0.0512,0.0,"(1, 512)","(1, 128)",dp_stress
32,stress_layer_4,Linear,MM,256,512,128,0.0401,0.0457,0.0,"(1, 512)","(1, 128)",dp_stress
32,stress_layer_5,Linear,MM,256,512,128,0.64,0.3901,0.75,"(1, 512)","(1, 128)",dp_stress
32,stress_layer_6,Linear,MM,256,512,128,0.0491,0.0893,0.0,"(1, 512)","(1, 128)",dp_stress
32,stress_layer_7,Linear,MM,256,512,128,0.0169,0.0522,0.0,"(1, 512)","(1, 128)",dp_stress
32,stress_layer_8,Linear,MM,256,512,128,0.0974,0.0403,0.0,"(1, 512)","(1, 128)",dp_stress
32,stress_layer_9,Linear,MM,256,512,128,0.0368,0.0368,0.0,"(1, 512)","(1, 128)",dp_stress
32,stress_layer_10,Linear,MM,256,512,128,0.0921,0.1103,0.0,"(1, 512)","(1, 128)",dp_stress
32,stress_layer_11,Linear,MM,256,512,128,0.5208,0.3083,0.75,"(1, 512)","(1, 128)",dp_stress
32,stress_layer_12,Linear,MM,256,512,128,0.0329,0.0652,0.0,"(1, 512)","(1, 128)",dp_stress
32,stress_layer_13,Linear,MM,256,512,128,0.0548,0.0348,0.0,"(1, 512)","(1, 128)",dp_stress
32,stress_layer_14,Linear,MM,256,512,128,0.0949,0.1347,0.0,"(1, 512)","(1, 128)",dp_stress
32,stress_layer_15,Linear,MM,256,512,128,0.0889,0.1421,0.0,"(1, 512)","(1, 128)",dp_stress
32,stress_layer_16,Linear,MM,256,512,128,0.056,0.1,0.0,"(1, 512)","(1, 128)",dp_stress
32,stress_layer_17,Linear,MM,256,512,128,0.6036,0.3331,0.75,"(1, 512)","(1, 128)",dp_stress
32,stress_layer_18,Linear,MM,256,512,128,0.0745,0.0385,0.0,"(1, 512)","(1, 128)",dp_stress
32,stress_layer_19,Linear,MM,256,512,128,0.0675,0.0478,0.0,"(1, 512)","(1, 128)",dp_stress
32,stress_layer_20,Linear,MM,256,512,128,0.0641,0.014,0.0,"(1, 512)","(1, 128)",dp_stress
32,stress_layer_21,Linear,MM,256,512,128,0.0666,0.0954,0.0,"(1, 512)","(1, 128)",dp_stress
32,stress_layer_22,Linear,MM,256,512,128,0.0649,0.1223,0.0,"(1, 512)","(1, 128)",dp_stress
32,stress_layer_23,Linear,MM,256,512,128,0.6636,0.4387,0.75,"(1, 512)","(1, 128)",dp_stress
32,stress_layer_24,Linear,MM,256,512,128,0.0048,0.0548,0.0,"(1, 512)","(1, 128)",dp_stress
32,stress_layer_25,Linear,MM,256,512,128,0.0369,0.0965,0.0,"(1, 512)","(1, 128)",dp_stress
32,stress_layer_26,Linear,MM,256,512,128,0.0189,0.1418,0.0,"(1, 512)","(1, 128)",dp_stress
32,stress_layer_27,Linear,MM,256,512,128,0.0309,0.1318,0.0,"(1, 512)","(1, 128)",dp_stress
32,stress_layer_28,Linear,MM,256,512,128,0.0054,0.0648,0.0,"(1, 512)","(1, 128)",dp_stress
32,stress_layer_29,Linear,MM,256,512,128,0.5948,0.4054,0.75,"(1, 512)","(1, 128)",dp_stress
32,stress_layer_30,Linear,MM,256,512,128,0.0059,0.0727,0.0,"(1, 512)","(1, 128)",dp_stress
32,stress_layer_31,Linear,MM,256,512,128,0.098,0.065,0.0,"(1, 512)","(1, 128)",dp_stress
32,stress_layer_32,Linear,MM,256,512,128,0.0236,0.0878,0.0,"(1, 512)","(1, 128)",dp_stress
32,stress_layer_33,Linear,MM,256,512,128,0.0085,0.0752,0.0,"(1, 512)","(1, 128)",dp_stress
32,stress_layer_34,Linear,MM,256,512,128,0.0526,0.1179,0.0,"(1, 512)","(1, 128)",dp_stress
32,stress_layer_35,Linear,MM,256,512,128,0.6063,0.3272,0.75,"(1, 512)","(1, 128)",dp_stress
32,stress_layer_36,Linear,MM,256,512,128,0.094,0.0711,0.0,"(1, 512)","(1, 128)",dp_stress
32,stress_layer_37,Linear,MM,256,512,128,0.0821,0.0682,0.0,"(1, 512)","(1, 128)",dp_stress
32,stress_layer_38,Linear,MM,256,512,128,0.0385,0.0437,0.0,"(1, 512)","(1, 128)",dp_stress
32,stress_layer_39,Linear,MM,256,512,128,0.019,0.0924,0.0,"(1, 512)","(1, 128)",dp_stress
33,stress_layer_0,Linear,MM,256,512,128,0.0664,0.1128,0.0,"(1, 512)","(1, 128)",dp_stress
33,stress_layer_1,Linear,MM,256,512,128,0.0798,0.0609,0.0,"(1, 512)","(1, 128)",dp_stress
33,stress_layer_2,Linear,MM,256,512,128,0.0455,0.141,0.0,"(1, 512)","(1, 128)",dp_stress
33,stress_layer_3,Linear,MM,256,512,128,0.0854,0.022,0.0,"(1, 512)","(1, 128)",dp_stress
33,stress_layer_4,Linear,MM,256,512,128,0.0627,0.0138,0.0,"(1, 512)","(1, 128)",dp_stress
33,stress_layer_5,Linear,MM,256,512,128,0.57,0.3033,0.75,"(1, 512)","(1, 128)",dp_stress
33,stress_layer_6,Linear,MM,256,512,128,0.0834,0.0746,0.0,"(1, 512)","(1, 128)",dp_stress
33,stress_layer_7,Linear,MM,256,512,128,0.0393,0.0688,0.0,"(1, 512)","(1, 128)",dp_stress
33,stress_layer_8,Linear,MM,256,512,128,0.0854,0.0377,0.0,"(1, 512)","(1, 128)",dp_stress
33,stress_layer_9,Linear,MM,256,512,128,0.0,0.0382,0.0,"(1, 512)","(1, 128)",dp_stress
33,stress_layer_10,Linear,MM,256,512,128,0.0613,0.1114,0.0,"(1, 512)","(1, 128)",dp_stress
33,stress_layer_11,Linear,MM,256,512,128,0.5958,0.3419,0.75,"(1, 512)","(1, 128)",dp_stress
33,stress_layer_12,Linear,MM,256,512,128,0.0391,0.097,0.0,"(1, 512)","(1, 128)",dp_stress
33,stress_layer_13,Linear,MM,256,512,128,0.06,0.0197,0.0,"(1, 512)","(1, 128)",dp_stress
33,stress_layer_14,Linear,MM,256,512,128,0.0089,0.1328,0.0,"(1, 512)","(1, 128)",dp_stress
33,stress_layer_15,Linear,MM,256,512,128,0.0455,0.0437,0.0,"(1, 512)","(1, 128)",dp_stress
33,stress_layer_16,Linear,MM,256,512,128,0.0387,0.1152,0.0,"(1, 512)","(1, 128)",dp_stress
33,stress_layer_17,Linear,MM,256,512,128,0.6331,0.3373,0.75,"(1, 512)","(1, 128)",dp_stress
33,stress_layer_18,Linear,MM,256,512,128,0.021,0.0097,0.0,"(1, 512)","(1, 128)",dp_stress
33,stress_layer_19,Linear,MM,256,512,128,0.0658,0.0952,0.0,"(1, 512)","(1, 128)",dp_stress
33,stress_layer_20,Linear,MM,256,512,128,0.0465,0.0476,0.0,"(1, 512)","(1, 128)",dp_stress
33,stress_layer_21,Linear,MM,256,512,128,0.055,0.0507,0.0,"(1, 512)","(1, 128)",dp_stress
33,stress_layer_22,Linear,MM,256,512,128,0.0171,0.1226,0.0,"(1, 512)","(1, 128)",dp_stress
33,stress_layer_23,Linear,MM,256,512,128,0.5849,0.3797,0.75,"(1, 512)","(1, 128)",dp_stress
33,stress_layer_24,Linear,MM,256,512,128,0.0652,0.1308,0.0,"(1, 512)","(1, 128)",dp_stress
33,stress_layer_25,Linear,MM,256,512,128,0.0692,0.1028,0.0,"(1, 512)","(1, 128)",dp_stress
33,stress_layer_26,Linear,MM,256,512,128,0.0328,0.1023,0.0,"(1, 512)","(1, 128)",dp_stress
33,stress_layer_27,Linear,MM,256,512,128,0.0971,0.0567,0.0,"(1, 512)","(1, 128)",dp_stress
33,stress_layer_28,Linear,MM,256,512,128,0.0604,0.0775,0.0,"(1, 512)","(1, 128)",dp_stress
33,stress_layer_29,Linear,MM,256,512,128,0.6829,0.4874,0.75,"(1, 512)","(1, 128)",dp_stress
33,stress_layer_30,Linear,MM,256,512,128,0.0638,0.0468,0.0,"(1, 512)","(1, 128)",dp_stress
33,stress_layer_31,Linear,MM,256,512,128,0.0675,0.0924,0.0,"(1, 512)","(1, 128)",dp_stress
33,stress_layer_32,Linear,MM,256,512,128,0.0215,0.1301,0.0,"(1, 512)","(1, 128)",dp_stress
33,stress_layer_33,Linear,MM,256,512,128,0.0417,0.0561,0.0,"(1, 512)","(1, 128)",dp_stress
33,stress_layer_34,Linear,MM,256,512,128,0.0356,0.0371,0.0,"(1, 512)","(1, 128)",dp_stress
33,stress_layer_35,Linear,MM,256,512,128,0.5096,0.4074,0.75,"(1, 512)","(1, 128)",dp_stress
33,stress_layer_36,Linear,MM,256,512,128,0.0102,0.0967,0.0,"(1, 512)","(1, 128)",dp_stress
33,stress_layer_37,Linear,MM,256,512,128,0.0334,0.0308,0.0,"(1, 512)","(1, 128)",dp_stress
33,stress_layer_38,Linear,MM,256,512,128,0.0532,0.1281,0.0,"(1, 512)","(1, 128)",dp_stress
33,stress_layer_39,Linear,MM,256,512,128,0.0619,0.0041,0.0,"(1, 512)","(1, 128)",dp_stress
34,stress_layer_0,Linear,MM,256,512,128,0.0353,0.1193,0.0,"(1, 512)","(1, 128)",dp_stress
34,stress_layer_1,Linear,MM,256,512,128,0.0344,0.0956,0.0,"(1, 512)","(1, 128)",dp_stress
34,stress_layer_2,Linear,MM,256,512,128,0.0627,0.1314,0.0,"(1, 512)","(1, 128)",dp_stress
34,stress_layer_3,Linear,MM,256,512,128,0.0548,0.139,0.0,"(1, 512)","(1, 128)",dp_stress
34,stress_layer_4,Linear,MM,256,512,128,0.0565,0.1357,0.0,"(1, 512)","(1, 128)",dp_stress
34,stress_layer_5,Linear,MM,256,512,128,0.6557,0.3731,0.75,"(1, 512)","(1, 128)",dp_stress
34,stress_layer_6,Linear,MM,256,512,128,0.0096,0.009,0.0,"(1, 512)","(1, 128)",dp_stress
34,stress_layer_7,Linear,MM,256,512,128,0.0312,0.0086,0.0,"(1, 512)","(1, 128)",dp_stress
34,stress_layer_8,Linear,MM,256,512,128,0.0065,0.1122,0.0,"(1, 512)","(1, 128)",dp_stress
34,stress_layer_9,Linear,MM,256,512,128,0.0352,0.1344,0.0,"(1, 512)","(1, 128)",dp_stress
34,stress_layer_10,Linear,MM,256,512,128,0.0253,0.0106,0.0,"(1, 512)","(1, 128)",dp_stress
34,stress_layer_11,Linear,MM,256,512,128,0.505,0.3427,0.75,"(1, 512)","(1, 128)",dp_stress
34,stress_layer_12,Linear,MM,256,512,128,0.0283,0.0684,0.0,"(1, 512)","(1, 128)",dp_stress
34,stress_layer_13,Linear,MM,256,512,128,0.061,0.1169,0.0,"(1, 512)","(1, 128)",dp_stress
34,stress_layer_14,Linear,MM,256,512,128,0.0364,0.1472,0.0,"(1, 512)","(1, 128)",dp_stress
34,stress_layer_15,Linear,MM,256,512,128,0.093,0.1329,0.0,"(1, 512)","(1, 128)",dp_stress
34,stress_layer_16,Linear,MM,256,512,128,0.051,0.0411,0.0,"(1, 512)","(1, 128)",dp_stress
34,stress_layer_17,Linear,MM,256,512,128,0.5987,0.3442,0.75,"(1, 512)","(1, 128)",dp_stress
34,stress_layer_18,Linear,MM,256,512,128,0.0469,0.0709,0.0,"(1, 512)","(1, 128)",dp_stress
34,stress_layer_19,Linear,MM,256,512,128,0.0741,0.1146,0.0,"(1, 512)","(1, 128)",dp_stress
34,stress_layer_20,Linear,MM,256,512,128,0.0042,0.0837,0.0,"(1, 512)","(1, 128)",dp_stress
34,stress_layer_21,Linear,MM,256,512,128,0.0606,0.0749,0.0,"(1, 512)","(1, 128)",dp_stress
34,stress_layer_22,Linear,MM,256,512,128,0.0535,0.0731,0.0,"(1, 512)","(1, 128)",dp_stress
34,stress_layer_23,Linear,MM,256,512,128,0.6547,0.46,0.75,"(1, 512)","(1, 128)",dp_stress
34,stress_layer_24,Linear,MM,256,512,128,0.0981,0.0698,0.0,"(1, 512)","(1, 128)",dp_stress
34,stress_layer_25,Linear,MM,256,512,128,0.0762,0.1274,0.0,"(1, 512)","(1, 128)",dp_stress
34,stress_layer_26,Linear,MM,256,512,128,0.0709,0.0956,0.0,"(1, 512)","(1, 128)",dp_stress
34,stress_layer_27,Linear,MM,256,512,128,0.0401,0.0933,0.0,"(1, 512)","(1, 128)",dp_stress
34,stress_layer_28,Linear,MM,256,512,128,0.0111,0.134,0.0,"(1, 512)","(1, 128)",dp_stress
34,stress_layer_29,Linear,MM,256,512,128,0.6774,0.3929,0.75,"(1, 512)","(1, 128)",dp_stress
34,stress_layer_30,Linear,MM,256,512,128,0.049,0.0339,0.0,"(1, 512)","(1, 128)",dp_stress
34,stress_layer_31,Linear,MM,256,512,128,0.0203,0.094,0.0,"(1, 512)","(1, 128)",dp_stress
34,stress_layer_32,Linear,MM,256,512,128,0.0474,0.1436,0.0,"(1, 512)","(1, 128)",dp_stress
34,stress_layer_33,Linear,MM,256,512,128,0.0381,0.0536,0.0,"(1, 512)","(1, 128)",dp_stress
34,stress_layer_34,Linear,MM,256,512,128,0.0583,0.1331,0.0,"(1, 512)","(1, 128)",dp_stress
34,stress_layer_35,Linear,MM,256,512,128,0.5485,0.3835,0.75,"(1, 512)","(1, 128)",dp_stress
34,stress_layer_36,Linear,MM,256,512,128,0.0641,0.1332,0.0,"(1, 512)","(1, 128)",dp_stress
34,stress_layer_37,Linear,MM,256,512,128,0.0563,0.1326,0.0,"(1, 512)","(1, 128)",dp_stress
34,stress_layer_38,Linear,MM,256,512,128,0.0448,0.1414,0.0,"(1, 512)","(1, 128)",dp_stress
34,stress_layer_39,Linear,MM,256,512,128,0.0307,0.0885,0.0,"(1, 512)","(1, 128)",dp_stress
35,stress_layer_0,Linear,MM,256,512,128,0.0539,0.0573,0.0,"(1, 512)","(1, 128)",dp_stress
35,stress_layer_1,Linear,MM,256,512,128,0.038,0.0001,0.0,"(1, 512)","(1, 128)",dp_stress
35,stress_layer_2,Linear,MM,256,512,128,0.0652,0.1142,0.0,"(1, 512)","(1, 128)",dp_stress
35,stress_layer_3,Linear,MM,256,512,128,0.038,0.0178,0.0,"(1, 512)","(1, 128)",dp_stress
35,stress_layer_4,Linear,MM,256,512,128,0.03,0.0041,0.0,"(1, 512)","(1, 128)",dp_stress
35,stress_layer_5,Linear,MM,256,512,128,0.5021,0.4575,0.75,"(1, 512)","(1, 128)",dp_stress
35,stress_layer_6,Linear,MM,256,512,128,0.0804,0.1305,0.0,"(1, 512)","(1, 128)",dp_stress
35,stress_layer_7,Linear,MM,256,512,128,0.0639,0.0294,0.0,"(1, 512)","(1, 128)",dp_stress
35,stress_layer_8,Linear,MM,256,512,128,0.026,0.0378,0.0,"(1, 512)","(1, 128)",dp_stress
35,stress_layer_9,Linear,MM,256,512,128,0.0768,0.0774,0.0,"(1, 512)","(1, 128)",dp_stress
35,stress_layer_10,Linear,MM,256,512,128,0.0621,0.0345,0.0,"(1, 512)","(1, 128)",dp_stress
35,stress_layer_11,Linear,MM,256,512,128,0.5349,0.4293,0.75,"(1, 512)","(1, 128)",dp_stress
35,stress_layer_12,Linear,MM,256,512,128,0.0155,0.0155,0.0,"(1, 512)","(1, 128)",dp_stress
35,stress_layer_13,Linear,MM,256,512,128,0.0351,0.0145,0.0,"(1, 512)","(1, 128)",dp_stress
35,stress_layer_14,Linear,MM,256,512,128,0.0003,0.1485,0.0,"(1, 512)","(1, 128)",dp_stress
35,stress_layer_15,Linear,MM,256,512,128,0.0903,0.0468,0.0,"(1, 512)","(1, 128)",dp_stress
35,stress_layer_16,Linear,MM,256,512,128,0.0319,0.0876,0.0,"(1, 512)","(1, 128)",dp_stress
35,stress_layer_17,Linear,MM,256,512,128,0.5239,0.4852,0.75,"(1, 512)","(1, 128)",dp_stress
35,stress_layer_18,Linear,MM,256,512,128,0.0563,0.0484,0.0,"(1, 512)","(1, 128)",dp_stress
35,stress_layer_19,Linear,MM,256,512,128,0.0234,0.0507,0.0,"(1, 512)","(1, 128)",dp_stress
35,stress_layer_20,Linear,MM,256,512,128,0.0426,0.102,0.0,"(1, 512)","(1, 128)",dp_stress
35,stress_layer_21,Linear,MM,256,512,128,0.0815,0.1166,0.0,"(1, 512)","(1, 128)",dp_stress
35,stress_layer_22,Linear,MM,256,512,128,0.0943,0.0837,0.0,"(1, 512)","(1, 128)",dp_stress
35,stress_layer_23,Linear,MM,256,512,128,0.6195,0.3836,0.75,"(1, 512)","(1, 128)",dp_stress
35,stress_layer_24,Linear,MM,256,512,128,0.0301,0.1135,0.0,"(1, 512)","(1, 128)",dp_stress
35,stress_layer_25,Linear,MM,256,512,128,0.0791,0.0979,0.0,"(1, 512)","(1, 128)",dp_stress
35,stress_layer_26,Linear,MM,256,512,128,0.0934,0.0453,0.0,"(1, 512)","(1, 128)",dp_stress
35,stress_layer_27,Linear,MM,256,512,128,0.0119,0.008,0.0,"(1, 512)","(1, 128)",dp_stress
35,stress_layer_28,Linear,MM,256,512,128,0.0608,0.1184,0.0,"(1, 512)","(1, 128)",dp_stress
35,stress_layer_29,Linear,MM,256,512,128,0.5706,0.4474,0.75,"(1, 512)","(1, 128)",dp_stress
35,stress_layer_30,Linear,MM,256,512,128,0.0947,0.0938,0.0,"(1, 512)","(1, 128)",dp_stress
35,stress_layer_31,Linear,MM,256,512,128,0.0781,0.0128,0.0,"(1, 512)","(1, 128)",dp_stress
35,stress_layer_32,Linear,MM,256,512,128,0.0902,0.0266,0.0,"(1, 512)","(1, 128)",dp_stress
35,stress_layer_33,Linear,MM,256,512,128,0.0446,0.0466,0.0,"(1, 512)","(1, 128)",dp_stress
35,stress_layer_34,Linear,MM,256,512,128,0.057,0.009,0.0,"(1, 512)","(1, 128)",dp_stress
35,stress_layer_35,Linear,MM,256,512,128,0.6932,0.3337,0.75,"(1, 512)","(1, 128)",dp_stress
35,stress_layer_36,Linear,MM,256,512,128,0.0737,0.0212,0.0,"(1, 512)","(1, 128)",dp_stress
35,stress_layer_37,Linear,MM,256,512,128,0.0473,0.0519,0.0,"(1, 512)","(1, 128)",dp_stress
35,stress_layer_38,Linear,MM,256,512,128,0.0335,0.1263,0.0,"(1, 512)","(1, 128)",dp_stress
35,stress_layer_39,Linear,MM,256,512,128,0.0306,0.1265,0.0,"(1, 512)","(1, 128)",dp_stress
36,stress_layer_0,Linear,MM,256,512,128,0.0541,0.0695,0.0,"(1, 512)","(1, 128)",dp_stress
36,stress_layer_1,Linear,MM,256,512,128,0.0832,0.1075,0.0,"(1, 512)","(1, 128)",dp_stress
36,stress_layer_2,Linear,MM,256,512,128,0.0644,0.1371,0.0,"(1, 512)","(1, 128)",dp_stress
36,stress_layer_3,Linear,MM,256,512,128,0.0804,0.0015,0.0,"(1, 512)","(1, 128)",dp_stress
36,stress_layer_4,Linear,MM,256,512,128,0.0844,0.0197,0.0,"(1, 512)","(1, 128)",dp_stress
36,stress_layer_5,Linear,MM,256,512,128,0.6789,0.3629,0.75,"(1, 512)","(1, 128)",dp_stress
36,stress_layer_6,Linear,MM,256,512,128,0.091,0.1125,0.0,"(1, 512)","(1, 128)",dp_stress
36,stress_layer_7,Linear,MM,256,512,128,0.0656,0.0623,0.0,"(1, 512)","(1, 128)",dp_stress
36,stress_layer_8,Linear,MM,256,512,128,0.0246,0.1272,0.0,"(1, 512)","(1, 128)",dp_stress
36,stress_layer_9,Linear,MM,256,512,128,0.0072,0.1423,0.0,"(1, 512)","(1, 128)",dp_stress
36,stress_layer_10,Linear,MM,256,512,128,0.0084,0.0638,0.0,"(1, 512)","(1, 128)",dp_stress
36,stress_layer_11,Linear,MM,256,512,128,0.5168,0.4187,0.75,"(1, 512)","(1, 128)",dp_stress
36,stress_layer_12,Linear,MM,256,512,128,0.0069,0.1017,0.0,"(1, 512)","(1, 128)",dp_stress
36,stress_layer_13,Linear,MM,256,512,128,0.0433,0.102,0.0,"(1, 512)","(1, 128)",dp_stress
36,stress_layer_14,Linear,MM,256,512,128,0.0258,0.0405,0.0,"(1, 512)","(1, 128)",dp_stress
36,stress_layer_15,Linear,MM,256,512,128,0.0748,0.0146,0.0,"(1, 512)","(1, 128)",dp_stress
36,stress_layer_16,Linear,MM,256,512,128,0.0485,0.1372,0.0,"(1, 512)","(1, 128)",dp_stress
36,stress_layer_17,Linear,MM,256,512,128,0.6813,0.4085,0.75,"(1, 512)","(1, 128)",dp_stress
36,stress_layer_18,Linear,MM,256,512,128,0.0665,0.0193,0.0,"(1, 512)","(1, 128)",dp_stress
36,stress_layer_19,Linear,MM,256,512,128,0.0194,0.0388,0.0,"(1, 512)","(1, 128)",dp_stress
36,stress_layer_20,Linear,MM,256,512,128,0.0925,0.0607,0.0,"(1, 512)","(1, 128)",dp_stress
36,stress_layer_21,Linear,MM,256,512,128,0.0156,0.0102,0.0,"(1, 512)","(1, 128)",dp_stress
36,stress_layer_22,Linear,MM,256,512,128,0.0736,0.0631,0.0,"(1, 512)","(1, 128)",dp_stress
36,stress_layer_23,Linear,MM,256,512,128,0.5106,0.3919,0.75,"(1, 512)","(1, 128)",dp_stress
36,stress_layer_24,Linear,MM,256,512,128,0.0667,0.0631,0.0,"(1, 512)","(1, 128)",dp_stress
36,stress_layer_25,Linear,MM,256,512,128,0.0905,0.0711,0.0,"(1, 512)","(1, 128)",dp_stress
36,stress_layer_26,Linear,MM,256,512,128,0.0007,0.1074,0.0,"(1, 512)","(1, 128)",dp_stress
36,stress_layer_27,Linear,MM,256,512,128,0.0576,0.1478,0.0,"(1, 512)","(1, 128)",dp_stress
36,stress_layer_28,Linear,MM,256,512,128,0.0195,0.0561,0.0,"(1, 512)","(1, 128)",dp_stress
36,stress_layer_29,Linear,MM,256,512,128,0.6502,0.3659,0.75,"(1, 512)","(1, 128)",dp_stress
36,stress_layer_30,Linear,MM,256,512,128,0.001,0.1169,0.0,"(1, 512)","(1, 128)",dp_stress
36,stress_layer_31,Linear,MM,256,512,128,0.0458,0.0718,0.0,"(1, 512)","(1, 128)",dp_stress
36,stress_layer_32,Linear,MM,256,512,128,0.0718,0.0409,0.0,"(1, 512)","(1, 128)",dp_stress
36,stress_layer_33,Linear,MM,256,512,128,0.0676,0.1455,0.0,"(1, 512)","(1, 128)",dp_stress
36,stress_layer_34,Linear,MM,256,512,128,0.0579,0.0865,0.0,"(1, 512)","(1, 128)",dp_stress
36,stress_layer_35,Linear,MM,256,512,128,0.6085,0.45,0.75,"(1, 512)","(1, 128)",dp_stress
36,stress_layer_36,Linear,MM,256,512,128,0.0689,0.0211,0.0,"(1, 512)","(1, 128)",dp_stress
36,stress_layer_37,Linear,MM,256,512,128,0.0459,0.143,0.0,"(1, 512)","(1, 128)",dp_stress
36,stress_layer_38,Linear,MM,256,512,128,0.0322,0.1257,0.0,"(1, 512)","(1, 128)",dp_stress
36,stress_layer_39,Linear,MM,256,512,128,0.0762,0.0106,0.0,"(1, 512)","(1, 128)",dp_stress
37,stress_layer_0,Linear,MM,256,512,128,0.0955,0.1467,0.0,"(1, 512)","(1, 128)",dp_stress
37,stress_layer_1,Linear,MM,256,512,128,0.0718,0.1357,0.0,"(1, 512)","(1, 128)",dp_stress
37,stress_layer_2,Linear,MM,256,512,128,0.0186,0.0306,0.0,"(1, 512)","(1, 128)",dp_stress
37,stress_layer_3,Linear,MM,256,512,128,0.0364,0.0767,0.0,"(1, 512)","(1, 128)",dp_stress
37,stress_layer_4,Linear,MM,256,512,128,0.0027,0.0814,0.0,"(1, 512)","(1, 128)",dp_stress
37,stress_layer_5,Linear,MM,256,512,128,0.5932,0.3376,0.75,"(1, 512)","(1, 128)",dp_stress
37,stress_layer_6,Linear,MM,256,512,128,0.0386,0.052,0.0,"(1, 512)","(1, 128)",dp_stress
37,stress_layer_7,Linear,MM,256,512,128,0.0494,0.0832,0.0,"(1, 512)","(1, 128)",dp_stress
37,stress_layer_8,Linear,MM,256,512,128,0.0267,0.136,0.0,"(1, 512)","(1, 128)",dp_stress
37,stress_layer_9,Linear,MM,256,512,128,0.0567,0.0058,0.0,"(1, 512)","(1, 128)",dp_stress
37,stress_layer_10,Linear,MM,256,512,128,0.0214,0.0567,0.0,"(1, 512)","(1, 128)",dp_stress
37,stress_layer_11,Linear,MM,256,512,128,0.6592,0.4895,0.75,"(1, 512)","(1, 128)",dp_stress
37,stress_layer_12,Linear,MM,256,512,128,0.0299,0.0423,0.0,"(1, 512)","(1, 128)",dp_stress
37,stress_layer_13,Linear,MM,256,512,128,0.0975,0.1291,0.0,"(1, 512)","(1, 128)",dp_stress
37,stress_layer_14,Linear,MM,256,512,128,0.0439,0.133,0.0,"(1, 512)","(1, 128)",dp_stress
37,stress_layer_15,Linear,MM,256,512,128,0.0199,0.0857,0.0,"(1, 512)","(1, 128)",dp_stress
37,stress_layer_16,Linear,MM,256,512,128,0.0474,0.1456,0.0,"(1, 512)","(1, 128)",dp_stress
37,stress_layer_17,Linear,MM,256,512,128,0.5869,0.3064,0.75,"(1, 512)","(1, 128)",dp_stress
37,stress_layer_18,Linear,MM,256,512,128,0.097,0.0806,0.0,"(1, 512)","(1, 128)",dp_stress
37,stress_layer_19,Linear,MM,256,512,128,0.0269,0.1272,0.0,"(1, 512)","(1, 128)",dp_stress
37,stress_layer_20,Linear,MM,256,512,128,0.0203,0.0313,0.0,"(1, 512)","(1, 128)",dp_stress
37,stress_layer_21,Linear,MM,256,512,128,0.0505,0.1354,0.0,"(1, 512)","(1, 128)",dp_stress
37,stress_layer_22,Linear,MM,256,512,128,0.0904,0.1483,0.0,"(1, 512)","(1, 128)",dp_stress
37,stress_layer_23,Linear,MM,256,512,128,0.6334,0.371,0.75,"(1, 512)","(1, 128)",dp_stress
37,stress_layer_24,Linear,MM,256,512,128,0.0418,0.081,0.0,"(1, 512)","(1, 128)",dp_stress
37,stress_layer_25,Linear,MM,256,512,128,0.058,0.142,0.0,"(1, 512)","(1, 128)",dp_stress
37,stress_layer_26,Linear,MM,256,512,128,0.0016,0.0382,0.0,"(1, 512)","(1, 128)",dp_stress
37,stress_layer_27,Linear,MM,256,512,128,0.0764,0.0324,0.0,"(1, 512)","(1, 128)",dp_stress
37,stress_layer_28,Linear,MM,256,512,128,0.056,0.1221,0.0,"(1, 512)","(1, 128)",dp_stress
37,stress_layer_29,Linear,MM,256,512,128,0.6913,0.4194,0.75,"(1, 512)","(1, 128)",dp_stress
37,stress_layer_30,Linear,MM,256,512,128,0.0025,0.0911,0.0,"(1, 512)","(1, 128)",dp_stress
37,stress_layer_31,Linear,MM,256,512,128,0.0578,0.0477,0.0,"(1, 512)","(1, 128)",dp_stress
37,stress_layer_32,Linear,MM,256,512,128,0.0583,0.0695,0.0,"(1, 512)","(1, 128)",dp_stress
37,stress_layer_33,Linear,MM,256,512,128,0.0547,0.0072,0.0,"(1, 512)","(1, 128)",dp_stress
37,stress_layer_34,Linear,MM,256,512,128,0.0292,0.1493,0.0,"(1, 512)","(1, 128)",dp_stress
37,stress_layer_35,Linear,MM,256,512,128,0.5332,0.4273,0.75,"(1, 512)","(1, 128)",dp_stress
37,stress_layer_36,Linear,MM,256,512,128,0.0167,0.1216,0.0,"(1, 512)","(1, 128)",dp_stress
37,stress_layer_37,Linear,MM,256,512,128,0.0746,0.0092,0.0,"(1, 512)","(1, 128)",dp_stress
37,stress_layer_38,Linear,MM,256,512,128,0.0827,0.0598,0.0,"(1, 512)","(1, 128)",dp_stress
37,stress_layer_39,Linear,MM,256,512,128,0.0344,0.1238,0.0,"(1, 512)","(1, 128)",dp_stress
38,stress_layer_0,Linear,MM,256,512,128,0.0008,0.1166,0.0,"(1, 512)","(1, 128)",dp_stress
38,stress_layer_1,Linear,MM,256,512,128,0.0538,0.0192,0.0,"(1, 512)","(1, 128)",dp_stress
38,stress_layer_2,Linear,MM,256,512,128,0.0046,0.1377,0.0,"(1, 512)","(1, 128)",dp_stress
38,stress_layer_3,Linear,MM,256,512,128,0.0448,0.0684,0.0,"(1, 512)","(1, 128)",dp_stress
38,stress_layer_4,Linear,MM,256,512,128,0.0742,0.0325,0.0,"(1, 512)","(1, 128)",dp_stress
38,stress_layer_5,Linear,MM,256,512,128,0.5765,0.3015,0.75,"(1, 512)","(1, 128)",dp_stress
38,stress_layer_6,Linear,MM,256,512,128,0.0927,0.0224,0.0,"(1, 512)","(1, 128)",dp_stress
38,stress_layer_7,Linear,MM,256,512,128,0.017,0.1001,0.0,"(1, 512)","(1, 128)",dp_stress
38,stress_layer_8,Linear,MM,256,512,128,0.0298,0.0803,0.0,"(1, 512)","(1, 128)",dp_stress
38,stress_layer_9,Linear,MM,256,512,128,0.031,0.0978,0.0,"(1, 512)","(1, 128)",dp_stress
38,stress_layer_10,Linear,MM,256,512,128,0.0089,0.0316,0.0,"(1, 512)","(1, 128)",dp_stress
38,stress_layer_11,Linear,MM,256,512,128,0.6802,0.4573,0.75,"(1, 512)","(1, 128)",dp_stress
38,stress_layer_12,Linear,MM,256,512,128,0.0587,0.0275,0.0,"(1, 512)","(1, 128)",dp_stress
38,stress_layer_13,Linear,MM,256,512,128,0.098,0.0185,0.0,"(1, 512)","(1, 128)",dp_stress
38,stress_layer_14,Linear,MM,256,512,128,0.0728,0.1343,0.0,"(1, 512)","(1, 128)",dp_stress
38,stress_layer_15,Linear,MM,256,512,128,0.0707,0.0546,0.0,"(1, 512)","(1, 128)",dp_stress
38,stress_layer_16,Linear,MM,256,512,128,0.0977,0.0705,0.0,"(1, 512)","(1, 128)",dp_stress
38,stress_layer_17,Linear,MM,256,512,128,0.5674,0.4979,0.75,"(1, 512)","(1, 128)",dp_stress
38,stress_layer_18,Linear,MM,256,512,128,0.0543,0.078,0.0,"(1, 512)","(1, 128)",dp_stress
38,stress_layer_19,Linear,MM,256,512,128,0.0397,0.0228,0.0,"(1, 512)","(1, 128)",dp_stress
38,stress_layer_20,Linear,MM,256,512,128,0.0046,0.0974,0.0,"(1, 512)","(1, 128)",dp_stress
38,stress_layer_21,Linear,MM,256,512,128,0.0563,0.0385,0.0,"(1, 512)","(1, 128)",dp_stress
38,stress_layer_22,Linear,MM,256,512,128,0.0992,0.0675,0.0,"(1, 512)","(1, 128)",dp_stress
38,stress_layer_23,Linear,MM,256,512,128,0.524,0.3057,0.75,"(1, 512)","(1, 128)",dp_stress
38,stress_layer_24,Linear,MM,256,512,128,0.0771,0.0763,0.0,"(1, 512)","(1, 128)",dp_stress
38,stress_layer_25,Linear,MM,256,512,128,0.0269,0.0054,0.0,"(1, 512)","(1, 128)",dp_stress
38,stress_layer_26,Linear,MM,256,512,128,0.0504,0.1245,0.0,"(1, 512)","(1, 128)",dp_stress
38,stress_layer_27,Linear,MM,256,512,128,0.0665,0.0419,0.0,"(1, 512)","(1, 128)",dp_stress
38,stress_layer_28,Linear,MM,256,512,128,0.0572,0.0416,0.0,"(1, 512)","(1, 128)",dp_stress
38,stress_layer_29,Linear,MM,256,512,128,0.6369,0.3585,0.75,"(1, 512)","(1, 128)",dp_stress
38,stress_layer_30,Linear,MM,256,512,128,0.0179,0.0479,0.0,"(1, 512)","(1, 128)",dp_stress
38,stress_layer_31,Linear,MM,256,512,128,0.0657,0.1257,0.0,"(1, 512)","(1, 128)",dp_stress
38,stress_layer_32,Linear,MM,256,512,128,0.0052,0.0456,0.0,"(1, 512)","(1, 128)",dp_stress
38,stress_layer_33,Linear,MM,256,512,128,0.0315,0.1188,0.0,"(1, 512)","(1, 128)",dp_stress
38,stress_layer_34,Linear,MM,256,512,128,0.0413,0.1275,0.0,"(1, 512)","(1, 128)",dp_stress
38,stress_layer_35,Linear,MM,256,512,128,0.6588,0.3978,0.75,"(1, 512)","(1, 128)",dp_stress
38,stress_layer_36,Linear,MM,256,512,128,0.0861,0.0998,0.0,"(1, 512)","(1, 128)",dp_stress
38,stress_layer_37,Linear,MM,256,512,128,0.0062,0.0202,0.0,"(1, 512)","(1, 128)",dp_stress
38,stress_layer_38,Linear,MM,256,512,128,0.0671,0.0191,0.0,"(1, 512)","(1, 128)",dp_stress
38,stress_layer_39,Linear,MM,256,512,128,0.0996,0.0934,0.0,"(1, 512)","(1, 128)",dp_stress
39,stress_layer_0,Linear,MM,256,512,128,0.0549,0.0269,0.0,"(1, 512)","(1, 128)",dp_stress
39,stress_layer_1,Linear,MM,256,512,128,0.0444,0.1362,0.0,"(1, 512)","(1, 128)",dp_stress
39,stress_layer_2,Linear,MM,256,512,128,0.0105,0.0502,0.0,"(1, 512)","(1, 128)",dp_stress
39,stress_layer_3,Linear,MM,256,512,128,0.0806,0.1296,0.0,"(1, 512)","(1, 128)",dp_stress
39,stress_layer_4,Linear,MM,256,512,128,0.0663,0.073,0.0,"(1, 512)","(1, 128)",dp_stress
39,stress_layer_5,Linear,MM,256,512,128,0.6823,0.3644,0.75,"(1, 512)","(1, 128)",dp_stress
39,stress_layer_6,Linear,MM,256,512,128,0.0965,0.1213,0.0,"(1, 512)","(1, 128)",dp_stress
39,stress_layer_7,Linear,MM,256,512,128,0.0346,0.122,0.0,"(1, 512)","(1, 128)",dp_stress
39,stress_layer_8,Linear,MM,256,512,128,0.0033,0.1107,0.0,"(1, 512)","(1, 128)",dp_stress
39,stress_layer_9,Linear,MM,256,512,128,0.0524,0.0398,0.0,"(1, 512)","(1, 128)",dp_stress
39,stress_layer_10,Linear,MM,256,512,128,0.0783,0.1218,0.0,"(1, 512)","(1, 128)",dp_stress
39,stress_layer_11,Linear,MM,256,512,128,0.5682,0.4681,0.75,"(1, 512)","(1, 128)",dp_stress
39,stress_layer_12,Linear,MM,256,512,128,0.0026,0.0842,0.0,"(1, 512)","(1, 128)",dp_stress
39,stress_layer_13,Linear,MM,256,512,128,0.0478,0.0287,0.0,"(1, 512)","(1, 128)",dp_stress
39,stress_layer_14,Linear,MM,256,512,128,0.0156,0.1456,0.0,"(1, 512)","(1, 128)",dp_stress
39,stress_layer_15,Linear,MM,256,512,128,0.0877,0.0394,0.0,"(1, 512)","(1, 128)",dp_stress
39,stress_layer_16,Linear,MM,256,512,128,0.0174,0.136,0.0,"(1, 512)","(1, 128)",dp_stress
39,stress_layer_17,Linear,MM,256,512,128,0.5248,0.3305,0.75,"(1, 512)","(1, 128)",dp_stress
39,stress_layer_18,Linear,MM,256,512,128,0.0172,0.1191,0.0,"(1, 512)","(1, 128)",dp_stress
39,stress_layer_19,Linear,MM,256,512,128,0.084,0.1274,0.0,"(1, 512)","(1, 128)",dp_stress
39,stress_layer_20,Linear,MM,256,512,128,0.0562,0.1477,0.0,"(1, 512)","(1, 128)",dp_stress
39,stress_layer_21,Linear,MM,256,512,128,0.0327,0.0838,0.0,"(1, 512)","(1, 128)",dp_stress
39,stress_layer_22,Linear,MM,256,512,128,0.0522,0.0038,0.0,"(1, 512)","(1, 128)",dp_stress
39,stress_layer_23,Linear,MM,256,512,128,0.6764,0.481,0.75,"(1, 512)","(1, 128)",dp_stress
39,stress_layer_24,Linear,MM,256,512,128,0.0418,0.1066,0.0,"(1, 512)","(1, 128)",dp_stress
39,stress_layer_25,Linear,MM,256,512,128,0.0262,0.0521,0.0,"(1, 512)","(1, 128)",dp_stress
39,stress_layer_26,Linear,MM,256,512,128,0.0152,0.0625,0.0,"(1, 512)","(1, 128)",dp_stress
39,stress_layer_27,Linear,MM,256,512,128,0.0987,0.0702,0.0,"(1, 512)","(1, 128)",dp_stress
39,stress_layer_28,Linear,MM,256,512,128,0.0443,0.0907,0.0,"(1, 512)","(1, 128)",dp_stress
39,stress_layer_29,Linear,MM,256,512,128,0.5448,0.4372,0.75,"(1, 512)","(1, 128)",dp_stress
39,stress_layer_30,Linear,MM,256,512,128,0.0077,0.0997,0.0,"(1, 512)","(1, 128)",dp_stress
39,stress_layer_31,Linear,MM,256,512,128,0.0323,0.1345,0.0,"(1, 512)","(1, 128)",dp_stress
39,stress_layer_32,Linear,MM,256,512,128,0.0407,0.1238,0.0,"(1, 512)","(1, 128)",dp_stress
39,stress_layer_33,Linear,MM,256,512,128,0.0824,0.0677,0.0,"(1, 512)","(1, 128)",dp_stress
39,stress_layer_34,Linear,MM,256,512,128,0.068,0.0788,0.0,"(1, 512)","(1, 128)",dp_stress
39,stress_layer_35,Linear,MM,256,512,128,0.6782,0.4991,0.75,"(1, 512)","(1, 128)",dp_stress
39,stress_layer_36,Linear,MM,256,512,128,0.0519,0.0547,0.0,"(1, 512)","(1, 128)",dp_stress
39,stress_layer_37,Linear,MM,256,512,128,0.0323,0.1224,0.0,"(1, 512)","(1, 128)",dp_stress
39,stress_layer_38,Linear,MM,256,512,128,0.0128,0.0001,0.0,"(1, 512)","(1, 128)",dp_stress
39,stress_layer_39,Linear,MM,256,512,128,0.0988,0.0898,0.0,"(1, 512)","(1, 128)",dp_stress
40,stress_layer_0,Linear,MM,256,512,128,0.0903,0.04,0.0,"(1, 512)","(1, 128)",dp_stress
40,stress_layer_1,Linear,MM,256,512,128,0.0597,0.0603,0.0,"(1, 512)","(1, 128)",dp_stress
40,stress_layer_2,Linear,MM,256,512,128,0.0099,0.1252,0.0,"(1, 512)","(1, 128)",dp_stress
40,stress_layer_3,Linear,MM,256,512,128,0.0025,0.0211,0.0,"(1, 512)","(1, 128)",dp_stress
40,stress_layer_4,Linear,MM,256,512,128,0.0122,0.0707,0.0,"(1, 512)","(1, 128)",dp_stress
40,stress_layer_5,Linear,MM,256,512,128,0.5612,0.3213,0.75,"(1, 512)","(1, 128)",dp_stress
40,stress_layer_6,Linear,MM,256,512,128,0.0004,0.0578,0.0,"(1, 512)","(1, 128)",dp_stress
40,stress_layer_7,Linear,MM,256,512,128,0.0967,0.0374,0.0,"(1, 512)","(1, 128)",dp_stress
40,stress_layer_8,Linear,MM,256,512,128,0.0712,0.0797,0.0,"(1, 512)","(1, 128)",dp_stress
40,stress_layer_9,Linear,MM,256,512,128,0.0978,0.0598,0.0,"(1, 512)","(1, 128)",dp_stress
40,stress_layer_10,Linear,MM,256,512,128,0.0177,0.0108,0.0,"(1, 512)","(1, 128)",dp_stress
40,stress_layer_11,Linear,MM,256,512,128,0.6683,0.3353,0.75,"(1, 512)","(1, 128)",dp_stress
40,stress_layer_12,Linear,MM,256,512,128,0.0728,0.0861,0.0,"(1, 512)","(1, 128)",dp_stress
40,stress_layer_13,Linear,MM,256,512,128,0.0531,0.1271,0.0,"(1, 512)","(1, 128)",dp_stress
40,stress_layer_14,Linear,MM,256,512,128,0.0553,0.0763,0.0,"(1, 512)","(1, 128)",dp_stress
40,stress_layer_15,Linear,MM,256,512,128,0.0688,0.1048,0.0,"(1, 512)","(1, 128)",dp_stress
40,stress_layer_16,Linear,MM,256,512,128,0.0651,0.0354,0.0,"(1, 512)","(1, 128)",dp_stress
40,stress_layer_17,Linear,MM,256,512,128,0.6645,0.3096,0.75,"(1, 512)","(1, 128)",dp_stress
40,stress_layer_18,Linear,MM,256,512,128,0.0812,0.0936,0.0,"(1, 512)","(1, 128)",dp_stress
40,stress_layer_19,Linear,MM,256,512,128,0.0962,0.0171,0.0,"(1, 512)","(1, 128)",dp_stress
40,stress_layer_20,Linear,MM,256,512,128,0.0331,0.0481,0.0,"(1, 512)","(1, 128)",dp_stress
40,stress_layer_21,Linear,MM,256,512,128,0.0291,0.0817,0.0,"(1, 512)","(1, 128)",dp_stress
40,stress_layer_22,Linear,MM,256,512,128,0.0628,0.1148,0.0,"(1, 512)","(1, 128)",dp_stress
40,stress_layer_23,Linear,MM,256,512,128,0.6284,0.3882,0.75,"(1, 512)","(1, 128)",dp_stress
40,stress_layer_24,Linear,MM,256,512,128,0.0547,0.0562,0.0,"(1, 512)","(1, 128)",dp_stress
40,stress_layer_25,Linear,MM,256,512,128,0.0152,0.0561,0.0,"(1, 512)","(1, 128)",dp_stress
40,stress_layer_26,Linear,MM,256,512,128,0.0851,0.0813,0.0,"(1, 512)","(1, 128)",dp_stress
40,stress_layer_27,Linear,MM,256,512,128,0.017,0.0256,0.0,"(1, 512)","(1, 128)",dp_stress
40,stress_layer_28,Linear,MM,256,512,128,0.0423,0.1458,0.0,"(1, 512)","(1, 128)",dp_stress
40,stress_layer_29,Linear,MM,256,512,128,0.5084,0.4023,0.75,"(1, 512)","(1, 128)",dp_stress
40,stress_layer_30,Linear,MM,256,512,128,0.0557,0.0215,0.0,"(1, 512)","(1, 128)",dp_stress
40,stress_layer_31,Linear,MM,256,512,128,0.0185,0.0575,0.0,"(1, 512)","(1, 128)",dp_stress
40,stress_layer_32,Linear,MM,256,512,128,0.0212,0.0669,0.0,"(1, 512)","(1, 128)",dp_stress
40,stress_layer_33,Linear,MM,256,512,128,0.0031,0.0483,0.0,"(1, 512)","(1, 128)",dp_stress
40,stress_layer_34,Linear,MM,256,512,128,0.0824,0.079,0.0,"(1, 512)","(1, 128)",dp_stress
40,stress_layer_35,Linear,MM,256,512,128,0.6948,0.3876,0.75,"(1, 512)","(1, 128)",dp_stress
40,stress_layer_36,Linear,MM,256,512,128,0.0947,0.1217,0.0,"(1, 512)","(1, 128)",dp_stress
40,stress_layer_37,Linear,MM,256,512,128,0.021,0.1349,0.0,"(1, 512)","(1, 128)",dp_stress
40,stress_layer_38,Linear,MM,256,512,128,0.0704,0.1283,0.0,"(1, 512)","(1, 128)",dp_stress
40,stress_layer_39,Linear,MM,256,512,128,0.0585,0.1263,0.0,"(1, 512)","(1, 128)",dp_stress
41,stress_layer_0,Linear,MM,256,512,128,0.0983,0.032,0.0,"(1, 512)","(1, 128)",dp_stress
41,stress_layer_1,Linear,MM,256,512,128,0.0254,0.0766,0.0,"(1, 512)","(1, 128)",dp_stress
41,stress_layer_2,Linear,MM,256,512,128,0.0574,0.0457,0.0,"(1, 512)","(1, 128)",dp_stress
41,stress_layer_3,Linear,MM,256,512,128,0.0522,0.0592,0.0,"(1, 512)","(1, 128)",dp_stress
41,stress_layer_4,Linear,MM,256,512,128,0.0083,0.0478,0.0,"(1, 512)","(1, 128)",dp_stress
41,stress_layer_5,Linear,MM,256,512,128,0.6703,0.3938,0.75,"(1, 512)","(1, 128)",dp_stress
41,stress_layer_6,Linear,MM,256,512,128,0.0566,0.0754,0.0,"(1, 512)","(1, 128)",dp_stress
41,stress_layer_7,Linear,MM,256,512,128,0.0477,0.0442,0.0,"(1, 512)","(1, 128)",dp_stress
41,stress_layer_8,Linear,MM,256,512,128,0.0382,0.1452,0.0,"(1, 512)","(1, 128)",dp_stress
41,stress_layer_9,Linear,MM,256,512,128,0.0914,0.0248,0.0,"(1, 512)","(1, 128)",dp_stress
41,stress_layer_10,Linear,MM,256,512,128,0.0194,0.0248,0.0,"(1, 512)","(1, 128)",dp_stress
41,stress_layer_11,Linear,MM,256,512,128,0.5218,0.4513,0.75,"(1, 512)","(1, 128)",dp_stress
41,stress_layer_12,Linear,MM,256,512,128,0.0965,0.0112,0.0,"(1, 512)","(1, 128)",dp_stress
41,stress_layer_13,Linear,MM,256,512,128,0.0136,0.148,0.0,"(1, 512)","(1, 128)",dp_stress
41,stress_layer_14,Linear,MM,256,512,128,0.005,0.1155,0.0,"(1, 512)","(1, 128)",dp_stress
41,stress_layer_15,Linear,MM,256,512,128,0.0066,0.0944,0.0,"(1, 512)","(1, 128)",dp_stress
41,stress_layer_16,Linear,MM,256,512,128,0.0226,0.0273,0.0,"(1, 512)","(1, 128)",dp_stress
41,stress_layer_17,Linear,MM,256,512,128,0.5352,0.3465,0.75,"(1, 512)","(1, 128)",dp_stress
41,stress_layer_18,Linear,MM,256,512,128,0.0655,0.0933,0.0,"(1, 512)","(1, 128)",dp_stress
41,stress_layer_19,Linear,MM,256,512,128,0.0584,0.113,0.0,"(1, 512)","(1, 128)",dp_stress
41,stress_layer_20,Linear,MM,256,512,128,0.0496,0.1016,0.0,"(1, 512)","(1, 128)",dp_stress
41,stress_layer_21,Linear,MM,256,512,128,0.0581,0.0819,0.0,"(1, 512)","(1, 128)",dp_stress
41,stress_layer_22,Linear,MM,256,512,128,0.0535,0.0603,0.0,"(1, 512)","(1, 128)",dp_stress
41,stress_layer_23,Linear,MM,256,512,128,0.6719,0.4152,0.75,"(1, 512)","(1, 128)",dp_stress
41,stress_layer_24,Linear,MM,256,512,128,0.0984,0.1403,0.0,"(1, 512)","(1, 128)",dp_stress
41,stress_layer_25,Linear,MM,256,512,128,0.0875,0.1349,0.0,"(1, 512)","(1, 128)",dp_stress
41,stress_layer_26,Linear,MM,256,512,128,0.0909,0.06,0.0,"(1, 512)","(1, 128)",dp_stress
41,stress_layer_27,Linear,MM,256,512,128,0.0996,0.1228,0.0,"(1, 512)","(1, 128)",dp_stress
41,stress_layer_28,Linear,MM,256,512,128,0.0063,0.0941,0.0,"(1, 512)","(1, 128)",dp_stress
41,stress_layer_29,Linear,MM,256,512,128,0.6222,0.4588,0.75,"(1, 512)","(1, 128)",dp_stress
41,stress_layer_30,Linear,MM,256,512,128,0.0807,0.0228,0.0,"(1, 512)","(1, 128)",dp_stress
41,stress_layer_31,Linear,MM,256,512,128,0.0549,0.1328,0.0,"(1, 512)","(1, 128)",dp_stress
41,stress_layer_32,Linear,MM,256,512,128,0.014,0.1377,0.0,"(1, 512)","(1, 128)",dp_stress
41,stress_layer_33,Linear,MM,256,512,128,0.0972,0.0469,0.0,"(1, 512)","(1, 128)",dp_stress
41,stress_layer_34,Linear,MM,256,512,128,0.0094,0.081,0.0,"(1, 512)","(1, 128)",dp_stress
41,stress_layer_35,Linear,MM,256,512,128,0.6513,0.3337,0.75,"(1, 512)","(1, 128)",dp_stress
41,stress_layer_36,Linear,MM,256,512,128,0.0699,0.0925,0.0,"(1, 512)","(1, 128)",dp_stress
41,stress_layer_37,Linear,MM,256,512,128,0.0912,0.0496,0.0,"(1, 512)","(1, 128)",dp_stress
41,stress_layer_38,Linear,MM,256,512,128,0.072,0.0901,0.0,"(1, 512)","(1, 128)",dp_stress
41,stress_layer_39,Linear,MM,256,512,128,0.0917,0.0564,0.0,"(1, 512)","(1, 128)",dp_stress
42,stress_layer_0,Linear,MM,256,512,128,0.0587,0.0996,0.0,"(1, 512)","(1, 128)",dp_stress
42,stress_layer_1,Linear,MM,256,512,128,0.0395,0.0727,0.0,"(1, 512)","(1, 128)",dp_stress
42,stress_layer_2,Linear,MM,256,512,128,0.0143,0.121,0.0,"(1, 512)","(1, 128)",dp_stress
42,stress_layer_3,Linear,MM,256,512,128,0.0988,0.0365,0.0,"(1, 512)","(1, 128)",dp_stress
42,stress_layer_4,Linear,MM,256,512,128,0.088,0.024,0.0,"(1, 512)","(1, 128)",dp_stress
42,stress_layer_5,Linear,MM,256,512,128,0.5872,0.4728,0.75,"(1, 512)","(1, 128)",dp_stress
42,stress_layer_6,Linear,MM,256,512,128,0.0886,0.1054,0.0,"(1, 512)","(1, 128)",dp_stress
42,stress_layer_7,Linear,MM,256,512,128,0.0991,0.0794,0.0,"(1, 512)","(1, 128)",dp_stress
42,stress_layer_8,Linear,MM,256,512,128,0.0661,0.0818,0.0,"(1, 512)","(1, 128)",dp_stress
42,stress_layer_9,Linear,MM,256,512,128,0.0625,0.0476,0.0,"(1, 512)","(1, 128)",dp_stress
42,stress_layer_10,Linear,MM,256,512,128,0.0246,0.0551,0.0,"(1, 512)","(1, 128)",dp_stress
42,stress_layer_11,Linear,MM,256,512,128,0.6036,0.3295,0.75,"(1, 512)","(1, 128)",dp_stress
42,stress_layer_12,Linear,MM,256,512,128,0.0946,0.0662,0.0,"(1, 512)","(1, 128)",dp_stress
42,stress_layer_13,Linear,MM,256,512,128,0.0422,0.0635,0.0,"(1, 512)","(1, 128)",dp_stress
42,stress_layer_14,Linear,MM,256,512,128,0.0444,0.0508,0.0,"(1, 512)","(1, 128)",dp_stress
42,stress_layer_15,Linear,MM,256,512,128,0.0712,0.1416,0.0,"(1, 512)","(1, 128)",dp_stress
42,stress_layer_16,Linear,MM,256,512,128,0.0547,0.0035,0.0,"(1, 512)","(1, 128)",dp_stress
42,stress_layer_17,Linear,MM,256,512,128,0.6698,0.3844,0.75,"(1, 512)","(1, 128)",dp_stress
42,stress_layer_18,Linear,MM,256,512,128,0.0937,0.0645,0.0,"(1, 512)","(1, 128)",dp_stress
42,stress_layer_19,Linear,MM,256,512,128,0.0494,0.0846,0.0,"(1, 512)","(1, 128)",dp_stress
42,stress_layer_20,Linear,MM,256,512,128,0.0753,0.1422,0.0,"(1, 512)","(1, 128)",dp_stress
42,stress_layer_21,Linear,MM,256,512,128,0.0969,0.0889,0.0,"(1, 512)","(1, 128)",dp_stress
42,stress_layer_22,Linear,MM,256,512,128,0.0045,0.0129,0.0,"(1, 512)","(1, 128)",dp_stress
42,stress_layer_23,Linear,MM,256,512,128,0.5173,0.4599,0.75,"(1, 512)","(1, 128)",dp_stress
42,stress_layer_24,Linear,MM,256,512,128,0.0664,0.0487,0.0,"(1, 512)","(1, 128)",dp_stress
42,stress_layer_25,Linear,MM,256,512,128,0.0769,0.1125,0.0,"(1, 512)","(1, 128)",dp_stress
42,stress_layer_26,Linear,MM,256,512,128,0.0675,0.0447,0.0,"(1, 512)","(1, 128)",dp_stress
42,stress_layer_27,Linear,MM,256,512,128,0.0666,0.093,0.0,"(1, 512)","(1, 128)",dp_stress
42,stress_layer_28,Linear,MM,256,512,128,0.0428,0.0202,0.0,"(1, 512)","(1, 128)",dp_stress
42,stress_layer_29,Linear,MM,256,512,128,0.5937,0.4995,0.75,"(1, 512)","(1, 128)",dp_stress
42,stress_layer_30,Linear,MM,256,512,128,0.0325,0.037,0.0,"(1, 512)","(1, 128)",dp_stress
42,stress_layer_31,Linear,MM,256,512,128,0.0264,0.0613,0.0,"(1, 512)","(1, 128)",dp_stress
42,stress_layer_32,Linear,MM,256,512,128,0.0954,0.0782,0.0,"(1, 512)","(1, 128)",dp_stress
42,stress_layer_33,Linear,MM,256,512,128,0.0146,0.0567,0.0,"(1, 512)","(1, 128)",dp_stress
42,stress_layer_34,Linear,MM,256,512,128,0.0774,0.0014,0.0,"(1, 512)","(1, 128)",dp_stress
42,stress_layer_35,Linear,MM,256,512,128,0.6716,0.426,0.75,"(1, 512)","(1, 128)",dp_stress
42,stress_layer_36,Linear,MM,256,512,128,0.0776,0.0889,0.0,"(1, 512)","(1, 128)",dp_stress
42,stress_layer_37,Linear,MM,256,512,128,0.0549,0.0003,0.0,"(1, 512)","(1, 128)",dp_stress
42,stress_layer_38,Linear,MM,256,512,128,0.0019,0.0526,0.0,"(1, 512)","(1, 128)",dp_stress
42,stress_layer_39,Linear,MM,256,512,128,0.0622,0.1003,0.0,"(1, 512)","(1, 128)",dp_stress
43,stress_layer_0,Linear,MM,256,512,128,0.0299,0.1216,0.0,"(1, 512)","(1, 128)",dp_stress
43,stress_layer_1,Linear,MM,256,512,128,0.0948,0.0067,0.0,"(1, 512)","(1, 128)",dp_stress
43,stress_layer_2,Linear,MM,256,512,128,0.0403,0.0365,0.0,"(1, 512)","(1, 128)",dp_stress
43,stress_layer_3,Linear,MM,256,512,128,0.0709,0.0222,0.0,"(1, 512)","(1, 128)",dp_stress
43,stress_layer_4,Linear,MM,256,512,128,0.0804,0.1372,0.0,"(1, 512)","(1, 128)",dp_stress
43,stress_layer_5,Linear,MM,256,512,128,0.649,0.3234,0.75,"(1, 512)","(1, 128)",dp_stress
43,stress_layer_6,Linear,MM,256,512,128,0.0888,0.0116,0.0,"(1, 512)","(1, 128)",dp_stress
43,stress_layer_7,Linear,MM,256,512,128,0.0982,0.0773,0.0,"(1, 512)","(1, 128)",dp_stress
43,stress_layer_8,Linear,MM,256,512,128,0.0925,0.1468,0.0,"(1, 512)","(1, 128)",dp_stress
43,stress_layer_9,Linear,MM,256,512,128,0.0968,0.0317,0.0,"(1, 512)","(1, 128)",dp_stress
43,stress_layer_10,Linear,MM,256,512,128,0.0062,0.0879,0.0,"(1, 512)","(1, 128)",dp_stress
43,stress_layer_11,Linear,MM,256,512,128,0.5376,0.3101,0.75,"(1, 512)","(1, 128)",dp_stress
43,stress_layer_12,Linear,MM,256,512,128,0.0383,0.1103,0.0,"(1, 512)","(1, 128)",dp_stress
43,stress_layer_13,Linear,MM,256,512,128,0.0812,0.115,0.0,"(1, 512)","(1, 128)",dp_stress
43,stress_layer_14,Linear,MM,256,512,128,0.0416,0.013,0.0,"(1, 512)","(1, 128)",dp_stress
43,stress_layer_15,Linear,MM,256,512,128,0.0335,0.0027,0.0,"(1, 512)","(1, 128)",dp_stress
43,stress_layer_16,Linear,MM,256,512,128,0.0608,0.0105,0.0,"(1, 512)","(1, 128)",dp_stress
43,stress_layer_17,Linear,MM,256,512,128,0.6016,0.3753,0.75,"(1, 512)","(1, 128)",dp_stress
43,stress_layer_18,Linear,MM,256,512,128,0.0965,0.1406,0.0,"(1, 512)","(1, 128)",dp_stress
43,stress_layer_19,Linear,MM,256,512,128,0.0473,0.1104,0.0,"(1, 512)","(1, 128)",dp_stress
43,stress_layer_20,Linear,MM,256,512,128,0.0986,0.0363,0.0,"(1, 512)","(1, 128)",dp_stress
43,stress_layer_21,Linear,MM,256,512,128,0.0198,0.103,0.0,"(1, 512)","(1, 128)",dp_stress
43,stress_layer_22,Linear,MM,256,512,128,0.0067,0.0627,0.0,"(1, 512)","(1, 128)",dp_stress
43,stress_layer_23,Linear,MM,256,512,128,0.6308,0.4608,0.75,"(1, 512)","(1, 128)",dp_stress
43,stress_layer_24,Linear,MM,256,512,128,0.0175,0.1283,0.0,"(1, 512)","(1, 128)",dp_stress
43,stress_layer_25,Linear,MM,256,512,128,0.0099,0.0038,0.0,"(1, 512)","(1, 128)",dp_stress
43,stress_layer_26,Linear,MM,256,512,128,0.0046,0.115,0.0,"(1, 512)","(1, 128)",dp_stress
43,stress_layer_27,Linear,MM,256,512,128,0.0653,0.0026,0.0,"(1, 512)","(1, 128)",dp_stress
43,stress_layer_28,Linear,MM,256,512,128,0.0578,0.0498,0.0,"(1, 512)","(1, 128)",dp_stress
43,stress_layer_29,Linear,MM,256,512,128,0.6516,0.3547,0.75,"(1, 512)","(1, 128)",dp_stress
43,stress_layer_30,Linear,MM,256,512,128,0.0193,0.0584,0.0,"(1, 512)","(1, 128)",dp_stress
43,stress_layer_31,Linear,MM,256,512,128,0.0827,0.0959,0.0,"(1, 512)","(1, 128)",dp_stress
43,stress_layer_32,Linear,MM,256,512,128,0.0421,0.0401,0.0,"(1, 512)","(1, 128)",dp_stress
43,stress_layer_33,Linear,MM,256,512,128,0.0978,0.0446,0.0,"(1, 512)","(1, 128)",dp_stress
43,stress_layer_34,Linear,MM,256,512,128,0.0134,0.0315,0.0,"(1, 512)","(1, 128)",dp_stress
43,stress_layer_35,Linear,MM,256,512,128,0.6397,0.4158,0.75,"(1, 512)","(1, 128)",dp_stress
43,stress_layer_36,Linear,MM,256,512,128,0.0901,0.0902,0.0,"(1, 512)","(1, 128)",dp_stress
43,stress_layer_37,Linear,MM,256,512,128,0.0421,0.0488,0.0,"(1, 512)","(1, 128)",dp_stress
43,stress_layer_38,Linear,MM,256,512,128,0.0397,0.1258,0.0,"(1, 512)","(1, 128)",dp_stress
43,stress_layer_39,Linear,MM,256,512,128,0.0647,0.0761,0.0,"(1, 512)","(1, 128)",dp_stress
44,stress_layer_0,Linear,MM,256,512,128,0.0417,0.0849,0.0,"(1, 512)","(1, 128)",dp_stress
44,stress_layer_1,Linear,MM,256,512,128,0.0198,0.0743,0.0,"(1, 512)","(1, 128)",dp_stress
44,stress_layer_2,Linear,MM,256,512,128,0.0096,0.1272,0.0,"(1, 512)","(1, 128)",dp_stress
44,stress_layer_3,Linear,MM,256,512,128,0.0241,0.1143,0.0,"(1, 512)","(1, 128)",dp_stress
44,stress_layer_4,Linear,MM,256,512,128,0.0928,0.0723,0.0,"(1, 512)","(1, 128)",dp_stress
44,stress_layer_5,Linear,MM,256,512,128,0.614,0.4125,0.75,"(1, 512)","(1, 128)",dp_stress
44,stress_layer_6,Linear,MM,256,512,128,0.0595,0.025,0.0,"(1, 512)","(1, 128)",dp_stress
44,stress_layer_7,Linear,MM,256,512,128,0.0633,0.1362,0.0,"(1, 512)","(1, 128)",dp_stress
44,stress_layer_8,Linear,MM,256,512,128,0.0275,0.0934,0.0,"(1, 512)","(1, 128)",dp_stress
44,stress_layer_9,Linear,MM,256,512,128,0.0378,0.0109,0.0,"(1, 512)","(1, 128)",dp_stress
44,stress_layer_10,Linear,MM,256,512,128,0.0884,0.008,0.0,"(1, 512)","(1, 128)",dp_stress
44,stress_layer_11,Linear,MM,256,512,128,0.5166,0.3596,0.75,"(1, 512)","(1, 128)",dp_stress
44,stress_layer_12,Linear,MM,256,512,128,0.0218,0.0112,0.0,"(1, 512)","(1, 128)",dp_stress
44,stress_layer_13,Linear,MM,256,512,128,0.019,0.1245,0.0,"(1, 512)","(1, 128)",dp_stress
44,stress_layer_14,Linear,MM,256,512,128,0.0578,0.1444,0.0,"(1, 512)","(1, 128)",dp_stress
44,stress_layer_15,Linear,MM,256,512,128,0.0709,0.0282,0.0,"(1, 512)","(1, 128)",dp_stress
44,stress_layer_16,Linear,MM,256,512,128,0.0197,0.0634,0.0,"(1, 512)","(1, 128)",dp_stress
44,stress_layer_17,Linear,MM,256,512,128,0.6045,0.4356,0.75,"(1, 512)","(1, 128)",dp_stress
44,stress_layer_18,Linear,MM,256,512,128,0.0617,0.1195,0.0,"(1, 512)","(1, 128)",dp_stress
44,stress_layer_19,Linear,MM,256,512,128,0.0906,0.0532,0.0,"(1, 512)","(1, 128)",dp_stress
44,stress_layer_20,Linear,MM,256,512,128,0.0988,0.0125,0.0,"(1, 512)","(1, 128)",dp_stress
44,stress_layer_21,Linear,MM,256,512,128,0.0665,0.1164,0.0,"(1, 512)","(1, 128)",dp_stress
44,stress_layer_22,Linear,MM,256,512,128,0.0838,0.1453,0.0,"(1, 512)","(1, 128)",dp_stress
44,stress_layer_23,Linear,MM,256,512,128,0.6102,0.3819,0.75,"(1, 512)","(1, 128)",dp_stress
44,stress_layer_24,Linear,MM,256,512,128,0.0635,0.0172,0.0,"(1, 512)","(1, 128)",dp_stress
44,stress_layer_25,Linear,MM,256,512,128,0.0172,0.0158,0.0,"(1, 512)","(1, 128)",dp_stress
44,stress_layer_26,Linear,MM,256,512,128,0.0009,0.0852,0.0,"(1, 512)","(1, 128)",dp_stress
44,stress_layer_27,Linear,MM,256,512,128,0.0419,0.1416,0.0,"(1, 512)","(1, 128)",dp_stress
44,stress_layer_28,Linear,MM,256,512,128,0.043,0.1282,0.0,"(1, 512)","(1, 128)",dp_stress
44,stress_layer_29,Linear,MM,256,512,128,0.5953,0.4266,0.75,"(1, 512)","(1, 128)",dp_stress
44,stress_layer_30,Linear,MM,256,512,128,0.0456,0.115,0.0,"(1, 512)","(1, 128)",dp_stress
44,stress_layer_31,Linear,MM,256,512,128,0.0838,0.0787,0.0,"(1, 512)","(1, 128)",dp_stress
44,stress_layer_32,Linear,MM,256,512,128,0.0252,0.1329,0.0,"(1, 512)","(1, 128)",dp_stress
44,stress_layer_33,Linear,MM,256,512,128,0.0146,0.1446,0.0,"(1, 512)","(1, 128)",dp_stress
44,stress_layer_34,Linear,MM,256,512,128,0.0258,0.0579,0.0,"(1, 512)","(1, 128)",dp_stress
44,stress_layer_35,Linear,MM,256,512,128,0.6993,0.4243,0.75,"(1, 512)","(1, 128)",dp_stress
44,stress_layer_36,Linear,MM,256,512,128,0.0666,0.0883,0.0,"(1, 512)","(1, 128)",dp_stress
44,stress_layer_37,Linear,MM,256,512,128,0.0983,0.1173,0.0,"(1, 512)","(1, 128)",dp_stress
44,stress_layer_38,Linear,MM,256,512,128,0.0107,0.1031,0.0,"(1, 512)","(1, 128)",dp_stress
44,stress_layer_39,Linear,MM,256,512,128,0.0515,0.044,0.0,"(1, 512)","(1, 128)",dp_stress
45,stress_layer_0,Linear,MM,256,512,128,0.0411,0.1245,0.0,"(1, 512)","(1, 128)",dp_stress
45,stress_layer_1,Linear,MM,256,512,128,0.0935,0.0297,0.0,"(1, 512)","(1, 128)",dp_stress
45,stress_layer_2,Linear,MM,256,512,128,0.0632,0.135,0.0,"(1, 512)","(1, 128)",dp_stress
45,stress_layer_3,Linear,MM,256,512,128,0.0517,0.027,0.0,"(1, 512)","(1, 128)",dp_stress
45,stress_layer_4,Linear,MM,256,512,128,0.0266,0.0514,0.0,"(1, 512)","(1, 128)",dp_stress
45,stress_layer_5,Linear,MM,256,512,128,0.5689,0.4282,0.75,"(1, 512)","(1, 128)",dp_stress
45,stress_layer_6,Linear,MM,256,512,128,0.0432,0.1142,0.0,"(1, 512)","(1, 128)",dp_stress
45,stress_layer_7,Linear,MM,256,512,128,0.039,0.0833,0.0,"(1, 512)","(1, 128)",dp_stress
45,stress_layer_8,Linear,MM,256,512,128,0.058,0.0025,0.0,"(1, 512)","(1, 128)",dp_stress
45,stress_layer_9,Linear,MM,256,512,128,0.0461,0.0092,0.0,"(1, 512)","(1, 128)",dp_stress
45,stress_layer_10,Linear,MM,256,512,128,0.0154,0.1142,0.0,"(1, 512)","(1, 128)",dp_stress
45,stress_layer_11,Linear,MM,256,512,128,0.6042,0.326,0.75,"(1, 512)","(1, 128)",dp_stress
45,stress_layer_12,Linear,MM,256,512,128,0.07,0.0563,0.0,"(1, 512)","(1, 128)",dp_stress
45,stress_layer_13,Linear,MM,256,512,128,0.0504,0.0808,0.0,"(1, 512)","(1, 128)",dp_stress
45,stress_layer_14,Linear,MM,256,512,128,0.0056,0.1203,0.0,"(1, 512)","(1, 128)",dp_stress
45,stress_layer_15,Linear,MM,256,512,128,0.0924,0.0938,0.0,"(1, 512)","(1, 128)",dp_stress
45,stress_layer_16,Linear,MM,256,512,128,0.0462,0.0141,0.0,"(1, 512)","(1, 128)",dp_stress
45,stress_layer_17,Linear,MM,256,512,128,0.6812,0.4325,0.75,"(1, 512)","(1, 128)",dp_stress
45,stress_layer_18,Linear,MM,256,512,128,0.0433,0.0237,0.0,"(1, 512)","(1, 128)",dp_stress
45,stress_layer_19,Linear,MM,256,512,128,0.0036,0.0162,0.0,"(1, 512)","(1, 128)",dp_stress
45,stress_layer_20,Linear,MM,256,512,128,0.0317,0.0715,0.0,"(1, 512)","(1, 128)",dp_stress
45,stress_layer_21,Linear,MM,256,512,128,0.0594,0.0395,0.0,"(1, 512)","(1, 128)",dp_stress
45,stress_layer_22,Linear,MM,256,512,128,0.0028,0.0735,0.0,"(1, 512)","(1, 128)",dp_stress
45,stress_layer_23,Linear,MM,256,512,128,0.5779,0.3619,0.75,"(1, 512)","(1, 128)",dp_stress
45,stress_layer_24,Linear,MM,256,512,128,0.0738,0.0681,0.0,"(1, 512)","(1, 128)",dp_stress
45,stress_layer_25,Linear,MM,256,512,128,0.0871,0.0159,0.0,"(1, 512)","(1, 128)",dp_stress
45,stress_layer_26,Linear,MM,256,512,128,0.0601,0.1451,0.0,"(1, 512)","(1, 128)",dp_stress
45,stress_layer_27,Linear,MM,256,512,128,0.0955,0.0898,0.0,"(1, 512)","(1, 128)",dp_stress
45,stress_layer_28,Linear,MM,256,512,128,0.0226,0.0977,0.0,"(1, 512)","(1, 128)",dp_stress
45,stress_layer_29,Linear,MM,256,512,128,0.6957,0.3708,0.75,"(1, 512)","(1, 128)",dp_stress
45,stress_layer_30,Linear,MM,256,512,128,0.0058,0.1378,0.0,"(1, 512)","(1, 128)",dp_stress
45,stress_layer_31,Linear,MM,256,512,128,0.0673,0.1291,0.0,"(1, 512)","(1, 128)",dp_stress
45,stress_layer_32,Linear,MM,256,512,128,0.0943,0.0047,0.0,"(1, 512)","(1, 128)",dp_stress
45,stress_layer_33,Linear,MM,256,512,128,0.0039,0.0006,0.0,"(1, 512)","(1, 128)",dp_stress
45,stress_layer_34,Linear,MM,256,512,128,0.0126,0.1131,0.0,"(1, 512)","(1, 128)",dp_stress
45,stress_layer_35,Linear,MM,256,512,128,0.6436,0.4326,0.75,"(1, 512)","(1, 128)",dp_stress
45,stress_layer_36,Linear,MM,256,512,128,0.096,0.0677,0.0,"(1, 512)","(1, 128)",dp_stress
45,stress_layer_37,Linear,MM,256,512,128,0.0792,0.0536,0.0,"(1, 512)","(1, 128)",dp_stress
45,stress_layer_38,Linear,MM,256,512,128,0.0114,0.0122,0.0,"(1, 512)","(1, 128)",dp_stress
45,stress_layer_39,Linear,MM,256,512,128,0.0275,0.1447,0.0,"(1, 512)","(1, 128)",dp_stress
46,stress_layer_0,Linear,MM,256,512,128,0.0688,0.0089,0.0,"(1, 512)","(1, 128)",dp_stress
46,stress_layer_1,Linear,MM,256,512,128,0.0469,0.0746,0.0,"(1, 512)","(1, 128)",dp_stress
46,stress_layer_2,Linear,MM,256,512,128,0.0408,0.1365,0.0,"(1, 512)","(1, 128)",dp_stress
46,stress_layer_3,Linear,MM,256,512,128,0.0222,0.1222,0.0,"(1, 512)","(1, 128)",dp_stress
46,stress_layer_4,Linear,MM,256,512,128,0.084,0.0178,0.0,"(1, 512)","(1, 128)",dp_stress
46,stress_layer_5,Linear,MM,256,512,128,0.6739,0.4161,0.75,"(1, 512)","(1, 128)",dp_stress
46,stress_layer_6,Linear,MM,256,512,128,0.0047,0.0437,0.0,"(1, 512)","(1, 128)",dp_stress
46,stress_layer_7,Linear,MM,256,512,128,0.0953,0.0493,0.0,"(1, 512)","(1, 128)",dp_stress
46,stress_layer_8,Linear,MM,256,512,128,0.0858,0.1324,0.0,"(1, 512)","(1, 128)",dp_stress
46,stress_layer_9,Linear,MM,256,512,128,0.0188,0.0867,0.0,"(1, 512)","(1, 128)",dp_stress
46,stress_layer_10,Linear,MM,256,512,128,0.0733,0.0713,0.0,"(1, 512)","(1, 128)",dp_stress
46,stress_layer_11,Linear,MM,256,512,128,0.6919,0.3193,0.75,"(1, 512)","(1, 128)",dp_stress
46,stress_layer_12,Linear,MM,256,512,128,0.0174,0.1162,0.0,"(1, 512)","(1, 128)",dp_stress
46,stress_layer_13,Linear,MM,256,512,128,0.0691,0.1483,0.0,"(1, 512)","(1, 128)",dp_stress
46,stress_layer_14,Linear,MM,256,512,128,0.0961,0.0809,0.0,"(1, 512)","(1, 128)",dp_stress
46,stress_layer_15,Linear,MM,256,512,128,0.086,0.0699,0.0,"(1, 512)","(1, 128)",dp_stress
46,stress_layer_16,Linear,MM,256,512,128,0.0032,0.0727,0.0,"(1, 512)","(1, 128)",dp_stress
46,stress_layer_17,Linear,MM,256,512,128,0.5114,0.3433,0.75,"(1, 512)","(1, 128)",dp_stress
46,stress_layer_18,Linear,MM,256,512,128,0.0679,0.0685,0.0,"(1, 512)","(1, 128)",dp_stress
46,stress_layer_19,Linear,MM,256,512,128,0.0094,0.1407,0.0,"(1, 512)","(1, 128)",dp_stress
46,stress_layer_20,Linear,MM,256,512,128,0.0609,0.1076,0.0,"(1, 512)","(1, 128)",dp_stress
46,stress_layer_21,Linear,MM,256,512,128,0.0364,0.1339,0.0,"(1, 512)","(1, 128)",dp_stress
46,stress_layer_22,Linear,MM,256,512,128,0.0369,0.0518,0.0,"(1, 512)","(1, 128)",dp_stress
46,stress_layer_23,Linear,MM,256,512,128,0.6841,0.4057,0.75,"(1, 512)","(1, 128)",dp_stress
46,stress_layer_24,Linear,MM,256,512,128,0.0888,0.1381,0.0,"(1, 512)","(1, 128)",dp_stress
46,stress_layer_25,Linear,MM,256,512,128,0.0108,0.0378,0.0,"(1, 512)","(1, 128)",dp_stress
46,stress_layer_26,Linear,MM,256,512,128,0.0693,0.0169,0.0,"(1, 512)","(1, 128)",dp_stress
46,stress_layer_27,Linear,MM,256,512,128,0.0459,0.0863,0.0,"(1, 512)","(1, 128)",dp_stress
46,stress_layer_28,Linear,MM,256,512,128,0.0648,0.1314,0.0,"(1, 512)","(1, 128)",dp_stress
46,stress_layer_29,Linear,MM,256,512,128,0.5512,0.403,0.75,"(1, 512)","(1, 128)",dp_stress
46,stress_layer_30,Linear,MM,256,512,128,0.0236,0.0473,0.0,"(1, 512)","(1, 128)",dp_stress
46,stress_layer_31,Linear,MM,256,512,128,0.0531,0.0775,0.0,"(1, 512)","(1, 128)",dp_stress
46,stress_layer_32,Linear,MM,256,512,128,0.0247,0.1266,0.0,"(1, 512)","(1, 128)",dp_stress
46,stress_layer_33,Linear,MM,256,512,128,0.0681,0.0102,0.0,"(1, 512)","(1, 128)",dp_stress
46,stress_layer_34,Linear,MM,256,512,128,0.0313,0.126,0.0,"(1, 512)","(1, 128)",dp_stress
46,stress_layer_35,Linear,MM,256,512,128,0.6342,0.4452,0.75,"(1, 512)","(1, 128)",dp_stress
46,stress_layer_36,Linear,MM,256,512,128,0.0057,0.1191,0.0,"(1, 512)","(1, 128)",dp_stress
46,stress_layer_37,Linear,MM,256,512,128,0.0616,0.0122,0.0,"(1, 512)","(1, 128)",dp_stress
46,stress_layer_38,Linear,MM,256,512,128,0.017,0.1241,0.0,"(1, 512)","(1, 128)",dp_stress
46,stress_layer_39,Linear,MM,256,512,128,0.0195,0.1109,0.0,"(1, 512)","(1, 128)",dp_stress
47,stress_layer_0,Linear,MM,256,512,128,0.0332,0.0344,0.0,"(1, 512)","(1, 128)",dp_stress
47,stress_layer_1,Linear,MM,256,512,128,0.0765,0.0728,0.0,"(1, 512)","(1, 128)",dp_stress
47,stress_layer_2,Linear,MM,256,512,128,0.0801,0.0537,0.0,"(1, 512)","(1, 128)",dp_stress
47,stress_layer_3,Linear,MM,256,512,128,0.0893,0.1163,0.0,"(1, 512)","(1, 128)",dp_stress
47,stress_layer_4,Linear,MM,256,512,128,0.0486,0.0699,0.0,"(1, 512)","(1, 128)",dp_stress
47,stress_layer_5,Linear,MM,256,512,128,0.5043,0.4558,0.75,"(1, 512)","(1, 128)",dp_stress
47,stress_layer_6,Linear,MM,256,512,128,0.0109,0.0441,0.0,"(1, 512)","(1, 128)",dp_stress
47,stress_layer_7,Linear,MM,256,512,128,0.063,0.1295,0.0,"(1, 512)","(1, 128)",dp_stress
47,stress_layer_8,Linear,MM,256,512,128,0.0377,0.0282,0.0,"(1, 512)","(1, 128)",dp_stress
47,stress_layer_9,Linear,MM,256,512,128,0.0516,0.0703,0.0,"(1, 512)","(1, 128)",dp_stress
47,stress_layer_10,Linear,MM,256,512,128,0.026,0.1429,0.0,"(1, 512)","(1, 128)",dp_stress
47,stress_layer_11,Linear,MM,256,512,128,0.5204,0.4537,0.75,"(1, 512)","(1, 128)",dp_stress
47,stress_layer_12,Linear,MM,256,512,128,0.0467,0.0828,0.0,"(1, 512)","(1, 128)",dp_stress
47,stress_layer_13,Linear,MM,256,512,128,0.0426,0.0147,0.0,"(1, 512)","(1, 128)",dp_stress
47,stress_layer_14,Linear,MM,256,512,128,0.084,0.1274,0.0,"(1, 512)","(1, 128)",dp_stress
47,stress_layer_15,Linear,MM,256,512,128,0.0982,0.1186,0.0,"(1, 512)","(1, 128)",dp_stress
47,stress_layer_16,Linear,MM,256,512,128,0.0866,0.0101,0.0,"(1, 512)","(1, 128)",dp_stress
47,stress_layer_17,Linear,MM,256,512,128,0.539,0.4366,0.75,"(1, 512)","(1, 128)",dp_stress
47,stress_layer_18,Linear,MM,256,512,128,0.0085,0.1418,0.0,"(1, 512)","(1, 128)",dp_stress
47,stress_layer_19,Linear,MM,256,512,128,0.0397,0.0497,0.0,"(1, 512)","(1, 128)",dp_stress
47,stress_layer_20,Linear,MM,256,512,128,0.0588,0.0326,0.0,"(1, 512)","(1, 128)",dp_stress
47,stress_layer_21,Linear,MM,256,512,128,0.0612,0.1497,0.0,"(1, 512)","(1, 128)",dp_stress
47,stress_layer_22,Linear,MM,256,512,128,0.0192,0.1427,0.0,"(1, 512)","(1, 128)",dp_stress
47,stress_layer_23,Linear,MM,256,512,128,0.5286,0.3365,0.75,"(1, 512)","(1, 128)",dp_stress
47,stress_layer_24,Linear,MM,256,512,128,0.0785,0.0177,0.0,"(1, 512)","(1, 128)",dp_stress
47,stress_layer_25,Linear,MM,256,512,128,0.0645,0.1171,0.0,"(1, 512)","(1, 128)",dp_stress
47,stress_layer_26,Linear,MM,256,512,128,0.0597,0.0023,0.0,"(1, 512)","(1, 128)",dp_stress
47,stress_layer_27,Linear,MM,256,512,128,0.0935,0.0052,0.0,"(1, 512)","(1, 128)",dp_stress
47,stress_layer_28,Linear,MM,256,512,128,0.0327,0.0995,0.0,"(1, 512)","(1, 128)",dp_stress
47,stress_layer_29,Linear,MM,256,512,128,0.6076,0.4717,0.75,"(1, 512)","(1, 128)",dp_stress
47,stress_layer_30,Linear,MM,256,512,128,0.0206,0.0481,0.0,"(1, 512)","(1, 128)",dp_stress
47,stress_layer_31,Linear,MM,256,512,128,0.0776,0.0186,0.0,"(1, 512)","(1, 128)",dp_stress
47,stress_layer_32,Linear,MM,256,512,128,0.0049,0.078,0.0,"(1, 512)","(1, 128)",dp_stress
47,stress_layer_33,Linear,MM,256,512,128,0.0953,0.1086,0.0,"(1, 512)","(1, 128)",dp_stress
47,stress_layer_34,Linear,MM,256,512,128,0.0506,0.0398,0.0,"(1, 512)","(1, 128)",dp_stress
47,stress_layer_35,Linear,MM,256,512,128,0.56,0.4256,0.75,"(1, 512)","(1, 128)",dp_stress
47,stress_layer_36,Linear,MM,256,512,128,0.0535,0.1241,0.0,"(1, 512)","(1, 128)",dp_stress
47,stress_layer_37,Linear,MM,256,512,128,0.0334,0.1058,0.0,"(1, 512)","(1, 128)",dp_stress
47,stress_layer_38,Linear,MM,256,512,128,0.0655,0.1206,0.0,"(1, 512)","(1, 128)",dp_stress
47,stress_layer_39,Linear,MM,256,512,128,0.07,0.1359,0.0,"(1, 512)","(1, 128)",dp_stress
48,stress_layer_0,Linear,MM,256,512,128,0.0992,0.0269,0.0,"(1, 512)","(1, 128)",dp_stress
48,stress_layer_1,Linear,MM,256,512,128,0.0677,0.0127,0.0,"(1, 512)","(1, 128)",dp_stress
48,stress_layer_2,Linear,MM,256,512,128,0.0335,0.119,0.0,"(1, 512)","(1, 128)",dp_stress
48,stress_layer_3,Linear,MM,256,512,128,0.054,0.0631,0.0,"(1, 512)","(1, 128)",dp_stress
48,stress_layer_4,Linear,MM,256,512,128,0.0148,0.0337,0.0,"(1, 512)","(1, 128)",dp_stress
48,stress_layer_5,Linear,MM,256,512,128,0.6093,0.4565,0.75,"(1, 512)","(1, 128)",dp_stress
48,stress_layer_6,Linear,MM,256,512,128,0.0275,0.0703,0.0,"(1, 512)","(1, 128)",dp_stress
48,stress_layer_7,Linear,MM,256,512,128,0.0568,0.0229,0.0,"(1, 512)","(1, 128)",dp_stress
48,stress_layer_8,Linear,MM,256,512,128,0.0797,0.1284,0.0,"(1, 512)","(1, 128)",dp_stress
48,stress_layer_9,Linear,MM,256,512,128,0.0435,0.0956,0.0,"(1, 512)","(1, 128)",dp_stress
48,stress_layer_10,Linear,MM,256,512,128,0.0904,0.1209,0.0,"(1, 512)","(1, 128)",dp_stress
48,stress_layer_11,Linear,MM,256,512,128,0.5592,0.4478,0.75,"(1, 512)","(1, 128)",dp_stress
48,stress_layer_12,Linear,MM,256,512,128,0.0305,0.0103,0.0,"(1, 512)","(1, 128)",dp_stress
48,stress_layer_13,Linear,MM,256,512,128,0.0557,0.0,0.0,"(1, 512)","(1, 128)",dp_stress
48,stress_layer_14,Linear,MM,256,512,128,0.0096,0.075,0.0,"(1, 512)","(1, 128)",dp_stress
48,stress_layer_15,Linear,MM,256,512,128,0.021,0.1093,0.0,"(1, 512)","(1, 128)",dp_stress
48,stress_layer_16,Linear,MM,256,512,128,0.0604,0.103,0.0,"(1, 512)","(1, 128)",dp_stress
48,stress_layer_17,Linear,MM,256,512,128,0.5418,0.41,0.75,"(1, 512)","(1, 128)",dp_stress
48,stress_layer_18,Linear,MM,256,512,128,0.0144,0.0156,0.0,"(1, 512)","(1, 128)",dp_stress
48,stress_layer_19,Linear,MM,256,512,128,0.0547,0.1144,0.0,"(1, 512)","(1, 128)",dp_stress
48,stress_layer_20,Linear,MM,256,512,128,0.0969,0.088,0.0,"(1, 512)","(1, 128)",dp_stress
48,stress_layer_21,Linear,MM,256,512,128,0.0393,0.0038,0.0,"(1, 512)","(1, 128)",dp_stress
48,stress_layer_22,Linear,MM,256,512,128,0.0932,0.0911,0.0,"(1, 512)","(1, 128)",dp_stress
48,stress_layer_23,Linear,MM,256,512,128,0.5935,0.4291,0.75,"(1, 512)","(1, 128)",dp_stress
48,stress_layer_24,Linear,MM,256,512,128,0.0218,0.122,0.0,"(1, 512)","(1, 128)",dp_stress
48,stress_layer_25,Linear,MM,256,512,128,0.0431,0.0039,0.0,"(1, 512)","(1, 128)",dp_stress
48,stress_layer_26,Linear,MM,256,512,128,0.0326,0.024,0.0,"(1, 512)","(1, 128)",dp_stress
48,stress_layer_27,Linear,MM,256,512,128,0.0128,0.0824,0.0,"(1, 512)","(1, 128)",dp_stress
48,stress_layer_28,Linear,MM,256,512,128,0.0607,0.1429,0.0,"(1, 512)","(1, 128)",dp_stress
48,stress_layer_29,Linear,MM,256,512,128,0.5587,0.4227,0.75,"(1, 512)","(1, 128)",dp_stress
48,stress_layer_30,Linear,MM,256,512,128,0.0394,0.1284,0.0,"(1, 512)","(1, 128)",dp_stress
48,stress_layer_31,Linear,MM,256,512,128,0.0283,0.0975,0.0,"(1, 512)","(1, 128)",dp_stress
48,stress_layer_32,Linear,MM,256,512,128,0.0598,0.0366,0.0,"(1, 512)","(1, 128)",dp_stress
48,stress_layer_33,Linear,MM,256,512,128,0.0724,0.0002,0.0,"(1, 512)","(1, 128)",dp_stress
48,stress_layer_34,Linear,MM,256,512,128,0.012,0.0759,0.0,"(1, 512)","(1, 128)",dp_stress
48,stress_layer_35,Linear,MM,256,512,128,0.6041,0.4814,0.75,"(1, 512)","(1, 128)",dp_stress
48,stress_layer_36,Linear,MM,256,512,128,0.0573,0.1242,0.0,"(1, 512)","(1, 128)",dp_stress
48,stress_layer_37,Linear,MM,256,512,128,0.0138,0.0991,0.0,"(1, 512)","(1, 128)",dp_stress
48,stress_layer_38,Linear,MM,256,512,128,0.0505,0.134,0.0,"(1, 512)","(1, 128)",dp_stress
48,stress_layer_39,Linear,MM,256,512,128,0.0893,0.0948,0.0,"(1, 512)","(1, 128)",dp_stress
49,stress_layer_0,Linear,MM,256,512,128,0.0825,0.043,0.0,"(1, 512)","(1, 128)",dp_stress
49,stress_layer_1,Linear,MM,256,512,128,0.0449,0.0988,0.0,"(1, 512)","(1, 128)",dp_stress
49,stress_layer_2,Linear,MM,256,512,128,0.042,0.0915,0.0,"(1, 512)","(1, 128)",dp_stress
49,stress_layer_3,Linear,MM,256,512,128,0.0245,0.0811,0.0,"(1, 512)","(1, 128)",dp_stress
49,stress_layer_4,Linear,MM,256,512,128,0.0263,0.1058,0.0,"(1, 512)","(1, 128)",dp_stress
49,stress_layer_5,Linear,MM,256,512,128,0.6868,0.3397,0.75,"(1, 512)","(1, 128)",dp_stress
49,stress_layer_6,Linear,MM,256,512,128,0.0257,0.0008,0.0,"(1, 512)","(1, 128)",dp_stress
49,stress_layer_7,Linear,MM,256,512,128,0.0249,0.137,0.0,"(1, 512)","(1, 128)",dp_stress
49,stress_layer_8,Linear,MM,256,512,128,0.0994,0.1326,0.0,"(1, 512)","(1, 128)",dp_stress
49,stress_layer_9,Linear,MM,256,512,128,0.0796,0.0087,0.0,"(1, 512)","(1, 128)",dp_stress
49,stress_layer_10,Linear,MM,256,512,128,0.0301,0.03,0.0,"(1, 512)","(1, 128)",dp_stress
49,stress_layer_11,Linear,MM,256,512,128,0.5387,0.4813,0.75,"(1, 512)","(1, 128)",dp_stress
49,stress_layer_12,Linear,MM,256,512,128,0.0267,0.0822,0.0,"(1, 512)","(1, 128)",dp_stress
49,stress_layer_13,Linear,MM,256,512,128,0.0947,0.0879,0.0,"(1, 512)","(1, 128)",dp_stress
49,stress_layer_14,Linear,MM,256,512,128,0.0947,0.1287,0.0,"(1, 512)","(1, 128)",dp_stress
49,stress_layer_15,Linear,MM,256,512,128,0.0912,0.043,0.0,"(1, 512)","(1, 128)",dp_stress
49,stress_layer_16,Linear,MM,256,512,128,0.0327,0.0011,0.0,"(1, 512)","(1, 128)",dp_stress
49,stress_layer_17,Linear,MM,256,512,128,0.6248,0.4111,0.75,"(1, 512)","(1, 128)",dp_stress
49,stress_layer_18,Linear,MM,256,512,128,0.0914,0.1229,0.0,"(1, 512)","(1, 128)",dp_stress
49,stress_layer_19,Linear,MM,256,512,128,0.0572,0.0635,0.0,"(1, 512)","(1, 128)",dp_stress
49,stress_layer_20,Linear,MM,256,512,128,0.0298,0.0685,0.0,"(1, 512)","(1, 128)",dp_stress
49,stress_layer_21,Linear,MM,256,512,128,0.0796,0.0895,0.0,"(1, 512)","(1, 128)",dp_stress
49,stress_layer_22,Linear,MM,256,512,128,0.0251,0.0684,0.0,"(1, 512)","(1, 128)",dp_stress
49,stress_layer_23,Linear,MM,256,512,128,0.65,0.3593,0.75,"(1, 512)","(1, 128)",dp_stress
49,stress_layer_24,Linear,MM,256,512,128,0.016,0.0206,0.0,"(1, 512)","(1, 128)",dp_stress
49,stress_layer_25,Linear,MM,256,512,128,0.0131,0.0867,0.0,"(1, 512)","(1, 128)",dp_stress
49,stress_layer_26,Linear,MM,256,512,128,0.0173,0.1425,0.0,"(1, 512)","(1, 128)",dp_stress
49,stress_layer_27,Linear,MM,256,512,128,0.0892,0.091,0.0,"(1, 512)","(1, 128)",dp_stress
49,stress_layer_28,Linear,MM,256,512,128,0.0949,0.0336,0.0,"(1, 512)","(1, 128)",dp_stress
49,stress_layer_29,Linear,MM,256,512,128,0.6519,0.3483,0.75,"(1, 512)","(1, 128)",dp_stress
49,stress_layer_30,Linear,MM,256,512,128,0.0613,0.018,0.0,"(1, 512)","(1, 128)",dp_stress
49,stress_layer_31,Linear,MM,256,512,128,0.0151,0.0071,0.0,"(1, 512)","(1, 128)",dp_stress
49,stress_layer_32,Linear,MM,256,512,128,0.0533,0.0704,0.0,"(1, 512)","(1, 128)",dp_stress
49,stress_layer_33,Linear,MM,256,512,128,0.0504,0.0038,0.0,"(1, 512)","(1, 128)",dp_stress
49,stress_layer_34,Linear,MM,256,512,128,0.0506,0.0004,0.0,"(1, 512)","(1, 128)",dp_stress
49,stress_layer_35,Linear,MM,256,512,128,0.5481,0.3512,0.75,"(1, 512)","(1, 128)",dp_stress
49,stress_layer_36,Linear,MM,256,512,128,0.0826,0.1078,0.0,"(1, 512)","(1, 128)",dp_stress
49,stress_layer_37,Linear,MM,256,512,128,0.0759,0.0613,0.0,"(1, 512)","(1, 128)",dp_stress
49,stress_layer_38,Linear,MM,256,512,128,0.0784,0.1133,0.0,"(1, 512)","(1, 128)",dp_stress
49,stress_layer_39,Linear,MM,256,512,128,0.0687,0.0647,0.0,"(1, 512)","(1, 128)",dp_stress
50,stress_layer_0,Linear,MM,256,512,128,0.0128,0.0582,0.0,"(1, 512)","(1, 128)",dp_stress
50,stress_layer_1,Linear,MM,256,512,128,0.0196,0.122,0.0,"(1, 512)","(1, 128)",dp_stress
50,stress_layer_2,Linear,MM,256,512,128,0.0689,0.0883,0.0,"(1, 512)","(1, 128)",dp_stress
50,stress_layer_3,Linear,MM,256,512,128,0.0875,0.0604,0.0,"(1, 512)","(1, 128)",dp_stress
50,stress_layer_4,Linear,MM,256,512,128,0.0818,0.1028,0.0,"(1, 512)","(1, 128)",dp_stress
50,stress_layer_5,Linear,MM,256,512,128,0.6981,0.365,0.75,"(1, 512)","(1, 128)",dp_stress
50,stress_layer_6,Linear,MM,256,512,128,0.0248,0.1105,0.0,"(1, 512)","(1, 128)",dp_stress
50,stress_layer_7,Linear,MM,256,512,128,0.0251,0.1014,0.0,"(1, 512)","(1, 128)",dp_stress
50,stress_layer_8,Linear,MM,256,512,128,0.0923,0.0941,0.0,"(1, 512)","(1, 128)",dp_stress
50,stress_layer_9,Linear,MM,256,512,128,0.0952,0.039,0.0,"(1, 512)","(1, 128)",dp_stress
50,stress_layer_10,Linear,MM,256,512,128,0.0139,0.0033,0.0,"(1, 512)","(1, 128)",dp_stress
50,stress_layer_11,Linear,MM,256,512,128,0.5321,0.3528,0.75,"(1, 512)","(1, 128)",dp_stress
50,stress_layer_12,Linear,MM,256,512,128,0.0649,0.1351,0.0,"(1, 512)","(1, 128)",dp_stress
50,stress_layer_13,Linear,MM,256,512,128,0.0335,0.0204,0.0,"(1, 512)","(1, 128)",dp_stress
50,stress_layer_14,Linear,MM,256,512,128,0.0235,0.07,0.0,"(1, 512)","(1, 128)",dp_stress
50,stress_layer_15,Linear,MM,256,512,128,0.0234,0.0088,0.0,"(1, 512)","(1, 128)",dp_stress
50,stress_layer_16,Linear,MM,256,512,128,0.0251,0.056,0.0,"(1, 512)","(1, 128)",dp_stress
50,stress_layer_17,Linear,MM,256,512,128,0.5362,0.4101,0.75,"(1, 512)","(1, 128)",dp_stress
50,stress_layer_18,Linear,MM,256,512,128,0.0027,0.0694,0.0,"(1, 512)","(1, 128)",dp_stress
50,stress_layer_19,Linear,MM,256,512,128,0.081,0.0665,0.0,"(1, 512)","(1, 128)",dp_stress
50,stress_layer_20,Linear,MM,256,512,128,0.0583,0.0032,0.0,"(1, 512)","(1, 128)",dp_stress
50,stress_layer_21,Linear,MM,256,512,128,0.0448,0.0673,0.0,"(1, 512)","(1, 128)",dp_stress
50,stress_layer_22,Linear,MM,256,512,128,0.0474,0.0373,0.0,"(1, 512)","(1, 128)",dp_stress
50,stress_layer_23,Linear,MM,256,512,128,0.5543,0.4297,0.75,"(1, 512)","(1, 128)",dp_stress
50,stress_layer_24,Linear,MM,256,512,128,0.006,0.0378,0.0,"(1, 512)","(1, 128)",dp_stress
50,stress_layer_25,Linear,MM,256,512,128,0.0582,0.0975,0.0,"(1, 512)","(1, 128)",dp_stress
50,stress_layer_26,Linear,MM,256,512,128,0.0429,0.0016,0.0,"(1, 512)","(1, 128)",dp_stress
50,stress_layer_27,Linear,MM,256,512,128,0.0004,0.1285,0.0,"(1, 512)","(1, 128)",dp_stress
50,stress_layer_28,Linear,MM,256,512,128,0.0702,0.0982,0.0,"(1, 512)","(1, 128)",dp_stress
50,stress_layer_29,Linear,MM,256,512,128,0.6447,0.4212,0.75,"(1, 512)","(1, 128)",dp_stress
50,stress_layer_30,Linear,MM,256,512,128,0.0422,0.1179,0.0,"(1, 512)","(1, 128)",dp_stress
50,stress_layer_31,Linear,MM,256,512,128,0.0503,0.0429,0.0,"(1, 512)","(1, 128)",dp_stress
50,stress_layer_32,Linear,MM,256,512,128,0.0333,0.0211,0.0,"(1, 512)","(1, 128)",dp_stress
50,stress_layer_33,Linear,MM,256,512,128,0.008,0.0774,0.0,"(1, 512)","(1, 128)",dp_stress
50,stress_layer_34,Linear,MM,256,512,128,0.0007,0.0914,0.0,"(1, 512)","(1, 128)",dp_stress
50,stress_layer_35,Linear,MM,256,512,128,0.693,0.3259,0.75,"(1, 512)","(1, 128)",dp_stress
50,stress_layer_36,Linear,MM,256,512,128,0.0147,0.0578,0.0,"(1, 512)","(1, 128)",dp_stress
50,stress_layer_37,Linear,MM,256,512,128,0.0529,0.1472,0.0,"(1, 512)","(1, 128)",dp_stress
50,stress_layer_38,Linear,MM,256,512,128,0.0382,0.0827,0.0,"(1, 512)","(1, 128)",dp_stress
50,stress_layer_39,Linear,MM,256,512,128,0.0595,0.0657,0.0,"(1, 512)","(1, 128)",dp_stress
51,stress_layer_0,Linear,MM,256,512,128,0.063,0.0011,0.0,"(1, 512)","(1, 128)",dp_stress
51,stress_layer_1,Linear,MM,256,512,128,0.0951,0.0674,0.0,"(1, 512)","(1, 128)",dp_stress
51,stress_layer_2,Linear,MM,256,512,128,0.0844,0.1168,0.0,"(1, 512)","(1, 128)",dp_stress
51,stress_layer_3,Linear,MM,256,512,128,0.0097,0.1186,0.0,"(1, 512)","(1, 128)",dp_stress
51,stress_layer_4,Linear,MM,256,512,128,0.0436,0.1074,0.0,"(1, 512)","(1, 128)",dp_stress
51,stress_layer_5,Linear,MM,256,512,128,0.6625,0.3602,0.75,"(1, 512)","(1, 128)",dp_stress
51,stress_layer_6,Linear,MM,256,512,128,0.0279,0.0161,0.0,"(1, 512)","(1, 128)",dp_stress
51,stress_layer_7,Linear,MM,256,512,128,0.0713,0.0602,0.0,"(1, 512)","(1, 128)",dp_stress
51,stress_layer_8,Linear,MM,256,512,128,0.0173,0.0378,0.0,"(1, 512)","(1, 128)",dp_stress
51,stress_layer_9,Linear,MM,256,512,128,0.0121,0.0051,0.0,"(1, 512)","(1, 128)",dp_stress
51,stress_layer_10,Linear,MM,256,512,128,0.0503,0.1421,0.0,"(1, 512)","(1, 128)",dp_stress
51,stress_layer_11,Linear,MM,256,512,128,0.5591,0.3966,0.75,"(1, 512)","(1, 128)",dp_stress
51,stress_layer_12,Linear,MM,256,512,128,0.085,0.068,0.0,"(1, 512)","(1, 128)",dp_stress
51,stress_layer_13,Linear,MM,256,512,128,0.0455,0.067,0.0,"(1, 512)","(1, 128)",dp_stress
51,stress_layer_14,Linear,MM,256,512,128,0.023,0.1374,0.0,"(1, 512)","(1, 128)",dp_stress
51,stress_layer_15,Linear,MM,256,512,128,0.0415,0.0373,0.0,"(1, 512)","(1, 128)",dp_stress
51,stress_layer_16,Linear,MM,256,512,128,0.0103,0.144,0.0,"(1, 512)","(1, 128)",dp_stress
51,stress_layer_17,Linear,MM,256,512,128,0.658,0.4473,0.75,"(1, 512)","(1, 128)",dp_stress
51,stress_layer_18,Linear,MM,256,512,128,0.0783,0.1274,0.0,"(1, 512)","(1, 128)",dp_stress
51,stress_layer_19,Linear,MM,256,512,128,0.0772,0.1145,0.0,"(1, 512)","(1, 128)",dp_stress
51,stress_layer_20,Linear,MM,256,512,128,0.0756,0.12,0.0,"(1, 512)","(1, 128)",dp_stress
51,stress_layer_21,Linear,MM,256,512,128,0.0047,0.0401,0.0,"(1, 512)","(1, 128)",dp_stress
51,stress_layer_22,Linear,MM,256,512,128,0.0393,0.0546,0.0,"(1, 512)","(1, 128)",dp_stress
51,stress_layer_23,Linear,MM,256,512,128,0.5177,0.3909,0.75,"(1, 512)","(1, 128)",dp_stress
51,stress_layer_24,Linear,MM,256,512,128,0.0409,0.027,0.0,"(1, 512)","(1, 128)",dp_stress
51,stress_layer_25,Linear,MM,256,512,128,0.0621,0.0264,0.0,"(1, 512)","(1, 128)",dp_stress
51,stress_layer_26,Linear,MM,256,512,128,0.0845,0.0681,0.0,"(1, 512)","(1, 128)",dp_stress
51,stress_layer_27,Linear,MM,256,512,128,0.0365,0.0153,0.0,"(1, 512)","(1, 128)",dp_stress
51,stress_layer_28,Linear,MM,256,512,128,0.0462,0.112,0.0,"(1, 512)","(1, 128)",dp_stress
51,stress_layer_29,Linear,MM,256,512,128,0.6818,0.3764,0.75,"(1, 512)","(1, 128)",dp_stress
51,stress_layer_30,Linear,MM,256,512,128,0.0927,0.0514,0.0,"(1, 512)","(1, 128)",dp_stress
51,stress_layer_31,Linear,MM,256,512,128,0.0789,0.0024,0.0,"(1, 512)","(1, 128)",dp_stress
51,stress_layer_32,Linear,MM,256,512,128,0.017,0.0515,0.0,"(1, 512)","(1, 128)",dp_stress
51,stress_layer_33,Linear,MM,256,512,128,0.023,0.0922,0.0,"(1, 512)","(1, 128)",dp_stress
51,stress_layer_34,Linear,MM,256,512,128,0.0526,0.1459,0.0,"(1, 512)","(1, 128)",dp_stress
51,stress_layer_35,Linear,MM,256,512,128,0.664,0.317,0.75,"(1, 512)","(1, 128)",dp_stress
51,stress_layer_36,Linear,MM,256,512,128,0.0494,0.0482,0.0,"(1, 512)","(1, 128)",dp_stress
51,stress_layer_37,Linear,MM,256,512,128,0.0788,0.0881,0.0,"(1, 512)","(1, 128)",dp_stress
51,stress_layer_38,Linear,MM,256,512,128,0.0143,0.0026,0.0,"(1, 512)","(1, 128)",dp_stress
51,stress_layer_39,Linear,MM,256,512,128,0.0806,0.1487,0.0,"(1, 512)","(1, 128)",dp_stress
52,stress_layer_0,Linear,MM,256,512,128,0.0,0.1054,0.0,"(1, 512)","(1, 128)",dp_stress
52,stress_layer_1,Linear,MM,256,512,128,0.0294,0.1398,0.0,"(1, 512)","(1, 128)",dp_stress
52,stress_layer_2,Linear,MM,256,512,128,0.0167,0.1109,0.0,"(1, 512)","(1, 128)",dp_stress
52,stress_layer_3,Linear,MM,256,512,128,0.0264,0.0077,0.0,"(1, 512)","(1, 128)",dp_stress
52,stress_layer_4,Linear,MM,256,512,128,0.0272,0.0222,0.0,"(1, 512)","(1, 128)",dp_stress
52,stress_layer_5,Linear,MM,256,512,128,0.501,0.3283,0.75,"(1, 512)","(1, 128)",dp_stress
52,stress_layer_6,Linear,MM,256,512,128,0.0063,0.026,0.0,"(1, 512)","(1, 128)",dp_stress
52,stress_layer_7,Linear,MM,256,512,128,0.0296,0.0894,0.0,"(1, 512)","(1, 128)",dp_stress
52,stress_layer_8,Linear,MM,256,512,128,0.0748,0.1444,0.0,"(1, 512)","(1, 128)",dp_stress
52,stress_layer_9,Linear,MM,256,512,128,0.0997,0.092,0.0,"(1, 512)","(1, 128)",dp_stress
52,stress_layer_10,Linear,MM,256,512,128,0.0603,0.116,0.0,"(1, 512)","(1, 128)",dp_stress
52,stress_layer_11,Linear,MM,256,512,128,0.6641,0.339,0.75,"(1, 512)","(1, 128)",dp_stress
52,stress_layer_12,Linear,MM,256,512,128,0.0245,0.1117,0.0,"(1, 512)","(1, 128)",dp_stress
52,stress_layer_13,Linear,MM,256,512,128,0.0093,0.1188,0.0,"(1, 512)","(1, 128)",dp_stress
52,stress_layer_14,Linear,MM,256,512,128,0.0782,0.0973,0.0,"(1, 512)","(1, 128)",dp_stress
52,stress_layer_15,Linear,MM,256,512,128,0.0637,0.0137,0.0,"(1, 512)","(1, 128)",dp_stress
52,stress_layer_16,Linear,MM,256,512,128,0.0015,0.0921,0.0,"(1, 512)","(1, 128)",dp_stress
52,stress_layer_17,Linear,MM,256,512,128,0.5808,0.3354,0.75,"(1, 512)","(1, 128)",dp_stress
52,stress_layer_18,Linear,MM,256,512,128,0.0599,0.0359,0.0,"(1, 512)","(1, 128)",dp_stress
52,stress_layer_19,Linear,MM,256,512,128,0.0185,0.0681,0.0,"(1, 512)","(1, 128)",dp_stress
52,stress_layer_20,Linear,MM,256,512,128,0.0483,0.1308,0.0,"(1, 512)","(1, 128)",dp_stress
52,stress_layer_21,Linear,MM,256,512,128,0.0704,0.143,0.0,"(1, 512)","(1, 128)",dp_stress
52,stress_layer_22,Linear,MM,256,512,128,0.0913,0.0887,0.0,"(1, 512)","(1, 128)",dp_stress
52,stress_layer_23,Linear,MM,256,512,128,0.6824,0.4484,0.75,"(1, 512)","(1, 128)",dp_stress
52,stress_layer_24,Linear,MM,256,512,128,0.0326,0.0791,0.0,"(1, 512)","(1, 128)",dp_stress
52,stress_layer_25,Linear,MM,256,512,128,0.0765,0.0195,0.0,"(1, 512)","(1, 128)",dp_stress
52,stress_layer_26,Linear,MM,256,512,128,0.0001,0.0679,0.0,"(1, 512)","(1, 128)",dp_stress
52,stress_layer_27,Linear,MM,256,512,128,0.0161,0.0768,0.0,"(1, 512)","(1, 128)",dp_stress
52,stress_layer_28,Linear,MM,256,512,128,0.0463,0.1229,0.0,"(1, 512)","(1, 128)",dp_stress
52,stress_layer_29,Linear,MM,256,512,128,0.5269,0.4494,0.75,"(1, 512)","(1, 128)",dp_stress
52,stress_layer_30,Linear,MM,256,512,128,0.0372,0.0312,0.0,"(1, 512)","(1, 128)",dp_stress
52,stress_layer_31,Linear,MM,256,512,128,0.0777,0.1452,0.0,"(1, 512)","(1, 128)",dp_stress
52,stress_layer_32,Linear,MM,256,512,128,0.0903,0.1392,0.0,"(1, 512)","(1, 128)",dp_stress
52,stress_layer_33,Linear,MM,256,512,128,0.0818,0.0964,0.0,"(1, 512)","(1, 128)",dp_stress
52,stress_layer_34,Linear,MM,256,512,128,0.0906,0.0256,0.0,"(1, 512)","(1, 128)",dp_stress
52,stress_layer_35,Linear,MM,256,512,128,0.5065,0.4269,0.75,"(1, 512)","(1, 128)",dp_stress
52,stress_layer_36,Linear,MM,256,512,128,0.0464,0.0949,0.0,"(1, 512)","(1, 128)",dp_stress
52,stress_layer_37,Linear,MM,256,512,128,0.0464,0.0457,0.0,"(1, 512)","(1, 128)",dp_stress
52,stress_layer_38,Linear,MM,256,512,128,0.0042,0.1425,0.0,"(1, 512)","(1, 128)",dp_stress
52,stress_layer_39,Linear,MM,256,512,128,0.0296,0.0371,0.0,"(1, 512)","(1, 128)",dp_stress
53,stress_layer_0,Linear,MM,256,512,128,0.0016,0.0628,0.0,"(1, 512)","(1, 128)",dp_stress
53,stress_layer_1,Linear,MM,256,512,128,0.0091,0.0989,0.0,"(1, 512)","(1, 128)",dp_stress
53,stress_layer_2,Linear,MM,256,512,128,0.0549,0.0893,0.0,"(1, 512)","(1, 128)",dp_stress
53,stress_layer_3,Linear,MM,256,512,128,0.095,0.0375,0.0,"(1, 512)","(1, 128)",dp_stress
53,stress_layer_4,Linear,MM,256,512,128,0.0611,0.0011,0.0,"(1, 512)","(1, 128)",dp_stress
53,stress_layer_5,Linear,MM,256,512,128,0.5853,0.3022,0.75,"(1, 512)","(1, 128)",dp_stress
53,stress_layer_6,Linear,MM,256,512,128,0.0292,0.1012,0.0,"(1, 512)","(1, 128)",dp_stress
53,stress_layer_7,Linear,MM,256,512,128,0.0998,0.0837,0.0,"(1, 512)","(1, 128)",dp_stress
53,stress_layer_8,Linear,MM,256,512,128,0.0438,0.1291,0.0,"(1, 512)","(1, 128)",dp_stress
53,stress_layer_9,Linear,MM,256,512,128,0.0857,0.1454,0.0,"(1, 512)","(1, 128)",dp_stress
53,stress_layer_10,Linear,MM,256,512,128,0.0018,0.1387,0.0,"(1, 512)","(1, 128)",dp_stress
53,stress_layer_11,Linear,MM,256,512,128,0.6757,0.3535,0.75,"(1, 512)","(1, 128)",dp_stress
53,stress_layer_12,Linear,MM,256,512,128,0.0711,0.1289,0.0,"(1, 512)","(1, 128)",dp_stress
53,stress_layer_13,Linear,MM,256,512,128,0.0624,0.1095,0.0,"(1, 512)","(1, 128)",dp_stress
53,stress_layer_14,Linear,MM,256,512,128,0.008,0.0748,0.0,"(1, 512)","(1, 128)",dp_stress
53,stress_layer_15,Linear,MM,256,512,128,0.0785,0.1121,0.0,"(1, 512)","(1, 128)",dp_stress
53,stress_layer_16,Linear,MM,256,512,128,0.0269,0.0266,0.0,"(1, 512)","(1, 128)",dp_stress
53,stress_layer_17,Linear,MM,256,512,128,0.5215,0.3983,0.75,"(1, 512)","(1, 128)",dp_stress
53,stress_layer_18,Linear,MM,256,512,128,0.0509,0.0362,0.0,"(1, 512)","(1, 128)",dp_stress
53,stress_layer_19,Linear,MM,256,512,128,0.0854,0.1495,0.0,"(1, 512)","(1, 128)",dp_stress
53,stress_layer_20,Linear,MM,256,512,128,0.0015,0.1398,0.0,"(1, 512)","(1, 128)",dp_stress
53,stress_layer_21,Linear,MM,256,512,128,0.0557,0.0646,0.0,"(1, 512)","(1, 128)",dp_stress
53,stress_layer_22,Linear,MM,256,512,128,0.0221,0.1305,0.0,"(1, 512)","(1, 128)",dp_stress
53,stress_layer_23,Linear,MM,256,512,128,0.678,0.4433,0.75,"(1, 512)","(1, 128)",dp_stress
53,stress_layer_24,Linear,MM,256,512,128,0.0993,0.0779,0.0,"(1, 512)","(1, 128)",dp_stress
53,stress_layer_25,Linear,MM,256,512,128,0.0737,0.0644,0.0,"(1, 512)","(1, 128)",dp_stress
53,stress_layer_26,Linear,MM,256,512,128,0.0764,0.122,0.0,"(1, 512)","(1, 128)",dp_stress
53,stress_layer_27,Linear,MM,256,512,128,0.0325,0.116,0.0,"(1, 512)","(1, 128)",dp_stress
53,stress_layer_28,Linear,MM,256,512,128,0.0161,0.1051,0.0,"(1, 512)","(1, 128)",dp_stress
53,stress_layer_29,Linear,MM,256,512,128,0.6594,0.4593,0.75,"(1, 512)","(1, 128)",dp_stress
53,stress_layer_30,Linear,MM,256,512,128,0.0869,0.0574,0.0,"(1, 512)","(1, 128)",dp_stress
53,stress_layer_31,Linear,MM,256,512,128,0.0826,0.0376,0.0,"(1, 512)","(1, 128)",dp_stress
53,stress_layer_32,Linear,MM,256,512,128,0.0771,0.0206,0.0,"(1, 512)","(1, 128)",dp_stress
53,stress_layer_33,Linear,MM,256,512,128,0.065,0.1225,0.0,"(1, 512)","(1, 128)",dp_stress
53,stress_layer_34,Linear,MM,256,512,128,0.0149,0.1073,0.0,"(1, 512)","(1, 128)",dp_stress
53,stress_layer_35,Linear,MM,256,512,128,0.6105,0.3018,0.75,"(1, 512)","(1, 128)",dp_stress
53,stress_layer_36,Linear,MM,256,512,128,0.0451,0.0875,0.0,"(1, 512)","(1, 128)",dp_stress
53,stress_layer_37,Linear,MM,256,512,128,0.028,0.0566,0.0,"(1, 512)","(1, 128)",dp_stress
53,stress_layer_38,Linear,MM,256,512,128,0.0136,0.0548,0.0,"(1, 512)","(1, 128)",dp_stress
53,stress_layer_39,Linear,MM,256,512,128,0.0939,0.0065,0.0,"(1, 512)","(1, 128)",dp_stress
54,stress_layer_0,Linear,MM,256,512,128,0.0822,0.1328,0.0,"(1, 512)","(1, 128)",dp_stress
54,stress_layer_1,Linear,MM,256,512,128,0.0653,0.108,0.0,"(1, 512)","(1, 128)",dp_stress
54,stress_layer_2,Linear,MM,256,512,128,0.0365,0.1072,0.0,"(1, 512)","(1, 128)",dp_stress
54,stress_layer_3,Linear,MM,256,512,128,0.0733,0.105,0.0,"(1, 512)","(1, 128)",dp_stress
54,stress_layer_4,Linear,MM,256,512,128,0.0401,0.0551,0.0,"(1, 512)","(1, 128)",dp_stress
54,stress_layer_5,Linear,MM,256,512,128,0.666,0.3267,0.75,"(1, 512)","(1, 128)",dp_stress
54,stress_layer_6,Linear,MM,256,512,128,0.0372,0.1359,0.0,"(1, 512)","(1, 128)",dp_stress
54,stress_layer_7,Linear,MM,256,512,128,0.0093,0.065,0.0,"(1, 512)","(1, 128)",dp_stress
54,stress_layer_8,Linear,MM,256,512,128,0.0042,0.0356,0.0,"(1, 512)","(1, 128)",dp_stress
54,stress_layer_9,Linear,MM,256,512,128,0.0406,0.1487,0.0,"(1, 512)","(1, 128)",dp_stress
54,stress_layer_10,Linear,MM,256,512,128,0.0643,0.0774,0.0,"(1, 512)","(1, 128)",dp_stress
54,stress_layer_11,Linear,MM,256,512,128,0.6359,0.3782,0.75,"(1, 512)","(1, 128)",dp_stress
54,stress_layer_12,Linear,MM,256,512,128,0.0518,0.0861,0.0,"(1, 512)","(1, 128)",dp_stress
54,stress_layer_13,Linear,MM,256,512,128,0.0343,0.0631,0.0,"(1, 512)","(1, 128)",dp_stress
54,stress_layer_14,Linear,MM,256,512,128,0.0747,0.1158,0.0,"(1, 512)","(1, 128)",dp_stress
54,stress_layer_15,Linear,MM,256,512,128,0.0853,0.1425,0.0,"(1, 512)","(1, 128)",dp_stress
54,stress_layer_16,Linear,MM,256,512,128,0.005,0.1029,0.0,"(1, 512)","(1, 128)",dp_stress
54,stress_layer_17,Linear,MM,256,512,128,0.6677,0.4678,0.75,"(1, 512)","(1, 128)",dp_stress
54,stress_layer_18,Linear,MM,256,512,128,0.0888,0.032,0.0,"(1, 512)","(1, 128)",dp_stress
54,stress_layer_19,Linear,MM,256,512,128,0.0869,0.0484,0.0,"(1, 512)","(1, 128)",dp_stress
54,stress_layer_20,Linear,MM,256,512,128,0.0094,0.0003,0.0,"(1, 512)","(1, 128)",dp_stress
54,stress_layer_21,Linear,MM,256,512,128,0.0229,0.1086,0.0,"(1, 512)","(1, 128)",dp_stress
54,stress_layer_22,Linear,MM,256,512,128,0.0359,0.1378,0.0,"(1, 512)","(1, 128)",dp_stress
54,stress_layer_23,Linear,MM,256,512,128,0.6166,0.4588,0.75,"(1, 512)","(1, 128)",dp_stress
54,stress_layer_24,Linear,MM,256,512,128,0.0284,0.109,0.0,"(1, 512)","(1, 128)",dp_stress
54,stress_layer_25,Linear,MM,256,512,128,0.0657,0.0781,0.0,"(1, 512)","(1, 128)",dp_stress
54,stress_layer_26,Linear,MM,256,512,128,0.0953,0.1492,0.0,"(1, 512)","(1, 128)",dp_stress
54,stress_layer_27,Linear,MM,256,512,128,0.0174,0.0183,0.0,"(1, 512)","(1, 128)",dp_stress
54,stress_layer_28,Linear,MM,256,512,128,0.062,0.0762,0.0,"(1, 512)","(1, 128)",dp_stress
54,stress_layer_29,Linear,MM,256,512,128,0.5716,0.4069,0.75,"(1, 512)","(1, 128)",dp_stress
54,stress_layer_30,Linear,MM,256,512,128,0.0457,0.0076,0.0,"(1, 512)","(1, 128)",dp_stress
54,stress_layer_31,Linear,MM,256,512,128,0.0764,0.1323,0.0,"(1, 512)","(1, 128)",dp_stress
54,stress_layer_32,Linear,MM,256,512,128,0.0072,0.0297,0.0,"(1, 512)","(1, 128)",dp_stress
54,stress_layer_33,Linear,MM,256,512,128,0.0263,0.03,0.0,"(1, 512)","(1, 128)",dp_stress
54,stress_layer_34,Linear,MM,256,512,128,0.0554,0.0519,0.0,"(1, 512)","(1, 128)",dp_stress
54,stress_layer_35,Linear,MM,256,512,128,0.6264,0.4799,0.75,"(1, 512)","(1, 128)",dp_stress
54,stress_layer_36,Linear,MM,256,512,128,0.0174,0.0976,0.0,"(1, 512)","(1, 128)",dp_stress
54,stress_layer_37,Linear,MM,256,512,128,0.0046,0.0734,0.0,"(1, 512)","(1, 128)",dp_stress
54,stress_layer_38,Linear,MM,256,512,128,0.0865,0.1374,0.0,"(1, 512)","(1, 128)",dp_stress
54,stress_layer_39,Linear,MM,256,512,128,0.0091,0.0228,0.0,"(1, 512)","(1, 128)",dp_stress
55,stress_layer_0,Linear,MM,256,512,128,0.0308,0.1455,0.0,"(1, 512)","(1, 128)",dp_stress
55,stress_layer_1,Linear,MM,256,512,128,0.0545,0.1431,0.0,"(1, 512)","(1, 128)",dp_stress
55,stress_layer_2,Linear,MM,256,512,128,0.0548,0.0197,0.0,"(1, 512)","(1, 128)",dp_stress
55,stress_layer_3,Linear,MM,256,512,128,0.0949,0.059,0.0,"(1, 512)","(1, 128)",dp_stress
55,stress_layer_4,Linear,MM,256,512,128,0.058,0.1189,0.0,"(1, 512)","(1, 128)",dp_stress
55,stress_layer_5,Linear,MM,256,512,128,0.6006,0.3955,0.75,"(1, 512)","(1, 128)",dp_stress
55,stress_layer_6,Linear,MM,256,512,128,0.0566,0.0576,0.0,"(1, 512)","(1, 128)",dp_stress
55,stress_layer_7,Linear,MM,256,512,128,0.0933,0.0713,0.0,"(1, 512)","(1, 128)",dp_stress
55,stress_layer_8,Linear,MM,256,512,128,0.0447,0.035,0.0,"(1, 512)","(1, 128)",dp_stress
55,stress_layer_9,Linear,MM,256,512,128,0.0794,0.0442,0.0,"(1, 512)","(1, 128)",dp_stress
55,stress_layer_10,Linear,MM,256,512,128,0.0401,0.0339,0.0,"(1, 512)","(1, 128)",dp_stress
55,stress_layer_11,Linear,MM,256,512,128,0.6911,0.4102,0.75,"(1, 512)","(1, 128)",dp_stress
55,stress_layer_12,Linear,MM,256,512,128,0.0047,0.0931,0.0,"(1, 512)","(1, 128)",dp_stress
55,stress_layer_13,Linear,MM,256,512,128,0.002,0.0179,0.0,"(1, 512)","(1, 128)",dp_stress
55,stress_layer_14,Linear,MM,256,512,128,0.0879,0.0593,0.0,"(1, 512)","(1, 128)",dp_stress
55,stress_layer_15,Linear,MM,256,512,128,0.0936,0.0104,0.0,"(1, 512)","(1, 128)",dp_stress
55,stress_layer_16,Linear,MM,256,512,128,0.0727,0.1427,0.0,"(1, 512)","(1, 128)",dp_stress
55,stress_layer_17,Linear,MM,256,512,128,0.6074,0.4364,0.75,"(1, 512)","(1, 128)",dp_stress
55,stress_layer_18,Linear,MM,256,512,128,0.0166,0.144,0.0,"(1, 512)","(1, 128)",dp_stress
55,stress_layer_19,Linear,MM,256,512,128,0.0603,0.029,0.0,"(1, 512)","(1, 128)",dp_stress
55,stress_layer_20,Linear,MM,256,512,128,0.0996,0.1263,0.0,"(1, 512)","(1, 128)",dp_stress
55,stress_layer_21,Linear,MM,256,512,128,0.0779,0.0069,0.0,"(1, 512)","(1, 128)",dp_stress
55,stress_layer_22,Linear,MM,256,512,128,0.0517,0.0048,0.0,"(1, 512)","(1, 128)",dp_stress
55,stress_layer_23,Linear,MM,256,512,128,0.6686,0.45,0.75,"(1, 512)","(1, 128)",dp_stress
55,stress_layer_24,Linear,MM,256,512,128,0.0442,0.0345,0.0,"(1, 512)","(1, 128)",dp_stress
55,stress_layer_25,Linear,MM,256,512,128,0.023,0.0575,0.0,"(1, 512)","(1, 128)",dp_stress
55,stress_layer_26,Linear,MM,256,512,128,0.0244,0.012,0.0,"(1, 512)","(1, 128)",dp_stress
55,stress_layer_27,Linear,MM,256,512,128,0.0445,0.1349,0.0,"(1, 512)","(1, 128)",dp_stress
55,stress_layer_28,Linear,MM,256,512,128,0.0247,0.1478,0.0,"(1, 512)","(1, 128)",dp_stress
55,stress_layer_29,Linear,MM,256,512,128,0.6201,0.3076,0.75,"(1, 512)","(1, 128)",dp_stress
55,stress_layer_30,Linear,MM,256,512,128,0.0243,0.0346,0.0,"(1, 512)","(1, 128)",dp_stress
55,stress_layer_31,Linear,MM,256,512,128,0.0363,0.0952,0.0,"(1, 512)","(1, 128)",dp_stress
55,stress_layer_32,Linear,MM,256,512,128,0.0599,0.0549,0.0,"(1, 512)","(1, 128)",dp_stress
55,stress_layer_33,Linear,MM,256,512,128,0.0533,0.0924,0.0,"(1, 512)","(1, 128)",dp_stress
55,stress_layer_34,Linear,MM,256,512,128,0.0938,0.0664,0.0,"(1, 512)","(1, 128)",dp_stress
55,stress_layer_35,Linear,MM,256,512,128,0.5626,0.3352,0.75,"(1, 512)","(1, 128)",dp_stress
55,stress_layer_36,Linear,MM,256,512,128,0.0253,0.1276,0.0,"(1, 512)","(1, 128)",dp_stress
55,stress_layer_37,Linear,MM,256,512,128,0.0285,0.0963,0.0,"(1, 512)","(1, 128)",dp_stress
55,stress_layer_38,Linear,MM,256,512,128,0.0996,0.0005,0.0,"(1, 512)","(1, 128)",dp_stress
55,stress_layer_39,Linear,MM,256,512,128,0.0627,0.1235,0.0,"(1, 512)","(1, 128)",dp_stress
56,stress_layer_0,Linear,MM,256,512,128,0.079,0.0471,0.0,"(1, 512)","(1, 128)",dp_stress
56,stress_layer_1,Linear,MM,256,512,128,0.0033,0.0289,0.0,"(1, 512)","(1, 128)",dp_stress
56,stress_layer_2,Linear,MM,256,512,128,0.0515,0.1492,0.0,"(1, 512)","(1, 128)",dp_stress
56,stress_layer_3,Linear,MM,256,512,128,0.0336,0.0693,0.0,"(1, 512)","(1, 128)",dp_stress
56,stress_layer_4,Linear,MM,256,512,128,0.0332,0.0253,0.0,"(1, 512)","(1, 128)",dp_stress
56,stress_layer_5,Linear,MM,256,512,128,0.6956,0.4688,0.75,"(1, 512)","(1, 128)",dp_stress
56,stress_layer_6,Linear,MM,256,512,128,0.0557,0.0023,0.0,"(1, 512)","(1, 128)",dp_stress
56,stress_layer_7,Linear,MM,256,512,128,0.0372,0.0156,0.0,"(1, 512)","(1, 128)",dp_stress
56,stress_layer_8,Linear,MM,256,512,128,0.0805,0.1088,0.0,"(1, 512)","(1, 128)",dp_stress
56,stress_layer_9,Linear,MM,256,512,128,0.0252,0.0119,0.0,"(1, 512)","(1, 128)",dp_stress
56,stress_layer_10,Linear,MM,256,512,128,0.0651,0.1454,0.0,"(1, 512)","(1, 128)",dp_stress
56,stress_layer_11,Linear,MM,256,512,128,0.5586,0.3375,0.75,"(1, 512)","(1, 128)",dp_stress
56,stress_layer_12,Linear,MM,256,512,128,0.0313,0.0284,0.0,"(1, 512)","(1, 128)",dp_stress
56,stress_layer_13,Linear,MM,256,512,128,0.0699,0.124,0.0,"(1, 512)","(1, 128)",dp_stress
56,stress_layer_14,Linear,MM,256,512,128,0.0543,0.1215,0.0,"(1, 512)","(1, 128)",dp_stress
56,stress_layer_15,Linear,MM,256,512,128,0.0103,0.149,0.0,"(1, 512)","(1, 128)",dp_stress
56,stress_layer_16,Linear,MM,256,512,128,0.0624,0.0973,0.0,"(1, 512)","(1, 128)",dp_stress
56,stress_layer_17,Linear,MM,256,512,128,0.6925,0.3946,0.75,"(1, 512)","(1, 128)",dp_stress
56,stress_layer_18,Linear,MM,256,512,128,0.0716,0.0039,0.0,"(1, 512)","(1, 128)",dp_stress
56,stress_layer_19,Linear,MM,256,512,128,0.0204,0.0636,0.0,"(1, 512)","(1, 128)",dp_stress
56,stress_layer_20,Linear,MM,256,512,128,0.0129,0.1018,0.0,"(1, 512)","(1, 128)",dp_stress
56,stress_layer_21,Linear,MM,256,512,128,0.0359,0.0064,0.0,"(1, 512)","(1, 128)",dp_stress
56,stress_layer_22,Linear,MM,256,512,128,0.0857,0.053,0.0,"(1, 512)","(1, 128)",dp_stress
56,stress_layer_23,Linear,MM,256,512,128,0.6609,0.3169,0.75,"(1, 512)","(1, 128)",dp_stress
56,stress_layer_24,Linear,MM,256,512,128,0.083,0.0149,0.0,"(1, 512)","(1, 128)",dp_stress
56,stress_layer_25,Linear,MM,256,512,128,0.0109,0.1301,0.0,"(1, 512)","(1, 128)",dp_stress
56,stress_layer_26,Linear,MM,256,512,128,0.0629,0.097,0.0,"(1, 512)","(1, 128)",dp_stress
56,stress_layer_27,Linear,MM,256,512,128,0.0494,0.0182,0.0,"(1, 512)","(1, 128)",dp_stress
56,stress_layer_28,Linear,MM,256,512,128,0.0027,0.0773,0.0,"(1, 512)","(1, 128)",dp_stress
56,stress_layer_29,Linear,MM,256,512,128,0.5208,0.4039,0.75,"(1, 512)","(1, 128)",dp_stress
56,stress_layer_30,Linear,MM,256,512,128,0.0312,0.0047,0.0,"(1, 512)","(1, 128)",dp_stress
56,stress_layer_31,Linear,MM,256,512,128,0.0352,0.0427,0.0,"(1, 512)","(1, 128)",dp_stress
56,stress_layer_32,Linear,MM,256,512,128,0.0437,0.0191,0.0,"(1, 512)","(1, 128)",dp_stress
56,stress_layer_33,Linear,MM,256,512,128,0.0475,0.0097,0.0,"(1, 512)","(1, 128)",dp_stress
56,stress_layer_34,Linear,MM,256,512,128,0.0571,0.1416,0.0,"(1, 512)","(1, 128)",dp_stress
56,stress_layer_35,Linear,MM,256,512,128,0.6336,0.487,0.75,"(1, 512)","(1, 128)",dp_stress
56,stress_layer_36,Linear,MM,256,512,128,0.0489,0.0421,0.0,"(1, 512)","(1, 128)",dp_stress
56,stress_layer_37,Linear,MM,256,512,128,0.006,0.0541,0.0,"(1, 512)","(1, 128)",dp_stress
56,stress_layer_38,Linear,MM,256,512,128,0.0607,0.1191,0.0,"(1, 512)","(1, 128)",dp_stress
56,stress_layer_39,Linear,MM,256,512,128,0.0136,0.1116,0.0,"(1, 512)","(1, 128)",dp_stress
57,stress_layer_0,Linear,MM,256,512,128,0.0694,0.1213,0.0,"(1, 512)","(1, 128)",dp_stress
57,stress_layer_1,Linear,MM,256,512,128,0.0484,0.1206,0.0,"(1, 512)","(1, 128)",dp_stress
57,stress_layer_2,Linear,MM,256,512,128,0.0575,0.0461,0.0,"(1, 512)","(1, 128)",dp_stress
57,stress_layer_3,Linear,MM,256,512,128,0.048,0.0535,0.0,"(1, 512)","(1, 128)",dp_stress
57,stress_layer_4,Linear,MM,256,512,128,0.0998,0.0799,0.0,"(1, 512)","(1, 128)",dp_stress
57,stress_layer_5,Linear,MM,256,512,128,0.5474,0.4466,0.75,"(1, 512)","(1, 128)",dp_stress
57,stress_layer_6,Linear,MM,256,512,128,0.0045,0.1029,0.0,"(1, 512)","(1, 128)",dp_stress
57,stress_layer_7,Linear,MM,256,512,128,0.0154,0.14,0.0,"(1, 512)","(1, 128)",dp_stress
57,stress_layer_8,Linear,MM,256,512,128,0.0681,0.028,0.0,"(1, 512)","(1, 128)",dp_stress
57,stress_layer_9,Linear,MM,256,512,128,0.0461,0.104,0.0,"(1, 512)","(1, 128)",dp_stress
57,stress_layer_10,Linear,MM,256,512,128,0.011,0.0002,0.0,"(1, 512)","(1, 128)",dp_stress
57,stress_layer_11,Linear,MM,256,512,128,0.6552,0.4508,0.75,"(1, 512)","(1, 128)",dp_stress
57,stress_layer_12,Linear,MM,256,512,128,0.075,0.0302,0.0,"(1, 512)","(1, 128)",dp_stress
57,stress_layer_13,Linear,MM,256,512,128,0.0481,0.0493,0.0,"(1, 512)","(1, 128)",dp_stress
57,stress_layer_14,Linear,MM,256,512,128,0.0068,0.1475,0.0,"(1, 512)","(1, 128)",dp_stress
57,stress_layer_15,Linear,MM,256,512,128,0.0883,0.1097,0.0,"(1, 512)","(1, 128)",dp_stress
57,stress_layer_16,Linear,MM,256,512,128,0.0632,0.0736,0.0,"(1, 512)","(1, 128)",dp_stress
57,stress_layer_17,Linear,MM,256,512,128,0.656,0.3447,0.75,"(1, 512)","(1, 128)",dp_stress
57,stress_layer_18,Linear,MM,256,512,128,0.095,0.0853,0.0,"(1, 512)","(1, 128)",dp_stress
57,stress_layer_19,Linear,MM,256,512,128,0.0589,0.037,0.0,"(1, 512)","(1, 128)",dp_stress
57,stress_layer_20,Linear,MM,256,512,128,0.0879,0.1033,0.0,"(1, 512)","(1, 128)",dp_stress
57,stress_layer_21,Linear,MM,256,512,128,0.0755,0.0986,0.0,"(1, 512)","(1, 128)",dp_stress
57,stress_layer_22,Linear,MM,256,512,128,0.0588,0.0376,0.0,"(1, 512)","(1, 128)",dp_stress
57,stress_layer_23,Linear,MM,256,512,128,0.515,0.4089,0.75,"(1, 512)","(1, 128)",dp_stress
57,stress_layer_24,Linear,MM,256,512,128,0.0546,0.0158,0.0,"(1, 512)","(1, 128)",dp_stress
57,stress_layer_25,Linear,MM,256,512,128,0.0095,0.064,0.0,"(1, 512)","(1, 128)",dp_stress
57,stress_layer_26,Linear,MM,256,512,128,0.0435,0.0884,0.0,"(1, 512)","(1, 128)",dp_stress
57,stress_layer_27,Linear,MM,256,512,128,0.0871,0.0352,0.0,"(1, 512)","(1, 128)",dp_stress
57,stress_layer_28,Linear,MM,256,512,128,0.0068,0.1023,0.0,"(1, 512)","(1, 128)",dp_stress
57,stress_layer_29,Linear,MM,256,512,128,0.6417,0.4154,0.75,"(1, 512)","(1, 128)",dp_stress
57,stress_layer_30,Linear,MM,256,512,128,0.0964,0.1146,0.0,"(1, 512)","(1, 128)",dp_stress
57,stress_layer_31,Linear,MM,256,512,128,0.0954,0.0654,0.0,"(1, 512)","(1, 128)",dp_stress
57,stress_layer_32,Linear,MM,256,512,128,0.0091,0.0038,0.0,"(1, 512)","(1, 128)",dp_stress
57,stress_layer_33,Linear,MM,256,512,128,0.0138,0.0714,0.0,"(1, 512)","(1, 128)",dp_stress
57,stress_layer_34,Linear,MM,256,512,128,0.0857,0.1241,0.0,"(1, 512)","(1, 128)",dp_stress
57,stress_layer_35,Linear,MM,256,512,128,0.5178,0.3808,0.75,"(1, 512)","(1, 128)",dp_stress
57,stress_layer_36,Linear,MM,256,512,128,0.0986,0.1272,0.0,"(1, 512)","(1, 128)",dp_stress
57,stress_layer_37,Linear,MM,256,512,128,0.0485,0.1243,0.0,"(1, 512)","(1, 128)",dp_stress
57,stress_layer_38,Linear,MM,256,512,128,0.01,0.0366,0.0,"(1, 512)","(1, 128)",dp_stress
57,stress_layer_39,Linear,MM,256,512,128,0.0219,0.0048,0.0,"(1, 512)","(1, 128)",dp_stress
58,stress_layer_0,Linear,MM,256,512,128,0.0128,0.0789,0.0,"(1, 512)","(1, 128)",dp_stress
58,stress_layer_1,Linear,MM,256,512,128,0.061,0.0785,0.0,"(1, 512)","(1, 128)",dp_stress
58,stress_layer_2,Linear,MM,256,512,128,0.0109,0.0462,0.0,"(1, 512)","(1, 128)",dp_stress
58,stress_layer_3,Linear,MM,256,512,128,0.097,0.0692,0.0,"(1, 512)","(1, 128)",dp_stress
58,stress_layer_4,Linear,MM,256,512,128,0.0686,0.0743,0.0,"(1, 512)","(1, 128)",dp_stress
58,stress_layer_5,Linear,MM,256,512,128,0.6727,0.3583,0.75,"(1, 512)","(1, 128)",dp_stress
58,stress_layer_6,Linear,MM,256,512,128,0.0381,0.0746,0.0,"(1, 512)","(1, 128)",dp_stress
58,stress_layer_7,Linear,MM,256,512,128,0.0904,0.0013,0.0,"(1, 512)","(1, 128)",dp_stress
58,stress_layer_8,Linear,MM,256,512,128,0.0264,0.1148,0.0,"(1, 512)","(1, 128)",dp_stress
58,stress_layer_9,Linear,MM,256,512,128,0.0313,0.0001,0.0,"(1, 512)","(1, 128)",dp_stress
58,stress_layer_10,Linear,MM,256,512,128,0.0068,0.1099,0.0,"(1, 512)","(1, 128)",dp_stress
58,stress_layer_11,Linear,MM,256,512,128,0.5312,0.3411,0.75,"(1, 512)","(1, 128)",dp_stress
58,stress_layer_12,Linear,MM,256,512,128,0.0587,0.1161,0.0,"(1, 512)","(1, 128)",dp_stress
58,stress_layer_13,Linear,MM,256,512,128,0.0573,0.0016,0.0,"(1, 512)","(1, 128)",dp_stress
58,stress_layer_14,Linear,MM,256,512,128,0.0729,0.1107,0.0,"(1, 512)","(1, 128)",dp_stress
58,stress_layer_15,Linear,MM,256,512,128,0.0952,0.0922,0.0,"(1, 512)","(1, 128)",dp_stress
58,stress_layer_16,Linear,MM,256,512,128,0.0379,0.0115,0.0,"(1, 512)","(1, 128)",dp_stress
58,stress_layer_17,Linear,MM,256,512,128,0.5354,0.3026,0.75,"(1, 512)","(1, 128)",dp_stress
58,stress_layer_18,Linear,MM,256,512,128,0.0604,0.0764,0.0,"(1, 512)","(1, 128)",dp_stress
58,stress_layer_19,Linear,MM,256,512,128,0.0765,0.0279,0.0,"(1, 512)","(1, 128)",dp_stress
58,stress_layer_20,Linear,MM,256,512,128,0.0438,0.1132,0.0,"(1, 512)","(1, 128)",dp_stress
58,stress_layer_21,Linear,MM,256,512,128,0.0939,0.0137,0.0,"(1, 512)","(1, 128)",dp_stress
58,stress_layer_22,Linear,MM,256,512,128,0.0671,0.0133,0.0,"(1, 512)","(1, 128)",dp_stress
58,stress_layer_23,Linear,MM,256,512,128,0.579,0.4243,0.75,"(1, 512)","(1, 128)",dp_stress
58,stress_layer_24,Linear,MM,256,512,128,0.085,0.107,0.0,"(1, 512)","(1, 128)",dp_stress
58,stress_layer_25,Linear,MM,256,512,128,0.0422,0.1429,0.0,"(1, 512)","(1, 128)",dp_stress
58,stress_layer_26,Linear,MM,256,512,128,0.0457,0.0554,0.0,"(1, 512)","(1, 128)",dp_stress
58,stress_layer_27,Linear,MM,256,512,128,0.0062,0.1191,0.0,"(1, 512)","(1, 128)",dp_stress
58,stress_layer_28,Linear,MM,256,512,128,0.0961,0.0791,0.0,"(1, 512)","(1, 128)",dp_stress
58,stress_layer_29,Linear,MM,256,512,128,0.5555,0.3409,0.75,"(1, 512)","(1, 128)",dp_stress
58,stress_layer_30,Linear,MM,256,512,128,0.0031,0.0968,0.0,"(1, 512)","(1, 128)",dp_stress
58,stress_layer_31,Linear,MM,256,512,128,0.0397,0.133,0.0,"(1, 512)","(1, 128)",dp_stress
58,stress_layer_32,Linear,MM,256,512,128,0.0146,0.0357,0.0,"(1, 512)","(1, 128)",dp_stress
58,stress_layer_33,Linear,MM,256,512,128,0.005,0.1129,0.0,"(1, 512)","(1, 128)",dp_stress
58,stress_layer_34,Linear,MM,256,512,128,0.0385,0.0418,0.0,"(1, 512)","(1, 128)",dp_stress
58,stress_layer_35,Linear,MM,256,512,128,0.5634,0.3082,0.75,"(1, 512)","(1, 128)",dp_stress
58,stress_layer_36,Linear,MM,256,512,128,0.0263,0.1051,0.0,"(1, 512)","(1, 128)",dp_stress
58,stress_layer_37,Linear,MM,256,512,128,0.0492,0.1423,0.0,"(1, 512)","(1, 128)",dp_stress
58,stress_layer_38,Linear,MM,256,512,128,0.0445,0.1286,0.0,"(1, 512)","(1, 128)",dp_stress
58,stress_layer_39,Linear,MM,256,512,128,0.0569,0.1092,0.0,"(1, 512)","(1, 128)",dp_stress
59,stress_layer_0,Linear,MM,256,512,128,0.0762,0.1055,0.0,"(1, 512)","(1, 128)",dp_stress
59,stress_layer_1,Linear,MM,256,512,128,0.0822,0.0874,0.0,"(1, 512)","(1, 128)",dp_stress
59,stress_layer_2,Linear,MM,256,512,128,0.0086,0.0251,0.0,"(1, 512)","(1, 128)",dp_stress
59,stress_layer_3,Linear,MM,256,512,128,0.0403,0.1335,0.0,"(1, 512)","(1, 128)",dp_stress
59,stress_layer_4,Linear,MM,256,512,128,0.0366,0.0702,0.0,"(1, 512)","(1, 128)",dp_stress
59,stress_layer_5,Linear,MM,256,512,128,0.6932,0.4022,0.75,"(1, 512)","(1, 128)",dp_stress
59,stress_layer_6,Linear,MM,256,512,128,0.0823,0.0946,0.0,"(1, 512)","(1, 128)",dp_stress
59,stress_layer_7,Linear,MM,256,512,128,0.0082,0.0938,0.0,"(1, 512)","(1, 128)",dp_stress
59,stress_layer_8,Linear,MM,256,512,128,0.0293,0.1371,0.0,"(1, 512)","(1, 128)",dp_stress
59,stress_layer_9,Linear,MM,256,512,128,0.0703,0.0556,0.0,"(1, 512)","(1, 128)",dp_stress
59,stress_layer_10,Linear,MM,256,512,128,0.0062,0.1071,0.0,"(1, 512)","(1, 128)",dp_stress
59,stress_layer_11,Linear,MM,256,512,128,0.6685,0.4863,0.75,"(1, 512)","(1, 128)",dp_stress
59,stress_layer_12,Linear,MM,256,512,128,0.0005,0.1138,0.0,"(1, 512)","(1, 128)",dp_stress
59,stress_layer_13,Linear,MM,256,512,128,0.0077,0.0271,0.0,"(1, 512)","(1, 128)",dp_stress
59,stress_layer_14,Linear,MM,256,512,128,0.0933,0.013,0.0,"(1, 512)","(1, 128)",dp_stress
59,stress_layer_15,Linear,MM,256,512,128,0.0075,0.1153,0.0,"(1, 512)","(1, 128)",dp_stress
59,stress_layer_16,Linear,MM,256,512,128,0.0234,0.0764,0.0,"(1, 512)","(1, 128)",dp_stress
59,stress_layer_17,Linear,MM,256,512,128,0.6598,0.3718,0.75,"(1, 512)","(1, 128)",dp_stress
59,stress_layer_18,Linear,MM,256,512,128,0.0852,0.0402,0.0,"(1, 512)","(1, 128)",dp_stress
59,stress_layer_19,Linear,MM,256,512,128,0.0381,0.0864,0.0,"(1, 512)","(1, 128)",dp_stress
59,stress_layer_20,Linear,MM,256,512,128,0.0601,0.0598,0.0,"(1, 512)","(1, 128)",dp_stress
59,stress_layer_21,Linear,MM,256,512,128,0.0101,0.0671,0.0,"(1, 512)","(1, 128)",dp_stress
59,stress_layer_22,Linear,MM,256,512,128,0.0165,0.015,0.0,"(1, 512)","(1, 128)",dp_stress
59,stress_layer_23,Linear,MM,256,512,128,0.5742,0.4265,0.75,"(1, 512)","(1, 128)",dp_stress
59,stress_layer_24,Linear,MM,256,512,128,0.0102,0.1481,0.0,"(1, 512)","(1, 128)",dp_stress
59,stress_layer_25,Linear,MM,256,512,128,0.0604,0.0839,0.0,"(1, 512)","(1, 128)",dp_stress
59,stress_layer_26,Linear,MM,256,512,128,0.0841,0.031,0.0,"(1, 512)","(1, 128)",dp_stress
59,stress_layer_27,Linear,MM,256,512,128,0.0863,0.0071,0.0,"(1, 512)","(1, 128)",dp_stress
59,stress_layer_28,Linear,MM,256,512,128,0.0302,0.0708,0.0,"(1, 512)","(1, 128)",dp_stress
59,stress_layer_29,Linear,MM,256,512,128,0.6076,0.3394,0.75,"(1, 512)","(1, 128)",dp_stress
59,stress_layer_30,Linear,MM,256,512,128,0.0099,0.0352,0.0,"(1, 512)","(1, 128)",dp_stress
59,stress_layer_31,Linear,MM,256,512,128,0.0306,0.1418,0.0,"(1, 512)","(1, 128)",dp_stress
59,stress_layer_32,Linear,MM,256,512,128,0.088,0.0028,0.0,"(1, 512)","(1, 128)",dp_stress
59,stress_layer_33,Linear,MM,256,512,128,0.0006,0.064,0.0,"(1, 512)","(1, 128)",dp_stress
59,stress_layer_34,Linear,MM,256,512,128,0.0307,0.0893,0.0,"(1, 512)","(1, 128)",dp_stress
59,stress_layer_35,Linear,MM,256,512,128,0.5757,0.4372,0.75,"(1, 512)","(1, 128)",dp_stress
59,stress_layer_36,Linear,MM,256,512,128,0.0671,0.0092,0.0,"(1, 512)","(1, 128)",dp_stress
59,stress_layer_37,Linear,MM,256,512,128,0.0721,0.0205,0.0,"(1, 512)","(1, 128)",dp_stress
59,stress_layer_38,Linear,MM,256,512,128,0.0285,0.1471,0.0,"(1, 512)","(1, 128)",dp_stress
59,stress_layer_39,Linear,MM,256,512,128,0.0628,0.0053,0.0,"(1, 512)","(1, 128)",dp_stress
60,stress_layer_0,Linear,MM,256,512,128,0.0703,0.1251,0.0,"(1, 512)","(1, 128)",dp_stress
60,stress_layer_1,Linear,MM,256,512,128,0.0326,0.0893,0.0,"(1, 512)","(1, 128)",dp_stress
60,stress_layer_2,Linear,MM,256,512,128,0.075,0.0124,0.0,"(1, 512)","(1, 128)",dp_stress
60,stress_layer_3,Linear,MM,256,512,128,0.0471,0.0935,0.0,"(1, 512)","(1, 128)",dp_stress
60,stress_layer_4,Linear,MM,256,512,128,0.0211,0.0111,0.0,"(1, 512)","(1, 128)",dp_stress
60,stress_layer_5,Linear,MM,256,512,128,0.6085,0.4707,0.75,"(1, 512)","(1, 128)",dp_stress
60,stress_layer_6,Linear,MM,256,512,128,0.0971,0.0073,0.0,"(1, 512)","(1, 128)",dp_stress
60,stress_layer_7,Linear,MM,256,512,128,0.0629,0.0182,0.0,"(1, 512)","(1, 128)",dp_stress
60,stress_layer_8,Linear,MM,256,512,128,0.0942,0.0792,0.0,"(1, 512)","(1, 128)",dp_stress
60,stress_layer_9,Linear,MM,256,512,128,0.0584,0.0102,0.0,"(1, 512)","(1, 128)",dp_stress
60,stress_layer_10,Linear,MM,256,512,128,0.0698,0.1495,0.0,"(1, 512)","(1, 128)",dp_stress
60,stress_layer_11,Linear,MM,256,512,128,0.6827,0.377,0.75,"(1, 512)","(1, 128)",dp_stress
60,stress_layer_12,Linear,MM,256,512,128,0.0791,0.1182,0.0,"(1, 512)","(1, 128)",dp_stress
60,stress_layer_13,Linear,MM,256,512,128,0.0108,0.0201,0.0,"(1, 512)","(1, 128)",dp_stress
60,stress_layer_14,Linear,MM,256,512,128,0.0974,0.116,0.0,"(1, 512)","(1, 128)",dp_stress
60,stress_layer_15,Linear,MM,256,512,128,0.0446,0.0854,0.0,"(1, 512)","(1, 128)",dp_stress
60,stress_layer_16,Linear,MM,256,512,128,0.0322,0.009,0.0,"(1, 512)","(1, 128)",dp_stress
60,stress_layer_17,Linear,MM,256,512,128,0.5807,0.4268,0.75,"(1, 512)","(1, 128)",dp_stress
60,stress_layer_18,Linear,MM,256,512,128,0.0458,0.1419,0.0,"(1, 512)","(1, 128)",dp_stress
60,stress_layer_19,Linear,MM,256,512,128,0.0644,0.0617,0.0,"(1, 512)","(1, 128)",dp_stress
60,stress_layer_20,Linear,MM,256,512,128,0.0765,0.0268,0.0,"(1, 512)","(1, 128)",dp_stress
60,stress_layer_21,Linear,MM,256,512,128,0.0316,0.0186,0.0,"(1, 512)","(1, 128)",dp_stress
60,stress_layer_22,Linear,MM,256,512,128,0.0757,0.0671,0.0,"(1, 512)","(1, 128)",dp_stress
60,stress_layer_23,Linear,MM,256,512,128,0.5492,0.4096,0.75,"(1, 512)","(1, 128)",dp_stress
60,stress_layer_24,Linear,MM,256,512,128,0.0171,0.0187,0.0,"(1, 512)","(1, 128)",dp_stress
60,stress_layer_25,Linear,MM,256,512,128,0.0788,0.025,0.0,"(1, 512)","(1, 128)",dp_stress
60,stress_layer_26,Linear,MM,256,512,128,0.0784,0.0785,0.0,"(1, 512)","(1, 128)",dp_stress
60,stress_layer_27,Linear,MM,256,512,128,0.0238,0.0136,0.0,"(1, 512)","(1, 128)",dp_stress
60,stress_layer_28,Linear,MM,256,512,128,0.0168,0.132,0.0,"(1, 512)","(1, 128)",dp_stress
60,stress_layer_29,Linear,MM,256,512,128,0.5953,0.3706,0.75,"(1, 512)","(1, 128)",dp_stress
60,stress_layer_30,Linear,MM,256,512,128,0.0979,0.1165,0.0,"(1, 512)","(1, 128)",dp_stress
60,stress_layer_31,Linear,MM,256,512,128,0.026,0.0604,0.0,"(1, 512)","(1, 128)",dp_stress
60,stress_layer_32,Linear,MM,256,512,128,0.0628,0.0876,0.0,"(1, 512)","(1, 128)",dp_stress
60,stress_layer_33,Linear,MM,256,512,128,0.0077,0.1357,0.0,"(1, 512)","(1, 128)",dp_stress
60,stress_layer_34,Linear,MM,256,512,128,0.0967,0.1349,0.0,"(1, 512)","(1, 128)",dp_stress
60,stress_layer_35,Linear,MM,256,512,128,0.5759,0.4917,0.75,"(1, 512)","(1, 128)",dp_stress
60,stress_layer_36,Linear,MM,256,512,128,0.0701,0.0217,0.0,"(1, 512)","(1, 128)",dp_stress
60,stress_layer_37,Linear,MM,256,512,128,0.0457,0.1112,0.0,"(1, 512)","(1, 128)",dp_stress
60,stress_layer_38,Linear,MM,256,512,128,0.0236,0.0288,0.0,"(1, 512)","(1, 128)",dp_stress
60,stress_layer_39,Linear,MM,256,512,128,0.0669,0.0615,0.0,"(1, 512)","(1, 128)",dp_stress
61,stress_layer_0,Linear,MM,256,512,128,0.0784,0.0259,0.0,"(1, 512)","(1, 128)",dp_stress
61,stress_layer_1,Linear,MM,256,512,128,0.0707,0.0738,0.0,"(1, 512)","(1, 128)",dp_stress
61,stress_layer_2,Linear,MM,256,512,128,0.0078,0.0296,0.0,"(1, 512)","(1, 128)",dp_stress
61,stress_layer_3,Linear,MM,256,512,128,0.0591,0.0627,0.0,"(1, 512)","(1, 128)",dp_stress
61,stress_layer_4,Linear,MM,256,512,128,0.0468,0.118,0.0,"(1, 512)","(1, 128)",dp_stress
61,stress_layer_5,Linear,MM,256,512,128,0.6059,0.3294,0.75,"(1, 512)","(1, 128)",dp_stress
61,stress_layer_6,Linear,MM,256,512,128,0.0033,0.0844,0.0,"(1, 512)","(1, 128)",dp_stress
61,stress_layer_7,Linear,MM,256,512,128,0.0935,0.0564,0.0,"(1, 512)","(1, 128)",dp_stress
61,stress_layer_8,Linear,MM,256,512,128,0.0663,0.0631,0.0,"(1, 512)","(1, 128)",dp_stress
61,stress_layer_9,Linear,MM,256,512,128,0.026,0.1478,0.0,"(1, 512)","(1, 128)",dp_stress
61,stress_layer_10,Linear,MM,256,512,128,0.0301,0.0564,0.0,"(1, 512)","(1, 128)",dp_stress
61,stress_layer_11,Linear,MM,256,512,128,0.6747,0.4075,0.75,"(1, 512)","(1, 128)",dp_stress
61,stress_layer_12,Linear,MM,256,512,128,0.0106,0.0627,0.0,"(1, 512)","(1, 128)",dp_stress
61,stress_layer_13,Linear,MM,256,512,128,0.0899,0.0351,0.0,"(1, 512)","(1, 128)",dp_stress
61,stress_layer_14,Linear,MM,256,512,128,0.0528,0.1262,0.0,"(1, 512)","(1, 128)",dp_stress
61,stress_layer_15,Linear,MM,256,512,128,0.0849,0.1431,0.0,"(1, 512)","(1, 128)",dp_stress
61,stress_layer_16,Linear,MM,256,512,128,0.0493,0.1059,0.0,"(1, 512)","(1, 128)",dp_stress
61,stress_layer_17,Linear,MM,256,512,128,0.5171,0.332,0.75,"(1, 512)","(1, 128)",dp_stress
61,stress_layer_18,Linear,MM,256,512,128,0.0673,0.0011,0.0,"(1, 512)","(1, 128)",dp_stress
61,stress_layer_19,Linear,MM,256,512,128,0.0297,0.0285,0.0,"(1, 512)","(1, 128)",dp_stress
61,stress_layer_20,Linear,MM,256,512,128,0.0494,0.038,0.0,"(1, 512)","(1, 128)",dp_stress
61,stress_layer_21,Linear,MM,256,512,128,0.0933,0.0306,0.0,"(1, 512)","(1, 128)",dp_stress
61,stress_layer_22,Linear,MM,256,512,128,0.0727,0.0706,0.0,"(1, 512)","(1, 128)",dp_stress
61,stress_layer_23,Linear,MM,256,512,128,0.5915,0.3591,0.75,"(1, 512)","(1, 128)",dp_stress
61,stress_layer_24,Linear,MM,256,512,128,0.055,0.0921,0.0,"(1, 512)","(1, 128)",dp_stress
61,stress_layer_25,Linear,MM,256,512,128,0.0032,0.0934,0.0,"(1, 512)","(1, 128)",dp_stress
61,stress_layer_26,Linear,MM,256,512,128,0.0441,0.0102,0.0,"(1, 512)","(1, 128)",dp_stress
61,stress_layer_27,Linear,MM,256,512,128,0.0333,0.0212,0.0,"(1, 512)","(1, 128)",dp_stress
61,stress_layer_28,Linear,MM,256,512,128,0.0951,0.0676,0.0,"(1, 512)","(1, 128)",dp_stress
61,stress_layer_29,Linear,MM,256,512,128,0.5971,0.4022,0.75,"(1, 512)","(1, 128)",dp_stress
61,stress_layer_30,Linear,MM,256,512,128,0.0169,0.133,0.0,"(1, 512)","(1, 128)",dp_stress
61,stress_layer_31,Linear,MM,256,512,128,0.0221,0.023,0.0,"(1, 512)","(1, 128)",dp_stress
61,stress_layer_32,Linear,MM,256,512,128,0.0944,0.1033,0.0,"(1, 512)","(1, 128)",dp_stress
61,stress_layer_33,Linear,MM,256,512,128,0.0673,0.1016,0.0,"(1, 512)","(1, 128)",dp_stress
61,stress_layer_34,Linear,MM,256,512,128,0.0712,0.0051,0.0,"(1, 512)","(1, 128)",dp_stress
61,stress_layer_35,Linear,MM,256,512,128,0.5531,0.3475,0.75,"(1, 512)","(1, 128)",dp_stress
61,stress_layer_36,Linear,MM,256,512,128,0.0254,0.0037,0.0,"(1, 512)","(1, 128)",dp_stress
61,stress_layer_37,Linear,MM,256,512,128,0.0376,0.026,0.0,"(1, 512)","(1, 128)",dp_stress
61,stress_layer_38,Linear,MM,256,512,128,0.0208,0.0464,0.0,"(1, 512)","(1, 128)",dp_stress
61,stress_layer_39,Linear,MM,256,512,128,0.0349,0.0805,0.0,"(1, 512)","(1, 128)",dp_stress
62,stress_layer_0,Linear,MM,256,512,128,0.02,0.1158,0.0,"(1, 512)","(1, 128)",dp_stress
62,stress_layer_1,Linear,MM,256,512,128,0.0467,0.1244,0.0,"(1, 512)","(1, 128)",dp_stress
62,stress_layer_2,Linear,MM,256,512,128,0.0948,0.049,0.0,"(1, 512)","(1, 128)",dp_stress
62,stress_layer_3,Linear,MM,256,512,128,0.064,0.0797,0.0,"(1, 512)","(1, 128)",dp_stress
62,stress_layer_4,Linear,MM,256,512,128,0.0018,0.1036,0.0,"(1, 512)","(1, 128)",dp_stress
62,stress_layer_5,Linear,MM,256,512,128,0.5439,0.3517,0.75,"(1, 512)","(1, 128)",dp_stress
62,stress_layer_6,Linear,MM,256,512,128,0.0882,0.0584,0.0,"(1, 512)","(1, 128)",dp_stress
62,stress_layer_7,Linear,MM,256,512,128,0.0362,0.1206,0.0,"(1, 512)","(1, 128)",dp_stress
62,stress_layer_8,Linear,MM,256,512,128,0.0654,0.0089,0.0,"(1, 512)","(1, 128)",dp_stress
62,stress_layer_9,Linear,MM,256,512,128,0.0168,0.033,0.0,"(1, 512)","(1, 128)",dp_stress
62,stress_layer_10,Linear,MM,256,512,128,0.0044,0.1499,0.0,"(1, 512)","(1, 128)",dp_stress
62,stress_layer_11,Linear,MM,256,512,128,0.6851,0.3373,0.75,"(1, 512)","(1, 128)",dp_stress
62,stress_layer_12,Linear,MM,256,512,128,0.0389,0.0453,0.0,"(1, 512)","(1, 128)",dp_stress
62,stress_layer_13,Linear,MM,256,512,128,0.0157,0.0487,0.0,"(1, 512)","(1, 128)",dp_stress
62,stress_layer_14,Linear,MM,256,512,128,0.0254,0.0159,0.0,"(1, 512)","(1, 128)",dp_stress
62,stress_layer_15,Linear,MM,256,512,128,0.0049,0.1272,0.0,"(1, 512)","(1, 128)",dp_stress
62,stress_layer_16,Linear,MM,256,512,128,0.004,0.1097,0.0,"(1, 512)","(1, 128)",dp_stress
62,stress_layer_17,Linear,MM,256,512,128,0.5534,0.4605,0.75,"(1, 512)","(1, 128)",dp_stress
62,stress_layer_18,Linear,MM,256,512,128,0.0408,0.0294,0.0,"(1, 512)","(1, 128)",dp_stress
62,stress_layer_19,Linear,MM,256,512,128,0.0289,0.1002,0.0,"(1, 512)","(1, 128)",dp_stress
62,stress_layer_20,Linear,MM,256,512,128,0.096,0.1455,0.0,"(1, 512)","(1, 128)",dp_stress
62,stress_layer_21,Linear,MM,256,512,128,0.0982,0.0045,0.0,"(1, 512)","(1, 128)",dp_stress
62,stress_layer_22,Linear,MM,256,512,128,0.0485,0.0496,0.0,"(1, 512)","(1, 128)",dp_stress
62,stress_layer_23,Linear,MM,256,512,128,0.5806,0.3256,0.75,"(1, 512)","(1, 128)",dp_stress
62,stress_layer_24,Linear,MM,256,512,128,0.092,0.0965,0.0,"(1, 512)","(1, 128)",dp_stress
62,stress_layer_25,Linear,MM,256,512,128,0.0727,0.1358,0.0,"(1, 512)","(1, 128)",dp_stress
62,stress_layer_26,Linear,MM,256,512,128,0.0563,0.0019,0.0,"(1, 512)","(1, 128)",dp_stress
62,stress_layer_27,Linear,MM,256,512,128,0.0819,0.0098,0.0,"(1, 512)","(1, 128)",dp_stress
62,stress_layer_28,Linear,MM,256,512,128,0.0976,0.0519,0.0,"(1, 512)","(1, 128)",dp_stress
62,stress_layer_29,Linear,MM,256,512,128,0.6663,0.3033,0.75,"(1, 512)","(1, 128)",dp_stress
62,stress_layer_30,Linear,MM,256,512,128,0.0179,0.0881,0.0,"(1, 512)","(1, 128)",dp_stress
62,stress_layer_31,Linear,MM,256,512,128,0.0892,0.0215,0.0,"(1, 512)","(1, 128)",dp_stress
62,stress_layer_32,Linear,MM,256,512,128,0.0753,0.1065,0.0,"(1, 512)","(1, 128)",dp_stress
62,stress_layer_33,Linear,MM,256,512,128,0.0478,0.0852,0.0,"(1, 512)","(1, 128)",dp_stress
62,stress_layer_34,Linear,MM,256,512,128,0.0576,0.0756,0.0,"(1, 512)","(1, 128)",dp_stress
62,stress_layer_35,Linear,MM,256,512,128,0.5427,0.4451,0.75,"(1, 512)","(1, 128)",dp_stress
62,stress_layer_36,Linear,MM,256,512,128,0.0817,0.1088,0.0,"(1, 512)","(1, 128)",dp_stress
62,stress_layer_37,Linear,MM,256,512,128,0.0827,0.0383,0.0,"(1, 512)","(1, 128)",dp_stress
62,stress_layer_38,Linear,MM,256,512,128,0.0853,0.14,0.0,"(1, 512)","(1, 128)",dp_stress
62,stress_layer_39,Linear,MM,256,512,128,0.037,0.0431,0.0,"(1, 512)","(1, 128)",dp_stress
63,stress_layer_0,Linear,MM,256,512,128,0.0514,0.0288,0.0,"(1, 512)","(1, 128)",dp_stress
63,stress_layer_1,Linear,MM,256,512,128,0.0413,0.0858,0.0,"(1, 512)","(1, 128)",dp_stress
63,stress_layer_2,Linear,MM,256,512,128,0.0277,0.1493,0.0,"(1, 512)","(1, 128)",dp_stress
63,stress_layer_3,Linear,MM,256,512,128,0.0143,0.025,0.0,"(1, 512)","(1, 128)",dp_stress
63,stress_layer_4,Linear,MM,256,512,128,0.0319,0.0672,0.0,"(1, 512)","(1, 128)",dp_stress
63,stress_layer_5,Linear,MM,256,512,128,0.5345,0.4195,0.75,"(1, 512)","(1, 128)",dp_stress
63,stress_layer_6,Linear,MM,256,512,128,0.0701,0.1495,0.0,"(1, 512)","(1, 128)",dp_stress
63,stress_layer_7,Linear,MM,256,512,128,0.0647,0.0113,0.0,"(1, 512)","(1, 128)",dp_stress
63,stress_layer_8,Linear,MM,256,512,128,0.0294,0.1359,0.0,"(1, 512)","(1, 128)",dp_stress
63,stress_layer_9,Linear,MM,256,512,128,0.0642,0.0886,0.0,"(1, 512)","(1, 128)",dp_stress
63,stress_layer_10,Linear,MM,256,512,128,0.0699,0.1397,0.0,"(1, 512)","(1, 128)",dp_stress
63,stress_layer_11,Linear,MM,256,512,128,0.6328,0.3368,0.75,"(1, 512)","(1, 128)",dp_stress
63,stress_layer_12,Linear,MM,256,512,128,0.0137,0.1403,0.0,"(1, 512)","(1, 128)",dp_stress
63,stress_layer_13,Linear,MM,256,512,128,0.0356,0.0758,0.0,"(1, 512)","(1, 128)",dp_stress
63,stress_layer_14,Linear,MM,256,512,128,0.064,0.0187,0.0,"(1, 512)","(1, 128)",dp_stress
63,stress_layer_15,Linear,MM,256,512,128,0.0813,0.0639,0.0,"(1, 512)","(1, 128)",dp_stress
63,stress_layer_16,Linear,MM,256,512,128,0.0195,0.1153,0.0,"(1, 512)","(1, 128)",dp_stress
63,stress_layer_17,Linear,MM,256,512,128,0.5777,0.3201,0.75,"(1, 512)","(1, 128)",dp_stress
63,stress_layer_18,Linear,MM,256,512,128,0.082,0.1274,0.0,"(1, 512)","(1, 128)",dp_stress
63,stress_layer_19,Linear,MM,256,512,128,0.0086,0.108,0.0,"(1, 512)","(1, 128)",dp_stress
63,stress_layer_20,Linear,MM,256,512,128,0.0096,0.0401,0.0,"(1, 512)","(1, 128)",dp_stress
63,stress_layer_21,Linear,MM,256,512,128,0.0974,0.0275,0.0,"(1, 512)","(1, 128)",dp_stress
63,stress_layer_22,Linear,MM,256,512,128,0.0163,0.0779,0.0,"(1, 512)","(1, 128)",dp_stress
63,stress_layer_23,Linear,MM,256,512,128,0.5936,0.3701,0.75,"(1, 512)","(1, 128)",dp_stress
63,stress_layer_24,Linear,MM,256,512,128,0.0881,0.033,0.0,"(1, 512)","(1, 128)",dp_stress
63,stress_layer_25,Linear,MM,256,512,128,0.0221,0.0555,0.0,"(1, 512)","(1, 128)",dp_stress
63,stress_layer_26,Linear,MM,256,512,128,0.0542,0.0008,0.0,"(1, 512)","(1, 128)",dp_stress
63,stress_layer_27,Linear,MM,256,512,128,0.0289,0.0687,0.0,"(1, 512)","(1, 128)",dp_stress
63,stress_layer_28,Linear,MM,256,512,128,0.0163,0.095,0.0,"(1, 512)","(1, 128)",dp_stress
63,stress_layer_29,Linear,MM,256,512,128,0.6399,0.478,0.75,"(1, 512)","(1, 128)",dp_stress
63,stress_layer_30,Linear,MM,256,512,128,0.0373,0.1492,0.0,"(1, 512)","(1, 128)",dp_stress
63,stress_layer_31,Linear,MM,256,512,128,0.0634,0.1056,0.0,"(1, 512)","(1, 128)",dp_stress
63,stress_layer_32,Linear,MM,256,512,128,0.0726,0.0036,0.0,"(1, 512)","(1, 128)",dp_stress
63,stress_layer_33,Linear,MM,256,512,128,0.0148,0.1419,0.0,"(1, 512)","(1, 128)",dp_stress
63,stress_layer_34,Linear,MM,256,512,128,0.0237,0.1377,0.0,"(1, 512)","(1, 128)",dp_stress
63,stress_layer_35,Linear,MM,256,512,128,0.5889,0.3901,0.75,"(1, 512)","(1, 128)",dp_stress
63,stress_layer_36,Linear,MM,256,512,128,0.0698,0.031,0.0,"(1, 512)","(1, 128)",dp_stress
63,stress_layer_37,Linear,MM,256,512,128,0.0282,0.0415,0.0,"(1, 512)","(1, 128)",dp_stress
63,stress_layer_38,Linear,MM,256,512,128,0.0246,0.0247,0.0,"(1, 512)","(1, 128)",dp_stress
63,stress_layer_39,Linear,MM,256,512,128,0.0858,0.033,0.0,"(1, 512)","(1, 128)",dp_stress
64,stress_layer_0,Linear,MM,256,512,128,0.0041,0.0088,0.0,"(1, 512)","(1, 128)",dp_stress
64,stress_layer_1,Linear,MM,256,512,128,0.0271,0.0393,0.0,"(1, 512)","(1, 128)",dp_stress
64,stress_layer_2,Linear,MM,256,512,128,0.0245,0.137,0.0,"(1, 512)","(1, 128)",dp_stress
64,stress_layer_3,Linear,MM,256,512,128,0.0941,0.0346,0.0,"(1, 512)","(1, 128)",dp_stress
64,stress_layer_4,Linear,MM,256,512,128,0.0645,0.0885,0.0,"(1, 512)","(1, 128)",dp_stress
64,stress_layer_5,Linear,MM,256,512,128,0.5917,0.3998,0.75,"(1, 512)","(1, 128)",dp_stress
64,stress_layer_6,Linear,MM,256,512,128,0.0707,0.0582,0.0,"(1, 512)","(1, 128)",dp_stress
64,stress_layer_7,Linear,MM,256,512,128,0.0464,0.1373,0.0,"(1, 512)","(1, 128)",dp_stress
64,stress_layer_8,Linear,MM,256,512,128,0.0781,0.0971,0.0,"(1, 512)","(1, 128)",dp_stress
64,stress_layer_9,Linear,MM,256,512,128,0.0415,0.1308,0.0,"(1, 512)","(1, 128)",dp_stress
64,stress_layer_10,Linear,MM,256,512,128,0.0067,0.0702,0.0,"(1, 512)","(1, 128)",dp_stress
64,stress_layer_11,Linear,MM,256,512,128,0.6376,0.3038,0.75,"(1, 512)","(1, 128)",dp_stress
64,stress_layer_12,Linear,MM,256,512,128,0.0068,0.0075,0.0,"(1, 512)","(1, 128)",dp_stress
64,stress_layer_13,Linear,MM,256,512,128,0.049,0.007,0.0,"(1, 512)","(1, 128)",dp_stress
64,stress_layer_14,Linear,MM,256,512,128,0.0795,0.1167,0.0,"(1, 512)","(1, 128)",dp_stress
64,stress_layer_15,Linear,MM,256,512,128,0.0669,0.1167,0.0,"(1, 512)","(1, 128)",dp_stress
64,stress_layer_16,Linear,MM,256,512,128,0.0092,0.0616,0.0,"(1, 512)","(1, 128)",dp_stress
64,stress_layer_17,Linear,MM,256,512,128,0.5022,0.3044,0.75,"(1, 512)","(1, 128)",dp_stress
64,stress_layer_18,Linear,MM,256,512,128,0.0586,0.0114,0.0,"(1, 512)","(1, 128)",dp_stress
64,stress_layer_19,Linear,MM,256,512,128,0.0093,0.062,0.0,"(1, 512)","(1, 128)",dp_stress
64,stress_layer_20,Linear,MM,256,512,128,0.0758,0.0542,0.0,"(1, 512)","(1, 128)",dp_stress
64,stress_layer_21,Linear,MM,256,512,128,0.0917,0.1076,0.0,"(1, 512)","(1, 128)",dp_stress
64,stress_layer_22,Linear,MM,256,512,128,0.0576,0.0293,0.0,"(1, 512)","(1, 128)",dp_stress
64,stress_layer_23,Linear,MM,256,512,128,0.682,0.4607,0.75,"(1, 512)","(1, 128)",dp_stress
64,stress_layer_24,Linear,MM,256,512,128,0.0706,0.0097,0.0,"(1, 512)","(1, 128)",dp_stress
64,stress_layer_25,Linear,MM,256,512,128,0.002,0.1221,0.0,"(1, 512)","(1, 128)",dp_stress
64,stress_layer_26,Linear,MM,256,512,128,0.0086,0.039,0.0,"(1, 512)","(1, 128)",dp_stress
64,stress_layer_27,Linear,MM,256,512,128,0.0342,0.0665,0.0,"(1, 512)","(1, 128)",dp_stress
64,stress_layer_28,Linear,MM,256,512,128,0.0878,0.0861,0.0,"(1, 512)","(1, 128)",dp_stress
64,stress_layer_29,Linear,MM,256,512,128,0.5197,0.445,0.75,"(1, 512)","(1, 128)",dp_stress
64,stress_layer_30,Linear,MM,256,512,128,0.0542,0.1444,0.0,"(1, 512)","(1, 128)",dp_stress
64,stress_layer_31,Linear,MM,256,512,128,0.0347,0.0843,0.0,"(1, 512)","(1, 128)",dp_stress
64,stress_layer_32,Linear,MM,256,512,128,0.048,0.0202,0.0,"(1, 512)","(1, 128)",dp_stress
64,stress_layer_33,Linear,MM,256,512,128,0.0368,0.037,0.0,"(1, 512)","(1, 128)",dp_stress
64,stress_layer_34,Linear,MM,256,512,128,0.0418,0.0367,0.0,"(1, 512)","(1, 128)",dp_stress
64,stress_layer_35,Linear,MM,256,512,128,0.5019,0.4205,0.75,"(1, 512)","(1, 128)",dp_stress
64,stress_layer_36,Linear,MM,256,512,128,0.0361,0.1203,0.0,"(1, 512)","(1, 128)",dp_stress
64,stress_layer_37,Linear,MM,256,512,128,0.0449,0.095,0.0,"(1, 512)","(1, 128)",dp_stress
64,stress_layer_38,Linear,MM,256,512,128,0.0441,0.1249,0.0,"(1, 512)","(1, 128)",dp_stress
64,stress_layer_39,Linear,MM,256,512,128,0.0723,0.0985,0.0,"(1, 512)","(1, 128)",dp_stress
65,stress_layer_0,Linear,MM,256,512,128,0.0846,0.0733,0.0,"(1, 512)","(1, 128)",dp_stress
65,stress_layer_1,Linear,MM,256,512,128,0.0115,0.015,0.0,"(1, 512)","(1, 128)",dp_stress
65,stress_layer_2,Linear,MM,256,512,128,0.0707,0.0826,0.0,"(1, 512)","(1, 128)",dp_stress
65,stress_layer_3,Linear,MM,256,512,128,0.0729,0.0147,0.0,"(1, 512)","(1, 128)",dp_stress
65,stress_layer_4,Linear,MM,256,512,128,0.0374,0.0294,0.0,"(1, 512)","(1, 128)",dp_stress
65,stress_layer_5,Linear,MM,256,512,128,0.6244,0.4568,0.75,"(1, 512)","(1, 128)",dp_stress
65,stress_layer_6,Linear,MM,256,512,128,0.028,0.0452,0.0,"(1, 512)","(1, 128)",dp_stress
65,stress_layer_7,Linear,MM,256,512,128,0.0759,0.0371,0.0,"(1, 512)","(1, 128)",dp_stress
65,stress_layer_8,Linear,MM,256,512,128,0.0004,0.1272,0.0,"(1, 512)","(1, 128)",dp_stress
65,stress_layer_9,Linear,MM,256,512,128,0.0611,0.084,0.0,"(1, 512)","(1, 128)",dp_stress
65,stress_layer_10,Linear,MM,256,512,128,0.0308,0.0507,0.0,"(1, 512)","(1, 128)",dp_stress
65,stress_layer_11,Linear,MM,256,512,128,0.6317,0.3278,0.75,"(1, 512)","(1, 128)",dp_stress
65,stress_layer_12,Linear,MM,256,512,128,0.0451,0.1348,0.0,"(1, 512)","(1, 128)",dp_stress
65,stress_layer_13,Linear,MM,256,512,128,0.0404,0.1208,0.0,"(1, 512)","(1, 128)",dp_stress
65,stress_layer_14,Linear,MM,256,512,128,0.0606,0.0123,0.0,"(1, 512)","(1, 128)",dp_stress
65,stress_layer_15,Linear,MM,256,512,128,0.071,0.1162,0.0,"(1, 512)","(1, 128)",dp_stress
65,stress_layer_16,Linear,MM,256,512,128,0.0953,0.1419,0.0,"(1, 512)","(1, 128)",dp_stress
65,stress_layer_17,Linear,MM,256,512,128,0.6276,0.3914,0.75,"(1, 512)","(1, 128)",dp_stress
65,stress_layer_18,Linear,MM,256,512,128,0.0391,0.0508,0.0,"(1, 512)","(1, 128)",dp_stress
65,stress_layer_19,Linear,MM,256,512,128,0.0966,0.0745,0.0,"(1, 512)","(1, 128)",dp_stress
65,stress_layer_20,Linear,MM,256,512,128,0.0011,0.0732,0.0,"(1, 512)","(1, 128)",dp_stress
65,stress_layer_21,Linear,MM,256,512,128,0.0744,0.043,0.0,"(1, 512)","(1, 128)",dp_stress
65,stress_layer_22,Linear,MM,256,512,128,0.038,0.0558,0.0,"(1, 512)","(1, 128)",dp_stress
65,stress_layer_23,Linear,MM,256,512,128,0.5164,0.3084,0.75,"(1, 512)","(1, 128)",dp_stress
65,stress_layer_24,Linear,MM,256,512,128,0.0219,0.0347,0.0,"(1, 512)","(1, 128)",dp_stress
65,stress_layer_25,Linear,MM,256,512,128,0.0138,0.0993,0.0,"(1, 512)","(1, 128)",dp_stress
65,stress_layer_26,Linear,MM,256,512,128,0.021,0.0159,0.0,"(1, 512)","(1, 128)",dp_stress
65,stress_layer_27,Linear,MM,256,512,128,0.0875,0.0281,0.0,"(1, 512)","(1, 128)",dp_stress
65,stress_layer_28,Linear,MM,256,512,128,0.0281,0.1442,0.0,"(1, 512)","(1, 128)",dp_stress
65,stress_layer_29,Linear,MM,256,512,128,0.6808,0.4381,0.75,"(1, 512)","(1, 128)",dp_stress
65,stress_layer_30,Linear,MM,256,512,128,0.0257,0.1483,0.0,"(1, 512)","(1, 128)",dp_stress
65,stress_layer_31,Linear,MM,256,512,128,0.0726,0.05,0.0,"(1, 512)","(1, 128)",dp_stress
65,stress_layer_32,Linear,MM,256,512,128,0.0242,0.0516,0.0,"(1, 512)","(1, 128)",dp_stress
65,stress_layer_33,Linear,MM,256,512,128,0.088,0.1379,0.0,"(1, 512)","(1, 128)",dp_stress
65,stress_layer_34,Linear,MM,256,512,128,0.0138,0.1266,0.0,"(1, 512)","(1, 128)",dp_stress
65,stress_layer_35,Linear,MM,256,512,128,0.5995,0.473,0.75,"(1, 512)","(1, 128)",dp_stress
65,stress_layer_36,Linear,MM,256,512,128,0.0091,0.0179,0.0,"(1, 512)","(1, 128)",dp_stress
65,stress_layer_37,Linear,MM,256,512,128,0.0118,0.081,0.0,"(1, 512)","(1, 128)",dp_stress
65,stress_layer_38,Linear,MM,256,512,128,0.0881,0.0889,0.0,"(1, 512)","(1, 128)",dp_stress
65,stress_layer_39,Linear,MM,256,512,128,0.0958,0.1328,0.0,"(1, 512)","(1, 128)",dp_stress
66,stress_layer_0,Linear,MM,256,512,128,0.0146,0.0262,0.0,"(1, 512)","(1, 128)",dp_stress
66,stress_layer_1,Linear,MM,256,512,128,0.0977,0.0828,0.0,"(1, 512)","(1, 128)",dp_stress
66,stress_layer_2,Linear,MM,256,512,128,0.0634,0.0198,0.0,"(1, 512)","(1, 128)",dp_stress
66,stress_layer_3,Linear,MM,256,512,128,0.0047,0.0502,0.0,"(1, 512)","(1, 128)",dp_stress
66,stress_layer_4,Linear,MM,256,512,128,0.0009,0.1257,0.0,"(1, 512)","(1, 128)",dp_stress
66,stress_layer_5,Linear,MM,256,512,128,0.5695,0.3767,0.75,"(1, 512)","(1, 128)",dp_stress
66,stress_layer_6,Linear,MM,256,512,128,0.0003,0.0367,0.0,"(1, 512)","(1, 128)",dp_stress
66,stress_layer_7,Linear,MM,256,512,128,0.026,0.0893,0.0,"(1, 512)","(1, 128)",dp_stress
66,stress_layer_8,Linear,MM,256,512,128,0.0146,0.0779,0.0,"(1, 512)","(1, 128)",dp_stress
66,stress_layer_9,Linear,MM,256,512,128,0.0081,0.053,0.0,"(1, 512)","(1, 128)",dp_stress
66,stress_layer_10,Linear,MM,256,512,128,0.0072,0.0427,0.0,"(1, 512)","(1, 128)",dp_stress
66,stress_layer_11,Linear,MM,256,512,128,0.6978,0.408,0.75,"(1, 512)","(1, 128)",dp_stress
66,stress_layer_12,Linear,MM,256,512,128,0.0274,0.0293,0.0,"(1, 512)","(1, 128)",dp_stress
66,stress_layer_13,Linear,MM,256,512,128,0.0859,0.0724,0.0,"(1, 512)","(1, 128)",dp_stress
66,stress_layer_14,Linear,MM,256,512,128,0.0822,0.0991,0.0,"(1, 512)","(1, 128)",dp_stress
66,stress_layer_15,Linear,MM,256,512,128,0.077,0.1373,0.0,"(1, 512)","(1, 128)",dp_stress
66,stress_layer_16,Linear,MM,256,512,128,0.0606,0.0812,0.0,"(1, 512)","(1, 128)",dp_stress
66,stress_layer_17,Linear,MM,256,512,128,0.5863,0.3083,0.75,"(1, 512)","(1, 128)",dp_stress
66,stress_layer_18,Linear,MM,256,512,128,0.0816,0.0386,0.0,"(1, 512)","(1, 128)",dp_stress
66,stress_layer_19,Linear,MM,256,512,128,0.0752,0.0931,0.0,"(1, 512)","(1, 128)",dp_stress
66,stress_layer_20,Linear,MM,256,512,128,0.0154,0.0408,0.0,"(1, 512)","(1, 128)",dp_stress
66,stress_layer_21,Linear,MM,256,512,128,0.0403,0.0223,0.0,"(1, 512)","(1, 128)",dp_stress
66,stress_layer_22,Linear,MM,256,512,128,0.0851,0.0466,0.0,"(1, 512)","(1, 128)",dp_stress
66,stress_layer_23,Linear,MM,256,512,128,0.5362,0.3073,0.75,"(1, 512)","(1, 128)",dp_stress
66,stress_layer_24,Linear,MM,256,512,128,0.0008,0.0726,0.0,"(1, 512)","(1, 128)",dp_stress
66,stress_layer_25,Linear,MM,256,512,128,0.0256,0.0445,0.0,"(1, 512)","(1, 128)",dp_stress
66,stress_layer_26,Linear,MM,256,512,128,0.0791,0.1261,0.0,"(1, 512)","(1, 128)",dp_stress
66,stress_layer_27,Linear,MM,256,512,128,0.0559,0.088,0.0,"(1, 512)","(1, 128)",dp_stress
66,stress_layer_28,Linear,MM,256,512,128,0.0667,0.0252,0.0,"(1, 512)","(1, 128)",dp_stress
66,stress_layer_29,Linear,MM,256,512,128,0.6958,0.3563,0.75,"(1, 512)","(1, 128)",dp_stress
66,stress_layer_30,Linear,MM,256,512,128,0.0756,0.1043,0.0,"(1, 512)","(1, 128)",dp_stress
66,stress_layer_31,Linear,MM,256,512,128,0.0199,0.0865,0.0,"(1, 512)","(1, 128)",dp_stress
66,stress_layer_32,Linear,MM,256,512,128,0.038,0.0352,0.0,"(1, 512)","(1, 128)",dp_stress
66,stress_layer_33,Linear,MM,256,512,128,0.0044,0.1325,0.0,"(1, 512)","(1, 128)",dp_stress
66,stress_layer_34,Linear,MM,256,512,128,0.078,0.0547,0.0,"(1, 512)","(1, 128)",dp_stress
66,stress_layer_35,Linear,MM,256,512,128,0.5893,0.3118,0.75,"(1, 512)","(1, 128)",dp_stress
66,stress_layer_36,Linear,MM,256,512,128,0.0428,0.1021,0.0,"(1, 512)","(1, 128)",dp_stress
66,stress_layer_37,Linear,MM,256,512,128,0.0712,0.0144,0.0,"(1, 512)","(1, 128)",dp_stress
66,stress_layer_38,Linear,MM,256,512,128,0.0382,0.1281,0.0,"(1, 512)","(1, 128)",dp_stress
66,stress_layer_39,Linear,MM,256,512,128,0.0507,0.1364,0.0,"(1, 512)","(1, 128)",dp_stress
67,stress_layer_0,Linear,MM,256,512,128,0.0709,0.0895,0.0,"(1, 512)","(1, 128)",dp_stress
67,stress_layer_1,Linear,MM,256,512,128,0.0231,0.0656,0.0,"(1, 512)","(1, 128)",dp_stress
67,stress_layer_2,Linear,MM,256,512,128,0.0645,0.0813,0.0,"(1, 512)","(1, 128)",dp_stress
67,stress_layer_3,Linear,MM,256,512,128,0.0618,0.0766,0.0,"(1, 512)","(1, 128)",dp_stress
67,stress_layer_4,Linear,MM,256,512,128,0.0562,0.0737,0.0,"(1, 512)","(1, 128)",dp_stress
67,stress_layer_5,Linear,MM,256,512,128,0.5384,0.3328,0.75,"(1, 512)","(1, 128)",dp_stress
67,stress_layer_6,Linear,MM,256,512,128,0.044,0.0288,0.0,"(1, 512)","(1, 128)",dp_stress
67,stress_layer_7,Linear,MM,256,512,128,0.0836,0.1245,0.0,"(1, 512)","(1, 128)",dp_stress
67,stress_layer_8,Linear,MM,256,512,128,0.0673,0.0592,0.0,"(1, 512)","(1, 128)",dp_stress
67,stress_layer_9,Linear,MM,256,512,128,0.0264,0.0674,0.0,"(1, 512)","(1, 128)",dp_stress
67,stress_layer_10,Linear,MM,256,512,128,0.0866,0.1216,0.0,"(1, 512)","(1, 128)",dp_stress
67,stress_layer_11,Linear,MM,256,512,128,0.5936,0.4958,0.75,"(1, 512)","(1, 128)",dp_stress
67,stress_layer_12,Linear,MM,256,512,128,0.0615,0.0845,0.0,"(1, 512)","(1, 128)",dp_stress
67,stress_layer_13,Linear,MM,256,512,128,0.0983,0.1189,0.0,"(1, 512)","(1, 128)",dp_stress
67,stress_layer_14,Linear,MM,256,512,128,0.0853,0.0235,0.0,"(1, 512)","(1, 128)",dp_stress
67,stress_layer_15,Linear,MM,256,512,128,0.0787,0.08,0.0,"(1, 512)","(1, 128)",dp_stress
67,stress_layer_16,Linear,MM,256,512,128,0.0757,0.1234,0.0,"(1, 512)","(1, 128)",dp_stress
67,stress_layer_17,Linear,MM,256,512,128,0.6709,0.3656,0.75,"(1, 512)","(1, 128)",dp_stress
67,stress_layer_18,Linear,MM,256,512,128,0.0774,0.0833,0.0,"(1, 512)","(1, 128)",dp_stress
67,stress_layer_19,Linear,MM,256,512,128,0.0487,0.0821,0.0,"(1, 512)","(1, 128)",dp_stress
67,stress_layer_20,Linear,MM,256,512,128,0.0102,0.0284,0.0,"(1, 512)","(1, 128)",dp_stress
67,stress_layer_21,Linear,MM,256,512,128,0.0012,0.1088,0.0,"(1, 512)","(1, 128)",dp_stress
67,stress_layer_22,Linear,MM,256,512,128,0.0579,0.1037,0.0,"(1, 512)","(1, 128)",dp_stress
67,stress_layer_23,Linear,MM,256,512,128,0.508,0.4969,0.75,"(1, 512)","(1, 128)",dp_stress
67,stress_layer_24,Linear,MM,256,512,128,0.078,0.1278,0.0,"(1, 512)","(1, 128)",dp_stress
67,stress_layer_25,Linear,MM,256,512,128,0.0581,0.0727,0.0,"(1, 512)","(1, 128)",dp_stress
67,stress_layer_26,Linear,MM,256,512,128,0.0234,0.0055,0.0,"(1, 512)","(1, 128)",dp_stress
67,stress_layer_27,Linear,MM,256,512,128,0.0357,0.1136,0.0,"(1, 512)","(1, 128)",dp_stress
67,stress_layer_28,Linear,MM,256,512,128,0.0947,0.1007,0.0,"(1, 512)","(1, 128)",dp_stress
67,stress_layer_29,Linear,MM,256,512,128,0.5607,0.4588,0.75,"(1, 512)","(1, 128)",dp_stress
67,stress_layer_30,Linear,MM,256,512,128,0.0268,0.0889,0.0,"(1, 512)","(1, 128)",dp_stress
67,stress_layer_31,Linear,MM,256,512,128,0.0313,0.1373,0.0,"(1, 512)","(1, 128)",dp_stress
67,stress_layer_32,Linear,MM,256,512,128,0.0685,0.0138,0.0,"(1, 512)","(1, 128)",dp_stress
67,stress_layer_33,Linear,MM,256,512,128,0.0242,0.15,0.0,"(1, 512)","(1, 128)",dp_stress
67,stress_layer_34,Linear,MM,256,512,128,0.0035,0.1196,0.0,"(1, 512)","(1, 128)",dp_stress
67,stress_layer_35,Linear,MM,256,512,128,0.6659,0.327,0.75,"(1, 512)","(1, 128)",dp_stress
67,stress_layer_36,Linear,MM,256,512,128,0.034,0.0053,0.0,"(1, 512)","(1, 128)",dp_stress
67,stress_layer_37,Linear,MM,256,512,128,0.0388,0.112,0.0,"(1, 512)","(1, 128)",dp_stress
67,stress_layer_38,Linear,MM,256,512,128,0.0648,0.0225,0.0,"(1, 512)","(1, 128)",dp_stress
67,stress_layer_39,Linear,MM,256,512,128,0.0638,0.1333,0.0,"(1, 512)","(1, 128)",dp_stress
68,stress_layer_0,Linear,MM,256,512,128,0.0497,0.0644,0.0,"(1, 512)","(1, 128)",dp_stress
68,stress_layer_1,Linear,MM,256,512,128,0.0478,0.0538,0.0,"(1, 512)","(1, 128)",dp_stress
68,stress_layer_2,Linear,MM,256,512,128,0.0171,0.0933,0.0,"(1, 512)","(1, 128)",dp_stress
68,stress_layer_3,Linear,MM,256,512,128,0.0154,0.0638,0.0,"(1, 512)","(1, 128)",dp_stress
68,stress_layer_4,Linear,MM,256,512,128,0.0806,0.0894,0.0,"(1, 512)","(1, 128)",dp_stress
68,stress_layer_5,Linear,MM,256,512,128,0.504,0.3,0.75,"(1, 512)","(1, 128)",dp_stress
68,stress_layer_6,Linear,MM,256,512,128,0.0889,0.0994,0.0,"(1, 512)","(1, 128)",dp_stress
68,stress_layer_7,Linear,MM,256,512,128,0.0103,0.0841,0.0,"(1, 512)","(1, 128)",dp_stress
68,stress_layer_8,Linear,MM,256,512,128,0.0482,0.0868,0.0,"(1, 512)","(1, 128)",dp_stress
68,stress_layer_9,Linear,MM,256,512,128,0.0363,0.0156,0.0,"(1, 512)","(1, 128)",dp_stress
68,stress_layer_10,Linear,MM,256,512,128,0.0208,0.1468,0.0,"(1, 512)","(1, 128)",dp_stress
68,stress_layer_11,Linear,MM,256,512,128,0.5411,0.3499,0.75,"(1, 512)","(1, 128)",dp_stress
68,stress_layer_12,Linear,MM,256,512,128,0.077,0.0715,0.0,"(1, 512)","(1, 128)",dp_stress
68,stress_layer_13,Linear,MM,256,512,128,0.0561,0.1111,0.0,"(1, 512)","(1, 128)",dp_stress
68,stress_layer_14,Linear,MM,256,512,128,0.0848,0.0984,0.0,"(1, 512)","(1, 128)",dp_stress
68,stress_layer_15,Linear,MM,256,512,128,0.0666,0.1036,0.0,"(1, 512)","(1, 128)",dp_stress
68,stress_layer_16,Linear,MM,256,512,128,0.0176,0.0559,0.0,"(1, 512)","(1, 128)",dp_stress
68,stress_layer_17,Linear,MM,256,512,128,0.6005,0.3754,0.75,"(1, 512)","(1, 128)",dp_stress
68,stress_layer_18,Linear,MM,256,512,128,0.0083,0.1323,0.0,"(1, 512)","(1, 128)",dp_stress
68,stress_layer_19,Linear,MM,256,512,128,0.0658,0.1006,0.0,"(1, 512)","(1, 128)",dp_stress
68,stress_layer_20,Linear,MM,256,512,128,0.0117,0.1195,0.0,"(1, 512)","(1, 128)",dp_stress
68,stress_layer_21,Linear,MM,256,512,128,0.0759,0.1306,0.0,"(1, 512)","(1, 128)",dp_stress
68,stress_layer_22,Linear,MM,256,512,128,0.0695,0.086,0.0,"(1, 512)","(1, 128)",dp_stress
68,stress_layer_23,Linear,MM,256,512,128,0.5807,0.3703,0.75,"(1, 512)","(1, 128)",dp_stress
68,stress_layer_24,Linear,MM,256,512,128,0.0463,0.0964,0.0,"(1, 512)","(1, 128)",dp_stress
68,stress_layer_25,Linear,MM,256,512,128,0.086,0.0002,0.0,"(1, 512)","(1, 128)",dp_stress
68,stress_layer_26,Linear,MM,256,512,128,0.0147,0.0604,0.0,"(1, 512)","(1, 128)",dp_stress
68,stress_layer_27,Linear,MM,256,512,128,0.0634,0.142,0.0,"(1, 512)","(1, 128)",dp_stress
68,stress_layer_28,Linear,MM,256,512,128,0.0541,0.067,0.0,"(1, 512)","(1, 128)",dp_stress
68,stress_layer_29,Linear,MM,256,512,128,0.5466,0.4686,0.75,"(1, 512)","(1, 128)",dp_stress
68,stress_layer_30,Linear,MM,256,512,128,0.0661,0.1033,0.0,"(1, 512)","(1, 128)",dp_stress
68,stress_layer_31,Linear,MM,256,512,128,0.0377,0.1166,0.0,"(1, 512)","(1, 128)",dp_stress
68,stress_layer_32,Linear,MM,256,512,128,0.0,0.0731,0.0,"(1, 512)","(1, 128)",dp_stress
68,stress_layer_33,Linear,MM,256,512,128,0.098,0.0584,0.0,"(1, 512)","(1, 128)",dp_stress
68,stress_layer_34,Linear,MM,256,512,128,0.0821,0.128,0.0,"(1, 512)","(1, 128)",dp_stress
68,stress_layer_35,Linear,MM,256,512,128,0.6455,0.3889,0.75,"(1, 512)","(1, 128)",dp_stress
68,stress_layer_36,Linear,MM,256,512,128,0.0888,0.0844,0.0,"(1, 512)","(1, 128)",dp_stress
68,stress_layer_37,Linear,MM,256,512,128,0.0273,0.0814,0.0,"(1, 512)","(1, 128)",dp_stress
68,stress_layer_38,Linear,MM,256,512,128,0.0261,0.0027,0.0,"(1, 512)","(1, 128)",dp_stress
68,stress_layer_39,Linear,MM,256,512,128,0.087,0.0486,0.0,"(1, 512)","(1, 128)",dp_stress
69,stress_layer_0,Linear,MM,256,512,128,0.0821,0.0348,0.0,"(1, 512)","(1, 128)",dp_stress
69,stress_layer_1,Linear,MM,256,512,128,0.0575,0.0508,0.0,"(1, 512)","(1, 128)",dp_stress
69,stress_layer_2,Linear,MM,256,512,128,0.0237,0.0349,0.0,"(1, 512)","(1, 128)",dp_stress
69,stress_layer_3,Linear,MM,256,512,128,0.0096,0.0209,0.0,"(1, 512)","(1, 128)",dp_stress
69,stress_layer_4,Linear,MM,256,512,128,0.0323,0.0041,0.0,"(1, 512)","(1, 128)",dp_stress
69,stress_layer_5,Linear,MM,256,512,128,0.5185,0.3625,0.75,"(1, 512)","(1, 128)",dp_stress
69,stress_layer_6,Linear,MM,256,512,128,0.0466,0.1426,0.0,"(1, 512)","(1, 128)",dp_stress
69,stress_layer_7,Linear,MM,256,512,128,0.0678,0.0494,0.0,"(1, 512)","(1, 128)",dp_stress
69,stress_layer_8,Linear,MM,256,512,128,0.098,0.0407,0.0,"(1, 512)","(1, 128)",dp_stress
69,stress_layer_9,Linear,MM,256,512,128,0.0305,0.1395,0.0,"(1, 512)","(1, 128)",dp_stress
69,stress_layer_10,Linear,MM,256,512,128,0.0087,0.0819,0.0,"(1, 512)","(1, 128)",dp_stress
69,stress_layer_11,Linear,MM,256,512,128,0.6484,0.3107,0.75,"(1, 512)","(1, 128)",dp_stress
69,stress_layer_12,Linear,MM,256,512,128,0.0461,0.0936,0.0,"(1, 512)","(1, 128)",dp_stress
69,stress_layer_13,Linear,MM,256,512,128,0.089,0.1358,0.0,"(1, 512)","(1, 128)",dp_stress
69,stress_layer_14,Linear,MM,256,512,128,0.003,0.0729,0.0,"(1, 512)","(1, 128)",dp_stress
69,stress_layer_15,Linear,MM,256,512,128,0.0093,0.0019,0.0,"(1, 512)","(1, 128)",dp_stress
69,stress_layer_16,Linear,MM,256,512,128,0.0126,0.1491,0.0,"(1, 512)","(1, 128)",dp_stress
69,stress_layer_17,Linear,MM,256,512,128,0.502,0.3416,0.75,"(1, 512)","(1, 128)",dp_stress
69,stress_layer_18,Linear,MM,256,512,128,0.015,0.1032,0.0,"(1, 512)","(1, 128)",dp_stress
69,stress_layer_19,Linear,MM,256,512,128,0.0511,0.0045,0.0,"(1, 512)","(1, 128)",dp_stress
69,stress_layer_20,Linear,MM,256,512,128,0.0439,0.0448,0.0,"(1, 512)","(1, 128)",dp_stress
69,stress_layer_21,Linear,MM,256,512,128,0.0948,0.038,0.0,"(1, 512)","(1, 128)",dp_stress
69,stress_layer_22,Linear,MM,256,512,128,0.0579,0.0745,0.0,"(1, 512)","(1, 128)",dp_stress
69,stress_layer_23,Linear,MM,256,512,128,0.5227,0.3241,0.75,"(1, 512)","(1, 128)",dp_stress
69,stress_layer_24,Linear,MM,256,512,128,0.0606,0.1195,0.0,"(1, 512)","(1, 128)",dp_stress
69,stress_layer_25,Linear,MM,256,512,128,0.0403,0.0676,0.0,"(1, 512)","(1, 128)",dp_stress
69,stress_layer_26,Linear,MM,256,512,128,0.0269,0.1023,0.0,"(1, 512)","(1, 128)",dp_stress
69,stress_layer_27,Linear,MM,256,512,128,0.0768,0.0181,0.0,"(1, 512)","(1, 128)",dp_stress
69,stress_layer_28,Linear,MM,256,512,128,0.0348,0.0036,0.0,"(1, 512)","(1, 128)",dp_stress
69,stress_layer_29,Linear,MM,256,512,128,0.6613,0.3881,0.75,"(1, 512)","(1, 128)",dp_stress
69,stress_layer_30,Linear,MM,256,512,128,0.0585,0.0479,0.0,"(1, 512)","(1, 128)",dp_stress
69,stress_layer_31,Linear,MM,256,512,128,0.0786,0.0043,0.0,"(1, 512)","(1, 128)",dp_stress
69,stress_layer_32,Linear,MM,256,512,128,0.0804,0.0153,0.0,"(1, 512)","(1, 128)",dp_stress
69,stress_layer_33,Linear,MM,256,512,128,0.0663,0.0914,0.0,"(1, 512)","(1, 128)",dp_stress
69,stress_layer_34,Linear,MM,256,512,128,0.0734,0.0532,0.0,"(1, 512)","(1, 128)",dp_stress
69,stress_layer_35,Linear,MM,256,512,128,0.6589,0.4038,0.75,"(1, 512)","(1, 128)",dp_stress
69,stress_layer_36,Linear,MM,256,512,128,0.0565,0.067,0.0,"(1, 512)","(1, 128)",dp_stress
69,stress_layer_37,Linear,MM,256,512,128,0.0789,0.0609,0.0,"(1, 512)","(1, 128)",dp_stress
69,stress_layer_38,Linear,MM,256,512,128,0.067,0.13,0.0,"(1, 512)","(1, 128)",dp_stress
69,stress_layer_39,Linear,MM,256,512,128,0.0687,0.0737,0.0,"(1, 512)","(1, 128)",dp_stress
70,stress_layer_0,Linear,MM,256,512,128,0.0439,0.1306,0.0,"(1, 512)","(1, 128)",dp_stress
70,stress_layer_1,Linear,MM,256,512,128,0.0981,0.0484,0.0,"(1, 512)","(1, 128)",dp_stress
70,stress_layer_2,Linear,MM,256,512,128,0.0104,0.1049,0.0,"(1, 512)","(1, 128)",dp_stress
70,stress_layer_3,Linear,MM,256,512,128,0.0898,0.0695,0.0,"(1, 512)","(1, 128)",dp_stress
70,stress_layer_4,Linear,MM,256,512,128,0.0267,0.0797,0.0,"(1, 512)","(1, 128)",dp_stress
70,stress_layer_5,Linear,MM,256,512,128,0.6378,0.4733,0.75,"(1, 512)","(1, 128)",dp_stress
70,stress_layer_6,Linear,MM,256,512,128,0.0262,0.0487,0.0,"(1, 512)","(1, 128)",dp_stress
70,stress_layer_7,Linear,MM,256,512,128,0.0464,0.0638,0.0,"(1, 512)","(1, 128)",dp_stress
70,stress_layer_8,Linear,MM,256,512,128,0.0036,0.0446,0.0,"(1, 512)","(1, 128)",dp_stress
70,stress_layer_9,Linear,MM,256,512,128,0.0333,0.0967,0.0,"(1, 512)","(1, 128)",dp_stress
70,stress_layer_10,Linear,MM,256,512,128,0.0478,0.0435,0.0,"(1, 512)","(1, 128)",dp_stress
70,stress_layer_11,Linear,MM,256,512,128,0.6848,0.4668,0.75,"(1, 512)","(1, 128)",dp_stress
70,stress_layer_12,Linear,MM,256,512,128,0.0253,0.0692,0.0,"(1, 512)","(1, 128)",dp_stress
70,stress_layer_13,Linear,MM,256,512,128,0.0167,0.0265,0.0,"(1, 512)","(1, 128)",dp_stress
70,stress_layer_14,Linear,MM,256,512,128,0.0367,0.1081,0.0,"(1, 512)","(1, 128)",dp_stress
70,stress_layer_15,Linear,MM,256,512,128,0.0494,0.0297,0.0,"(1, 512)","(1, 128)",dp_stress
70,stress_layer_16,Linear,MM,256,512,128,0.0723,0.0013,0.0,"(1, 512)","(1, 128)",dp_stress
70,stress_layer_17,Linear,MM,256,512,128,0.6866,0.4209,0.75,"(1, 512)","(1, 128)",dp_stress
70,stress_layer_18,Linear,MM,256,512,128,0.079,0.0745,0.0,"(1, 512)","(1, 128)",dp_stress
70,stress_layer_19,Linear,MM,256,512,128,0.0302,0.0721,0.0,"(1, 512)","(1, 128)",dp_stress
70,stress_layer_20,Linear,MM,256,512,128,0.034,0.081,0.0,"(1, 512)","(1, 128)",dp_stress
70,stress_layer_21,Linear,MM,256,512,128,0.027,0.0438,0.0,"(1, 512)","(1, 128)",dp_stress
70,stress_layer_22,Linear,MM,256,512,128,0.076,0.1403,0.0,"(1, 512)","(1, 128)",dp_stress
70,stress_layer_23,Linear,MM,256,512,128,0.5347,0.3174,0.75,"(1, 512)","(1, 128)",dp_stress
70,stress_layer_24,Linear,MM,256,512,128,0.0085,0.0992,0.0,"(1, 512)","(1, 128)",dp_stress
70,stress_layer_25,Linear,MM,256,512,128,0.013,0.0943,0.0,"(1, 512)","(1, 128)",dp_stress
70,stress_layer_26,Linear,MM,256,512,128,0.0267,0.0172,0.0,"(1, 512)","(1, 128)",dp_stress
70,stress_layer_27,Linear,MM,256,512,128,0.0829,0.0083,0.0,"(1, 512)","(1, 128)",dp_stress
70,stress_layer_28,Linear,MM,256,512,128,0.0167,0.119,0.0,"(1, 512)","(1, 128)",dp_stress
70,stress_layer_29,Linear,MM,256,512,128,0.675,0.4432,0.75,"(1, 512)","(1, 128)",dp_stress
70,stress_layer_30,Linear,MM,256,512,128,0.0167,0.0336,0.0,"(1, 512)","(1, 128)",dp_stress
70,stress_layer_31,Linear,MM,256,512,128,0.0976,0.0921,0.0,"(1, 512)","(1, 128)",dp_stress
70,stress_layer_32,Linear,MM,256,512,128,0.026,0.0783,0.0,"(1, 512)","(1, 128)",dp_stress
70,stress_layer_33,Linear,MM,256,512,128,0.0729,0.0161,0.0,"(1, 512)","(1, 128)",dp_stress
70,stress_layer_34,Linear,MM,256,512,128,0.0343,0.1358,0.0,"(1, 512)","(1, 128)",dp_stress
70,stress_layer_35,Linear,MM,256,512,128,0.5582,0.4083,0.75,"(1, 512)","(1, 128)",dp_stress
70,stress_layer_36,Linear,MM,256,512,128,0.0225,0.1406,0.0,"(1, 512)","(1, 128)",dp_stress
70,stress_layer_37,Linear,MM,256,512,128,0.0168,0.0624,0.0,"(1, 512)","(1, 128)",dp_stress
70,stress_layer_38,Linear,MM,256,512,128,0.0295,0.0889,0.0,"(1, 512)","(1, 128)",dp_stress
70,stress_layer_39,Linear,MM,256,512,128,0.0418,0.1497,0.0,"(1, 512)","(1, 128)",dp_stress
71,stress_layer_0,Linear,MM,256,512,128,0.0712,0.0776,0.0,"(1, 512)","(1, 128)",dp_stress
71,stress_layer_1,Linear,MM,256,512,128,0.0874,0.0662,0.0,"(1, 512)","(1, 128)",dp_stress
71,stress_layer_2,Linear,MM,256,512,128,0.0227,0.1027,0.0,"(1, 512)","(1, 128)",dp_stress
71,stress_layer_3,Linear,MM,256,512,128,0.0013,0.1068,0.0,"(1, 512)","(1, 128)",dp_stress
71,stress_layer_4,Linear,MM,256,512,128,0.0568,0.1477,0.0,"(1, 512)","(1, 128)",dp_stress
71,stress_layer_5,Linear,MM,256,512,128,0.6269,0.3813,0.75,"(1, 512)","(1, 128)",dp_stress
71,stress_layer_6,Linear,MM,256,512,128,0.0232,0.0673,0.0,"(1, 512)","(1, 128)",dp_stress
71,stress_layer_7,Linear,MM,256,512,128,0.0952,0.1341,0.0,"(1, 512)","(1, 128)",dp_stress
71,stress_layer_8,Linear,MM,256,512,128,0.0821,0.0109,0.0,"(1, 512)","(1, 128)",dp_stress
71,stress_layer_9,Linear,MM,256,512,128,0.0775,0.0278,0.0,"(1, 512)","(1, 128)",dp_stress
71,stress_layer_10,Linear,MM,256,512,128,0.0631,0.0605,0.0,"(1, 512)","(1, 128)",dp_stress
71,stress_layer_11,Linear,MM,256,512,128,0.5087,0.3747,0.75,"(1, 512)","(1, 128)",dp_stress
71,stress_layer_12,Linear,MM,256,512,128,0.0107,0.0624,0.0,"(1, 512)","(1, 128)",dp_stress
71,stress_layer_13,Linear,MM,256,512,128,0.048,0.1082,0.0,"(1, 512)","(1, 128)",dp_stress
71,stress_layer_14,Linear,MM,256,512,128,0.007,0.1078,0.0,"(1, 512)","(1, 128)",dp_stress
71,stress_layer_15,Linear,MM,256,512,128,0.02,0.0295,0.0,"(1, 512)","(1, 128)",dp_stress
71,stress_layer_16,Linear,MM,256,512,128,0.0962,0.0393,0.0,"(1, 512)","(1, 128)",dp_stress
71,stress_layer_17,Linear,MM,256,512,128,0.566,0.4472,0.75,"(1, 512)","(1, 128)",dp_stress
71,stress_layer_18,Linear,MM,256,512,128,0.0248,0.0454,0.0,"(1, 512)","(1, 128)",dp_stress
71,stress_layer_19,Linear,MM,256,512,128,0.07,0.1258,0.0,"(1, 512)","(1, 128)",dp_stress
71,stress_layer_20,Linear,MM,256,512,128,0.0328,0.1257,0.0,"(1, 512)","(1, 128)",dp_stress
71,stress_layer_21,Linear,MM,256,512,128,0.0522,0.0607,0.0,"(1, 512)","(1, 128)",dp_stress
71,stress_layer_22,Linear,MM,256,512,128,0.0626,0.1204,0.0,"(1, 512)","(1, 128)",dp_stress
71,stress_layer_23,Linear,MM,256,512,128,0.5784,0.3808,0.75,"(1, 512)","(1, 128)",dp_stress
71,stress_layer_24,Linear,MM,256,512,128,0.0831,0.0223,0.0,"(1, 512)","(1, 128)",dp_stress
71,stress_layer_25,Linear,MM,256,512,128,0.0563,0.1223,0.0,"(1, 512)","(1, 128)",dp_stress
71,stress_layer_26,Linear,MM,256,512,128,0.0656,0.126,0.0,"(1, 512)","(1, 128)",dp_stress
71,stress_layer_27,Linear,MM,256,512,128,0.0248,0.004,0.0,"(1, 512)","(1, 128)",dp_stress
71,stress_layer_28,Linear,MM,256,512,128,0.063,0.0691,0.0,"(1, 512)","(1, 128)",dp_stress
71,stress_layer_29,Linear,MM,256,512,128,0.5598,0.4139,0.75,"(1, 512)","(1, 128)",dp_stress
71,stress_layer_30,Linear,MM,256,512,128,0.025,0.1316,0.0,"(1, 512)","(1, 128)",dp_stress
71,stress_layer_31,Linear,MM,256,512,128,0.0008,0.1266,0.0,"(1, 512)","(1, 128)",dp_stress
71,stress_layer_32,Linear,MM,256,512,128,0.0281,0.1435,0.0,"(1, 512)","(1, 128)",dp_stress
71,stress_layer_33,Linear,MM,256,512,128,0.0489,0.0156,0.0,"(1, 512)","(1, 128)",dp_stress
71,stress_layer_34,Linear,MM,256,512,128,0.0947,0.0917,0.0,"(1, 512)","(1, 128)",dp_stress
71,stress_layer_35,Linear,MM,256,512,128,0.6846,0.4413,0.75,"(1, 512)","(1, 128)",dp_stress
71,stress_layer_36,Linear,MM,256,512,128,0.0009,0.0726,0.0,"(1, 512)","(1, 128)",dp_stress
71,stress_layer_37,Linear,MM,256,512,128,0.0008,0.0297,0.0,"(1, 512)","(1, 128)",dp_stress
71,stress_layer_38,Linear,MM,256,512,128,0.043,0.0754,0.0,"(1, 512)","(1, 128)",dp_stress
71,stress_layer_39,Linear,MM,256,512,128,0.0058,0.1271,0.0,"(1, 512)","(1, 128)",dp_stress
72,stress_layer_0,Linear,MM,256,512,128,0.0087,0.0177,0.0,"(1, 512)","(1, 128)",dp_stress
72,stress_layer_1,Linear,MM,256,512,128,0.0661,0.0948,0.0,"(1, 512)","(1, 128)",dp_stress
72,stress_layer_2,Linear,MM,256,512,128,0.0649,0.0066,0.0,"(1, 512)","(1, 128)",dp_stress
72,stress_layer_3,Linear,MM,256,512,128,0.0783,0.1153,0.0,"(1, 512)","(1, 128)",dp_stress
72,stress_layer_4,Linear,MM,256,512,128,0.0544,0.0301,0.0,"(1, 512)","(1, 128)",dp_stress
72,stress_layer_5,Linear,MM,256,512,128,0.5755,0.3805,0.75,"(1, 512)","(1, 128)",dp_stress
72,stress_layer_6,Linear,MM,256,512,128,0.062,0.1136,0.0,"(1, 512)","(1, 128)",dp_stress
72,stress_layer_7,Linear,MM,256,512,128,0.0284,0.0072,0.0,"(1, 512)","(1, 128)",dp_stress
72,stress_layer_8,Linear,MM,256,512,128,0.0042,0.0234,0.0,"(1, 512)","(1, 128)",dp_stress
72,stress_layer_9,Linear,MM,256,512,128,0.0478,0.0926,0.0,"(1, 512)","(1, 128)",dp_stress
72,stress_layer_10,Linear,MM,256,512,128,0.0336,0.1433,0.0,"(1, 512)","(1, 128)",dp_stress
72,stress_layer_11,Linear,MM,256,512,128,0.6948,0.4098,0.75,"(1, 512)","(1, 128)",dp_stress
72,stress_layer_12,Linear,MM,256,512,128,0.0137,0.0817,0.0,"(1, 512)","(1, 128)",dp_stress
72,stress_layer_13,Linear,MM,256,512,128,0.0761,0.0942,0.0,"(1, 512)","(1, 128)",dp_stress
72,stress_layer_14,Linear,MM,256,512,128,0.0262,0.0753,0.0,"(1, 512)","(1, 128)",dp_stress
72,stress_layer_15,Linear,MM,256,512,128,0.0547,0.0661,0.0,"(1, 512)","(1, 128)",dp_stress
72,stress_layer_16,Linear,MM,256,512,128,0.0688,0.0254,0.0,"(1, 512)","(1, 128)",dp_stress
72,stress_layer_17,Linear,MM,256,512,128,0.5586,0.3551,0.75,"(1, 512)","(1, 128)",dp_stress
72,stress_layer_18,Linear,MM,256,512,128,0.0786,0.086,0.0,"(1, 512)","(1, 128)",dp_stress
72,stress_layer_19,Linear,MM,256,512,128,0.096,0.0124,0.0,"(1, 512)","(1, 128)",dp_stress
72,stress_layer_20,Linear,MM,256,512,128,0.0749,0.0376,0.0,"(1, 512)","(1, 128)",dp_stress
72,stress_layer_21,Linear,MM,256,512,128,0.068,0.0075,0.0,"(1, 512)","(1, 128)",dp_stress
72,stress_layer_22,Linear,MM,256,512,128,0.0246,0.1456,0.0,"(1, 512)","(1, 128)",dp_stress
72,stress_layer_23,Linear,MM,256,512,128,0.643,0.491,0.75,"(1, 512)","(1, 128)",dp_stress
72,stress_layer_24,Linear,MM,256,512,128,0.0995,0.0472,0.0,"(1, 512)","(1, 128)",dp_stress
72,stress_layer_25,Linear,MM,256,512,128,0.033,0.0006,0.0,"(1, 512)","(1, 128)",dp_stress
72,stress_layer_26,Linear,MM,256,512,128,0.0804,0.1258,0.0,"(1, 512)","(1, 128)",dp_stress
72,stress_layer_27,Linear,MM,256,512,128,0.0658,0.1248,0.0,"(1, 512)","(1, 128)",dp_stress
72,stress_layer_28,Linear,MM,256,512,128,0.0646,0.1458,0.0,"(1, 512)","(1, 128)",dp_stress
72,stress_layer_29,Linear,MM,256,512,128,0.5474,0.443,0.75,"(1, 512)","(1, 128)",dp_stress
72,stress_layer_30,Linear,MM,256,512,128,0.0163,0.0669,0.0,"(1, 512)","(1, 128)",dp_stress
72,stress_layer_31,Linear,MM,256,512,128,0.0742,0.0751,0.0,"(1, 512)","(1, 128)",dp_stress
72,stress_layer_32,Linear,MM,256,512,128,0.0291,0.065,0.0,"(1, 512)","(1, 128)",dp_stress
72,stress_layer_33,Linear,MM,256,512,128,0.0305,0.1327,0.0,"(1, 512)","(1, 128)",dp_stress
72,stress_layer_34,Linear,MM,256,512,128,0.0666,0.0858,0.0,"(1, 512)","(1, 128)",dp_stress
72,stress_layer_35,Linear,MM,256,512,128,0.6704,0.4061,0.75,"(1, 512)","(1, 128)",dp_stress
72,stress_layer_36,Linear,MM,256,512,128,0.0126,0.0011,0.0,"(1, 512)","(1, 128)",dp_stress
72,stress_layer_37,Linear,MM,256,512,128,0.061,0.0764,0.0,"(1, 512)","(1, 128)",dp_stress
72,stress_layer_38,Linear,MM,256,512,128,0.0113,0.0465,0.0,"(1, 512)","(1, 128)",dp_stress
72,stress_layer_39,Linear,MM,256,512,128,0.092,0.1079,0.0,"(1, 512)","(1, 128)",dp_stress
73,stress_layer_0,Linear,MM,256,512,128,0.0591,0.0051,0.0,"(1, 512)","(1, 128)",dp_stress
73,stress_layer_1,Linear,MM,256,512,128,0.0542,0.0147,0.0,"(1, 512)","(1, 128)",dp_stress
73,stress_layer_2,Linear,MM,256,512,128,0.086,0.1321,0.0,"(1, 512)","(1, 128)",dp_stress
73,stress_layer_3,Linear,MM,256,512,128,0.0865,0.0361,0.0,"(1, 512)","(1, 128)",dp_stress
73,stress_layer_4,Linear,MM,256,512,128,0.0082,0.0198,0.0,"(1, 512)","(1, 128)",dp_stress
73,stress_layer_5,Linear,MM,256,512,128,0.5028,0.3525,0.75,"(1, 512)","(1, 128)",dp_stress
73,stress_layer_6,Linear,MM,256,512,128,0.0608,0.0693,0.0,"(1, 512)","(1, 128)",dp_stress
73,stress_layer_7,Linear,MM,256,512,128,0.0167,0.1428,0.0,"(1, 512)","(1, 128)",dp_stress
73,stress_layer_8,Linear,MM,256,512,128,0.0045,0.147,0.0,"(1, 512)","(1, 128)",dp_stress
73,stress_layer_9,Linear,MM,256,512,128,0.0645,0.0245,0.0,"(1, 512)","(1, 128)",dp_stress
73,stress_layer_10,Linear,MM,256,512,128,0.0112,0.0312,0.0,"(1, 512)","(1, 128)",dp_stress
73,stress_layer_11,Linear,MM,256,512,128,0.5414,0.3177,0.75,"(1, 512)","(1, 128)",dp_stress
73,stress_layer_12,Linear,MM,256,512,128,0.0483,0.0124,0.0,"(1, 512)","(1, 128)",dp_stress
73,stress_layer_13,Linear,MM,256,512,128,0.017,0.059,0.0,"(1, 512)","(1, 128)",dp_stress
73,stress_layer_14,Linear,MM,256,512,128,0.0767,0.098,0.0,"(1, 512)","(1, 128)",dp_stress
73,stress_layer_15,Linear,MM,256,512,128,0.0849,0.1346,0.0,"(1, 512)","(1, 128)",dp_stress
73,stress_layer_16,Linear,MM,256,512,128,0.0198,0.1493,0.0,"(1, 512)","(1, 128)",dp_stress
73,stress_layer_17,Linear,MM,256,512,128,0.66,0.3849,0.75,"(1, 512)","(1, 128)",dp_stress
73,stress_layer_18,Linear,MM,256,512,128,0.0701,0.1449,0.0,"(1, 512)","(1, 128)",dp_stress
73,stress_layer_19,Linear,MM,256,512,128,0.0103,0.1144,0.0,"(1, 512)","(1, 128)",dp_stress
73,stress_layer_20,Linear,MM,256,512,128,0.0097,0.1003,0.0,"(1, 512)","(1, 128)",dp_stress
73,stress_layer_21,Linear,MM,256,512,128,0.0789,0.0152,0.0,"(1, 512)","(1, 128)",dp_stress
73,stress_layer_22,Linear,MM,256,512,128,0.0807,0.1221,0.0,"(1, 512)","(1, 128)",dp_stress
73,stress_layer_23,Linear,MM,256,512,128,0.5558,0.3726,0.75,"(1, 512)","(1, 128)",dp_stress
73,stress_layer_24,Linear,MM,256,512,128,0.0889,0.0144,0.0,"(1, 512)","(1, 128)",dp_stress
73,stress_layer_25,Linear,MM,256,512,128,0.052,0.0776,0.0,"(1, 512)","(1, 128)",dp_stress
73,stress_layer_26,Linear,MM,256,512,128,0.0575,0.0866,0.0,"(1, 512)","(1, 128)",dp_stress
73,stress_layer_27,Linear,MM,256,512,128,0.0986,0.025,0.0,"(1, 512)","(1, 128)",dp_stress
73,stress_layer_28,Linear,MM,256,512,128,0.0509,0.107,0.0,"(1, 512)","(1, 128)",dp_stress
73,stress_layer_29,Linear,MM,256,512,128,0.5564,0.3864,0.75,"(1, 512)","(1, 128)",dp_stress
73,stress_layer_30,Linear,MM,256,512,128,0.0803,0.1369,0.0,"(1, 512)","(1, 128)",dp_stress
73,stress_layer_31,Linear,MM,256,512,128,0.0033,0.0034,0.0,"(1, 512)","(1, 128)",dp_stress
73,stress_layer_32,Linear,MM,256,512,128,0.0173,0.0603,0.0,"(1, 512)","(1, 128)",dp_stress
73,stress_layer_33,Linear,MM,256,512,128,0.0325,0.0951,0.0,"(1, 512)","(1, 128)",dp_stress
73,stress_layer_34,Linear,MM,256,512,128,0.0654,0.067,0.0,"(1, 512)","(1, 128)",dp_stress
73,stress_layer_35,Linear,MM,256,512,128,0.6745,0.3734,0.75,"(1, 512)","(1, 128)",dp_stress
73,stress_layer_36,Linear,MM,256,512,128,0.0344,0.0378,0.0,"(1, 512)","(1, 128)",dp_stress
73,stress_layer_37,Linear,MM,256,512,128,0.0625,0.0996,0.0,"(1, 512)","(1, 128)",dp_stress
73,stress_layer_38,Linear,MM,256,512,128,0.013,0.0367,0.0,"(1, 512)","(1, 128)",dp_stress
73,stress_layer_39,Linear,MM,256,512,128,0.0188,0.113,0.0,"(1, 512)","(1, 128)",dp_stress
74,stress_layer_0,Linear,MM,256,512,128,0.0029,0.0115,0.0,"(1, 512)","(1, 128)",dp_stress
74,stress_layer_1,Linear,MM,256,512,128,0.0503,0.0892,0.0,"(1, 512)","(1, 128)",dp_stress
74,stress_layer_2,Linear,MM,256,512,128,0.0653,0.0963,0.0,"(1, 512)","(1, 128)",dp_stress
74,stress_layer_3,Linear,MM,256,512,128,0.0859,0.0281,0.0,"(1, 512)","(1, 128)",dp_stress
74,stress_layer_4,Linear,MM,256,512,128,0.0439,0.1143,0.0,"(1, 512)","(1, 128)",dp_stress
74,stress_layer_5,Linear,MM,256,512,128,0.5041,0.3157,0.75,"(1, 512)","(1, 128)",dp_stress
74,stress_layer_6,Linear,MM,256,512,128,0.0332,0.0766,0.0,"(1, 512)","(1, 128)",dp_stress
74,stress_layer_7,Linear,MM,256,512,128,0.0444,0.1207,0.0,"(1, 512)","(1, 128)",dp_stress
74,stress_layer_8,Linear,MM,256,512,128,0.0386,0.0945,0.0,"(1, 512)","(1, 128)",dp_stress
74,stress_layer_9,Linear,MM,256,512,128,0.0786,0.0914,0.0,"(1, 512)","(1, 128)",dp_stress
74,stress_layer_10,Linear,MM,256,512,128,0.0455,0.085,0.0,"(1, 512)","(1, 128)",dp_stress
74,stress_layer_11,Linear,MM,256,512,128,0.5193,0.4792,0.75,"(1, 512)","(1, 128)",dp_stress
74,stress_layer_12,Linear,MM,256,512,128,0.0708,0.1096,0.0,"(1, 512)","(1, 128)",dp_stress
74,stress_layer_13,Linear,MM,256,512,128,0.0472,0.0536,0.0,"(1, 512)","(1, 128)",dp_stress
74,stress_layer_14,Linear,MM,256,512,128,0.0812,0.0743,0.0,"(1, 512)","(1, 128)",dp_stress
74,stress_layer_15,Linear,MM,256,512,128,0.0549,0.0709,0.0,"(1, 512)","(1, 128)",dp_stress
74,stress_layer_16,Linear,MM,256,512,128,0.0075,0.1397,0.0,"(1, 512)","(1, 128)",dp_stress
74,stress_layer_17,Linear,MM,256,512,128,0.5342,0.3149,0.75,"(1, 512)","(1, 128)",dp_stress
74,stress_layer_18,Linear,MM,256,512,128,0.0887,0.0609,0.0,"(1, 512)","(1, 128)",dp_stress
74,stress_layer_19,Linear,MM,256,512,128,0.0409,0.0946,0.0,"(1, 512)","(1, 128)",dp_stress
74,stress_layer_20,Linear,MM,256,512,128,0.0581,0.0719,0.0,"(1, 512)","(1, 128)",dp_stress
74,stress_layer_21,Linear,MM,256,512,128,0.0973,0.1472,0.0,"(1, 512)","(1, 128)",dp_stress
74,stress_layer_22,Linear,MM,256,512,128,0.0332,0.0347,0.0,"(1, 512)","(1, 128)",dp_stress
74,stress_layer_23,Linear,MM,256,512,128,0.6327,0.3561,0.75,"(1, 512)","(1, 128)",dp_stress
74,stress_layer_24,Linear,MM,256,512,128,0.0597,0.115,0.0,"(1, 512)","(1, 128)",dp_stress
74,stress_layer_25,Linear,MM,256,512,128,0.0262,0.0404,0.0,"(1, 512)","(1, 128)",dp_stress
74,stress_layer_26,Linear,MM,256,512,128,0.078,0.1405,0.0,"(1, 512)","(1, 128)",dp_stress
74,stress_layer_27,Linear,MM,256,512,128,0.0762,0.0357,0.0,"(1, 512)","(1, 128)",dp_stress
74,stress_layer_28,Linear,MM,256,512,128,0.0208,0.0893,0.0,"(1, 512)","(1, 128)",dp_stress
74,stress_layer_29,Linear,MM,256,512,128,0.5579,0.3967,0.75,"(1, 512)","(1, 128)",dp_stress
74,stress_layer_30,Linear,MM,256,512,128,0.028,0.083,0.0,"(1, 512)","(1, 128)",dp_stress
74,stress_layer_31,Linear,MM,256,512,128,0.0645,0.0698,0.0,"(1, 512)","(1, 128)",dp_stress
74,stress_layer_32,Linear,MM,256,512,128,0.0437,0.0045,0.0,"(1, 512)","(1, 128)",dp_stress
74,stress_layer_33,Linear,MM,256,512,128,0.0431,0.1476,0.0,"(1, 512)","(1, 128)",dp_stress
74,stress_layer_34,Linear,MM,256,512,128,0.0047,0.0986,0.0,"(1, 512)","(1, 128)",dp_stress
74,stress_layer_35,Linear,MM,256,512,128,0.6764,0.3715,0.75,"(1, 512)","(1, 128)",dp_stress
74,stress_layer_36,Linear,MM,256,512,128,0.0466,0.0266,0.0,"(1, 512)","(1, 128)",dp_stress
74,stress_layer_37,Linear,MM,256,512,128,0.0834,0.146,0.0,"(1, 512)","(1, 128)",dp_stress
74,stress_layer_38,Linear,MM,256,512,128,0.044,0.1244,0.0,"(1, 512)","(1, 128)",dp_stress
74,stress_layer_39,Linear,MM,256,512,128,0.037,0.0192,0.0,"(1, 512)","(1, 128)",dp_stress
75,stress_layer_0,Linear,MM,256,512,128,0.0845,0.0068,0.0,"(1, 512)","(1, 128)",dp_stress
75,stress_layer_1,Linear,MM,256,512,128,0.0042,0.067,0.0,"(1, 512)","(1, 128)",dp_stress
75,stress_layer_2,Linear,MM,256,512,128,0.0479,0.1204,0.0,"(1, 512)","(1, 128)",dp_stress
75,stress_layer_3,Linear,MM,256,512,128,0.071,0.1188,0.0,"(1, 512)","(1, 128)",dp_stress
75,stress_layer_4,Linear,MM,256,512,128,0.0136,0.0059,0.0,"(1, 512)","(1, 128)",dp_stress
75,stress_layer_5,Linear,MM,256,512,128,0.6617,0.4614,0.75,"(1, 512)","(1, 128)",dp_stress
75,stress_layer_6,Linear,MM,256,512,128,0.0916,0.1224,0.0,"(1, 512)","(1, 128)",dp_stress
75,stress_layer_7,Linear,MM,256,512,128,0.0436,0.0949,0.0,"(1, 512)","(1, 128)",dp_stress
75,stress_layer_8,Linear,MM,256,512,128,0.0335,0.0225,0.0,"(1, 512)","(1, 128)",dp_stress
75,stress_layer_9,Linear,MM,256,512,128,0.07,0.0655,0.0,"(1, 512)","(1, 128)",dp_stress
75,stress_layer_10,Linear,MM,256,512,128,0.0324,0.034,0.0,"(1, 512)","(1, 128)",dp_stress
75,stress_layer_11,Linear,MM,256,512,128,0.5516,0.4614,0.75,"(1, 512)","(1, 128)",dp_stress
75,stress_layer_12,Linear,MM,256,512,128,0.0761,0.0369,0.0,"(1, 512)","(1, 128)",dp_stress
75,stress_layer_13,Linear,MM,256,512,128,0.0852,0.0181,0.0,"(1, 512)","(1, 128)",dp_stress
75,stress_layer_14,Linear,MM,256,512,128,0.0122,0.0107,0.0,"(1, 512)","(1, 128)",dp_stress
75,stress_layer_15,Linear,MM,256,512,128,0.0311,0.1327,0.0,"(1, 512)","(1, 128)",dp_stress
75,stress_layer_16,Linear,MM,256,512,128,0.0221,0.0529,0.0,"(1, 512)","(1, 128)",dp_stress
75,stress_layer_17,Linear,MM,256,512,128,0.5372,0.363,0.75,"(1, 512)","(1, 128)",dp_stress
75,stress_layer_18,Linear,MM,256,512,128,0.0564,0.1282,0.0,"(1, 512)","(1, 128)",dp_stress
75,stress_layer_19,Linear,MM,256,512,128,0.0447,0.0213,0.0,"(1, 512)","(1, 128)",dp_stress
75,stress_layer_20,Linear,MM,256,512,128,0.0304,0.0859,0.0,"(1, 512)","(1, 128)",dp_stress
75,stress_layer_21,Linear,MM,256,512,128,0.0628,0.0756,0.0,"(1, 512)","(1, 128)",dp_stress
75,stress_layer_22,Linear,MM,256,512,128,0.0671,0.0998,0.0,"(1, 512)","(1, 128)",dp_stress
75,stress_layer_23,Linear,MM,256,512,128,0.5029,0.4154,0.75,"(1, 512)","(1, 128)",dp_stress
75,stress_layer_24,Linear,MM,256,512,128,0.0679,0.1105,0.0,"(1, 512)","(1, 128)",dp_stress
75,stress_layer_25,Linear,MM,256,512,128,0.0641,0.1476,0.0,"(1, 512)","(1, 128)",dp_stress
75,stress_layer_26,Linear,MM,256,512,128,0.09,0.0774,0.0,"(1, 512)","(1, 128)",dp_stress
75,stress_layer_27,Linear,MM,256,512,128,0.0526,0.0136,0.0,"(1, 512)","(1, 128)",dp_stress
75,stress_layer_28,Linear,MM,256,512,128,0.0521,0.0009,0.0,"(1, 512)","(1, 128)",dp_stress
75,stress_layer_29,Linear,MM,256,512,128,0.6023,0.4203,0.75,"(1, 512)","(1, 128)",dp_stress
75,stress_layer_30,Linear,MM,256,512,128,0.0163,0.0492,0.0,"(1, 512)","(1, 128)",dp_stress
75,stress_layer_31,Linear,MM,256,512,128,0.0727,0.0567,0.0,"(1, 512)","(1, 128)",dp_stress
75,stress_layer_32,Linear,MM,256,512,128,0.0284,0.0717,0.0,"(1, 512)","(1, 128)",dp_stress
75,stress_layer_33,Linear,MM,256,512,128,0.051,0.0011,0.0,"(1, 512)","(1, 128)",dp_stress
75,stress_layer_34,Linear,MM,256,512,128,0.0804,0.0056,0.0,"(1, 512)","(1, 128)",dp_stress
75,stress_layer_35,Linear,MM,256,512,128,0.5526,0.4289,0.75,"(1, 512)","(1, 128)",dp_stress
75,stress_layer_36,Linear,MM,256,512,128,0.0039,0.0485,0.0,"(1, 512)","(1, 128)",dp_stress
75,stress_layer_37,Linear,MM,256,512,128,0.079,0.0494,0.0,"(1, 512)","(1, 128)",dp_stress
75,stress_layer_38,Linear,MM,256,512,128,0.0256,0.0691,0.0,"(1, 512)","(1, 128)",dp_stress
75,stress_layer_39,Linear,MM,256,512,128,0.0702,0.0852,0.0,"(1, 512)","(1, 128)",dp_stress
76,stress_layer_0,Linear,MM,256,512,128,0.0884,0.1241,0.0,"(1, 512)","(1, 128)",dp_stress
76,stress_layer_1,Linear,MM,256,512,128,0.0589,0.0899,0.0,"(1, 512)","(1, 128)",dp_stress
76,stress_layer_2,Linear,MM,256,512,128,0.0382,0.0214,0.0,"(1, 512)","(1, 128)",dp_stress
76,stress_layer_3,Linear,MM,256,512,128,0.0938,0.0284,0.0,"(1, 512)","(1, 128)",dp_stress
76,stress_layer_4,Linear,MM,256,512,128,0.0362,0.0687,0.0,"(1, 512)","(1, 128)",dp_stress
76,stress_layer_5,Linear,MM,256,512,128,0.562,0.3189,0.75,"(1, 512)","(1, 128)",dp_stress
76,stress_layer_6,Linear,MM,256,512,128,0.0409,0.0352,0.0,"(1, 512)","(1, 128)",dp_stress
76,stress_layer_7,Linear,MM,256,512,128,0.0004,0.0368,0.0,"(1, 512)","(1, 128)",dp_stress
76,stress_layer_8,Linear,MM,256,512,128,0.0575,0.1031,0.0,"(1, 512)","(1, 128)",dp_stress
76,stress_layer_9,Linear,MM,256,512,128,0.0516,0.0834,0.0,"(1, 512)","(1, 128)",dp_stress
76,stress_layer_10,Linear,MM,256,512,128,0.0616,0.0891,0.0,"(1, 512)","(1, 128)",dp_stress
76,stress_layer_11,Linear,MM,256,512,128,0.6557,0.4834,0.75,"(1, 512)","(1, 128)",dp_stress
76,stress_layer_12,Linear,MM,256,512,128,0.0471,0.0182,0.0,"(1, 512)","(1, 128)",dp_stress
76,stress_layer_13,Linear,MM,256,512,128,0.0032,0.0121,0.0,"(1, 512)","(1, 128)",dp_stress
76,stress_layer_14,Linear,MM,256,512,128,0.0703,0.083,0.0,"(1, 512)","(1, 128)",dp_stress
76,stress_layer_15,Linear,MM,256,512,128,0.0233,0.0498,0.0,"(1, 512)","(1, 128)",dp_stress
76,stress_layer_16,Linear,MM,256,512,128,0.0988,0.0243,0.0,"(1, 512)","(1, 128)",dp_stress
76,stress_layer_17,Linear,MM,256,512,128,0.6522,0.3362,0.75,"(1, 512)","(1, 128)",dp_stress
76,stress_layer_18,Linear,MM,256,512,128,0.0116,0.0975,0.0,"(1, 512)","(1, 128)",dp_stress
76,stress_layer_19,Linear,MM,256,512,128,0.0543,0.0614,0.0,"(1, 512)","(1, 128)",dp_stress
76,stress_layer_20,Linear,MM,256,512,128,0.0409,0.0274,0.0,"(1, 512)","(1, 128)",dp_stress
76,stress_layer_21,Linear,MM,256,512,128,0.0108,0.121,0.0,"(1, 512)","(1, 128)",dp_stress
76,stress_layer_22,Linear,MM,256,512,128,0.0813,0.081,0.0,"(1, 512)","(1, 128)",dp_stress
76,stress_layer_23,Linear,MM,256,512,128,0.6024,0.4118,0.75,"(1, 512)","(1, 128)",dp_stress
76,stress_layer_24,Linear,MM,256,512,128,0.0231,0.0221,0.0,"(1, 512)","(1, 128)",dp_stress
76,stress_layer_25,Linear,MM,256,512,128,0.0126,0.0027,0.0,"(1, 512)","(1, 128)",dp_stress
76,stress_layer_26,Linear,MM,256,512,128,0.0828,0.0784,0.0,"(1, 512)","(1, 128)",dp_stress
76,stress_layer_27,Linear,MM,256,512,128,0.0414,0.0277,0.0,"(1, 512)","(1, 128)",dp_stress
76,stress_layer_28,Linear,MM,256,512,128,0.0915,0.0901,0.0,"(1, 512)","(1, 128)",dp_stress
76,stress_layer_29,Linear,MM,256,512,128,0.6864,0.3044,0.75,"(1, 512)","(1, 128)",dp_stress
76,stress_layer_30,Linear,MM,256,512,128,0.0025,0.0791,0.0,"(1, 512)","(1, 128)",dp_stress
76,stress_layer_31,Linear,MM,256,512,128,0.0028,0.1309,0.0,"(1, 512)","(1, 128)",dp_stress
76,stress_layer_32,Linear,MM,256,512,128,0.0076,0.1248,0.0,"(1, 512)","(1, 128)",dp_stress
76,stress_layer_33,Linear,MM,256,512,128,0.015,0.1094,0.0,"(1, 512)","(1, 128)",dp_stress
76,stress_layer_34,Linear,MM,256,512,128,0.0956,0.0185,0.0,"(1, 512)","(1, 128)",dp_stress
76,stress_layer_35,Linear,MM,256,512,128,0.5211,0.3888,0.75,"(1, 512)","(1, 128)",dp_stress
76,stress_layer_36,Linear,MM,256,512,128,0.0667,0.1108,0.0,"(1, 512)","(1, 128)",dp_stress
76,stress_layer_37,Linear,MM,256,512,128,0.0876,0.1046,0.0,"(1, 512)","(1, 128)",dp_stress
76,stress_layer_38,Linear,MM,256,512,128,0.0611,0.1496,0.0,"(1, 512)","(1, 128)",dp_stress
76,stress_layer_39,Linear,MM,256,512,128,0.096,0.0931,0.0,"(1, 512)","(1, 128)",dp_stress
77,stress_layer_0,Linear,MM,256,512,128,0.0638,0.0786,0.0,"(1, 512)","(1, 128)",dp_stress
77,stress_layer_1,Linear,MM,256,512,128,0.0923,0.086,0.0,"(1, 512)","(1, 128)",dp_stress
77,stress_layer_2,Linear,MM,256,512,128,0.0298,0.0188,0.0,"(1, 512)","(1, 128)",dp_stress
77,stress_layer_3,Linear,MM,256,512,128,0.0057,0.1386,0.0,"(1, 512)","(1, 128)",dp_stress
77,stress_layer_4,Linear,MM,256,512,128,0.0585,0.0685,0.0,"(1, 512)","(1, 128)",dp_stress
77,stress_layer_5,Linear,MM,256,512,128,0.66,0.3751,0.75,"(1, 512)","(1, 128)",dp_stress
77,stress_layer_6,Linear,MM,256,512,128,0.0951,0.0856,0.0,"(1, 512)","(1, 128)",dp_stress
77,stress_layer_7,Linear,MM,256,512,128,0.0618,0.0295,0.0,"(1, 512)","(1, 128)",dp_stress
77,stress_layer_8,Linear,MM,256,512,128,0.0554,0.1119,0.0,"(1, 512)","(1, 128)",dp_stress
77,stress_layer_9,Linear,MM,256,512,128,0.069,0.0707,0.0,"(1, 512)","(1, 128)",dp_stress
77,stress_layer_10,Linear,MM,256,512,128,0.0915,0.0076,0.0,"(1, 512)","(1, 128)",dp_stress
77,stress_layer_11,Linear,MM,256,512,128,0.5712,0.3249,0.75,"(1, 512)","(1, 128)",dp_stress
77,stress_layer_12,Linear,MM,256,512,128,0.0645,0.1228,0.0,"(1, 512)","(1, 128)",dp_stress
77,stress_layer_13,Linear,MM,256,512,128,0.0622,0.047,0.0,"(1, 512)","(1, 128)",dp_stress
77,stress_layer_14,Linear,MM,256,512,128,0.0512,0.0928,0.0,"(1, 512)","(1, 128)",dp_stress
77,stress_layer_15,Linear,MM,256,512,128,0.003,0.0986,0.0,"(1, 512)","(1, 128)",dp_stress
77,stress_layer_16,Linear,MM,256,512,128,0.0157,0.0216,0.0,"(1, 512)","(1, 128)",dp_stress
77,stress_layer_17,Linear,MM,256,512,128,0.5939,0.3822,0.75,"(1, 512)","(1, 128)",dp_stress
77,stress_layer_18,Linear,MM,256,512,128,0.0221,0.0841,0.0,"(1, 512)","(1, 128)",dp_stress
77,stress_layer_19,Linear,MM,256,512,128,0.0366,0.1396,0.0,"(1, 512)","(1, 128)",dp_stress
77,stress_layer_20,Linear,MM,256,512,128,0.0647,0.0159,0.0,"(1, 512)","(1, 128)",dp_stress
77,stress_layer_21,Linear,MM,256,512,128,0.0207,0.1395,0.0,"(1, 512)","(1, 128)",dp_stress
77,stress_layer_22,Linear,MM,256,512,128,0.0129,0.0453,0.0,"(1, 512)","(1, 128)",dp_stress
77,stress_layer_23,Linear,MM,256,512,128,0.505,0.3389,0.75,"(1, 512)","(1, 128)",dp_stress
77,stress_layer_24,Linear,MM,256,512,128,0.0242,0.1467,0.0,"(1, 512)","(1, 128)",dp_stress
77,stress_layer_25,Linear,MM,256,512,128,0.0041,0.0434,0.0,"(1, 512)","(1, 128)",dp_stress
77,stress_layer_26,Linear,MM,256,512,128,0.0211,0.1147,0.0,"(1, 512)","(1, 128)",dp_stress
77,stress_layer_27,Linear,MM,256,512,128,0.0456,0.0664,0.0,"(1, 512)","(1, 128)",dp_stress
77,stress_layer_28,Linear,MM,256,512,128,0.0377,0.0958,0.0,"(1, 512)","(1, 128)",dp_stress
77,stress_layer_29,Linear,MM,256,512,128,0.683,0.3985,0.75,"(1, 512)","(1, 128)",dp_stress
77,stress_layer_30,Linear,MM,256,512,128,0.0374,0.1212,0.0,"(1, 512)","(1, 128)",dp_stress
77,stress_layer_31,Linear,MM,256,512,128,0.0643,0.0528,0.0,"(1, 512)","(1, 128)",dp_stress
77,stress_layer_32,Linear,MM,256,512,128,0.0667,0.032,0.0,"(1, 512)","(1, 128)",dp_stress
77,stress_layer_33,Linear,MM,256,512,128,0.0803,0.1107,0.0,"(1, 512)","(1, 128)",dp_stress
77,stress_layer_34,Linear,MM,256,512,128,0.0703,0.0315,0.0,"(1, 512)","(1, 128)",dp_stress
77,stress_layer_35,Linear,MM,256,512,128,0.5294,0.4813,0.75,"(1, 512)","(1, 128)",dp_stress
77,stress_layer_36,Linear,MM,256,512,128,0.0527,0.0301,0.0,"(1, 512)","(1, 128)",dp_stress
77,stress_layer_37,Linear,MM,256,512,128,0.0594,0.0382,0.0,"(1, 512)","(1, 128)",dp_stress
77,stress_layer_38,Linear,MM,256,512,128,0.0087,0.0722,0.0,"(1, 512)","(1, 128)",dp_stress
77,stress_layer_39,Linear,MM,256,512,128,0.0528,0.0139,0.0,"(1, 512)","(1, 128)",dp_stress
78,stress_layer_0,Linear,MM,256,512,128,0.0376,0.0291,0.0,"(1, 512)","(1, 128)",dp_stress
78,stress_layer_1,Linear,MM,256,512,128,0.0455,0.013,0.0,"(1, 512)","(1, 128)",dp_stress
78,stress_layer_2,Linear,MM,256,512,128,0.0705,0.0527,0.0,"(1, 512)","(1, 128)",dp_stress
78,stress_layer_3,Linear,MM,256,512,128,0.0985,0.0186,0.0,"(1, 512)","(1, 128)",dp_stress
78,stress_layer_4,Linear,MM,256,512,128,0.0049,0.1029,0.0,"(1, 512)","(1, 128)",dp_stress
78,stress_layer_5,Linear,MM,256,512,128,0.656,0.4499,0.75,"(1, 512)","(1, 128)",dp_stress
78,stress_layer_6,Linear,MM,256,512,128,0.0144,0.0782,0.0,"(1, 512)","(1, 128)",dp_stress
78,stress_layer_7,Linear,MM,256,512,128,0.0468,0.1123,0.0,"(1, 512)","(1, 128)",dp_stress
78,stress_layer_8,Linear,MM,256,512,128,0.031,0.0005,0.0,"(1, 512)","(1, 128)",dp_stress
78,stress_layer_9,Linear,MM,256,512,128,0.063,0.0905,0.0,"(1, 512)","(1, 128)",dp_stress
78,stress_layer_10,Linear,MM,256,512,128,0.0119,0.0767,0.0,"(1, 512)","(1, 128)",dp_stress
78,stress_layer_11,Linear,MM,256,512,128,0.6924,0.3897,0.75,"(1, 512)","(1, 128)",dp_stress
78,stress_layer_12,Linear,MM,256,512,128,0.0038,0.0139,0.0,"(1, 512)","(1, 128)",dp_stress
78,stress_layer_13,Linear,MM,256,512,128,0.0263,0.0117,0.0,"(1, 512)","(1, 128)",dp_stress
78,stress_layer_14,Linear,MM,256,512,128,0.0109,0.017,0.0,"(1, 512)","(1, 128)",dp_stress
78,stress_layer_15,Linear,MM,256,512,128,0.0109,0.1218,0.0,"(1, 512)","(1, 128)",dp_stress
78,stress_layer_16,Linear,MM,256,512,128,0.025,0.0867,0.0,"(1, 512)","(1, 128)",dp_stress
78,stress_layer_17,Linear,MM,256,512,128,0.5428,0.4458,0.75,"(1, 512)","(1, 128)",dp_stress
78,stress_layer_18,Linear,MM,256,512,128,0.0567,0.1233,0.0,"(1, 512)","(1, 128)",dp_stress
78,stress_layer_19,Linear,MM,256,512,128,0.0277,0.0572,0.0,"(1, 512)","(1, 128)",dp_stress
78,stress_layer_20,Linear,MM,256,512,128,0.0271,0.0345,0.0,"(1, 512)","(1, 128)",dp_stress
78,stress_layer_21,Linear,MM,256,512,128,0.0851,0.1119,0.0,"(1, 512)","(1, 128)",dp_stress
78,stress_layer_22,Linear,MM,256,512,128,0.0566,0.0569,0.0,"(1, 512)","(1, 128)",dp_stress
78,stress_layer_23,Linear,MM,256,512,128,0.5973,0.4642,0.75,"(1, 512)","(1, 128)",dp_stress
78,stress_layer_24,Linear,MM,256,512,128,0.0626,0.054,0.0,"(1, 512)","(1, 128)",dp_stress
78,stress_layer_25,Linear,MM,256,512,128,0.0991,0.0981,0.0,"(1, 512)","(1, 128)",dp_stress
78,stress_layer_26,Linear,MM,256,512,128,0.097,0.0603,0.0,"(1, 512)","(1, 128)",dp_stress
78,stress_layer_27,Linear,MM,256,512,128,0.0711,0.1317,0.0,"(1, 512)","(1, 128)",dp_stress
78,stress_layer_28,Linear,MM,256,512,128,0.0645,0.0216,0.0,"(1, 512)","(1, 128)",dp_stress
78,stress_layer_29,Linear,MM,256,512,128,0.5383,0.4573,0.75,"(1, 512)","(1, 128)",dp_stress
78,stress_layer_30,Linear,MM,256,512,128,0.0854,0.1034,0.0,"(1, 512)","(1, 128)",dp_stress
78,stress_layer_31,Linear,MM,256,512,128,0.0116,0.1439,0.0,"(1, 512)","(1, 128)",dp_stress
78,stress_layer_32,Linear,MM,256,512,128,0.0238,0.0897,0.0,"(1, 512)","(1, 128)",dp_stress
78,stress_layer_33,Linear,MM,256,512,128,0.0294,0.1447,0.0,"(1, 512)","(1, 128)",dp_stress
78,stress_layer_34,Linear,MM,256,512,128,0.09,0.1108,0.0,"(1, 512)","(1, 128)",dp_stress
78,stress_layer_35,Linear,MM,256,512,128,0.5487,0.4115,0.75,"(1, 512)","(1, 128)",dp_stress
78,stress_layer_36,Linear,MM,256,512,128,0.0959,0.0222,0.0,"(1, 512)","(1, 128)",dp_stress
78,stress_layer_37,Linear,MM,256,512,128,0.0111,0.0348,0.0,"(1, 512)","(1, 128)",dp_stress
78,stress_layer_38,Linear,MM,256,512,128,0.0815,0.122,0.0,"(1, 512)","(1, 128)",dp_stress
78,stress_layer_39,Linear,MM,256,512,128,0.0264,0.1265,0.0,"(1, 512)","(1, 128)",dp_stress
79,stress_layer_0,Linear,MM,256,512,128,0.0052,0.12,0.0,"(1, 512)","(1, 128)",dp_stress
79,stress_layer_1,Linear,MM,256,512,128,0.0004,0.1463,0.0,"(1, 512)","(1, 128)",dp_stress
79,stress_layer_2,Linear,MM,256,512,128,0.0975,0.0179,0.0,"(1, 512)","(1, 128)",dp_stress
79,stress_layer_3,Linear,MM,256,512,128,0.0578,0.067,0.0,"(1, 512)","(1, 128)",dp_stress
79,stress_layer_4,Linear,MM,256,512,128,0.0332,0.108,0.0,"(1, 512)","(1, 128)",dp_stress
79,stress_layer_5,Linear,MM,256,512,128,0.6085,0.3313,0.75,"(1, 512)","(1, 128)",dp_stress
79,stress_layer_6,Linear,MM,256,512,128,0.0156,0.1153,0.0,"(1, 512)","(1, 128)",dp_stress
79,stress_layer_7,Linear,MM,256,512,128,0.0853,0.044,0.0,"(1, 512)","(1, 128)",dp_stress
79,stress_layer_8,Linear,MM,256,512,128,0.0803,0.1263,0.0,"(1, 512)","(1, 128)",dp_stress
79,stress_layer_9,Linear,MM,256,512,128,0.0161,0.0322,0.0,"(1, 512)","(1, 128)",dp_stress
79,stress_layer_10,Linear,MM,256,512,128,0.0345,0.0229,0.0,"(1, 512)","(1, 128)",dp_stress
79,stress_layer_11,Linear,MM,256,512,128,0.6361,0.3617,0.75,"(1, 512)","(1, 128)",dp_stress
79,stress_layer_12,Linear,MM,256,512,128,0.0951,0.0863,0.0,"(1, 512)","(1, 128)",dp_stress
79,stress_layer_13,Linear,MM,256,512,128,0.0391,0.0635,0.0,"(1, 512)","(1, 128)",dp_stress
79,stress_layer_14,Linear,MM,256,512,128,0.03,0.0566,0.0,"(1, 512)","(1, 128)",dp_stress
79,stress_layer_15,Linear,MM,256,512,128,0.0331,0.0717,0.0,"(1, 512)","(1, 128)",dp_stress
79,stress_layer_16,Linear,MM,256,512,128,0.0234,0.0303,0.0,"(1, 512)","(1, 128)",dp_stress
79,stress_layer_17,Linear,MM,256,512,128,0.5927,0.3337,0.75,"(1, 512)","(1, 128)",dp_stress
79,stress_layer_18,Linear,MM,256,512,128,0.0158,0.043,0.0,"(1, 512)","(1, 128)",dp_stress
79,stress_layer_19,Linear,MM,256,512,128,0.0702,0.0152,0.0,"(1, 512)","(1, 128)",dp_stress
79,stress_layer_20,Linear,MM,256,512,128,0.025,0.0653,0.0,"(1, 512)","(1, 128)",dp_stress
79,stress_layer_21,Linear,MM,256,512,128,0.0467,0.102,0.0,"(1, 512)","(1, 128)",dp_stress
79,stress_layer_22,Linear,MM,256,512,128,0.0567,0.0967,0.0,"(1, 512)","(1, 128)",dp_stress
79,stress_layer_23,Linear,MM,256,512,128,0.6588,0.4914,0.75,"(1, 512)","(1, 128)",dp_stress
79,stress_layer_24,Linear,MM,256,512,128,0.0305,0.0723,0.0,"(1, 512)","(1, 128)",dp_stress
79,stress_layer_25,Linear,MM,256,512,128,0.0552,0.0317,0.0,"(1, 512)","(1, 128)",dp_stress
79,stress_layer_26,Linear,MM,256,512,128,0.094,0.146,0.0,"(1, 512)","(1, 128)",dp_stress
79,stress_layer_27,Linear,MM,256,512,128,0.018,0.0634,0.0,"(1, 512)","(1, 128)",dp_stress
79,stress_layer_28,Linear,MM,256,512,128,0.0389,0.1468,0.0,"(1, 512)","(1, 128)",dp_stress
79,stress_layer_29,Linear,MM,256,512,128,0.643,0.3727,0.75,"(1, 512)","(1, 128)",dp_stress
79,stress_layer_30,Linear,MM,256,512,128,0.0318,0.0258,0.0,"(1, 512)","(1, 128)",dp_stress
79,stress_layer_31,Linear,MM,256,512,128,0.0954,0.0486,0.0,"(1, 512)","(1, 128)",dp_stress
79,stress_layer_32,Linear,MM,256,512,128,0.0561,0.1423,0.0,"(1, 512)","(1, 128)",dp_stress
79,stress_layer_33,Linear,MM,256,512,128,0.0579,0.043,0.0,"(1, 512)","(1, 128)",dp_stress
79,stress_layer_34,Linear,MM,256,512,128,0.0166,0.0238,0.0,"(1, 512)","(1, 128)",dp_stress
79,stress_layer_35,Linear,MM,256,512,128,0.657,0.3458,0.75,"(1, 512)","(1, 128)",dp_stress
79,stress_layer_36,Linear,MM,256,512,128,0.0138,0.0235,0.0,"(1, 512)","(1, 128)",dp_stress
79,stress_layer_37,Linear,MM,256,512,128,0.0745,0.0849,0.0,"(1, 512)","(1, 128)",dp_stress
79,stress_layer_38,Linear,MM,256,512,128,0.0648,0.0905,0.0,"(1, 512)","(1, 128)",dp_stress
79,stress_layer_39,Linear,MM,256,512,128,0.0157,0.0435,0.0,"(1, 512)","(1, 128)",dp_stress
80,stress_layer_0,Linear,MM,256,512,128,0.0277,0.106,0.0,"(1, 512)","(1, 128)",dp_stress
80,stress_layer_1,Linear,MM,256,512,128,0.061,0.1173,0.0,"(1, 512)","(1, 128)",dp_stress
80,stress_layer_2,Linear,MM,256,512,128,0.0875,0.0839,0.0,"(1, 512)","(1, 128)",dp_stress
80,stress_layer_3,Linear,MM,256,512,128,0.0628,0.0332,0.0,"(1, 512)","(1, 128)",dp_stress
80,stress_layer_4,Linear,MM,256,512,128,0.0846,0.1131,0.0,"(1, 512)","(1, 128)",dp_stress
80,stress_layer_5,Linear,MM,256,512,128,0.6153,0.3602,0.75,"(1, 512)","(1, 128)",dp_stress
80,stress_layer_6,Linear,MM,256,512,128,0.0712,0.138,0.0,"(1, 512)","(1, 128)",dp_stress
80,stress_layer_7,Linear,MM,256,512,128,0.0087,0.0571,0.0,"(1, 512)","(1, 128)",dp_stress
80,stress_layer_8,Linear,MM,256,512,128,0.0974,0.0392,0.0,"(1, 512)","(1, 128)",dp_stress
80,stress_layer_9,Linear,MM,256,512,128,0.0614,0.1043,0.0,"(1, 512)","(1, 128)",dp_stress
80,stress_layer_10,Linear,MM,256,512,128,0.0876,0.0541,0.0,"(1, 512)","(1, 128)",dp_stress
80,stress_layer_11,Linear,MM,256,512,128,0.5196,0.4752,0.75,"(1, 512)","(1, 128)",dp_stress
80,stress_layer_12,Linear,MM,256,512,128,0.0138,0.006,0.0,"(1, 512)","(1, 128)",dp_stress
80,stress_layer_13,Linear,MM,256,512,128,0.0881,0.1293,0.0,"(1, 512)","(1, 128)",dp_stress
80,stress_layer_14,Linear,MM,256,512,128,0.0062,0.0205,0.0,"(1, 512)","(1, 128)",dp_stress
80,stress_layer_15,Linear,MM,256,512,128,0.0651,0.0241,0.0,"(1, 512)","(1, 128)",dp_stress
80,stress_layer_16,Linear,MM,256,512,128,0.0443,0.0061,0.0,"(1, 512)","(1, 128)",dp_stress
80,stress_layer_17,Linear,MM,256,512,128,0.5586,0.489,0.75,"(1, 512)","(1, 128)",dp_stress
80,stress_layer_18,Linear,MM,256,512,128,0.0439,0.1028,0.0,"(1, 512)","(1, 128)",dp_stress
80,stress_layer_19,Linear,MM,256,512,128,0.0016,0.0517,0.0,"(1, 512)","(1, 128)",dp_stress
80,stress_layer_20,Linear,MM,256,512,128,0.0438,0.0878,0.0,"(1, 512)","(1, 128)",dp_stress
80,stress_layer_21,Linear,MM,256,512,128,0.098,0.1179,0.0,"(1, 512)","(1, 128)",dp_stress
80,stress_layer_22,Linear,MM,256,512,128,0.0072,0.1243,0.0,"(1, 512)","(1, 128)",dp_stress
80,stress_layer_23,Linear,MM,256,512,128,0.6017,0.4425,0.75,"(1, 512)","(1, 128)",dp_stress
80,stress_layer_24,Linear,MM,256,512,128,0.0219,0.1189,0.0,"(1, 512)","(1, 128)",dp_stress
80,stress_layer_25,Linear,MM,256,512,128,0.0492,0.0342,0.0,"(1, 512)","(1, 128)",dp_stress
80,stress_layer_26,Linear,MM,256,512,128,0.087,0.1001,0.0,"(1, 512)","(1, 128)",dp_stress
80,stress_layer_27,Linear,MM,256,512,128,0.0826,0.0789,0.0,"(1, 512)","(1, 128)",dp_stress
80,stress_layer_28,Linear,MM,256,512,128,0.0554,0.0282,0.0,"(1, 512)","(1, 128)",dp_stress
80,stress_layer_29,Linear,MM,256,512,128,0.6672,0.429,0.75,"(1, 512)","(1, 128)",dp_stress
80,stress_layer_30,Linear,MM,256,512,128,0.0505,0.0153,0.0,"(1, 512)","(1, 128)",dp_stress
80,stress_layer_31,Linear,MM,256,512,128,0.0597,0.0867,0.0,"(1, 512)","(1, 128)",dp_stress
80,stress_layer_32,Linear,MM,256,512,128,0.0442,0.1382,0.0,"(1, 512)","(1, 128)",dp_stress
80,stress_layer_33,Linear,MM,256,512,128,0.0841,0.0798,0.0,"(1, 512)","(1, 128)",dp_stress
80,stress_layer_34,Linear,MM,256,512,128,0.0097,0.057,0.0,"(1, 512)","(1, 128)",dp_stress
80,stress_layer_35,Linear,MM,256,512,128,0.6161,0.4999,0.75,"(1, 512)","(1, 128)",dp_stress
80,stress_layer_36,Linear,MM,256,512,128,0.0045,0.0241,0.0,"(1, 512)","(1, 128)",dp_stress
80,stress_layer_37,Linear,MM,256,512,128,0.029,0.0313,0.0,"(1, 512)","(1, 128)",dp_stress
80,stress_layer_38,Linear,MM,256,512,128,0.051,0.0364,0.0,"(1, 512)","(1, 128)",dp_stress
80,stress_layer_39,Linear,MM,256,512,128,0.0834,0.118,0.0,"(1, 512)","(1, 128)",dp_stress
81,stress_layer_0,Linear,MM,256,512,128,0.0816,0.0096,0.0,"(1, 512)","(1, 128)",dp_stress
81,stress_layer_1,Linear,MM,256,512,128,0.0527,0.0386,0.0,"(1, 512)","(1, 128)",dp_stress
81,stress_layer_2,Linear,MM,256,512,128,0.0376,0.1209,0.0,"(1, 512)","(1, 128)",dp_stress
81,stress_layer_3,Linear,MM,256,512,128,0.072,0.0342,0.0,"(1, 512)","(1, 128)",dp_stress
81,stress_layer_4,Linear,MM,256,512,128,0.0703,0.1041,0.0,"(1, 512)","(1, 128)",dp_stress
81,stress_layer_5,Linear,MM,256,512,128,0.6769,0.3878,0.75,"(1, 512)","(1, 128)",dp_stress
81,stress_layer_6,Linear,MM,256,512,128,0.003,0.1255,0.0,"(1, 512)","(1, 128)",dp_stress
81,stress_layer_7,Linear,MM,256,512,128,0.091,0.0664,0.0,"(1, 512)","(1, 128)",dp_stress
81,stress_layer_8,Linear,MM,256,512,128,0.0293,0.048,0.0,"(1, 512)","(1, 128)",dp_stress
81,stress_layer_9,Linear,MM,256,512,128,0.0155,0.1339,0.0,"(1, 512)","(1, 128)",dp_stress
81,stress_layer_10,Linear,MM,256,512,128,0.0461,0.1013,0.0,"(1, 512)","(1, 128)",dp_stress
81,stress_layer_11,Linear,MM,256,512,128,0.5471,0.3181,0.75,"(1, 512)","(1, 128)",dp_stress
81,stress_layer_12,Linear,MM,256,512,128,0.0211,0.0083,0.0,"(1, 512)","(1, 128)",dp_stress
81,stress_layer_13,Linear,MM,256,512,128,0.0699,0.0646,0.0,"(1, 512)","(1, 128)",dp_stress
81,stress_layer_14,Linear,MM,256,512,128,0.0593,0.0761,0.0,"(1, 512)","(1, 128)",dp_stress
81,stress_layer_15,Linear,MM,256,512,128,0.0366,0.0521,0.0,"(1, 512)","(1, 128)",dp_stress
81,stress_layer_16,Linear,MM,256,512,128,0.0198,0.0846,0.0,"(1, 512)","(1, 128)",dp_stress
81,stress_layer_17,Linear,MM,256,512,128,0.6385,0.4713,0.75,"(1, 512)","(1, 128)",dp_stress
81,stress_layer_18,Linear,MM,256,512,128,0.0758,0.0749,0.0,"(1, 512)","(1, 128)",dp_stress
81,stress_layer_19,Linear,MM,256,512,128,0.0357,0.1214,0.0,"(1, 512)","(1, 128)",dp_stress
81,stress_layer_20,Linear,MM,256,512,128,0.0532,0.0175,0.0,"(1, 512)","(1, 128)",dp_stress
81,stress_layer_21,Linear,MM,256,512,128,0.0997,0.1438,0.0,"(1, 512)","(1, 128)",dp_stress
81,stress_layer_22,Linear,MM,256,512,128,0.0631,0.1274,0.0,"(1, 512)","(1, 128)",dp_stress
81,stress_layer_23,Linear,MM,256,512,128,0.5416,0.465,0.75,"(1, 512)","(1, 128)",dp_stress
81,stress_layer_24,Linear,MM,256,512,128,0.0704,0.0515,0.0,"(1, 512)","(1, 128)",dp_stress
81,stress_layer_25,Linear,MM,256,512,128,0.0629,0.0114,0.0,"(1, 512)","(1, 128)",dp_stress
81,stress_layer_26,Linear,MM,256,512,128,0.0695,0.0365,0.0,"(1, 512)","(1, 128)",dp_stress
81,stress_layer_27,Linear,MM,256,512,128,0.028,0.0476,0.0,"(1, 512)","(1, 128)",dp_stress
81,stress_layer_28,Linear,MM,256,512,128,0.0081,0.1009,0.0,"(1, 512)","(1, 128)",dp_stress
81,stress_layer_29,Linear,MM,256,512,128,0.5306,0.3337,0.75,"(1, 512)","(1, 128)",dp_stress
81,stress_layer_30,Linear,MM,256,512,128,0.0426,0.123,0.0,"(1, 512)","(1, 128)",dp_stress
81,stress_layer_31,Linear,MM,256,512,128,0.0334,0.1274,0.0,"(1, 512)","(1, 128)",dp_stress
81,stress_layer_32,Linear,MM,256,512,128,0.0133,0.0468,0.0,"(1, 512)","(1, 128)",dp_stress
81,stress_layer_33,Linear,MM,256,512,128,0.0211,0.0088,0.0,"(1, 512)","(1, 128)",dp_stress
81,stress_layer_34,Linear,MM,256,512,128,0.0233,0.0913,0.0,"(1, 512)","(1, 128)",dp_stress
81,stress_layer_35,Linear,MM,256,512,128,0.6034,0.45,0.75,"(1, 512)","(1, 128)",dp_stress
81,stress_layer_36,Linear,MM,256,512,128,0.0414,0.0345,0.0,"(1, 512)","(1, 128)",dp_stress
81,stress_layer_37,Linear,MM,256,512,128,0.0165,0.1426,0.0,"(1, 512)","(1, 128)",dp_stress
81,stress_layer_38,Linear,MM,256,512,128,0.0499,0.0585,0.0,"(1, 512)","(1, 128)",dp_stress
81,stress_layer_39,Linear,MM,256,512,128,0.0788,0.0101,0.0,"(1, 512)","(1, 128)",dp_stress
82,stress_layer_0,Linear,MM,256,512,128,0.0365,0.0399,0.0,"(1, 512)","(1, 128)",dp_stress
82,stress_layer_1,Linear,MM,256,512,128,0.0921,0.0397,0.0,"(1, 512)","(1, 128)",dp_stress
82,stress_layer_2,Linear,MM,256,512,128,0.0553,0.1115,0.0,"(1, 512)","(1, 128)",dp_stress
82,stress_layer_3,Linear,MM,256,512,128,0.0161,0.0862,0.0,"(1, 512)","(1, 128)",dp_stress
82,stress_layer_4,Linear,MM,256,512,128,0.0512,0.0569,0.0,"(1, 512)","(1, 128)",dp_stress
82,stress_layer_5,Linear,MM,256,512,128,0.6691,0.3065,0.75,"(1, 512)","(1, 128)",dp_stress
82,stress_layer_6,Linear,MM,256,512,128,0.0949,0.0187,0.0,"(1, 512)","(1, 128)",dp_stress
82,stress_layer_7,Linear,MM,256,512,128,0.0063,0.045,0.0,"(1, 512)","(1, 128)",dp_stress
82,stress_layer_8,Linear,MM,256,512,128,0.0483,0.0575,0.0,"(1, 512)","(1, 128)",dp_stress
82,stress_layer_9,Linear,MM,256,512,128,0.0616,0.1241,0.0,"(1, 512)","(1, 128)",dp_stress
82,stress_layer_10,Linear,MM,256,512,128,0.0279,0.0959,0.0,"(1, 512)","(1, 128)",dp_stress
82,stress_layer_11,Linear,MM,256,512,128,0.6144,0.3813,0.75,"(1, 512)","(1, 128)",dp_stress
82,stress_layer_12,Linear,MM,256,512,128,0.0681,0.0287,0.0,"(1, 512)","(1, 128)",dp_stress
82,stress_layer_13,Linear,MM,256,512,128,0.0029,0.0728,0.0,"(1, 512)","(1, 128)",dp_stress
82,stress_layer_14,Linear,MM,256,512,128,0.0193,0.0637,0.0,"(1, 512)","(1, 128)",dp_stress
82,stress_layer_15,Linear,MM,256,512,128,0.007,0.1195,0.0,"(1, 512)","(1, 128)",dp_stress
82,stress_layer_16,Linear,MM,256,512,128,0.0838,0.0718,0.0,"(1, 512)","(1, 128)",dp_stress
82,stress_layer_17,Linear,MM,256,512,128,0.6003,0.4914,0.75,"(1, 512)","(1, 128)",dp_stress
82,stress_layer_18,Linear,MM,256,512,128,0.0193,0.0499,0.0,"(1, 512)","(1, 128)",dp_stress
82,stress_layer_19,Linear,MM,256,512,128,0.043,0.1301,0.0,"(1, 512)","(1, 128)",dp_stress
82,stress_layer_20,Linear,MM,256,512,128,0.079,0.0213,0.0,"(1, 512)","(1, 128)",dp_stress
82,stress_layer_21,Linear,MM,256,512,128,0.084,0.1441,0.0,"(1, 512)","(1, 128)",dp_stress
82,stress_layer_22,Linear,MM,256,512,128,0.019,0.1394,0.0,"(1, 512)","(1, 128)",dp_stress
82,stress_layer_23,Linear,MM,256,512,128,0.5793,0.4424,0.75,"(1, 512)","(1, 128)",dp_stress
82,stress_layer_24,Linear,MM,256,512,128,0.0974,0.0998,0.0,"(1, 512)","(1, 128)",dp_stress
82,stress_layer_25,Linear,MM,256,512,128,0.0589,0.0024,0.0,"(1, 512)","(1, 128)",dp_stress
82,stress_layer_26,Linear,MM,256,512,128,0.0584,0.0642,0.0,"(1, 512)","(1, 128)",dp_stress
82,stress_layer_27,Linear,MM,256,512,128,0.0435,0.0369,0.0,"(1, 512)","(1, 128)",dp_stress
82,stress_layer_28,Linear,MM,256,512,128,0.0354,0.1072,0.0,"(1, 512)","(1, 128)",dp_stress
82,stress_layer_29,Linear,MM,256,512,128,0.6021,0.4149,0.75,"(1, 512)","(1, 128)",dp_stress
82,stress_layer_30,Linear,MM,256,512,128,0.0816,0.0772,0.0,"(1, 512)","(1, 128)",dp_stress
82,stress_layer_31,Linear,MM,256,512,128,0.0429,0.042,0.0,"(1, 512)","(1, 128)",dp_stress
82,stress_layer_32,Linear,MM,256,512,128,0.0491,0.1189,0.0,"(1, 512)","(1, 128)",dp_stress
82,stress_layer_33,Linear,MM,256,512,128,0.0944,0.0346,0.0,"(1, 512)","(1, 128)",dp_stress
82,stress_layer_34,Linear,MM,256,512,128,0.049,0.0055,0.0,"(1, 512)","(1, 128)",dp_stress
82,stress_layer_35,Linear,MM,256,512,128,0.5942,0.3497,0.75,"(1, 512)","(1, 128)",dp_stress
82,stress_layer_36,Linear,MM,256,512,128,0.0513,0.0173,0.0,"(1, 512)","(1, 128)",dp_stress
82,stress_layer_37,Linear,MM,256,512,128,0.023,0.0113,0.0,"(1, 512)","(1, 128)",dp_stress
82,stress_layer_38,Linear,MM,256,512,128,0.0746,0.0449,0.0,"(1, 512)","(1, 128)",dp_stress
82,stress_layer_39,Linear,MM,256,512,128,0.0392,0.0666,0.0,"(1, 512)","(1, 128)",dp_stress
83,stress_layer_0,Linear,MM,256,512,128,0.0879,0.1286,0.0,"(1, 512)","(1, 128)",dp_stress
83,stress_layer_1,Linear,MM,256,512,128,0.0356,0.1039,0.0,"(1, 512)","(1, 128)",dp_stress
83,stress_layer_2,Linear,MM,256,512,128,0.0112,0.0699,0.0,"(1, 512)","(1, 128)",dp_stress
83,stress_layer_3,Linear,MM,256,512,128,0.0669,0.0878,0.0,"(1, 512)","(1, 128)",dp_stress
83,stress_layer_4,Linear,MM,256,512,128,0.0349,0.1022,0.0,"(1, 512)","(1, 128)",dp_stress
83,stress_layer_5,Linear,MM,256,512,128,0.5184,0.4513,0.75,"(1, 512)","(1, 128)",dp_stress
83,stress_layer_6,Linear,MM,256,512,128,0.0529,0.1113,0.0,"(1, 512)","(1, 128)",dp_stress
83,stress_layer_7,Linear,MM,256,512,128,0.0271,0.0901,0.0,"(1, 512)","(1, 128)",dp_stress
83,stress_layer_8,Linear,MM,256,512,128,0.0375,0.064,0.0,"(1, 512)","(1, 128)",dp_stress
83,stress_layer_9,Linear,MM,256,512,128,0.0429,0.1372,0.0,"(1, 512)","(1, 128)",dp_stress
83,stress_layer_10,Linear,MM,256,512,128,0.0788,0.0662,0.0,"(1, 512)","(1, 128)",dp_stress
83,stress_layer_11,Linear,MM,256,512,128,0.5181,0.3175,0.75,"(1, 512)","(1, 128)",dp_stress
83,stress_layer_12,Linear,MM,256,512,128,0.0514,0.1178,0.0,"(1, 512)","(1, 128)",dp_stress
83,stress_layer_13,Linear,MM,256,512,128,0.0469,0.0285,0.0,"(1, 512)","(1, 128)",dp_stress
83,stress_layer_14,Linear,MM,256,512,128,0.0489,0.0857,0.0,"(1, 512)","(1, 128)",dp_stress
83,stress_layer_15,Linear,MM,256,512,128,0.0895,0.1075,0.0,"(1, 512)","(1, 128)",dp_stress
83,stress_layer_16,Linear,MM,256,512,128,0.0756,0.0803,0.0,"(1, 512)","(1, 128)",dp_stress
83,stress_layer_17,Linear,MM,256,512,128,0.5186,0.323,0.75,"(1, 512)","(1, 128)",dp_stress
83,stress_layer_18,Linear,MM,256,512,128,0.0632,0.0083,0.0,"(1, 512)","(1, 128)",dp_stress
83,stress_layer_19,Linear,MM,256,512,128,0.0687,0.0506,0.0,"(1, 512)","(1, 128)",dp_stress
83,stress_layer_20,Linear,MM,256,512,128,0.0102,0.0359,0.0,"(1, 512)","(1, 128)",dp_stress
83,stress_layer_21,Linear,MM,256,512,128,0.009,0.127,0.0,"(1, 512)","(1, 128)",dp_stress
83,stress_layer_22,Linear,MM,256,512,128,0.0027,0.0073,0.0,"(1, 512)","(1, 128)",dp_stress
83,stress_layer_23,Linear,MM,256,512,128,0.6885,0.315,0.75,"(1, 512)","(1, 128)",dp_stress
83,stress_layer_24,Linear,MM,256,512,128,0.04,0.0156,0.0,"(1, 512)","(1, 128)",dp_stress
83,stress_layer_25,Linear,MM,256,512,128,0.01,0.1287,0.0,"(1, 512)","(1, 128)",dp_stress
83,stress_layer_26,Linear,MM,256,512,128,0.0893,0.1403,0.0,"(1, 512)","(1, 128)",dp_stress
83,stress_layer_27,Linear,MM,256,512,128,0.0831,0.0235,0.0,"(1, 512)","(1, 128)",dp_stress
83,stress_layer_28,Linear,MM,256,512,128,0.0215,0.081,0.0,"(1, 512)","(1, 128)",dp_stress
83,stress_layer_29,Linear,MM,256,512,128,0.6157,0.3313,0.75,"(1, 512)","(1, 128)",dp_stress
83,stress_layer_30,Linear,MM,256,512,128,0.0153,0.1392,0.0,"(1, 512)","(1, 128)",dp_stress
83,stress_layer_31,Linear,MM,256,512,128,0.0791,0.0431,0.0,"(1, 512)","(1, 128)",dp_stress
83,stress_layer_32,Linear,MM,256,512,128,0.0641,0.0894,0.0,"(1, 512)","(1, 128)",dp_stress
83,stress_layer_33,Linear,MM,256,512,128,0.0106,0.0575,0.0,"(1, 512)","(1, 128)",dp_stress
83,stress_layer_34,Linear,MM,256,512,128,0.0917,0.1092,0.0,"(1, 512)","(1, 128)",dp_stress
83,stress_layer_35,Linear,MM,256,512,128,0.5526,0.392,0.75,"(1, 512)","(1, 128)",dp_stress
83,stress_layer_36,Linear,MM,256,512,128,0.0551,0.1364,0.0,"(1, 512)","(1, 128)",dp_stress
83,stress_layer_37,Linear,MM,256,512,128,0.0638,0.0985,0.0,"(1, 512)","(1, 128)",dp_stress
83,stress_layer_38,Linear,MM,256,512,128,0.0003,0.1303,0.0,"(1, 512)","(1, 128)",dp_stress
83,stress_layer_39,Linear,MM,256,512,128,0.0241,0.0828,0.0,"(1, 512)","(1, 128)",dp_stress
84,stress_layer_0,Linear,MM,256,512,128,0.0541,0.0595,0.0,"(1, 512)","(1, 128)",dp_stress
84,stress_layer_1,Linear,MM,256,512,128,0.0491,0.1319,0.0,"(1, 512)","(1, 128)",dp_stress
84,stress_layer_2,Linear,MM,256,512,128,0.0845,0.0007,0.0,"(1, 512)","(1, 128)",dp_stress
84,stress_layer_3,Linear,MM,256,512,128,0.0662,0.1308,0.0,"(1, 512)","(1, 128)",dp_stress
84,stress_layer_4,Linear,MM,256,512,128,0.0465,0.019,0.0,"(1, 512)","(1, 128)",dp_stress
84,stress_layer_5,Linear,MM,256,512,128,0.6773,0.4265,0.75,"(1, 512)","(1, 128)",dp_stress
84,stress_layer_6,Linear,MM,256,512,128,0.0948,0.1055,0.0,"(1, 512)","(1, 128)",dp_stress
84,stress_layer_7,Linear,MM,256,512,128,0.0769,0.1498,0.0,"(1, 512)","(1, 128)",dp_stress
84,stress_layer_8,Linear,MM,256,512,128,0.0968,0.024,0.0,"(1, 512)","(1, 128)",dp_stress
84,stress_layer_9,Linear,MM,256,512,128,0.083,0.0789,0.0,"(1, 512)","(1, 128)",dp_stress
84,stress_layer_10,Linear,MM,256,512,128,0.0028,0.1466,0.0,"(1, 512)","(1, 128)",dp_stress
84,stress_layer_11,Linear,MM,256,512,128,0.63,0.4335,0.75,"(1, 512)","(1, 128)",dp_stress
84,stress_layer_12,Linear,MM,256,512,128,0.0332,0.1039,0.0,"(1, 512)","(1, 128)",dp_stress
84,stress_layer_13,Linear,MM,256,512,128,0.0678,0.109,0.0,"(1, 512)","(1, 128)",dp_stress
84,stress_layer_14,Linear,MM,256,512,128,0.0103,0.0523,0.0,"(1, 512)","(1, 128)",dp_stress
84,stress_layer_15,Linear,MM,256,512,128,0.0067,0.1328,0.0,"(1, 512)","(1, 128)",dp_stress
84,stress_layer_16,Linear,MM,256,512,128,0.087,0.1301,0.0,"(1, 512)","(1, 128)",dp_stress
84,stress_layer_17,Linear,MM,256,512,128,0.6509,0.3922,0.75,"(1, 512)","(1, 128)",dp_stress
84,stress_layer_18,Linear,MM,256,512,128,0.0573,0.098,0.0,"(1, 512)","(1, 128)",dp_stress
84,stress_layer_19,Linear,MM,256,512,128,0.0117,0.105,0.0,"(1, 512)","(1, 128)",dp_stress
84,stress_layer_20,Linear,MM,256,512,128,0.0032,0.0342,0.0,"(1, 512)","(1, 128)",dp_stress
84,stress_layer_21,Linear,MM,256,512,128,0.0627,0.1436,0.0,"(1, 512)","(1, 128)",dp_stress
84,stress_layer_22,Linear,MM,256,512,128,0.0272,0.0302,0.0,"(1, 512)","(1, 128)",dp_stress
84,stress_layer_23,Linear,MM,256,512,128,0.6552,0.4413,0.75,"(1, 512)","(1, 128)",dp_stress
84,stress_layer_24,Linear,MM,256,512,128,0.0995,0.1166,0.0,"(1, 512)","(1, 128)",dp_stress
84,stress_layer_25,Linear,MM,256,512,128,0.0269,0.1382,0.0,"(1, 512)","(1, 128)",dp_stress
84,stress_layer_26,Linear,MM,256,512,128,0.0985,0.1093,0.0,"(1, 512)","(1, 128)",dp_stress
84,stress_layer_27,Linear,MM,256,512,128,0.0761,0.0762,0.0,"(1, 512)","(1, 128)",dp_stress
84,stress_layer_28,Linear,MM,256,512,128,0.0884,0.011,0.0,"(1, 512)","(1, 128)",dp_stress
84,stress_layer_29,Linear,MM,256,512,128,0.5178,0.4619,0.75,"(1, 512)","(1, 128)",dp_stress
84,stress_layer_30,Linear,MM,256,512,128,0.0482,0.0893,0.0,"(1, 512)","(1, 128)",dp_stress
84,stress_layer_31,Linear,MM,256,512,128,0.0484,0.0529,0.0,"(1, 512)","(1, 128)",dp_stress
84,stress_layer_32,Linear,MM,256,512,128,0.003,0.1385,0.0,"(1, 512)","(1, 128)",dp_stress
84,stress_layer_33,Linear,MM,256,512,128,0.096,0.1228,0.0,"(1, 512)","(1, 128)",dp_stress
84,stress_layer_34,Linear,MM,256,512,128,0.0463,0.1094,0.0,"(1, 512)","(1, 128)",dp_stress
84,stress_layer_35,Linear,MM,256,512,128,0.6622,0.4506,0.75,"(1, 512)","(1, 128)",dp_stress
84,stress_layer_36,Linear,MM,256,512,128,0.0906,0.0174,0.0,"(1, 512)","(1, 128)",dp_stress
84,stress_layer_37,Linear,MM,256,512,128,0.0611,0.0536,0.0,"(1, 512)","(1, 128)",dp_stress
84,stress_layer_38,Linear,MM,256,512,128,0.0366,0.058,0.0,"(1, 512)","(1, 128)",dp_stress
84,stress_layer_39,Linear,MM,256,512,128,0.0271,0.1005,0.0,"(1, 512)","(1, 128)",dp_stress
85,stress_layer_0,Linear,MM,256,512,128,0.0389,0.1383,0.0,"(1, 512)","(1, 128)",dp_stress
85,stress_layer_1,Linear,MM,256,512,128,0.0452,0.1436,0.0,"(1, 512)","(1, 128)",dp_stress
85,stress_layer_2,Linear,MM,256,512,128,0.0967,0.0941,0.0,"(1, 512)","(1, 128)",dp_stress
85,stress_layer_3,Linear,MM,256,512,128,0.089,0.0882,0.0,"(1, 512)","(1, 128)",dp_stress
85,stress_layer_4,Linear,MM,256,512,128,0.0913,0.1364,0.0,"(1, 512)","(1, 128)",dp_stress
85,stress_layer_5,Linear,MM,256,512,128,0.5506,0.4629,0.75,"(1, 512)","(1, 128)",dp_stress
85,stress_layer_6,Linear,MM,256,512,128,0.0445,0.0911,0.0,"(1, 512)","(1, 128)",dp_stress
85,stress_layer_7,Linear,MM,256,512,128,0.0375,0.1404,0.0,"(1, 512)","(1, 128)",dp_stress
85,stress_layer_8,Linear,MM,256,512,128,0.0366,0.1102,0.0,"(1, 512)","(1, 128)",dp_stress
85,stress_layer_9,Linear,MM,256,512,128,0.0515,0.0937,0.0,"(1, 512)","(1, 128)",dp_stress
85,stress_layer_10,Linear,MM,256,512,128,0.031,0.0616,0.0,"(1, 512)","(1, 128)",dp_stress
85,stress_layer_11,Linear,MM,256,512,128,0.6934,0.4591,0.75,"(1, 512)","(1, 128)",dp_stress
85,stress_layer_12,Linear,MM,256,512,128,0.0498,0.0474,0.0,"(1, 512)","(1, 128)",dp_stress
85,stress_layer_13,Linear,MM,256,512,128,0.0028,0.0934,0.0,"(1, 512)","(1, 128)",dp_stress
85,stress_layer_14,Linear,MM,256,512,128,0.0525,0.1489,0.0,"(1, 512)","(1, 128)",dp_stress
85,stress_layer_15,Linear,MM,256,512,128,0.0537,0.0728,0.0,"(1, 512)","(1, 128)",dp_stress
85,stress_layer_16,Linear,MM,256,512,128,0.0324,0.1133,0.0,"(1, 512)","(1, 128)",dp_stress
85,stress_layer_17,Linear,MM,256,512,128,0.5703,0.3203,0.75,"(1, 512)","(1, 128)",dp_stress
85,stress_layer_18,Linear,MM,256,512,128,0.0351,0.0537,0.0,"(1, 512)","(1, 128)",dp_stress
85,stress_layer_19,Linear,MM,256,512,128,0.0087,0.1219,0.0,"(1, 512)","(1, 128)",dp_stress
85,stress_layer_20,Linear,MM,256,512,128,0.0623,0.0866,0.0,"(1, 512)","(1, 128)",dp_stress
85,stress_layer_21,Linear,MM,256,512,128,0.0399,0.0136,0.0,"(1, 512)","(1, 128)",dp_stress
85,stress_layer_22,Linear,MM,256,512,128,0.0929,0.0243,0.0,"(1, 512)","(1, 128)",dp_stress
85,stress_layer_23,Linear,MM,256,512,128,0.6531,0.4134,0.75,"(1, 512)","(1, 128)",dp_stress
85,stress_layer_24,Linear,MM,256,512,128,0.0187,0.0184,0.0,"(1, 512)","(1, 128)",dp_stress
85,stress_layer_25,Linear,MM,256,512,128,0.0425,0.0336,0.0,"(1, 512)","(1, 128)",dp_stress
85,stress_layer_26,Linear,MM,256,512,128,0.0411,0.0045,0.0,"(1, 512)","(1, 128)",dp_stress
85,stress_layer_27,Linear,MM,256,512,128,0.033,0.0343,0.0,"(1, 512)","(1, 128)",dp_stress
85,stress_layer_28,Linear,MM,256,512,128,0.0701,0.0984,0.0,"(1, 512)","(1, 128)",dp_stress
85,stress_layer_29,Linear,MM,256,512,128,0.6267,0.4889,0.75,"(1, 512)","(1, 128)",dp_stress
85,stress_layer_30,Linear,MM,256,512,128,0.0807,0.0622,0.0,"(1, 512)","(1, 128)",dp_stress
85,stress_layer_31,Linear,MM,256,512,128,0.0815,0.1242,0.0,"(1, 512)","(1, 128)",dp_stress
85,stress_layer_32,Linear,MM,256,512,128,0.0203,0.1117,0.0,"(1, 512)","(1, 128)",dp_stress
85,stress_layer_33,Linear,MM,256,512,128,0.0423,0.0148,0.0,"(1, 512)","(1, 128)",dp_stress
85,stress_layer_34,Linear,MM,256,512,128,0.0353,0.0615,0.0,"(1, 512)","(1, 128)",dp_stress
85,stress_layer_35,Linear,MM,256,512,128,0.6244,0.4232,0.75,"(1, 512)","(1, 128)",dp_stress
85,stress_layer_36,Linear,MM,256,512,128,0.0898,0.0825,0.0,"(1, 512)","(1, 128)",dp_stress
85,stress_layer_37,Linear,MM,256,512,128,0.0065,0.0277,0.0,"(1, 512)","(1, 128)",dp_stress
85,stress_layer_38,Linear,MM,256,512,128,0.0722,0.0936,0.0,"(1, 512)","(1, 128)",dp_stress
85,stress_layer_39,Linear,MM,256,512,128,0.0578,0.1061,0.0,"(1, 512)","(1, 128)",dp_stress
86,stress_layer_0,Linear,MM,256,512,128,0.013,0.0756,0.0,"(1, 512)","(1, 128)",dp_stress
86,stress_layer_1,Linear,MM,256,512,128,0.0681,0.0789,0.0,"(1, 512)","(1, 128)",dp_stress
86,stress_layer_2,Linear,MM,256,512,128,0.0064,0.0735,0.0,"(1, 512)","(1, 128)",dp_stress
86,stress_layer_3,Linear,MM,256,512,128,0.0103,0.082,0.0,"(1, 512)","(1, 128)",dp_stress
86,stress_layer_4,Linear,MM,256,512,128,0.0236,0.0946,0.0,"(1, 512)","(1, 128)",dp_stress
86,stress_layer_5,Linear,MM,256,512,128,0.6767,0.3461,0.75,"(1, 512)","(1, 128)",dp_stress
86,stress_layer_6,Linear,MM,256,512,128,0.0308,0.1019,0.0,"(1, 512)","(1, 128)",dp_stress
86,stress_layer_7,Linear,MM,256,512,128,0.0628,0.0055,0.0,"(1, 512)","(1, 128)",dp_stress
86,stress_layer_8,Linear,MM,256,512,128,0.036,0.0103,0.0,"(1, 512)","(1, 128)",dp_stress
86,stress_layer_9,Linear,MM,256,512,128,0.0811,0.035,0.0,"(1, 512)","(1, 128)",dp_stress
86,stress_layer_10,Linear,MM,256,512,128,0.0135,0.0515,0.0,"(1, 512)","(1, 128)",dp_stress
86,stress_layer_11,Linear,MM,256,512,128,0.5014,0.4964,0.75,"(1, 512)","(1, 128)",dp_stress
86,stress_layer_12,Linear,MM,256,512,128,0.0771,0.077,0.0,"(1, 512)","(1, 128)",dp_stress
86,stress_layer_13,Linear,MM,256,512,128,0.0678,0.1013,0.0,"(1, 512)","(1, 128)",dp_stress
86,stress_layer_14,Linear,MM,256,512,128,0.0205,0.1109,0.0,"(1, 512)","(1, 128)",dp_stress
86,stress_layer_15,Linear,MM,256,512,128,0.075,0.0853,0.0,"(1, 512)","(1, 128)",dp_stress
86,stress_layer_16,Linear,MM,256,512,128,0.0021,0.1307,0.0,"(1, 512)","(1, 128)",dp_stress
86,stress_layer_17,Linear,MM,256,512,128,0.6102,0.3037,0.75,"(1, 512)","(1, 128)",dp_stress
86,stress_layer_18,Linear,MM,256,512,128,0.0285,0.139,0.0,"(1, 512)","(1, 128)",dp_stress
86,stress_layer_19,Linear,MM,256,512,128,0.0666,0.1275,0.0,"(1, 512)","(1, 128)",dp_stress
86,stress_layer_20,Linear,MM,256,512,128,0.0974,0.1423,0.0,"(1, 512)","(1, 128)",dp_stress
86,stress_layer_21,Linear,MM,256,512,128,0.0342,0.1033,0.0,"(1, 512)","(1, 128)",dp_stress
86,stress_layer_22,Linear,MM,256,512,128,0.0733,0.1478,0.0,"(1, 512)","(1, 128)",dp_stress
86,stress_layer_23,Linear,MM,256,512,128,0.545,0.3224,0.75,"(1, 512)","(1, 128)",dp_stress
86,stress_layer_24,Linear,MM,256,512,128,0.0201,0.0001,0.0,"(1, 512)","(1, 128)",dp_stress
86,stress_layer_25,Linear,MM,256,512,128,0.0149,0.1429,0.0,"(1, 512)","(1, 128)",dp_stress
86,stress_layer_26,Linear,MM,256,512,128,0.0245,0.108,0.0,"(1, 512)","(1, 128)",dp_stress
86,stress_layer_27,Linear,MM,256,512,128,0.032,0.005,0.0,"(1, 512)","(1, 128)",dp_stress
86,stress_layer_28,Linear,MM,256,512,128,0.005,0.0719,0.0,"(1, 512)","(1, 128)",dp_stress
86,stress_layer_29,Linear,MM,256,512,128,0.6879,0.4447,0.75,"(1, 512)","(1, 128)",dp_stress
86,stress_layer_30,Linear,MM,256,512,128,0.0022,0.0236,0.0,"(1, 512)","(1, 128)",dp_stress
86,stress_layer_31,Linear,MM,256,512,128,0.0571,0.035,0.0,"(1, 512)","(1, 128)",dp_stress
86,stress_layer_32,Linear,MM,256,512,128,0.075,0.0918,0.0,"(1, 512)","(1, 128)",dp_stress
86,stress_layer_33,Linear,MM,256,512,128,0.0896,0.08,0.0,"(1, 512)","(1, 128)",dp_stress
86,stress_layer_34,Linear,MM,256,512,128,0.0636,0.0185,0.0,"(1, 512)","(1, 128)",dp_stress
86,stress_layer_35,Linear,MM,256,512,128,0.5217,0.476,0.75,"(1, 512)","(1, 128)",dp_stress
86,stress_layer_36,Linear,MM,256,512,128,0.0504,0.1362,0.0,"(1, 512)","(1, 128)",dp_stress
86,stress_layer_37,Linear,MM,256,512,128,0.0097,0.1246,0.0,"(1, 512)","(1, 128)",dp_stress
86,stress_layer_38,Linear,MM,256,512,128,0.0244,0.0235,0.0,"(1, 512)","(1, 128)",dp_stress
86,stress_layer_39,Linear,MM,256,512,128,0.0526,0.1484,0.0,"(1, 512)","(1, 128)",dp_stress
87,stress_layer_0,Linear,MM,256,512,128,0.0667,0.1253,0.0,"(1, 512)","(1, 128)",dp_stress
87,stress_layer_1,Linear,MM,256,512,128,0.0167,0.0163,0.0,"(1, 512)","(1, 128)",dp_stress
87,stress_layer_2,Linear,MM,256,512,128,0.0756,0.1496,0.0,"(1, 512)","(1, 128)",dp_stress
87,stress_layer_3,Linear,MM,256,512,128,0.0676,0.0716,0.0,"(1, 512)","(1, 128)",dp_stress
87,stress_layer_4,Linear,MM,256,512,128,0.0233,0.1476,0.0,"(1, 512)","(1, 128)",dp_stress
87,stress_layer_5,Linear,MM,256,512,128,0.5796,0.4467,0.75,"(1, 512)","(1, 128)",dp_stress
87,stress_layer_6,Linear,MM,256,512,128,0.0536,0.0063,0.0,"(1, 512)","(1, 128)",dp_stress
87,stress_layer_7,Linear,MM,256,512,128,0.034,0.0827,0.0,"(1, 512)","(1, 128)",dp_stress
87,stress_layer_8,Linear,MM,256,512,128,0.0178,0.02,0.0,"(1, 512)","(1, 128)",dp_stress
87,stress_layer_9,Linear,MM,256,512,128,0.0804,0.1287,0.0,"(1, 512)","(1, 128)",dp_stress
87,stress_layer_10,Linear,MM,256,512,128,0.0695,0.1315,0.0,"(1, 512)","(1, 128)",dp_stress
87,stress_layer_11,Linear,MM,256,512,128,0.6314,0.4025,0.75,"(1, 512)","(1, 128)",dp_stress
87,stress_layer_12,Linear,MM,256,512,128,0.0949,0.0977,0.0,"(1, 512)","(1, 128)",dp_stress
87,stress_layer_13,Linear,MM,256,512,128,0.0108,0.0598,0.0,"(1, 512)","(1, 128)",dp_stress
87,stress_layer_14,Linear,MM,256,512,128,0.0877,0.1015,0.0,"(1, 512)","(1, 128)",dp_stress
87,stress_layer_15,Linear,MM,256,512,128,0.0994,0.148,0.0,"(1, 512)","(1, 128)",dp_stress
87,stress_layer_16,Linear,MM,256,512,128,0.0803,0.1199,0.0,"(1, 512)","(1, 128)",dp_stress
87,stress_layer_17,Linear,MM,256,512,128,0.6125,0.4213,0.75,"(1, 512)","(1, 128)",dp_stress
87,stress_layer_18,Linear,MM,256,512,128,0.0993,0.0495,0.0,"(1, 512)","(1, 128)",dp_stress
87,stress_layer_19,Linear,MM,256,512,128,0.093,0.119,0.0,"(1, 512)","(1, 128)",dp_stress
87,stress_layer_20,Linear,MM,256,512,128,0.039,0.1481,0.0,"(1, 512)","(1, 128)",dp_stress
87,stress_layer_21,Linear,MM,256,512,128,0.0452,0.1101,0.0,"(1, 512)","(1, 128)",dp_stress
87,stress_layer_22,Linear,MM,256,512,128,0.0079,0.0316,0.0,"(1, 512)","(1, 128)",dp_stress
87,stress_layer_23,Linear,MM,256,512,128,0.5204,0.3919,0.75,"(1, 512)","(1, 128)",dp_stress
87,stress_layer_24,Linear,MM,256,512,128,0.0736,0.1101,0.0,"(1, 512)","(1, 128)",dp_stress
87,stress_layer_25,Linear,MM,256,512,128,0.0876,0.0607,0.0,"(1, 512)","(1, 128)",dp_stress
87,stress_layer_26,Linear,MM,256,512,128,0.0458,0.0283,0.0,"(1, 512)","(1, 128)",dp_stress
87,stress_layer_27,Linear,MM,256,512,128,0.0105,0.0784,0.0,"(1, 512)","(1, 128)",dp_stress
87,stress_layer_28,Linear,MM,256,512,128,0.0485,0.1285,0.0,"(1, 512)","(1, 128)",dp_stress
87,stress_layer_29,Linear,MM,256,512,128,0.6356,0.3687,0.75,"(1, 512)","(1, 128)",dp_stress
87,stress_layer_30,Linear,MM,256,512,128,0.0916,0.1404,0.0,"(1, 512)","(1, 128)",dp_stress
87,stress_layer_31,Linear,MM,256,512,128,0.0239,0.0473,0.0,"(1, 512)","(1, 128)",dp_stress
87,stress_layer_32,Linear,MM,256,512,128,0.0821,0.0326,0.0,"(1, 512)","(1, 128)",dp_stress
87,stress_layer_33,Linear,MM,256,512,128,0.0397,0.0695,0.0,"(1, 512)","(1, 128)",dp_stress
87,stress_layer_34,Linear,MM,256,512,128,0.009,0.1392,0.0,"(1, 512)","(1, 128)",dp_stress
87,stress_layer_35,Linear,MM,256,512,128,0.6166,0.4613,0.75,"(1, 512)","(1, 128)",dp_stress
87,stress_layer_36,Linear,MM,256,512,128,0.0858,0.1217,0.0,"(1, 512)","(1, 128)",dp_stress
87,stress_layer_37,Linear,MM,256,512,128,0.0769,0.0293,0.0,"(1, 512)","(1, 128)",dp_stress
87,stress_layer_38,Linear,MM,256,512,128,0.0554,0.0175,0.0,"(1, 512)","(1, 128)",dp_stress
87,stress_layer_39,Linear,MM,256,512,128,0.0277,0.0782,0.0,"(1, 512)","(1, 128)",dp_stress
88,stress_layer_0,Linear,MM,256,512,128,0.077,0.0732,0.0,"(1, 512)","(1, 128)",dp_stress
88,stress_layer_1,Linear,MM,256,512,128,0.0528,0.0223,0.0,"(1, 512)","(1, 128)",dp_stress
88,stress_layer_2,Linear,MM,256,512,128,0.0445,0.0491,0.0,"(1, 512)","(1, 128)",dp_stress
88,stress_layer_3,Linear,MM,256,512,128,0.0213,0.0817,0.0,"(1, 512)","(1, 128)",dp_stress
88,stress_layer_4,Linear,MM,256,512,128,0.034,0.0661,0.0,"(1, 512)","(1, 128)",dp_stress
88,stress_layer_5,Linear,MM,256,512,128,0.6636,0.4319,0.75,"(1, 512)","(1, 128)",dp_stress
88,stress_layer_6,Linear,MM,256,512,128,0.0618,0.0809,0.0,"(1, 512)","(1, 128)",dp_stress
88,stress_layer_7,Linear,MM,256,512,128,0.0535,0.0577,0.0,"(1, 512)","(1, 128)",dp_stress
88,stress_layer_8,Linear,MM,256,512,128,0.0666,0.0845,0.0,"(1, 512)","(1, 128)",dp_stress
88,stress_layer_9,Linear,MM,256,512,128,0.0849,0.1154,0.0,"(1, 512)","(1, 128)",dp_stress
88,stress_layer_10,Linear,MM,256,512,128,0.0948,0.0338,0.0,"(1, 512)","(1, 128)",dp_stress
88,stress_layer_11,Linear,MM,256,512,128,0.5497,0.4985,0.75,"(1, 512)","(1, 128)",dp_stress
88,stress_layer_12,Linear,MM,256,512,128,0.0806,0.1176,0.0,"(1, 512)","(1, 128)",dp_stress
88,stress_layer_13,Linear,MM,256,512,128,0.0145,0.0881,0.0,"(1, 512)","(1, 128)",dp_stress
88,stress_layer_14,Linear,MM,256,512,128,0.0497,0.0306,0.0,"(1, 512)","(1, 128)",dp_stress
88,stress_layer_15,Linear,MM,256,512,128,0.0019,0.1072,0.0,"(1, 512)","(1, 128)",dp_stress
88,stress_layer_16,Linear,MM,256,512,128,0.0455,0.0855,0.0,"(1, 512)","(1, 128)",dp_stress
88,stress_layer_17,Linear,MM,256,512,128,0.6352,0.4384,0.75,"(1, 512)","(1, 128)",dp_stress
88,stress_layer_18,Linear,MM,256,512,128,0.0838,0.002,0.0,"(1, 512)","(1, 128)",dp_stress
88,stress_layer_19,Linear,MM,256,512,128,0.0824,0.0359,0.0,"(1, 512)","(1, 128)",dp_stress
88,stress_layer_20,Linear,MM,256,512,128,0.0866,0.139,0.0,"(1, 512)","(1, 128)",dp_stress
88,stress_layer_21,Linear,MM,256,512,128,0.0594,0.0616,0.0,"(1, 512)","(1, 128)",dp_stress
88,stress_layer_22,Linear,MM,256,512,128,0.0197,0.0641,0.0,"(1, 512)","(1, 128)",dp_stress
88,stress_layer_23,Linear,MM,256,512,128,0.5115,0.3509,0.75,"(1, 512)","(1, 128)",dp_stress
88,stress_layer_24,Linear,MM,256,512,128,0.0394,0.0635,0.0,"(1, 512)","(1, 128)",dp_stress
88,stress_layer_25,Linear,MM,256,512,128,0.0174,0.1398,0.0,"(1, 512)","(1, 128)",dp_stress
88,stress_layer_26,Linear,MM,256,512,128,0.0672,0.0695,0.0,"(1, 512)","(1, 128)",dp_stress
88,stress_layer_27,Linear,MM,256,512,128,0.0061,0.0957,0.0,"(1, 512)","(1, 128)",dp_stress
88,stress_layer_28,Linear,MM,256,512,128,0.0305,0.028,0.0,"(1, 512)","(1, 128)",dp_stress
88,stress_layer_29,Linear,MM,256,512,128,0.5252,0.4593,0.75,"(1, 512)","(1, 128)",dp_stress
88,stress_layer_30,Linear,MM,256,512,128,0.0324,0.0003,0.0,"(1, 512)","(1, 128)",dp_stress
88,stress_layer_31,Linear,MM,256,512,128,0.0528,0.0771,0.0,"(1, 512)","(1, 128)",dp_stress
88,stress_layer_32,Linear,MM,256,512,128,0.0286,0.1026,0.0,"(1, 512)","(1, 128)",dp_stress
88,stress_layer_33,Linear,MM,256,512,128,0.0863,0.096,0.0,"(1, 512)","(1, 128)",dp_stress
88,stress_layer_34,Linear,MM,256,512,128,0.0935,0.1069,0.0,"(1, 512)","(1, 128)",dp_stress
88,stress_layer_35,Linear,MM,256,512,128,0.5427,0.3015,0.75,"(1, 512)","(1, 128)",dp_stress
88,stress_layer_36,Linear,MM,256,512,128,0.0877,0.04,0.0,"(1, 512)","(1, 128)",dp_stress
88,stress_layer_37,Linear,MM,256,512,128,0.082,0.1117,0.0,"(1, 512)","(1, 128)",dp_stress
88,stress_layer_38,Linear,MM,256,512,128,0.0704,0.1213,0.0,"(1, 512)","(1, 128)",dp_stress
88,stress_layer_39,Linear,MM,256,512,128,0.0342,0.0987,0.0,"(1, 512)","(1, 128)",dp_stress
89,stress_layer_0,Linear,MM,256,512,128,0.0315,0.064,0.0,"(1, 512)","(1, 128)",dp_stress
89,stress_layer_1,Linear,MM,256,512,128,0.0587,0.1241,0.0,"(1, 512)","(1, 128)",dp_stress
89,stress_layer_2,Linear,MM,256,512,128,0.0111,0.1245,0.0,"(1, 512)","(1, 128)",dp_stress
89,stress_layer_3,Linear,MM,256,512,128,0.0777,0.1482,0.0,"(1, 512)","(1, 128)",dp_stress
89,stress_layer_4,Linear,MM,256,512,128,0.073,0.105,0.0,"(1, 512)","(1, 128)",dp_stress
89,stress_layer_5,Linear,MM,256,512,128,0.6671,0.4366,0.75,"(1, 512)","(1, 128)",dp_stress
89,stress_layer_6,Linear,MM,256,512,128,0.0163,0.1478,0.0,"(1, 512)","(1, 128)",dp_stress
89,stress_layer_7,Linear,MM,256,512,128,0.0652,0.1387,0.0,"(1, 512)","(1, 128)",dp_stress
89,stress_layer_8,Linear,MM,256,512,128,0.0503,0.1013,0.0,"(1, 512)","(1, 128)",dp_stress
89,stress_layer_9,Linear,MM,256,512,128,0.0463,0.1009,0.0,"(1, 512)","(1, 128)",dp_stress
89,stress_layer_10,Linear,MM,256,512,128,0.0349,0.1344,0.0,"(1, 512)","(1, 128)",dp_stress
89,stress_layer_11,Linear,MM,256,512,128,0.5511,0.3169,0.75,"(1, 512)","(1, 128)",dp_stress
89,stress_layer_12,Linear,MM,256,512,128,0.096,0.1195,0.0,"(1, 512)","(1, 128)",dp_stress
89,stress_layer_13,Linear,MM,256,512,128,0.03,0.1459,0.0,"(1, 512)","(1, 128)",dp_stress
89,stress_layer_14,Linear,MM,256,512,128,0.0151,0.1395,0.0,"(1, 512)","(1, 128)",dp_stress
89,stress_layer_15,Linear,MM,256,512,128,0.0923,0.0263,0.0,"(1, 512)","(1, 128)",dp_stress
89,stress_layer_16,Linear,MM,256,512,128,0.0447,0.0412,0.0,"(1, 512)","(1, 128)",dp_stress
89,stress_layer_17,Linear,MM,256,512,128,0.577,0.4377,0.75,"(1, 512)","(1, 128)",dp_stress
89,stress_layer_18,Linear,MM,256,512,128,0.0209,0.0987,0.0,"(1, 512)","(1, 128)",dp_stress
89,stress_layer_19,Linear,MM,256,512,128,0.0707,0.0922,0.0,"(1, 512)","(1, 128)",dp_stress
89,stress_layer_20,Linear,MM,256,512,128,0.0316,0.0721,0.0,"(1, 512)","(1, 128)",dp_stress
89,stress_layer_21,Linear,MM,256,512,128,0.0803,0.1403,0.0,"(1, 512)","(1, 128)",dp_stress
89,stress_layer_22,Linear,MM,256,512,128,0.0049,0.0798,0.0,"(1, 512)","(1, 128)",dp_stress
89,stress_layer_23,Linear,MM,256,512,128,0.6135,0.3886,0.75,"(1, 512)","(1, 128)",dp_stress
89,stress_layer_24,Linear,MM,256,512,128,0.0758,0.0721,0.0,"(1, 512)","(1, 128)",dp_stress
89,stress_layer_25,Linear,MM,256,512,128,0.0518,0.0585,0.0,"(1, 512)","(1, 128)",dp_stress
89,stress_layer_26,Linear,MM,256,512,128,0.0394,0.0913,0.0,"(1, 512)","(1, 128)",dp_stress
89,stress_layer_27,Linear,MM,256,512,128,0.0609,0.0465,0.0,"(1, 512)","(1, 128)",dp_stress
89,stress_layer_28,Linear,MM,256,512,128,0.0591,0.1401,0.0,"(1, 512)","(1, 128)",dp_stress
89,stress_layer_29,Linear,MM,256,512,128,0.6695,0.4507,0.75,"(1, 512)","(1, 128)",dp_stress
89,stress_layer_30,Linear,MM,256,512,128,0.0598,0.0315,0.0,"(1, 512)","(1, 128)",dp_stress
89,stress_layer_31,Linear,MM,256,512,128,0.0231,0.1153,0.0,"(1, 512)","(1, 128)",dp_stress
89,stress_layer_32,Linear,MM,256,512,128,0.0106,0.1223,0.0,"(1, 512)","(1, 128)",dp_stress
89,stress_layer_33,Linear,MM,256,512,128,0.0025,0.0532,0.0,"(1, 512)","(1, 128)",dp_stress
89,stress_layer_34,Linear,MM,256,512,128,0.0278,0.0685,0.0,"(1, 512)","(1, 128)",dp_stress
89,stress_layer_35,Linear,MM,256,512,128,0.6324,0.4588,0.75,"(1, 512)","(1, 128)",dp_stress
89,stress_layer_36,Linear,MM,256,512,128,0.0224,0.0588,0.0,"(1, 512)","(1, 128)",dp_stress
89,stress_layer_37,Linear,MM,256,512,128,0.0736,0.1,0.0,"(1, 512)","(1, 128)",dp_stress
89,stress_layer_38,Linear,MM,256,512,128,0.0599,0.1298,0.0,"(1, 512)","(1, 128)",dp_stress
89,stress_layer_39,Linear,MM,256,512,128,0.0989,0.0608,0.0,"(1, 512)","(1, 128)",dp_stress
90,stress_layer_0,Linear,MM,256,512,128,0.048,0.1275,0.0,"(1, 512)","(1, 128)",dp_stress
90,stress_layer_1,Linear,MM,256,512,128,0.0325,0.0147,0.0,"(1, 512)","(1, 128)",dp_stress
90,stress_layer_2,Linear,MM,256,512,128,0.0422,0.0967,0.0,"(1, 512)","(1, 128)",dp_stress
90,stress_layer_3,Linear,MM,256,512,128,0.0731,0.0572,0.0,"(1, 512)","(1, 128)",dp_stress
90,stress_layer_4,Linear,MM,256,512,128,0.0024,0.0858,0.0,"(1, 512)","(1, 128)",dp_stress
90,stress_layer_5,Linear,MM,256,512,128,0.5139,0.4162,0.75,"(1, 512)","(1, 128)",dp_stress
90,stress_layer_6,Linear,MM,256,512,128,0.0488,0.1231,0.0,"(1, 512)","(1, 128)",dp_stress
90,stress_layer_7,Linear,MM,256,512,128,0.0285,0.1097,0.0,"(1, 512)","(1, 128)",dp_stress
90,stress_layer_8,Linear,MM,256,512,128,0.0261,0.0162,0.0,"(1, 512)","(1, 128)",dp_stress
90,stress_layer_9,Linear,MM,256,512,128,0.0901,0.1278,0.0,"(1, 512)","(1, 128)",dp_stress
90,stress_layer_10,Linear,MM,256,512,128,0.054,0.1337,0.0,"(1, 512)","(1, 128)",dp_stress
90,stress_layer_11,Linear,MM,256,512,128,0.674,0.4306,0.75,"(1, 512)","(1, 128)",dp_stress
90,stress_layer_12,Linear,MM,256,512,128,0.0527,0.0825,0.0,"(1, 512)","(1, 128)",dp_stress
90,stress_layer_13,Linear,MM,256,512,128,0.0394,0.0819,0.0,"(1, 512)","(1, 128)",dp_stress
90,stress_layer_14,Linear,MM,256,512,128,0.0841,0.1056,0.0,"(1, 512)","(1, 128)",dp_stress
90,stress_layer_15,Linear,MM,256,512,128,0.0951,0.069,0.0,"(1, 512)","(1, 128)",dp_stress
90,stress_layer_16,Linear,MM,256,512,128,0.0106,0.1314,0.0,"(1, 512)","(1, 128)",dp_stress
90,stress_layer_17,Linear,MM,256,512,128,0.616,0.3233,0.75,"(1, 512)","(1, 128)",dp_stress
90,stress_layer_18,Linear,MM,256,512,128,0.0888,0.0489,0.0,"(1, 512)","(1, 128)",dp_stress
90,stress_layer_19,Linear,MM,256,512,128,0.0239,0.0114,0.0,"(1, 512)","(1, 128)",dp_stress
90,stress_layer_20,Linear,MM,256,512,128,0.0772,0.0615,0.0,"(1, 512)","(1, 128)",dp_stress
90,stress_layer_21,Linear,MM,256,512,128,0.0475,0.007,0.0,"(1, 512)","(1, 128)",dp_stress
90,stress_layer_22,Linear,MM,256,512,128,0.0468,0.0296,0.0,"(1, 512)","(1, 128)",dp_stress
90,stress_layer_23,Linear,MM,256,512,128,0.6626,0.4914,0.75,"(1, 512)","(1, 128)",dp_stress
90,stress_layer_24,Linear,MM,256,512,128,0.0545,0.1326,0.0,"(1, 512)","(1, 128)",dp_stress
90,stress_layer_25,Linear,MM,256,512,128,0.0967,0.071,0.0,"(1, 512)","(1, 128)",dp_stress
90,stress_layer_26,Linear,MM,256,512,128,0.0032,0.1257,0.0,"(1, 512)","(1, 128)",dp_stress
90,stress_layer_27,Linear,MM,256,512,128,0.0034,0.0741,0.0,"(1, 512)","(1, 128)",dp_stress
90,stress_layer_28,Linear,MM,256,512,128,0.0476,0.033,0.0,"(1, 512)","(1, 128)",dp_stress
90,stress_layer_29,Linear,MM,256,512,128,0.5009,0.4153,0.75,"(1, 512)","(1, 128)",dp_stress
90,stress_layer_30,Linear,MM,256,512,128,0.0459,0.0191,0.0,"(1, 512)","(1, 128)",dp_stress
90,stress_layer_31,Linear,MM,256,512,128,0.0843,0.1155,0.0,"(1, 512)","(1, 128)",dp_stress
90,stress_layer_32,Linear,MM,256,512,128,0.031,0.1084,0.0,"(1, 512)","(1, 128)",dp_stress
90,stress_layer_33,Linear,MM,256,512,128,0.0149,0.081,0.0,"(1, 512)","(1, 128)",dp_stress
90,stress_layer_34,Linear,MM,256,512,128,0.0829,0.0089,0.0,"(1, 512)","(1, 128)",dp_stress
90,stress_layer_35,Linear,MM,256,512,128,0.5594,0.4078,0.75,"(1, 512)","(1, 128)",dp_stress
90,stress_layer_36,Linear,MM,256,512,128,0.0639,0.0786,0.0,"(1, 512)","(1, 128)",dp_stress
90,stress_layer_37,Linear,MM,256,512,128,0.09,0.093,0.0,"(1, 512)","(1, 128)",dp_stress
90,stress_layer_38,Linear,MM,256,512,128,0.0453,0.1044,0.0,"(1, 512)","(1, 128)",dp_stress
90,stress_layer_39,Linear,MM,256,512,128,0.0987,0.1377,0.0,"(1, 512)","(1, 128)",dp_stress
91,stress_layer_0,Linear,MM,256,512,128,0.0077,0.0809,0.0,"(1, 512)","(1, 128)",dp_stress
91,stress_layer_1,Linear,MM,256,512,128,0.0305,0.0811,0.0,"(1, 512)","(1, 128)",dp_stress
91,stress_layer_2,Linear,MM,256,512,128,0.0909,0.1415,0.0,"(1, 512)","(1, 128)",dp_stress
91,stress_layer_3,Linear,MM,256,512,128,0.0297,0.0764,0.0,"(1, 512)","(1, 128)",dp_stress
91,stress_layer_4,Linear,MM,256,512,128,0.0573,0.0329,0.0,"(1, 512)","(1, 128)",dp_stress
91,stress_layer_5,Linear,MM,256,512,128,0.5745,0.4467,0.75,"(1, 512)","(1, 128)",dp_stress
91,stress_layer_6,Linear,MM,256,512,128,0.0541,0.0231,0.0,"(1, 512)","(1, 128)",dp_stress
91,stress_layer_7,Linear,MM,256,512,128,0.0461,0.001,0.0,"(1, 512)","(1, 128)",dp_stress
91,stress_layer_8,Linear,MM,256,512,128,0.092,0.0474,0.0,"(1, 512)","(1, 128)",dp_stress
91,stress_layer_9,Linear,MM,256,512,128,0.0544,0.0805,0.0,"(1, 512)","(1, 128)",dp_stress
91,stress_layer_10,Linear,MM,256,512,128,0.0541,0.0941,0.0,"(1, 512)","(1, 128)",dp_stress
91,stress_layer_11,Linear,MM,256,512,128,0.565,0.3856,0.75,"(1, 512)","(1, 128)",dp_stress
91,stress_layer_12,Linear,MM,256,512,128,0.041,0.0943,0.0,"(1, 512)","(1, 128)",dp_stress
91,stress_layer_13,Linear,MM,256,512,128,0.0662,0.1293,0.0,"(1, 512)","(1, 128)",dp_stress
91,stress_layer_14,Linear,MM,256,512,128,0.0889,0.0808,0.0,"(1, 512)","(1, 128)",dp_stress
91,stress_layer_15,Linear,MM,256,512,128,0.0039,0.028,0.0,"(1, 512)","(1, 128)",dp_stress
91,stress_layer_16,Linear,MM,256,512,128,0.0135,0.0013,0.0,"(1, 512)","(1, 128)",dp_stress
91,stress_layer_17,Linear,MM,256,512,128,0.6872,0.4429,0.75,"(1, 512)","(1, 128)",dp_stress
91,stress_layer_18,Linear,MM,256,512,128,0.0871,0.1336,0.0,"(1, 512)","(1, 128)",dp_stress
91,stress_layer_19,Linear,MM,256,512,128,0.0324,0.1318,0.0,"(1, 512)","(1, 128)",dp_stress
91,stress_layer_20,Linear,MM,256,512,128,0.0175,0.0244,0.0,"(1, 512)","(1, 128)",dp_stress
91,stress_layer_21,Linear,MM,256,512,128,0.0512,0.0304,0.0,"(1, 512)","(1, 128)",dp_stress
91,stress_layer_22,Linear,MM,256,512,128,0.0072,0.0116,0.0,"(1, 512)","(1, 128)",dp_stress
91,stress_layer_23,Linear,MM,256,512,128,0.591,0.347,0.75,"(1, 512)","(1, 128)",dp_stress
91,stress_layer_24,Linear,MM,256,512,128,0.0284,0.1053,0.0,"(1, 512)","(1, 128)",dp_stress
91,stress_layer_25,Linear,MM,256,512,128,0.0112,0.0438,0.0,"(1, 512)","(1, 128)",dp_stress
91,stress_layer_26,Linear,MM,256,512,128,0.0322,0.1493,0.0,"(1, 512)","(1, 128)",dp_stress
91,stress_layer_27,Linear,MM,256,512,128,0.0233,0.0012,0.0,"(1, 512)","(1, 128)",dp_stress
91,stress_layer_28,Linear,MM,256,512,128,0.0278,0.0097,0.0,"(1, 512)","(1, 128)",dp_stress
91,stress_layer_29,Linear,MM,256,512,128,0.5467,0.3723,0.75,"(1, 512)","(1, 128)",dp_stress
91,stress_layer_30,Linear,MM,256,512,128,0.0589,0.0158,0.0,"(1, 512)","(1, 128)",dp_stress
91,stress_layer_31,Linear,MM,256,512,128,0.0588,0.0617,0.0,"(1, 512)","(1, 128)",dp_stress
91,stress_layer_32,Linear,MM,256,512,128,0.0408,0.0738,0.0,"(1, 512)","(1, 128)",dp_stress
91,stress_layer_33,Linear,MM,256,512,128,0.0227,0.0961,0.0,"(1, 512)","(1, 128)",dp_stress
91,stress_layer_34,Linear,MM,256,512,128,0.0158,0.0503,0.0,"(1, 512)","(1, 128)",dp_stress
91,stress_layer_35,Linear,MM,256,512,128,0.5985,0.3175,0.75,"(1, 512)","(1, 128)",dp_stress
91,stress_layer_36,Linear,MM,256,512,128,0.0504,0.1004,0.0,"(1, 512)","(1, 128)",dp_stress
91,stress_layer_37,Linear,MM,256,512,128,0.0272,0.0615,0.0,"(1, 512)","(1, 128)",dp_stress
91,stress_layer_38,Linear,MM,256,512,128,0.0714,0.1087,0.0,"(1, 512)","(1, 128)",dp_stress
91,stress_layer_39,Linear,MM,256,512,128,0.02,0.1011,0.0,"(1, 512)","(1, 128)",dp_stress
92,stress_layer_0,Linear,MM,256,512,128,0.0828,0.0739,0.0,"(1, 512)","(1, 128)",dp_stress
92,stress_layer_1,Linear,MM,256,512,128,0.0167,0.0918,0.0,"(1, 512)","(1, 128)",dp_stress
92,stress_layer_2,Linear,MM,256,512,128,0.0876,0.0544,0.0,"(1, 512)","(1, 128)",dp_stress
92,stress_layer_3,Linear,MM,256,512,128,0.0235,0.0322,0.0,"(1, 512)","(1, 128)",dp_stress
92,stress_layer_4,Linear,MM,256,512,128,0.0288,0.1157,0.0,"(1, 512)","(1, 128)",dp_stress
92,stress_layer_5,Linear,MM,256,512,128,0.5875,0.4193,0.75,"(1, 512)","(1, 128)",dp_stress
92,stress_layer_6,Linear,MM,256,512,128,0.0154,0.0745,0.0,"(1, 512)","(1, 128)",dp_stress
92,stress_layer_7,Linear,MM,256,512,128,0.0565,0.0676,0.0,"(1, 512)","(1, 128)",dp_stress
92,stress_layer_8,Linear,MM,256,512,128,0.0001,0.0773,0.0,"(1, 512)","(1, 128)",dp_stress
92,stress_layer_9,Linear,MM,256,512,128,0.0068,0.1158,0.0,"(1, 512)","(1, 128)",dp_stress
92,stress_layer_10,Linear,MM,256,512,128,0.0061,0.0131,0.0,"(1, 512)","(1, 128)",dp_stress
92,stress_layer_11,Linear,MM,256,512,128,0.6223,0.4675,0.75,"(1, 512)","(1, 128)",dp_stress
92,stress_layer_12,Linear,MM,256,512,128,0.0817,0.0846,0.0,"(1, 512)","(1, 128)",dp_stress
92,stress_layer_13,Linear,MM,256,512,128,0.0626,0.0113,0.0,"(1, 512)","(1, 128)",dp_stress
92,stress_layer_14,Linear,MM,256,512,128,0.0758,0.0979,0.0,"(1, 512)","(1, 128)",dp_stress
92,stress_layer_15,Linear,MM,256,512,128,0.0145,0.0046,0.0,"(1, 512)","(1, 128)",dp_stress
92,stress_layer_16,Linear,MM,256,512,128,0.086,0.05,0.0,"(1, 512)","(1, 128)",dp_stress
92,stress_layer_17,Linear,MM,256,512,128,0.6982,0.3558,0.75,"(1, 512)","(1, 128)",dp_stress
92,stress_layer_18,Linear,MM,256,512,128,0.0424,0.0423,0.0,"(1, 512)","(1, 128)",dp_stress
92,stress_layer_19,Linear,MM,256,512,128,0.0557,0.094,0.0,"(1, 512)","(1, 128)",dp_stress
92,stress_layer_20,Linear,MM,256,512,128,0.0783,0.1227,0.0,"(1, 512)","(1, 128)",dp_stress
92,stress_layer_21,Linear,MM,256,512,128,0.0449,0.0007,0.0,"(1, 512)","(1, 128)",dp_stress
92,stress_layer_22,Linear,MM,256,512,128,0.01,0.0139,0.0,"(1, 512)","(1, 128)",dp_stress
92,stress_layer_23,Linear,MM,256,512,128,0.633,0.4625,0.75,"(1, 512)","(1, 128)",dp_stress
92,stress_layer_24,Linear,MM,256,512,128,0.0791,0.0185,0.0,"(1, 512)","(1, 128)",dp_stress
92,stress_layer_25,Linear,MM,256,512,128,0.0746,0.1379,0.0,"(1, 512)","(1, 128)",dp_stress
92,stress_layer_26,Linear,MM,256,512,128,0.0536,0.0239,0.0,"(1, 512)","(1, 128)",dp_stress
92,stress_layer_27,Linear,MM,256,512,128,0.0817,0.1078,0.0,"(1, 512)","(1, 128)",dp_stress
92,stress_layer_28,Linear,MM,256,512,128,0.0926,0.0261,0.0,"(1, 512)","(1, 128)",dp_stress
92,stress_layer_29,Linear,MM,256,512,128,0.563,0.4329,0.75,"(1, 512)","(1, 128)",dp_stress
92,stress_layer_30,Linear,MM,256,512,128,0.0564,0.0294,0.0,"(1, 512)","(1, 128)",dp_stress
92,stress_layer_31,Linear,MM,256,512,128,0.0665,0.0175,0.0,"(1, 512)","(1, 128)",dp_stress
92,stress_layer_32,Linear,MM,256,512,128,0.0967,0.0653,0.0,"(1, 512)","(1, 128)",dp_stress
92,stress_layer_33,Linear,MM,256,512,128,0.0149,0.1195,0.0,"(1, 512)","(1, 128)",dp_stress
92,stress_layer_34,Linear,MM,256,512,128,0.02,0.058,0.0,"(1, 512)","(1, 128)",dp_stress
92,stress_layer_35,Linear,MM,256,512,128,0.6778,0.4188,0.75,"(1, 512)","(1, 128)",dp_stress
92,stress_layer_36,Linear,MM,256,512,128,0.0172,0.0797,0.0,"(1, 512)","(1, 128)",dp_stress
92,stress_layer_37,Linear,MM,256,512,128,0.0929,0.0251,0.0,"(1, 512)","(1, 128)",dp_stress
92,stress_layer_38,Linear,MM,256,512,128,0.0792,0.0692,0.0,"(1, 512)","(1, 128)",dp_stress
92,stress_layer_39,Linear,MM,256,512,128,0.0537,0.1286,0.0,"(1, 512)","(1, 128)",dp_stress
93,stress_layer_0,Linear,MM,256,512,128,0.0356,0.1408,0.0,"(1, 512)","(1, 128)",dp_stress
93,stress_layer_1,Linear,MM,256,512,128,0.0838,0.0369,0.0,"(1, 512)","(1, 128)",dp_stress
93,stress_layer_2,Linear,MM,256,512,128,0.0326,0.0717,0.0,"(1, 512)","(1, 128)",dp_stress
93,stress_layer_3,Linear,MM,256,512,128,0.0285,0.0954,0.0,"(1, 512)","(1, 128)",dp_stress
93,stress_layer_4,Linear,MM,256,512,128,0.0083,0.0642,0.0,"(1, 512)","(1, 128)",dp_stress
93,stress_layer_5,Linear,MM,256,512,128,0.6928,0.334,0.75,"(1, 512)","(1, 128)",dp_stress
93,stress_layer_6,Linear,MM,256,512,128,0.0951,0.1369,0.0,"(1, 512)","(1, 128)",dp_stress
93,stress_layer_7,Linear,MM,256,512,128,0.065,0.1218,0.0,"(1, 512)","(1, 128)",dp_stress
93,stress_layer_8,Linear,MM,256,512,128,0.0937,0.1143,0.0,"(1, 512)","(1, 128)",dp_stress
93,stress_layer_9,Linear,MM,256,512,128,0.0635,0.1429,0.0,"(1, 512)","(1, 128)",dp_stress
93,stress_layer_10,Linear,MM,256,512,128,0.0173,0.1416,0.0,"(1, 512)","(1, 128)",dp_stress
93,stress_layer_11,Linear,MM,256,512,128,0.5671,0.4686,0.75,"(1, 512)","(1, 128)",dp_stress
93,stress_layer_12,Linear,MM,256,512,128,0.0474,0.0509,0.0,"(1, 512)","(1, 128)",dp_stress
93,stress_layer_13,Linear,MM,256,512,128,0.0083,0.064,0.0,"(1, 512)","(1, 128)",dp_stress
93,stress_layer_14,Linear,MM,256,512,128,0.0332,0.0722,0.0,"(1, 512)","(1, 128)",dp_stress
93,stress_layer_15,Linear,MM,256,512,128,0.0477,0.1149,0.0,"(1, 512)","(1, 128)",dp_stress
93,stress_layer_16,Linear,MM,256,512,128,0.0266,0.0429,0.0,"(1, 512)","(1, 128)",dp_stress
93,stress_layer_17,Linear,MM,256,512,128,0.5133,0.3176,0.75,"(1, 512)","(1, 128)",dp_stress
93,stress_layer_18,Linear,MM,256,512,128,0.0482,0.0122,0.0,"(1, 512)","(1, 128)",dp_stress
93,stress_layer_19,Linear,MM,256,512,128,0.0334,0.1209,0.0,"(1, 512)","(1, 128)",dp_stress
93,stress_layer_20,Linear,MM,256,512,128,0.0724,0.0332,0.0,"(1, 512)","(1, 128)",dp_stress
93,stress_layer_21,Linear,MM,256,512,128,0.0156,0.0858,0.0,"(1, 512)","(1, 128)",dp_stress
93,stress_layer_22,Linear,MM,256,512,128,0.0948,0.094,0.0,"(1, 512)","(1, 128)",dp_stress
93,stress_layer_23,Linear,MM,256,512,128,0.619,0.3875,0.75,"(1, 512)","(1, 128)",dp_stress
93,stress_layer_24,Linear,MM,256,512,128,0.0306,0.039,0.0,"(1, 512)","(1, 128)",dp_stress
93,stress_layer_25,Linear,MM,256,512,128,0.0312,0.0554,0.0,"(1, 512)","(1, 128)",dp_stress
93,stress_layer_26,Linear,MM,256,512,128,0.0549,0.1039,0.0,"(1, 512)","(1, 128)",dp_stress
93,stress_layer_27,Linear,MM,256,512,128,0.0582,0.1392,0.0,"(1, 512)","(1, 128)",dp_stress
93,stress_layer_28,Linear,MM,256,512,128,0.0182,0.0549,0.0,"(1, 512)","(1, 128)",dp_stress
93,stress_layer_29,Linear,MM,256,512,128,0.5579,0.3891,0.75,"(1, 512)","(1, 128)",dp_stress
93,stress_layer_30,Linear,MM,256,512,128,0.0287,0.0796,0.0,"(1, 512)","(1, 128)",dp_stress
93,stress_layer_31,Linear,MM,256,512,128,0.0385,0.0883,0.0,"(1, 512)","(1, 128)",dp_stress
93,stress_layer_32,Linear,MM,256,512,128,0.0192,0.0371,0.0,"(1, 512)","(1, 128)",dp_stress
93,stress_layer_33,Linear,MM,256,512,128,0.0905,0.017,0.0,"(1, 512)","(1, 128)",dp_stress
93,stress_layer_34,Linear,MM,256,512,128,0.0823,0.0296,0.0,"(1, 512)","(1, 128)",dp_stress
93,stress_layer_35,Linear,MM,256,512,128,0.6934,0.3425,0.75,"(1, 512)","(1, 128)",dp_stress
93,stress_layer_36,Linear,MM,256,512,128,0.0613,0.1497,0.0,"(1, 512)","(1, 128)",dp_stress
93,stress_layer_37,Linear,MM,256,512,128,0.0334,0.033,0.0,"(1, 512)","(1, 128)",dp_stress
93,stress_layer_38,Linear,MM,256,512,128,0.0499,0.0878,0.0,"(1, 512)","(1, 128)",dp_stress
93,stress_layer_39,Linear,MM,256,512,128,0.0349,0.1461,0.0,"(1, 512)","(1, 128)",dp_stress
94,stress_layer_0,Linear,MM,256,512,128,0.0319,0.1106,0.0,"(1, 512)","(1, 128)",dp_stress
94,stress_layer_1,Linear,MM,256,512,128,0.0755,0.107,0.0,"(1, 512)","(1, 128)",dp_stress
94,stress_layer_2,Linear,MM,256,512,128,0.0804,0.0447,0.0,"(1, 512)","(1, 128)",dp_stress
94,stress_layer_3,Linear,MM,256,512,128,0.0451,0.0248,0.0,"(1, 512)","(1, 128)",dp_stress
94,stress_layer_4,Linear,MM,256,512,128,0.0568,0.1412,0.0,"(1, 512)","(1, 128)",dp_stress
94,stress_layer_5,Linear,MM,256,512,128,0.5276,0.3087,0.75,"(1, 512)","(1, 128)",dp_stress
94,stress_layer_6,Linear,MM,256,512,128,0.029,0.1394,0.0,"(1, 512)","(1, 128)",dp_stress
94,stress_layer_7,Linear,MM,256,512,128,0.0177,0.0014,0.0,"(1, 512)","(1, 128)",dp_stress
94,stress_layer_8,Linear,MM,256,512,128,0.0001,0.0879,0.0,"(1, 512)","(1, 128)",dp_stress
94,stress_layer_9,Linear,MM,256,512,128,0.0896,0.1163,0.0,"(1, 512)","(1, 128)",dp_stress
94,stress_layer_10,Linear,MM,256,512,128,0.0965,0.0541,0.0,"(1, 512)","(1, 128)",dp_stress
94,stress_layer_11,Linear,MM,256,512,128,0.6904,0.4408,0.75,"(1, 512)","(1, 128)",dp_stress
94,stress_layer_12,Linear,MM,256,512,128,0.0984,0.0611,0.0,"(1, 512)","(1, 128)",dp_stress
94,stress_layer_13,Linear,MM,256,512,128,0.0126,0.1405,0.0,"(1, 512)","(1, 128)",dp_stress
94,stress_layer_14,Linear,MM,256,512,128,0.0573,0.031,0.0,"(1, 512)","(1, 128)",dp_stress
94,stress_layer_15,Linear,MM,256,512,128,0.0271,0.1146,0.0,"(1, 512)","(1, 128)",dp_stress
94,stress_layer_16,Linear,MM,256,512,128,0.053,0.1073,0.0,"(1, 512)","(1, 128)",dp_stress
94,stress_layer_17,Linear,MM,256,512,128,0.515,0.499,0.75,"(1, 512)","(1, 128)",dp_stress
94,stress_layer_18,Linear,MM,256,512,128,0.0164,0.149,0.0,"(1, 512)","(1, 128)",dp_stress
94,stress_layer_19,Linear,MM,256,512,128,0.0479,0.0643,0.0,"(1, 512)","(1, 128)",dp_stress
94,stress_layer_20,Linear,MM,256,512,128,0.0346,0.005,0.0,"(1, 512)","(1, 128)",dp_stress
94,stress_layer_21,Linear,MM,256,512,128,0.0001,0.0592,0.0,"(1, 512)","(1, 128)",dp_stress
94,stress_layer_22,Linear,MM,256,512,128,0.03,0.1109,0.0,"(1, 512)","(1, 128)",dp_stress
94,stress_layer_23,Linear,MM,256,512,128,0.5606,0.4078,0.75,"(1, 512)","(1, 128)",dp_stress
94,stress_layer_24,Linear,MM,256,512,128,0.06,0.0056,0.0,"(1, 512)","(1, 128)",dp_stress
94,stress_layer_25,Linear,MM,256,512,128,0.0834,0.0368,0.0,"(1, 512)","(1, 128)",dp_stress
94,stress_layer_26,Linear,MM,256,512,128,0.0001,0.1299,0.0,"(1, 512)","(1, 128)",dp_stress
94,stress_layer_27,Linear,MM,256,512,128,0.0203,0.0701,0.0,"(1, 512)","(1, 128)",dp_stress
94,stress_layer_28,Linear,MM,256,512,128,0.0354,0.0246,0.0,"(1, 512)","(1, 128)",dp_stress
94,stress_layer_29,Linear,MM,256,512,128,0.5355,0.3939,0.75,"(1, 512)","(1, 128)",dp_stress
94,stress_layer_30,Linear,MM,256,512,128,0.0694,0.1171,0.0,"(1, 512)","(1, 128)",dp_stress
94,stress_layer_31,Linear,MM,256,512,128,0.0805,0.0634,0.0,"(1, 512)","(1, 128)",dp_stress
94,stress_layer_32,Linear,MM,256,512,128,0.0376,0.1022,0.0,"(1, 512)","(1, 128)",dp_stress
94,stress_layer_33,Linear,MM,256,512,128,0.0564,0.0795,0.0,"(1, 512)","(1, 128)",dp_stress
94,stress_layer_34,Linear,MM,256,512,128,0.0234,0.0408,0.0,"(1, 512)","(1, 128)",dp_stress
94,stress_layer_35,Linear,MM,256,512,128,0.5219,0.3838,0.75,"(1, 512)","(1, 128)",dp_stress
94,stress_layer_36,Linear,MM,256,512,128,0.0076,0.1463,0.0,"(1, 512)","(1, 128)",dp_stress
94,stress_layer_37,Linear,MM,256,512,128,0.0262,0.0333,0.0,"(1, 512)","(1, 128)",dp_stress
94,stress_layer_38,Linear,MM,256,512,128,0.0878,0.078,0.0,"(1, 512)","(1, 128)",dp_stress
94,stress_layer_39,Linear,MM,256,512,128,0.0571,0.0207,0.0,"(1, 512)","(1, 128)",dp_stress
95,stress_layer_0,Linear,MM,256,512,128,0.0721,0.0958,0.0,"(1, 512)","(1, 128)",dp_stress
95,stress_layer_1,Linear,MM,256,512,128,0.0095,0.0335,0.0,"(1, 512)","(1, 128)",dp_stress
95,stress_layer_2,Linear,MM,256,512,128,0.0135,0.0754,0.0,"(1, 512)","(1, 128)",dp_stress
95,stress_layer_3,Linear,MM,256,512,128,0.0145,0.0629,0.0,"(1, 512)","(1, 128)",dp_stress
95,stress_layer_4,Linear,MM,256,512,128,0.0377,0.0067,0.0,"(1, 512)","(1, 128)",dp_stress
95,stress_layer_5,Linear,MM,256,512,128,0.6599,0.4844,0.75,"(1, 512)","(1, 128)",dp_stress
95,stress_layer_6,Linear,MM,256,512,128,0.089,0.1401,0.0,"(1, 512)","(1, 128)",dp_stress
95,stress_layer_7,Linear,MM,256,512,128,0.0855,0.0715,0.0,"(1, 512)","(1, 128)",dp_stress
95,stress_layer_8,Linear,MM,256,512,128,0.0772,0.0348,0.0,"(1, 512)","(1, 128)",dp_stress
95,stress_layer_9,Linear,MM,256,512,128,0.0223,0.1396,0.0,"(1, 512)","(1, 128)",dp_stress
95,stress_layer_10,Linear,MM,256,512,128,0.0427,0.043,0.0,"(1, 512)","(1, 128)",dp_stress
95,stress_layer_11,Linear,MM,256,512,128,0.6883,0.4681,0.75,"(1, 512)","(1, 128)",dp_stress
95,stress_layer_12,Linear,MM,256,512,128,0.0586,0.1228,0.0,"(1, 512)","(1, 128)",dp_stress
95,stress_layer_13,Linear,MM,256,512,128,0.0583,0.1099,0.0,"(1, 512)","(1, 128)",dp_stress
95,stress_layer_14,Linear,MM,256,512,128,0.0244,0.0631,0.0,"(1, 512)","(1, 128)",dp_stress
95,stress_layer_15,Linear,MM,256,512,128,0.0269,0.0826,0.0,"(1, 512)","(1, 128)",dp_stress
95,stress_layer_16,Linear,MM,256,512,128,0.0066,0.0006,0.0,"(1, 512)","(1, 128)",dp_stress
95,stress_layer_17,Linear,MM,256,512,128,0.6972,0.3533,0.75,"(1, 512)","(1, 128)",dp_stress
95,stress_layer_18,Linear,MM,256,512,128,0.0701,0.0204,0.0,"(1, 512)","(1, 128)",dp_stress
95,stress_layer_19,Linear,MM,256,512,128,0.0227,0.0378,0.0,"(1, 512)","(1, 128)",dp_stress
95,stress_layer_20,Linear,MM,256,512,128,0.0307,0.0932,0.0,"(1, 512)","(1, 128)",dp_stress
95,stress_layer_21,Linear,MM,256,512,128,0.0912,0.0471,0.0,"(1, 512)","(1, 128)",dp_stress
95,stress_layer_22,Linear,MM,256,512,128,0.004,0.1124,0.0,"(1, 512)","(1, 128)",dp_stress
95,stress_layer_23,Linear,MM,256,512,128,0.5728,0.462,0.75,"(1, 512)","(1, 128)",dp_stress
95,stress_layer_24,Linear,MM,256,512,128,0.0477,0.0988,0.0,"(1, 512)","(1, 128)",dp_stress
95,stress_layer_25,Linear,MM,256,512,128,0.0592,0.0851,0.0,"(1, 512)","(1, 128)",dp_stress
95,stress_layer_26,Linear,MM,256,512,128,0.0557,0.1411,0.0,"(1, 512)","(1, 128)",dp_stress
95,stress_layer_27,Linear,MM,256,512,128,0.0824,0.0614,0.0,"(1, 512)","(1, 128)",dp_stress
95,stress_layer_28,Linear,MM,256,512,128,0.0626,0.0222,0.0,"(1, 512)","(1, 128)",dp_stress
95,stress_layer_29,Linear,MM,256,512,128,0.693,0.3215,0.75,"(1, 512)","(1, 128)",dp_stress
95,stress_layer_30,Linear,MM,256,512,128,0.0079,0.1211,0.0,"(1, 512)","(1, 128)",dp_stress
95,stress_layer_31,Linear,MM,256,512,128,0.0112,0.0966,0.0,"(1, 512)","(1, 128)",dp_stress
95,stress_layer_32,Linear,MM,256,512,128,0.0917,0.0436,0.0,"(1, 512)","(1, 128)",dp_stress
95,stress_layer_33,Linear,MM,256,512,128,0.0181,0.1258,0.0,"(1, 512)","(1, 128)",dp_stress
95,stress_layer_34,Linear,MM,256,512,128,0.0475,0.0749,0.0,"(1, 512)","(1, 128)",dp_stress
95,stress_layer_35,Linear,MM,256,512,128,0.6958,0.4839,0.75,"(1, 512)","(1, 128)",dp_stress
95,stress_layer_36,Linear,MM,256,512,128,0.0009,0.0501,0.0,"(1, 512)","(1, 128)",dp_stress
95,stress_layer_37,Linear,MM,256,512,128,0.0536,0.0807,0.0,"(1, 512)","(1, 128)",dp_stress
95,stress_layer_38,Linear,MM,256,512,128,0.0987,0.1335,0.0,"(1, 512)","(1, 128)",dp_stress
95,stress_layer_39,Linear,MM,256,512,128,0.0682,0.0821,0.0,"(1, 512)","(1, 128)",dp_stress
96,stress_layer_0,Linear,MM,256,512,128,0.0707,0.1155,0.0,"(1, 512)","(1, 128)",dp_stress
96,stress_layer_1,Linear,MM,256,512,128,0.0532,0.135,0.0,"(1, 512)","(1, 128)",dp_stress
96,stress_layer_2,Linear,MM,256,512,128,0.0791,0.0992,0.0,"(1, 512)","(1, 128)",dp_stress
96,stress_layer_3,Linear,MM,256,512,128,0.0188,0.0241,0.0,"(1, 512)","(1, 128)",dp_stress
96,stress_layer_4,Linear,MM,256,512,128,0.0164,0.0955,0.0,"(1, 512)","(1, 128)",dp_stress
96,stress_layer_5,Linear,MM,256,512,128,0.5459,0.3129,0.75,"(1, 512)","(1, 128)",dp_stress
96,stress_layer_6,Linear,MM,256,512,128,0.0388,0.0391,0.0,"(1, 512)","(1, 128)",dp_stress
96,stress_layer_7,Linear,MM,256,512,128,0.0404,0.1441,0.0,"(1, 512)","(1, 128)",dp_stress
96,stress_layer_8,Linear,MM,256,512,128,0.0744,0.0657,0.0,"(1, 512)","(1, 128)",dp_stress
96,stress_layer_9,Linear,MM,256,512,128,0.0973,0.0703,0.0,"(1, 512)","(1, 128)",dp_stress
96,stress_layer_10,Linear,MM,256,512,128,0.0244,0.0094,0.0,"(1, 512)","(1, 128)",dp_stress
96,stress_layer_11,Linear,MM,256,512,128,0.5808,0.3218,0.75,"(1, 512)","(1, 128)",dp_stress
96,stress_layer_12,Linear,MM,256,512,128,0.0795,0.0946,0.0,"(1, 512)","(1, 128)",dp_stress
96,stress_layer_13,Linear,MM,256,512,128,0.0996,0.0617,0.0,"(1, 512)","(1, 128)",dp_stress
96,stress_layer_14,Linear,MM,256,512,128,0.0057,0.0625,0.0,"(1, 512)","(1, 128)",dp_stress
96,stress_layer_15,Linear,MM,256,512,128,0.0916,0.0261,0.0,"(1, 512)","(1, 128)",dp_stress
96,stress_layer_16,Linear,MM,256,512,128,0.0682,0.1152,0.0,"(1, 512)","(1, 128)",dp_stress
96,stress_layer_17,Linear,MM,256,512,128,0.5972,0.4057,0.75,"(1, 512)","(1, 128)",dp_stress
96,stress_layer_18,Linear,MM,256,512,128,0.0978,0.1442,0.0,"(1, 512)","(1, 128)",dp_stress
96,stress_layer_19,Linear,MM,256,512,128,0.001,0.1394,0.0,"(1, 512)","(1, 128)",dp_stress
96,stress_layer_20,Linear,MM,256,512,128,0.0768,0.0862,0.0,"(1, 512)","(1, 128)",dp_stress
96,stress_layer_21,Linear,MM,256,512,128,0.0451,0.1038,0.0,"(1, 512)","(1, 128)",dp_stress
96,stress_layer_22,Linear,MM,256,512,128,0.0542,0.08,0.0,"(1, 512)","(1, 128)",dp_stress
96,stress_layer_23,Linear,MM,256,512,128,0.6516,0.3967,0.75,"(1, 512)","(1, 128)",dp_stress
96,stress_layer_24,Linear,MM,256,512,128,0.0598,0.0903,0.0,"(1, 512)","(1, 128)",dp_stress
96,stress_layer_25,Linear,MM,256,512,128,0.0443,0.0408,0.0,"(1, 512)","(1, 128)",dp_stress
96,stress_layer_26,Linear,MM,256,512,128,0.074,0.0069,0.0,"(1, 512)","(1, 128)",dp_stress
96,stress_layer_27,Linear,MM,256,512,128,0.0224,0.1167,0.0,"(1, 512)","(1, 128)",dp_stress
96,stress_layer_28,Linear,MM,256,512,128,0.0706,0.0481,0.0,"(1, 512)","(1, 128)",dp_stress
96,stress_layer_29,Linear,MM,256,512,128,0.511,0.3562,0.75,"(1, 512)","(1, 128)",dp_stress
96,stress_layer_30,Linear,MM,256,512,128,0.0689,0.1093,0.0,"(1, 512)","(1, 128)",dp_stress
96,stress_layer_31,Linear,MM,256,512,128,0.0467,0.0491,0.0,"(1, 512)","(1, 128)",dp_stress
96,stress_layer_32,Linear,MM,256,512,128,0.024,0.1181,0.0,"(1, 512)","(1, 128)",dp_stress
96,stress_layer_33,Linear,MM,256,512,128,0.0723,0.0996,0.0,"(1, 512)","(1, 128)",dp_stress
96,stress_layer_34,Linear,MM,256,512,128,0.0883,0.0847,0.0,"(1, 512)","(1, 128)",dp_stress
96,stress_layer_35,Linear,MM,256,512,128,0.6428,0.4868,0.75,"(1, 512)","(1, 128)",dp_stress
96,stress_layer_36,Linear,MM,256,512,128,0.0923,0.1448,0.0,"(1, 512)","(1, 128)",dp_stress
96,stress_layer_37,Linear,MM,256,512,128,0.0108,0.0596,0.0,"(1, 512)","(1, 128)",dp_stress
96,stress_layer_38,Linear,MM,256,512,128,0.0059,0.0416,0.0,"(1, 512)","(1, 128)",dp_stress
96,stress_layer_39,Linear,MM,256,512,128,0.0342,0.0911,0.0,"(1, 512)","(1, 128)",dp_stress
97,stress_layer_0,Linear,MM,256,512,128,0.0189,0.0947,0.0,"(1, 512)","(1, 128)",dp_stress
97,stress_layer_1,Linear,MM,256,512,128,0.0457,0.0619,0.0,"(1, 512)","(1, 128)",dp_stress
97,stress_layer_2,Linear,MM,256,512,128,0.0931,0.044,0.0,"(1, 512)","(1, 128)",dp_stress
97,stress_layer_3,Linear,MM,256,512,128,0.089,0.0909,0.0,"(1, 512)","(1, 128)",dp_stress
97,stress_layer_4,Linear,MM,256,512,128,0.0594,0.0301,0.0,"(1, 512)","(1, 128)",dp_stress
97,stress_layer_5,Linear,MM,256,512,128,0.6614,0.3937,0.75,"(1, 512)","(1, 128)",dp_stress
97,stress_layer_6,Linear,MM,256,512,128,0.0338,0.0435,0.0,"(1, 512)","(1, 128)",dp_stress
97,stress_layer_7,Linear,MM,256,512,128,0.0755,0.0313,0.0,"(1, 512)","(1, 128)",dp_stress
97,stress_layer_8,Linear,MM,256,512,128,0.0517,0.0198,0.0,"(1, 512)","(1, 128)",dp_stress
97,stress_layer_9,Linear,MM,256,512,128,0.0428,0.0665,0.0,"(1, 512)","(1, 128)",dp_stress
97,stress_layer_10,Linear,MM,256,512,128,0.0307,0.0547,0.0,"(1, 512)","(1, 128)",dp_stress
97,stress_layer_11,Linear,MM,256,512,128,0.5731,0.4508,0.75,"(1, 512)","(1, 128)",dp_stress
97,stress_layer_12,Linear,MM,256,512,128,0.0848,0.0265,0.0,"(1, 512)","(1, 128)",dp_stress
97,stress_layer_13,Linear,MM,256,512,128,0.0577,0.1342,0.0,"(1, 512)","(1, 128)",dp_stress
97,stress_layer_14,Linear,MM,256,512,128,0.0695,0.1185,0.0,"(1, 512)","(1, 128)",dp_stress
97,stress_layer_15,Linear,MM,256,512,128,0.0563,0.0287,0.0,"(1, 512)","(1, 128)",dp_stress
97,stress_layer_16,Linear,MM,256,512,128,0.0062,0.074,0.0,"(1, 512)","(1, 128)",dp_stress
97,stress_layer_17,Linear,MM,256,512,128,0.6584,0.4674,0.75,"(1, 512)","(1, 128)",dp_stress
97,stress_layer_18,Linear,MM,256,512,128,0.0252,0.0184,0.0,"(1, 512)","(1, 128)",dp_stress
97,stress_layer_19,Linear,MM,256,512,128,0.0708,0.0357,0.0,"(1, 512)","(1, 128)",dp_stress
97,stress_layer_20,Linear,MM,256,512,128,0.0481,0.0569,0.0,"(1, 512)","(1, 128)",dp_stress
97,stress_layer_21,Linear,MM,256,512,128,0.0148,0.1389,0.0,"(1, 512)","(1, 128)",dp_stress
97,stress_layer_22,Linear,MM,256,512,128,0.0639,0.1053,0.0,"(1, 512)","(1, 128)",dp_stress
97,stress_layer_23,Linear,MM,256,512,128,0.6635,0.4954,0.75,"(1, 512)","(1, 128)",dp_stress
97,stress_layer_24,Linear,MM,256,512,128,0.0373,0.0924,0.0,"(1, 512)","(1, 128)",dp_stress
97,stress_layer_25,Linear,MM,256,512,128,0.0975,0.0049,0.0,"(1, 512)","(1, 128)",dp_stress
97,stress_layer_26,Linear,MM,256,512,128,0.0406,0.0877,0.0,"(1, 512)","(1, 128)",dp_stress
97,stress_layer_27,Linear,MM,256,512,128,0.0279,0.0808,0.0,"(1, 512)","(1, 128)",dp_stress
97,stress_layer_28,Linear,MM,256,512,128,0.0794,0.1303,0.0,"(1, 512)","(1, 128)",dp_stress
97,stress_layer_29,Linear,MM,256,512,128,0.555,0.4044,0.75,"(1, 512)","(1, 128)",dp_stress
97,stress_layer_30,Linear,MM,256,512,128,0.0045,0.0402,0.0,"(1, 512)","(1, 128)",dp_stress
97,stress_layer_31,Linear,MM,256,512,128,0.0114,0.0905,0.0,"(1, 512)","(1, 128)",dp_stress
97,stress_layer_32,Linear,MM,256,512,128,0.0809,0.0106,0.0,"(1, 512)","(1, 128)",dp_stress
97,stress_layer_33,Linear,MM,256,512,128,0.0417,0.0758,0.0,"(1, 512)","(1, 128)",dp_stress
97,stress_layer_34,Linear,MM,256,512,128,0.0362,0.0234,0.0,"(1, 512)","(1, 128)",dp_stress
97,stress_layer_35,Linear,MM,256,512,128,0.5487,0.4243,0.75,"(1, 512)","(1, 128)",dp_stress
97,stress_layer_36,Linear,MM,256,512,128,0.0665,0.0988,0.0,"(1, 512)","(1, 128)",dp_stress
97,stress_layer_37,Linear,MM,256,512,128,0.0359,0.127,0.0,"(1, 512)","(1, 128)",dp_stress
97,stress_layer_38,Linear,MM,256,512,128,0.0952,0.025,0.0,"(1, 512)","(1, 128)",dp_stress
97,stress_layer_39,Linear,MM,256,512,128,0.076,0.048,0.0,"(1, 512)","(1, 128)",dp_stress
98,stress_layer_0,Linear,MM,256,512,128,0.0526,0.1195,0.0,"(1, 512)","(1, 128)",dp_stress
98,stress_layer_1,Linear,MM,256,512,128,0.0939,0.033,0.0,"(1, 512)","(1, 128)",dp_stress
98,stress_layer_2,Linear,MM,256,512,128,0.0514,0.0704,0.0,"(1, 512)","(1, 128)",dp_stress
98,stress_layer_3,Linear,MM,256,512,128,0.0142,0.1176,0.0,"(1, 512)","(1, 128)",dp_stress
98,stress_layer_4,Linear,MM,256,512,128,0.0348,0.0966,0.0,"(1, 512)","(1, 128)",dp_stress
98,stress_layer_5,Linear,MM,256,512,128,0.522,0.4072,0.75,"(1, 512)","(1, 128)",dp_stress
98,stress_layer_6,Linear,MM,256,512,128,0.0062,0.0696,0.0,"(1, 512)","(1, 128)",dp_stress
98,stress_layer_7,Linear,MM,256,512,128,0.0454,0.0908,0.0,"(1, 512)","(1, 128)",dp_stress
98,stress_layer_8,Linear,MM,256,512,128,0.0786,0.0157,0.0,"(1, 512)","(1, 128)",dp_stress
98,stress_layer_9,Linear,MM,256,512,128,0.091,0.1259,0.0,"(1, 512)","(1, 128)",dp_stress
98,stress_layer_10,Linear,MM,256,512,128,0.0882,0.0202,0.0,"(1, 512)","(1, 128)",dp_stress
98,stress_layer_11,Linear,MM,256,512,128,0.608,0.3277,0.75,"(1, 512)","(1, 128)",dp_stress
98,stress_layer_12,Linear,MM,256,512,128,0.0628,0.0482,0.0,"(1, 512)","(1, 128)",dp_stress
98,stress_layer_13,Linear,MM,256,512,128,0.0189,0.0791,0.0,"(1, 512)","(1, 128)",dp_stress
98,stress_layer_14,Linear,MM,256,512,128,0.0958,0.0503,0.0,"(1, 512)","(1, 128)",dp_stress
98,stress_layer_15,Linear,MM,256,512,128,0.0975,0.0701,0.0,"(1, 512)","(1, 128)",dp_stress
98,stress_layer_16,Linear,MM,256,512,128,0.0796,0.0689,0.0,"(1, 512)","(1, 128)",dp_stress
98,stress_layer_17,Linear,MM,256,512,128,0.584,0.3387,0.75,"(1, 512)","(1, 128)",dp_stress
98,stress_layer_18,Linear,MM,256,512,128,0.0759,0.1487,0.0,"(1, 512)","(1, 128)",dp_stress
98,stress_layer_19,Linear,MM,256,512,128,0.0226,0.0841,0.0,"(1, 512)","(1, 128)",dp_stress
98,stress_layer_20,Linear,MM,256,512,128,0.037,0.0463,0.0,"(1, 512)","(1, 128)",dp_stress
98,stress_layer_21,Linear,MM,256,512,128,0.0531,0.1355,0.0,"(1, 512)","(1, 128)",dp_stress
98,stress_layer_22,Linear,MM,256,512,128,0.0013,0.0944,0.0,"(1, 512)","(1, 128)",dp_stress
98,stress_layer_23,Linear,MM,256,512,128,0.5054,0.463,0.75,"(1, 512)","(1, 128)",dp_stress
98,stress_layer_24,Linear,MM,256,512,128,0.0165,0.0646,0.0,"(1, 512)","(1, 128)",dp_stress
98,stress_layer_25,Linear,MM,256,512,128,0.0596,0.125,0.0,"(1, 512)","(1, 128)",dp_stress
98,stress_layer_26,Linear,MM,256,512,128,0.0155,0.0383,0.0,"(1, 512)","(1, 128)",dp_stress
98,stress_layer_27,Linear,MM,256,512,128,0.0465,0.1286,0.0,"(1, 512)","(1, 128)",dp_stress
98,stress_layer_28,Linear,MM,256,512,128,0.0663,0.0737,0.0,"(1, 512)","(1, 128)",dp_stress
98,stress_layer_29,Linear,MM,256,512,128,0.6675,0.3122,0.75,"(1, 512)","(1, 128)",dp_stress
98,stress_layer_30,Linear,MM,256,512,128,0.0533,0.1438,0.0,"(1, 512)","(1, 128)",dp_stress
98,stress_layer_31,Linear,MM,256,512,128,0.051,0.1335,0.0,"(1, 512)","(1, 128)",dp_stress
98,stress_layer_32,Linear,MM,256,512,128,0.0031,0.0841,0.0,"(1, 512)","(1, 128)",dp_stress
98,stress_layer_33,Linear,MM,256,512,128,0.0526,0.0792,0.0,"(1, 512)","(1, 128)",dp_stress
98,stress_layer_34,Linear,MM,256,512,128,0.0987,0.0402,0.0,"(1, 512)","(1, 128)",dp_stress
98,stress_layer_35,Linear,MM,256,512,128,0.6261,0.3407,0.75,"(1, 512)","(1, 128)",dp_stress
98,stress_layer_36,Linear,MM,256,512,128,0.0007,0.1277,0.0,"(1, 512)","(1, 128)",dp_stress
98,stress_layer_37,Linear,MM,256,512,128,0.0866,0.0076,0.0,"(1, 512)","(1, 128)",dp_stress
98,stress_layer_38,Linear,MM,256,512,128,0.0248,0.063,0.0,"(1, 512)","(1, 128)",dp_stress
98,stress_layer_39,Linear,MM,256,512,128,0.0372,0.0977,0.0,"(1, 512)","(1, 128)",dp_stress
99,stress_layer_0,Linear,MM,256,512,128,0.0477,0.0769,0.0,"(1, 512)","(1, 128)",dp_stress
99,stress_layer_1,Linear,MM,256,512,128,0.0417,0.0722,0.0,"(1, 512)","(1, 128)",dp_stress
99,stress_layer_2,Linear,MM,256,512,128,0.0368,0.1041,0.0,"(1, 512)","(1, 128)",dp_stress
99,stress_layer_3,Linear,MM,256,512,128,0.0127,0.1142,0.0,"(1, 512)","(1, 128)",dp_stress
99,stress_layer_4,Linear,MM,256,512,128,0.0011,0.0643,0.0,"(1, 512)","(1, 128)",dp_stress
99,stress_layer_5,Linear,MM,256,512,128,0.5476,0.4929,0.75,"(1, 512)","(1, 128)",dp_stress
99,stress_layer_6,Linear,MM,256,512,128,0.0478,0.0337,0.0,"(1, 512)","(1, 128)",dp_stress
99,stress_layer_7,Linear,MM,256,512,128,0.0401,0.1031,0.0,"(1, 512)","(1, 128)",dp_stress
99,stress_layer_8,Linear,MM,256,512,128,0.092,0.1207,0.0,"(1, 512)","(1, 128)",dp_stress
99,stress_layer_9,Linear,MM,256,512,128,0.0857,0.129,0.0,"(1, 512)","(1, 128)",dp_stress
99,stress_layer_10,Linear,MM,256,512,128,0.0809,0.0259,0.0,"(1, 512)","(1, 128)",dp_stress
99,stress_layer_11,Linear,MM,256,512,128,0.5754,0.3163,0.75,"(1, 512)","(1, 128)",dp_stress
99,stress_layer_12,Linear,MM,256,512,128,0.0935,0.0855,0.0,"(1, 512)","(1, 128)",dp_stress
99,stress_layer_13,Linear,MM,256,512,128,0.037,0.0521,0.0,"(1, 512)","(1, 128)",dp_stress
99,stress_layer_14,Linear,MM,256,512,128,0.0939,0.0888,0.0,"(1, 512)","(1, 128)",dp_stress
99,stress_layer_15,Linear,MM,256,512,128,0.0936,0.0799,0.0,"(1, 512)","(1, 128)",dp_stress
99,stress_layer_16,Linear,MM,256,512,128,0.0448,0.0217,0.0,"(1, 512)","(1, 128)",dp_stress
99,stress_layer_17,Linear,MM,256,512,128,0.517,0.3583,0.75,"(1, 512)","(1, 128)",dp_stress
99,stress_layer_18,Linear,MM,256,512,128,0.0498,0.0124,0.0,"(1, 512)","(1, 128)",dp_stress
99,stress_layer_19,Linear,MM,256,512,128,0.0717,0.126,0.0,"(1, 512)","(1, 128)",dp_stress
99,stress_layer_20,Linear,MM,256,512,128,0.0424,0.0333,0.0,"(1, 512)","(1, 128)",dp_stress
99,stress_layer_21,Linear,MM,256,512,128,0.0018,0.0479,0.0,"(1, 512)","(1, 128)",dp_stress
99,stress_layer_22,Linear,MM,256,512,128,0.0145,0.0493,0.0,"(1, 512)","(1, 128)",dp_stress
99,stress_layer_23,Linear,MM,256,512,128,0.5374,0.379,0.75,"(1, 512)","(1, 128)",dp_stress
99,stress_layer_24,Linear,MM,256,512,128,0.0812,0.031,0.0,"(1, 512)","(1, 128)",dp_stress
99,stress_layer_25,Linear,MM,256,512,128,0.0871,0.131,0.0,"(1, 512)","(1, 128)",dp_stress
99,stress_layer_26,Linear,MM,256,512,128,0.0402,0.1394,0.0,"(1, 512)","(1, 128)",dp_stress
99,stress_layer_27,Linear,MM,256,512,128,0.0806,0.0165,0.0,"(1, 512)","(1, 128)",dp_stress
99,stress_layer_28,Linear,MM,256,512,128,0.0612,0.0726,0.0,"(1, 512)","(1, 128)",dp_stress
99,stress_layer_29,Linear,MM,256,512,128,0.5171,0.3856,0.75,"(1, 512)","(1, 128)",dp_stress
99,stress_layer_30,Linear,MM,256,512,128,0.0954,0.1183,0.0,"(1, 512)","(1, 128)",dp_stress
99,stress_layer_31,Linear,MM,256,512,128,0.0258,0.0005,0.0,"(1, 512)","(1, 128)",dp_stress
99,stress_layer_32,Linear,MM,256,512,128,0.025,0.1226,0.0,"(1, 512)","(1, 128)",dp_stress
99,stress_layer_33,Linear,MM,256,512,128,0.0711,0.007,0.0,"(1, 512)","(1, 128)",dp_stress
99,stress_layer_34,Linear,MM,256,512,128,0.0135,0.0896,0.0,"(1, 512)","(1, 128)",dp_stress
99,stress_layer_35,Linear,MM,256,512,128,0.6182,0.3503,0.75,"(1, 512)","(1, 128)",dp_stress
99,stress_layer_36,Linear,MM,256,512,128,0.0915,0.031,0.0,"(1, 512)","(1, 128)",dp_stress
99,stress_layer_37,Linear,MM,256,512,128,0.0493,0.0602,0.0,"(1, 512)","(1, 128)",dp_stress
99,stress_layer_38,Linear,MM,256,512,128,0.0828,0.0386,0.0,"(1, 512)","(1, 128)",dp_stress
99,stress_layer_39,Linear,MM,256,512,128,0.0951,0.0564,0.0,"(1, 512)","(1, 128)",dp_stress
100,stress_layer_0,Linear,MM,256,512,128,0.0045,0.0296,0.0,"(1, 512)","(1, 128)",dp_stress
100,stress_layer_1,Linear,MM,256,512,128,0.0971,0.043,0.0,"(1, 512)","(1, 128)",dp_stress
100,stress_layer_2,Linear,MM,256,512,128,0.0396,0.1263,0.0,"(1, 512)","(1, 128)",dp_stress
100,stress_layer_3,Linear,MM,256,512,128,0.0669,0.0201,0.0,"(1, 512)","(1, 128)",dp_stress
100,stress_layer_4,Linear,MM,256,512,128,0.0855,0.0383,0.0,"(1, 512)","(1, 128)",dp_stress
100,stress_layer_5,Linear,MM,256,512,128,0.602,0.4884,0.75,"(1, 512)","(1, 128)",dp_stress
100,stress_layer_6,Linear,MM,256,512,128,0.0467,0.0109,0.0,"(1, 512)","(1, 128)",dp_stress
100,stress_layer_7,Linear,MM,256,512,128,0.0093,0.0149,0.0,"(1, 512)","(1, 128)",dp_stress
100,stress_layer_8,Linear,MM,256,512,128,0.0018,0.1124,0.0,"(1, 512)","(1, 128)",dp_stress
100,stress_layer_9,Linear,MM,256,512,128,0.0409,0.1428,0.0,"(1, 512)","(1, 128)",dp_stress
100,stress_layer_10,Linear,MM,256,512,128,0.0704,0.0259,0.0,"(1, 512)","(1, 128)",dp_stress
100,stress_layer_11,Linear,MM,256,512,128,0.677,0.4835,0.75,"(1, 512)","(1, 128)",dp_stress
100,stress_layer_12,Linear,MM,256,512,128,0.0544,0.1012,0.0,"(1, 512)","(1, 128)",dp_stress
100,stress_layer_13,Linear,MM,256,512,128,0.0861,0.0735,0.0,"(1, 512)","(1, 128)",dp_stress
100,stress_layer_14,Linear,MM,256,512,128,0.0135,0.0919,0.0,"(1, 512)","(1, 128)",dp_stress
100,stress_layer_15,Linear,MM,256,512,128,0.0489,0.1069,0.0,"(1, 512)","(1, 128)",dp_stress
100,stress_layer_16,Linear,MM,256,512,128,0.0605,0.0423,0.0,"(1, 512)","(1, 128)",dp_stress
100,stress_layer_17,Linear,MM,256,512,128,0.5923,0.3163,0.75,"(1, 512)","(1, 128)",dp_stress
100,stress_layer_18,Linear,MM,256,512,128,0.0879,0.0111,0.0,"(1, 512)","(1, 128)",dp_stress
100,stress_layer_19,Linear,MM,256,512,128,0.0383,0.1428,0.0,"(1, 512)","(1, 128)",dp_stress
100,stress_layer_20,Linear,MM,256,512,128,0.0681,0.0293,0.0,"(1, 512)","(1, 128)",dp_stress
100,stress_layer_21,Linear,MM,256,512,128,0.0858,0.024,0.0,"(1, 512)","(1, 128)",dp_stress
100,stress_layer_22,Linear,MM,256,512,128,0.0025,0.0526,0.0,"(1, 512)","(1, 128)",dp_stress
100,stress_layer_23,Linear,MM,256,512,128,0.6336,0.4361,0.75,"(1, 512)","(1, 128)",dp_stress
100,stress_layer_24,Linear,MM,256,512,128,0.0425,0.0394,0.0,"(1, 512)","(1, 128)",dp_stress
100,stress_layer_25,Linear,MM,256,512,128,0.0991,0.115,0.0,"(1, 512)","(1, 128)",dp_stress
100,stress_layer_26,Linear,MM,256,512,128,0.0206,0.0888,0.0,"(1, 512)","(1, 128)",dp_stress
100,stress_layer_27,Linear,MM,256,512,128,0.0999,0.0677,0.0,"(1, 512)","(1, 128)",dp_stress
100,stress_layer_28,Linear,MM,256,512,128,0.0939,0.1019,0.0,"(1, 512)","(1, 128)",dp_stress
100,stress_layer_29,Linear,MM,256,512,128,0.6047,0.4168,0.75,"(1, 512)","(1, 128)",dp_stress
100,stress_layer_30,Linear,MM,256,512,128,0.0305,0.0022,0.0,"(1, 512)","(1, 128)",dp_stress
100,stress_layer_31,Linear,MM,256,512,128,0.0101,0.0673,0.0,"(1, 512)","(1, 128)",dp_stress
100,stress_layer_32,Linear,MM,256,512,128,0.0676,0.121,0.0,"(1, 512)","(1, 128)",dp_stress
100,stress_layer_33,Linear,MM,256,512,128,0.0587,0.0494,0.0,"(1, 512)","(1, 128)",dp_stress
100,stress_layer_34,Linear,MM,256,512,128,0.0724,0.0718,0.0,"(1, 512)","(1, 128)",dp_stress
100,stress_layer_35,Linear,MM,256,512,128,0.649,0.3152,0.75,"(1, 512)","(1, 128)",dp_stress
100,stress_layer_36,Linear,MM,256,512,128,0.0946,0.0567,0.0,"(1, 512)","(1, 128)",dp_stress
100,stress_layer_37,Linear,MM,256,512,128,0.0321,0.0289,0.0,"(1, 512)","(1, 128)",dp_stress
100,stress_layer_38,Linear,MM,256,512,128,0.0312,0.0686,0.0,"(1, 512)","(1, 128)",dp_stress
100,stress_layer_39,Linear,MM,256,512,128,0.0968,0.103,0.0,"(1, 512)","(1, 128)",dp_stress
101,stress_layer_0,Linear,MM,256,512,128,0.032,0.0932,0.0,"(1, 512)","(1, 128)",dp_stress
101,stress_layer_1,Linear,MM,256,512,128,0.0235,0.0904,0.0,"(1, 512)","(1, 128)",dp_stress
101,stress_layer_2,Linear,MM,256,512,128,0.0424,0.1074,0.0,"(1, 512)","(1, 128)",dp_stress
101,stress_layer_3,Linear,MM,256,512,128,0.0732,0.017,0.0,"(1, 512)","(1, 128)",dp_stress
101,stress_layer_4,Linear,MM,256,512,128,0.0703,0.1203,0.0,"(1, 512)","(1, 128)",dp_stress
101,stress_layer_5,Linear,MM,256,512,128,0.5416,0.3062,0.75,"(1, 512)","(1, 128)",dp_stress
101,stress_layer_6,Linear,MM,256,512,128,0.0742,0.0817,0.0,"(1, 512)","(1, 128)",dp_stress
101,stress_layer_7,Linear,MM,256,512,128,0.0459,0.094,0.0,"(1, 512)","(1, 128)",dp_stress
101,stress_layer_8,Linear,MM,256,512,128,0.0719,0.0676,0.0,"(1, 512)","(1, 128)",dp_stress
101,stress_layer_9,Linear,MM,256,512,128,0.0384,0.0944,0.0,"(1, 512)","(1, 128)",dp_stress
101,stress_layer_10,Linear,MM,256,512,128,0.0874,0.035,0.0,"(1, 512)","(1, 128)",dp_stress
101,stress_layer_11,Linear,MM,256,512,128,0.5162,0.4755,0.75,"(1, 512)","(1, 128)",dp_stress
101,stress_layer_12,Linear,MM,256,512,128,0.0533,0.0105,0.0,"(1, 512)","(1, 128)",dp_stress
101,stress_layer_13,Linear,MM,256,512,128,0.0171,0.0167,0.0,"(1, 512)","(1, 128)",dp_stress
101,stress_layer_14,Linear,MM,256,512,128,0.0194,0.0731,0.0,"(1, 512)","(1, 128)",dp_stress
101,stress_layer_15,Linear,MM,256,512,128,0.0714,0.0964,0.0,"(1, 512)","(1, 128)",dp_stress
101,stress_layer_16,Linear,MM,256,512,128,0.0417,0.0684,0.0,"(1, 512)","(1, 128)",dp_stress
101,stress_layer_17,Linear,MM,256,512,128,0.6891,0.4675,0.75,"(1, 512)","(1, 128)",dp_stress
101,stress_layer_18,Linear,MM,256,512,128,0.0803,0.0827,0.0,"(1, 512)","(1, 128)",dp_stress
101,stress_layer_19,Linear,MM,256,512,128,0.0127,0.1062,0.0,"(1, 512)","(1, 128)",dp_stress
101,stress_layer_20,Linear,MM,256,512,128,0.0251,0.0304,0.0,"(1, 512)","(1, 128)",dp_stress
101,stress_layer_21,Linear,MM,256,512,128,0.0502,0.0364,0.0,"(1, 512)","(1, 128)",dp_stress
101,stress_layer_22,Linear,MM,256,512,128,0.0519,0.0771,0.0,"(1, 512)","(1, 128)",dp_stress
101,stress_layer_23,Linear,MM,256,512,128,0.6518,0.4801,0.75,"(1, 512)","(1, 128)",dp_stress
101,stress_layer_24,Linear,MM,256,512,128,0.0049,0.1185,0.0,"(1, 512)","(1, 128)",dp_stress
101,stress_layer_25,Linear,MM,256,512,128,0.0119,0.0968,0.0,"(1, 512)","(1, 128)",dp_stress
101,stress_layer_26,Linear,MM,256,512,128,0.037,0.1277,0.0,"(1, 512)","(1, 128)",dp_stress
101,stress_layer_27,Linear,MM,256,512,128,0.0214,0.071,0.0,"(1, 512)","(1, 128)",dp_stress
101,stress_layer_28,Linear,MM,256,512,128,0.0676,0.12,0.0,"(1, 512)","(1, 128)",dp_stress
101,stress_layer_29,Linear,MM,256,512,128,0.6178,0.3314,0.75,"(1, 512)","(1, 128)",dp_stress
101,stress_layer_30,Linear,MM,256,512,128,0.0057,0.1393,0.0,"(1, 512)","(1, 128)",dp_stress
101,stress_layer_31,Linear,MM,256,512,128,0.0268,0.0375,0.0,"(1, 512)","(1, 128)",dp_stress
101,stress_layer_32,Linear,MM,256,512,128,0.0743,0.0452,0.0,"(1, 512)","(1, 128)",dp_stress
101,stress_layer_33,Linear,MM,256,512,128,0.0175,0.02,0.0,"(1, 512)","(1, 128)",dp_stress
101,stress_layer_34,Linear,MM,256,512,128,0.0716,0.1301,0.0,"(1, 512)","(1, 128)",dp_stress
101,stress_layer_35,Linear,MM,256,512,128,0.6969,0.3035,0.75,"(1, 512)","(1, 128)",dp_stress
101,stress_layer_36,Linear,MM,256,512,128,0.0229,0.0496,0.0,"(1, 512)","(1, 128)",dp_stress
101,stress_layer_37,Linear,MM,256,512,128,0.0292,0.0967,0.0,"(1, 512)","(1, 128)",dp_stress
101,stress_layer_38,Linear,MM,256,512,128,0.0456,0.0929,0.0,"(1, 512)","(1, 128)",dp_stress
101,stress_layer_39,Linear,MM,256,512,128,0.0106,0.054,0.0,"(1, 512)","(1, 128)",dp_stress
102,stress_layer_0,Linear,MM,256,512,128,0.0268,0.0636,0.0,"(1, 512)","(1, 128)",dp_stress
102,stress_layer_1,Linear,MM,256,512,128,0.0789,0.1154,0.0,"(1, 512)","(1, 128)",dp_stress
102,stress_layer_2,Linear,MM,256,512,128,0.0511,0.1463,0.0,"(1, 512)","(1, 128)",dp_stress
102,stress_layer_3,Linear,MM,256,512,128,0.0567,0.0265,0.0,"(1, 512)","(1, 128)",dp_stress
102,stress_layer_4,Linear,MM,256,512,128,0.0939,0.0184,0.0,"(1, 512)","(1, 128)",dp_stress
102,stress_layer_5,Linear,MM,256,512,128,0.5167,0.316,0.75,"(1, 512)","(1, 128)",dp_stress
102,stress_layer_6,Linear,MM,256,512,128,0.0563,0.0936,0.0,"(1, 512)","(1, 128)",dp_stress
102,stress_layer_7,Linear,MM,256,512,128,0.0289,0.0052,0.0,"(1, 512)","(1, 128)",dp_stress
102,stress_layer_8,Linear,MM,256,512,128,0.0538,0.017,0.0,"(1, 512)","(1, 128)",dp_stress
102,stress_layer_9,Linear,MM,256,512,128,0.0144,0.1387,0.0,"(1, 512)","(1, 128)",dp_stress
102,stress_layer_10,Linear,MM,256,512,128,0.0955,0.1052,0.0,"(1, 512)","(1, 128)",dp_stress
102,stress_layer_11,Linear,MM,256,512,128,0.5089,0.3529,0.75,"(1, 512)","(1, 128)",dp_stress
102,stress_layer_12,Linear,MM,256,512,128,0.0983,0.092,0.0,"(1, 512)","(1, 128)",dp_stress
102,stress_layer_13,Linear,MM,256,512,128,0.061,0.0141,0.0,"(1, 512)","(1, 128)",dp_stress
102,stress_layer_14,Linear,MM,256,512,128,0.0783,0.1373,0.0,"(1, 512)","(1, 128)",dp_stress
102,stress_layer_15,Linear,MM,256,512,128,0.099,0.1456,0.0,"(1, 512)","(1, 128)",dp_stress
102,stress_layer_16,Linear,MM,256,512,128,0.0805,0.109,0.0,"(1, 512)","(1, 128)",dp_stress
102,stress_layer_17,Linear,MM,256,512,128,0.5805,0.3388,0.75,"(1, 512)","(1, 128)",dp_stress
102,stress_layer_18,Linear,MM,256,512,128,0.057,0.078,0.0,"(1, 512)","(1, 128)",dp_stress
102,stress_layer_19,Linear,MM,256,512,128,0.0516,0.0422,0.0,"(1, 512)","(1, 128)",dp_stress
102,stress_layer_20,Linear,MM,256,512,128,0.0046,0.0502,0.0,"(1, 512)","(1, 128)",dp_stress
102,stress_layer_21,Linear,MM,256,512,128,0.0401,0.0424,0.0,"(1, 512)","(1, 128)",dp_stress
102,stress_layer_22,Linear,MM,256,512,128,0.066,0.0791,0.0,"(1, 512)","(1, 128)",dp_stress
102,stress_layer_23,Linear,MM,256,512,128,0.5132,0.41,0.75,"(1, 512)","(1, 128)",dp_stress
102,stress_layer_24,Linear,MM,256,512,128,0.0653,0.0985,0.0,"(1, 512)","(1, 128)",dp_stress
102,stress_layer_25,Linear,MM,256,512,128,0.0346,0.0676,0.0,"(1, 512)","(1, 128)",dp_stress
102,stress_layer_26,Linear,MM,256,512,128,0.0707,0.1266,0.0,"(1, 512)","(1, 128)",dp_stress
102,stress_layer_27,Linear,MM,256,512,128,0.0205,0.147,0.0,"(1, 512)","(1, 128)",dp_stress
102,stress_layer_28,Linear,MM,256,512,128,0.0473,0.0523,0.0,"(1, 512)","(1, 128)",dp_stress
102,stress_layer_29,Linear,MM,256,512,128,0.5511,0.4881,0.75,"(1, 512)","(1, 128)",dp_stress
102,stress_layer_30,Linear,MM,256,512,128,0.0923,0.0076,0.0,"(1, 512)","(1, 128)",dp_stress
102,stress_layer_31,Linear,MM,256,512,128,0.0085,0.0001,0.0,"(1, 512)","(1, 128)",dp_stress
102,stress_layer_32,Linear,MM,256,512,128,0.0007,0.1073,0.0,"(1, 512)","(1, 128)",dp_stress
102,stress_layer_33,Linear,MM,256,512,128,0.0535,0.0042,0.0,"(1, 512)","(1, 128)",dp_stress
102,stress_layer_34,Linear,MM,256,512,128,0.0094,0.0899,0.0,"(1, 512)","(1, 128)",dp_stress
102,stress_layer_35,Linear,MM,256,512,128,0.5683,0.4035,0.75,"(1, 512)","(1, 128)",dp_stress
102,stress_layer_36,Linear,MM,256,512,128,0.099,0.0059,0.0,"(1, 512)","(1, 128)",dp_stress
102,stress_layer_37,Linear,MM,256,512,128,0.0508,0.0796,0.0,"(1, 512)","(1, 128)",dp_stress
102,stress_layer_38,Linear,MM,256,512,128,0.0672,0.1464,0.0,"(1, 512)","(1, 128)",dp_stress
102,stress_layer_39,Linear,MM,256,512,128,0.0546,0.0488,0.0,"(1, 512)","(1, 128)",dp_stress
103,stress_layer_0,Linear,MM,256,512,128,0.0827,0.129,0.0,"(1, 512)","(1, 128)",dp_stress
103,stress_layer_1,Linear,MM,256,512,128,0.0102,0.1336,0.0,"(1, 512)","(1, 128)",dp_stress
103,stress_layer_2,Linear,MM,256,512,128,0.0248,0.1302,0.0,"(1, 512)","(1, 128)",dp_stress
103,stress_layer_3,Linear,MM,256,512,128,0.0912,0.0922,0.0,"(1, 512)","(1, 128)",dp_stress
103,stress_layer_4,Linear,MM,256,512,128,0.0934,0.1119,0.0,"(1, 512)","(1, 128)",dp_stress
103,stress_layer_5,Linear,MM,256,512,128,0.6611,0.4296,0.75,"(1, 512)","(1, 128)",dp_stress
103,stress_layer_6,Linear,MM,256,512,128,0.0272,0.0013,0.0,"(1, 512)","(1, 128)",dp_stress
103,stress_layer_7,Linear,MM,256,512,128,0.0719,0.0305,0.0,"(1, 512)","(1, 128)",dp_stress
103,stress_layer_8,Linear,MM,256,512,128,0.0048,0.1013,0.0,"(1, 512)","(1, 128)",dp_stress
103,stress_layer_9,Linear,MM,256,512,128,0.0288,0.0523,0.0,"(1, 512)","(1, 128)",dp_stress
103,stress_layer_10,Linear,MM,256,512,128,0.061,0.1185,0.0,"(1, 512)","(1, 128)",dp_stress
103,stress_layer_11,Linear,MM,256,512,128,0.6527,0.4004,0.75,"(1, 512)","(1, 128)",dp_stress
103,stress_layer_12,Linear,MM,256,512,128,0.0655,0.1292,0.0,"(1, 512)","(1, 128)",dp_stress
103,stress_layer_13,Linear,MM,256,512,128,0.0826,0.1382,0.0,"(1, 512)","(1, 128)",dp_stress
103,stress_layer_14,Linear,MM,256,512,128,0.0601,0.0761,0.0,"(1, 512)","(1, 128)",dp_stress
103,stress_layer_15,Linear,MM,256,512,128,0.0358,0.027,0.0,"(1, 512)","(1, 128)",dp_stress
103,stress_layer_16,Linear,MM,256,512,128,0.0173,0.01,0.0,"(1, 512)","(1, 128)",dp_stress
103,stress_layer_17,Linear,MM,256,512,128,0.5703,0.3112,0.75,"(1, 512)","(1, 128)",dp_stress
103,stress_layer_18,Linear,MM,256,512,128,0.096,0.1281,0.0,"(1, 512)","(1, 128)",dp_stress
103,stress_layer_19,Linear,MM,256,512,128,0.047,0.093,0.0,"(1, 512)","(1, 128)",dp_stress
103,stress_layer_20,Linear,MM,256,512,128,0.0411,0.0222,0.0,"(1, 512)","(1, 128)",dp_stress
103,stress_layer_21,Linear,MM,256,512,128,0.0306,0.1106,0.0,"(1, 512)","(1, 128)",dp_stress
103,stress_layer_22,Linear,MM,256,512,128,0.0602,0.1057,0.0,"(1, 512)","(1, 128)",dp_stress
103,stress_layer_23,Linear,MM,256,512,128,0.6499,0.4036,0.75,"(1, 512)","(1, 128)",dp_stress
103,stress_layer_24,Linear,MM,256,512,128,0.0164,0.1003,0.0,"(1, 512)","(1, 128)",dp_stress
103,stress_layer_25,Linear,MM,256,512,128,0.0044,0.1296,0.0,"(1, 512)","(1, 128)",dp_stress
103,stress_layer_26,Linear,MM,256,512,128,0.0508,0.006,0.0,"(1, 512)","(1, 128)",dp_stress
103,stress_layer_27,Linear,MM,256,512,128,0.0092,0.0252,0.0,"(1, 512)","(1, 128)",dp_stress
103,stress_layer_28,Linear,MM,256,512,128,0.0339,0.1145,0.0,"(1, 512)","(1, 128)",dp_stress
103,stress_layer_29,Linear,MM,256,512,128,0.5511,0.4163,0.75,"(1, 512)","(1, 128)",dp_stress
103,stress_layer_30,Linear,MM,256,512,128,0.0971,0.1071,0.0,"(1, 512)","(1, 128)",dp_stress
103,stress_layer_31,Linear,MM,256,512,128,0.0192,0.1125,0.0,"(1, 512)","(1, 128)",dp_stress
103,stress_layer_32,Linear,MM,256,512,128,0.0743,0.106,0.0,"(1, 512)","(1, 128)",dp_stress
103,stress_layer_33,Linear,MM,256,512,128,0.0755,0.0728,0.0,"(1, 512)","(1, 128)",dp_stress
103,stress_layer_34,Linear,MM,256,512,128,0.0415,0.082,0.0,"(1, 512)","(1, 128)",dp_stress
103,stress_layer_35,Linear,MM,256,512,128,0.6318,0.3008,0.75,"(1, 512)","(1, 128)",dp_stress
103,stress_layer_36,Linear,MM,256,512,128,0.0001,0.0403,0.0,"(1, 512)","(1, 128)",dp_stress
103,stress_layer_37,Linear,MM,256,512,128,0.0423,0.15,0.0,"(1, 512)","(1, 128)",dp_stress
103,stress_layer_38,Linear,MM,256,512,128,0.0288,0.059,0.0,"(1, 512)","(1, 128)",dp_stress
103,stress_layer_39,Linear,MM,256,512,128,0.035,0.1389,0.0,"(1, 512)","(1, 128)",dp_stress
104,stress_layer_0,Linear,MM,256,512,128,0.0505,0.0019,0.0,"(1, 512)","(1, 128)",dp_stress
104,stress_layer_1,Linear,MM,256,512,128,0.0128,0.1017,0.0,"(1, 512)","(1, 128)",dp_stress
104,stress_layer_2,Linear,MM,256,512,128,0.0491,0.1086,0.0,"(1, 512)","(1, 128)",dp_stress
104,stress_layer_3,Linear,MM,256,512,128,0.0817,0.1119,0.0,"(1, 512)","(1, 128)",dp_stress
104,stress_layer_4,Linear,MM,256,512,128,0.0655,0.0278,0.0,"(1, 512)","(1, 128)",dp_stress
104,stress_layer_5,Linear,MM,256,512,128,0.5223,0.4518,0.75,"(1, 512)","(1, 128)",dp_stress
104,stress_layer_6,Linear,MM,256,512,128,0.0679,0.0672,0.0,"(1, 512)","(1, 128)",dp_stress
104,stress_layer_7,Linear,MM,256,512,128,0.0863,0.0984,0.0,"(1, 512)","(1, 128)",dp_stress
104,stress_layer_8,Linear,MM,256,512,128,0.0946,0.0728,0.0,"(1, 512)","(1, 128)",dp_stress
104,stress_layer_9,Linear,MM,256,512,128,0.0682,0.0709,0.0,"(1, 512)","(1, 128)",dp_stress
104,stress_layer_10,Linear,MM,256,512,128,0.0428,0.136,0.0,"(1, 512)","(1, 128)",dp_stress
104,stress_layer_11,Linear,MM,256,512,128,0.5413,0.3368,0.75,"(1, 512)","(1, 128)",dp_stress
104,stress_layer_12,Linear,MM,256,512,128,0.0324,0.0245,0.0,"(1, 512)","(1, 128)",dp_stress
104,stress_layer_13,Linear,MM,256,512,128,0.0561,0.004,0.0,"(1, 512)","(1, 128)",dp_stress
104,stress_layer_14,Linear,MM,256,512,128,0.0302,0.1128,0.0,"(1, 512)","(1, 128)",dp_stress
104,stress_layer_15,Linear,MM,256,512,128,0.0724,0.0326,0.0,"(1, 512)","(1, 128)",dp_stress
104,stress_layer_16,Linear,MM,256,512,128,0.0605,0.0744,0.0,"(1, 512)","(1, 128)",dp_stress
104,stress_layer_17,Linear,MM,256,512,128,0.6121,0.4184,0.75,"(1, 512)","(1, 128)",dp_stress
104,stress_layer_18,Linear,MM,256,512,128,0.0458,0.1149,0.0,"(1, 512)","(1, 128)",dp_stress
104,stress_layer_19,Linear,MM,256,512,128,0.0141,0.0547,0.0,"(1, 512)","(1, 128)",dp_stress
104,stress_layer_20,Linear,MM,256,512,128,0.0793,0.0967,0.0,"(1, 512)","(1, 128)",dp_stress
104,stress_layer_21,Linear,MM,256,512,128,0.0498,0.1419,0.0,"(1, 512)","(1, 128)",dp_stress
104,stress_layer_22,Linear,MM,256,512,128,0.0039,0.0069,0.0,"(1, 512)","(1, 128)",dp_stress
104,stress_layer_23,Linear,MM,256,512,128,0.6809,0.3126,0.75,"(1, 512)","(1, 128)",dp_stress
104,stress_layer_24,Linear,MM,256,512,128,0.0405,0.1275,0.0,"(1, 512)","(1, 128)",dp_stress
104,stress_layer_25,Linear,MM,256,512,128,0.0765,0.0236,0.0,"(1, 512)","(1, 128)",dp_stress
104,stress_layer_26,Linear,MM,256,512,128,0.0642,0.0779,0.0,"(1, 512)","(1, 128)",dp_stress
104,stress_layer_27,Linear,MM,256,512,128,0.0675,0.0768,0.0,"(1, 512)","(1, 128)",dp_stress
104,stress_layer_28,Linear,MM,256,512,128,0.0319,0.0318,0.0,"(1, 512)","(1, 128)",dp_stress
104,stress_layer_29,Linear,MM,256,512,128,0.5571,0.3882,0.75,"(1, 512)","(1, 128)",dp_stress
104,stress_layer_30,Linear,MM,256,512,128,0.006,0.1154,0.0,"(1, 512)","(1, 128)",dp_stress
104,stress_layer_31,Linear,MM,256,512,128,0.0213,0.0389,0.0,"(1, 512)","(1, 128)",dp_stress
104,stress_layer_32,Linear,MM,256,512,128,0.016,0.0231,0.0,"(1, 512)","(1, 128)",dp_stress
104,stress_layer_33,Linear,MM,256,512,128,0.0122,0.0644,0.0,"(1, 512)","(1, 128)",dp_stress
104,stress_layer_34,Linear,MM,256,512,128,0.0556,0.0973,0.0,"(1, 512)","(1, 128)",dp_stress
104,stress_layer_35,Linear,MM,256,512,128,0.6449,0.3603,0.75,"(1, 512)","(1, 128)",dp_stress
104,stress_layer_36,Linear,MM,256,512,128,0.0363,0.1353,0.0,"(1, 512)","(1, 128)",dp_stress
104,stress_layer_37,Linear,MM,256,512,128,0.0035,0.1024,0.0,"(1, 512)","(1, 128)",dp_stress
104,stress_layer_38,Linear,MM,256,512,128,0.0304,0.0014,0.0,"(1, 512)","(1, 128)",dp_stress
104,stress_layer_39,Linear,MM,256,512,128,0.0926,0.0388,0.0,"(1, 512)","(1, 128)",dp_stress
105,stress_layer_0,Linear,MM,256,512,128,0.0818,0.1258,0.0,"(1, 512)","(1, 128)",dp_stress
105,stress_layer_1,Linear,MM,256,512,128,0.0354,0.0604,0.0,"(1, 512)","(1, 128)",dp_stress
105,stress_layer_2,Linear,MM,256,512,128,0.0908,0.1129,0.0,"(1, 512)","(1, 128)",dp_stress
105,stress_layer_3,Linear,MM,256,512,128,0.0557,0.0224,0.0,"(1, 512)","(1, 128)",dp_stress
105,stress_layer_4,Linear,MM,256,512,128,0.0331,0.0021,0.0,"(1, 512)","(1, 128)",dp_stress
105,stress_layer_5,Linear,MM,256,512,128,0.6954,0.3577,0.75,"(1, 512)","(1, 128)",dp_stress
105,stress_layer_6,Linear,MM,256,512,128,0.0564,0.0119,0.0,"(1, 512)","(1, 128)",dp_stress
105,stress_layer_7,Linear,MM,256,512,128,0.0201,0.1358,0.0,"(1, 512)","(1, 128)",dp_stress
105,stress_layer_8,Linear,MM,256,512,128,0.0691,0.1253,0.0,"(1, 512)","(1, 128)",dp_stress
105,stress_layer_9,Linear,MM,256,512,128,0.0259,0.0219,0.0,"(1, 512)","(1, 128)",dp_stress
105,stress_layer_10,Linear,MM,256,512,128,0.0062,0.1098,0.0,"(1, 512)","(1, 128)",dp_stress
105,stress_layer_11,Linear,MM,256,512,128,0.5722,0.3582,0.75,"(1, 512)","(1, 128)",dp_stress
105,stress_layer_12,Linear,MM,256,512,128,0.0822,0.137,0.0,"(1, 512)","(1, 128)",dp_stress
105,stress_layer_13,Linear,MM,256,512,128,0.0781,0.0015,0.0,"(1, 512)","(1, 128)",dp_stress
105,stress_layer_14,Linear,MM,256,512,128,0.0266,0.0607,0.0,"(1, 512)","(1, 128)",dp_stress
105,stress_layer_15,Linear,MM,256,512,128,0.0129,0.1114,0.0,"(1, 512)","(1, 128)",dp_stress
105,stress_layer_16,Linear,MM,256,512,128,0.0695,0.0831,0.0,"(1, 512)","(1, 128)",dp_stress
105,stress_layer_17,Linear,MM,256,512,128,0.6579,0.4667,0.75,"(1, 512)","(1, 128)",dp_stress
105,stress_layer_18,Linear,MM,256,512,128,0.0802,0.0228,0.0,"(1, 512)","(1, 128)",dp_stress
105,stress_layer_19,Linear,MM,256,512,128,0.0116,0.0549,0.0,"(1, 512)","(1, 128)",dp_stress
105,stress_layer_20,Linear,MM,256,512,128,0.045,0.1161,0.0,"(1, 512)","(1, 128)",dp_stress
105,stress_layer_21,Linear,MM,256,512,128,0.0211,0.0199,0.0,"(1, 512)","(1, 128)",dp_stress
105,stress_layer_22,Linear,MM,256,512,128,0.0153,0.1476,0.0,"(1, 512)","(1, 128)",dp_stress
105,stress_layer_23,Linear,MM,256,512,128,0.5353,0.3655,0.75,"(1, 512)","(1, 128)",dp_stress
105,stress_layer_24,Linear,MM,256,512,128,0.0557,0.1422,0.0,"(1, 512)","(1, 128)",dp_stress
105,stress_layer_25,Linear,MM,256,512,128,0.0875,0.058,0.0,"(1, 512)","(1, 128)",dp_stress
105,stress_layer_26,Linear,MM,256,512,128,0.0022,0.0743,0.0,"(1, 512)","(1, 128)",dp_stress
105,stress_layer_27,Linear,MM,256,512,128,0.0971,0.0037,0.0,"(1, 512)","(1, 128)",dp_stress
105,stress_layer_28,Linear,MM,256,512,128,0.0347,0.0667,0.0,"(1, 512)","(1, 128)",dp_stress
105,stress_layer_29,Linear,MM,256,512,128,0.6758,0.4419,0.75,"(1, 512)","(1, 128)",dp_stress
105,stress_layer_30,Linear,MM,256,512,128,0.058,0.1436,0.0,"(1, 512)","(1, 128)",dp_stress
105,stress_layer_31,Linear,MM,256,512,128,0.0143,0.1429,0.0,"(1, 512)","(1, 128)",dp_stress
105,stress_layer_32,Linear,MM,256,512,128,0.0652,0.1431,0.0,"(1, 512)","(1, 128)",dp_stress
105,stress_layer_33,Linear,MM,256,512,128,0.0965,0.0119,0.0,"(1, 512)","(1, 128)",dp_stress
105,stress_layer_34,Linear,MM,256,512,128,0.0202,0.0842,0.0,"(1, 512)","(1, 128)",dp_stress
105,stress_layer_35,Linear,MM,256,512,128,0.6912,0.3566,0.75,"(1, 512)","(1, 128)",dp_stress
105,stress_layer_36,Linear,MM,256,512,128,0.0495,0.1391,0.0,"(1, 512)","(1, 128)",dp_stress
105,stress_layer_37,Linear,MM,256,512,128,0.0366,0.0828,0.0,"(1, 512)","(1, 128)",dp_stress
105,stress_layer_38,Linear,MM,256,512,128,0.068,0.1277,0.0,"(1, 512)","(1, 128)",dp_stress
105,stress_layer_39,Linear,MM,256,512,128,0.0204,0.0475,0.0,"(1, 512)","(1, 128)",dp_stress
106,stress_layer_0,Linear,MM,256,512,128,0.0647,0.0499,0.0,"(1, 512)","(1, 128)",dp_stress
106,stress_layer_1,Linear,MM,256,512,128,0.0986,0.0702,0.0,"(1, 512)","(1, 128)",dp_stress
106,stress_layer_2,Linear,MM,256,512,128,0.0265,0.1055,0.0,"(1, 512)","(1, 128)",dp_stress
106,stress_layer_3,Linear,MM,256,512,128,0.0441,0.0047,0.0,"(1, 512)","(1, 128)",dp_stress
106,stress_layer_4,Linear,MM,256,512,128,0.0899,0.1217,0.0,"(1, 512)","(1, 128)",dp_stress
106,stress_layer_5,Linear,MM,256,512,128,0.5462,0.4788,0.75,"(1, 512)","(1, 128)",dp_stress
106,stress_layer_6,Linear,MM,256,512,128,0.0377,0.0068,0.0,"(1, 512)","(1, 128)",dp_stress
106,stress_layer_7,Linear,MM,256,512,128,0.0733,0.0284,0.0,"(1, 512)","(1, 128)",dp_stress
106,stress_layer_8,Linear,MM,256,512,128,0.0216,0.0431,0.0,"(1, 512)","(1, 128)",dp_stress
106,stress_layer_9,Linear,MM,256,512,128,0.0408,0.0443,0.0,"(1, 512)","(1, 128)",dp_stress
106,stress_layer_10,Linear,MM,256,512,128,0.0086,0.1484,0.0,"(1, 512)","(1, 128)",dp_stress
106,stress_layer_11,Linear,MM,256,512,128,0.6732,0.4321,0.75,"(1, 512)","(1, 128)",dp_stress
106,stress_layer_12,Linear,MM,256,512,128,0.0848,0.0576,0.0,"(1, 512)","(1, 128)",dp_stress
106,stress_layer_13,Linear,MM,256,512,128,0.0113,0.0469,0.0,"(1, 512)","(1, 128)",dp_stress
106,stress_layer_14,Linear,MM,256,512,128,0.0628,0.1327,0.0,"(1, 512)","(1, 128)",dp_stress
106,stress_layer_15,Linear,MM,256,512,128,0.0311,0.024,0.0,"(1, 512)","(1, 128)",dp_stress
106,stress_layer_16,Linear,MM,256,512,128,0.0482,0.1494,0.0,"(1, 512)","(1, 128)",dp_stress
106,stress_layer_17,Linear,MM,256,512,128,0.5199,0.4644,0.75,"(1, 512)","(1, 128)",dp_stress
106,stress_layer_18,Linear,MM,256,512,128,0.0594,0.0871,0.0,"(1, 512)","(1, 128)",dp_stress
106,stress_layer_19,Linear,MM,256,512,128,0.0323,0.0464,0.0,"(1, 512)","(1, 128)",dp_stress
106,stress_layer_20,Linear,MM,256,512,128,0.0727,0.1044,0.0,"(1, 512)","(1, 128)",dp_stress
106,stress_layer_21,Linear,MM,256,512,128,0.0781,0.1184,0.0,"(1, 512)","(1, 128)",dp_stress
106,stress_layer_22,Linear,MM,256,512,128,0.0787,0.019,0.0,"(1, 512)","(1, 128)",dp_stress
106,stress_layer_23,Linear,MM,256,512,128,0.6833,0.3515,0.75,"(1, 512)","(1, 128)",dp_stress
106,stress_layer_24,Linear,MM,256,512,128,0.0986,0.0302,0.0,"(1, 512)","(1, 128)",dp_stress
106,stress_layer_25,Linear,MM,256,512,128,0.0031,0.1451,0.0,"(1, 512)","(1, 128)",dp_stress
106,stress_layer_26,Linear,MM,256,512,128,0.031,0.1208,0.0,"(1, 512)","(1, 128)",dp_stress
106,stress_layer_27,Linear,MM,256,512,128,0.0427,0.0097,0.0,"(1, 512)","(1, 128)",dp_stress
106,stress_layer_28,Linear,MM,256,512,128,0.0069,0.0196,0.0,"(1, 512)","(1, 128)",dp_stress
106,stress_layer_29,Linear,MM,256,512,128,0.5346,0.3467,0.75,"(1, 512)","(1, 128)",dp_stress
106,stress_layer_30,Linear,MM,256,512,128,0.0432,0.0176,0.0,"(1, 512)","(1, 128)",dp_stress
106,stress_layer_31,Linear,MM,256,512,128,0.049,0.1481,0.0,"(1, 512)","(1, 128)",dp_stress
106,stress_layer_32,Linear,MM,256,512,128,0.0481,0.0546,0.0,"(1, 512)","(1, 128)",dp_stress
106,stress_layer_33,Linear,MM,256,512,128,0.0573,0.1241,0.0,"(1, 512)","(1, 128)",dp_stress
106,stress_layer_34,Linear,MM,256,512,128,0.0766,0.0367,0.0,"(1, 512)","(1, 128)",dp_stress
106,stress_layer_35,Linear,MM,256,512,128,0.6925,0.439,0.75,"(1, 512)","(1, 128)",dp_stress
106,stress_layer_36,Linear,MM,256,512,128,0.0232,0.015,0.0,"(1, 512)","(1, 128)",dp_stress
106,stress_layer_37,Linear,MM,256,512,128,0.0187,0.1321,0.0,"(1, 512)","(1, 128)",dp_stress
106,stress_layer_38,Linear,MM,256,512,128,0.0415,0.1161,0.0,"(1, 512)","(1, 128)",dp_stress
106,stress_layer_39,Linear,MM,256,512,128,0.0848,0.0048,0.0,"(1, 512)","(1, 128)",dp_stress
107,stress_layer_0,Linear,MM,256,512,128,0.0796,0.1421,0.0,"(1, 512)","(1, 128)",dp_stress
107,stress_layer_1,Linear,MM,256,512,128,0.045,0.071,0.0,"(1, 512)","(1, 128)",dp_stress
107,stress_layer_2,Linear,MM,256,512,128,0.0035,0.1247,0.0,"(1, 512)","(1, 128)",dp_stress
107,stress_layer_3,Linear,MM,256,512,128,0.0888,0.0647,0.0,"(1, 512)","(1, 128)",dp_stress
107,stress_layer_4,Linear,MM,256,512,128,0.0264,0.1334,0.0,"(1, 512)","(1, 128)",dp_stress
107,stress_layer_5,Linear,MM,256,512,128,0.6914,0.4644,0.75,"(1, 512)","(1, 128)",dp_stress
107,stress_layer_6,Linear,MM,256,512,128,0.0224,0.0523,0.0,"(1, 512)","(1, 128)",dp_stress
107,stress_layer_7,Linear,MM,256,512,128,0.062,0.0284,0.0,"(1, 512)","(1, 128)",dp_stress
107,stress_layer_8,Linear,MM,256,512,128,0.0724,0.134,0.0,"(1, 512)","(1, 128)",dp_stress
107,stress_layer_9,Linear,MM,256,512,128,0.0953,0.1076,0.0,"(1, 512)","(1, 128)",dp_stress
107,stress_layer_10,Linear,MM,256,512,128,0.0596,0.1199,0.0,"(1, 512)","(1, 128)",dp_stress
107,stress_layer_11,Linear,MM,256,512,128,0.5235,0.3413,0.75,"(1, 512)","(1, 128)",dp_stress
107,stress_layer_12,Linear,MM,256,512,128,0.0149,0.008,0.0,"(1, 512)","(1, 128)",dp_stress
107,stress_layer_13,Linear,MM,256,512,128,0.012,0.0297,0.0,"(1, 512)","(1, 128)",dp_stress
107,stress_layer_14,Linear,MM,256,512,128,0.0602,0.1064,0.0,"(1, 512)","(1, 128)",dp_stress
107,stress_layer_15,Linear,MM,256,512,128,0.0049,0.0109,0.0,"(1, 512)","(1, 128)",dp_stress
107,stress_layer_16,Linear,MM,256,512,128,0.0552,0.054,0.0,"(1, 512)","(1, 128)",dp_stress
107,stress_layer_17,Linear,MM,256,512,128,0.5257,0.4307,0.75,"(1, 512)","(1, 128)",dp_stress
107,stress_layer_18,Linear,MM,256,512,128,0.0651,0.0087,0.0,"(1, 512)","(1, 128)",dp_stress
107,stress_layer_19,Linear,MM,256,512,128,0.0946,0.0441,0.0,"(1, 512)","(1, 128)",dp_stress
107,stress_layer_20,Linear,MM,256,512,128,0.0233,0.1334,0.0,"(1, 512)","(1, 128)",dp_stress
107,stress_layer_21,Linear,MM,256,512,128,0.0792,0.0681,0.0,"(1, 512)","(1, 128)",dp_stress
107,stress_layer_22,Linear,MM,256,512,128,0.0687,0.05,0.0,"(1, 512)","(1, 128)",dp_stress
107,stress_layer_23,Linear,MM,256,512,128,0.514,0.3043,0.75,"(1, 512)","(1, 128)",dp_stress
107,stress_layer_24,Linear,MM,256,512,128,0.0303,0.1303,0.0,"(1, 512)","(1, 128)",dp_stress
107,stress_layer_25,Linear,MM,256,512,128,0.0518,0.0845,0.0,"(1, 512)","(1, 128)",dp_stress
107,stress_layer_26,Linear,MM,256,512,128,0.057,0.032,0.0,"(1, 512)","(1, 128)",dp_stress
107,stress_layer_27,Linear,MM,256,512,128,0.0544,0.1225,0.0,"(1, 512)","(1, 128)",dp_stress
107,stress_layer_28,Linear,MM,256,512,128,0.0551,0.1434,0.0,"(1, 512)","(1, 128)",dp_stress
107,stress_layer_29,Linear,MM,256,512,128,0.6355,0.4084,0.75,"(1, 512)","(1, 128)",dp_stress
107,stress_layer_30,Linear,MM,256,512,128,0.023,0.0835,0.0,"(1, 512)","(1, 128)",dp_stress
107,stress_layer_31,Linear,MM,256,512,128,0.0632,0.0024,0.0,"(1, 512)","(1, 128)",dp_stress
107,stress_layer_32,Linear,MM,256,512,128,0.0543,0.1061,0.0,"(1, 512)","(1, 128)",dp_stress
107,stress_layer_33,Linear,MM,256,512,128,0.0591,0.0446,0.0,"(1, 512)","(1, 128)",dp_stress
107,stress_layer_34,Linear,MM,256,512,128,0.063,0.0633,0.0,"(1, 512)","(1, 128)",dp_stress
107,stress_layer_35,Linear,MM,256,512,128,0.6984,0.3931,0.75,"(1, 512)","(1, 128)",dp_stress
107,stress_layer_36,Linear,MM,256,512,128,0.057,0.0384,0.0,"(1, 512)","(1, 128)",dp_stress
107,stress_layer_37,Linear,MM,256,512,128,0.093,0.0173,0.0,"(1, 512)","(1, 128)",dp_stress
107,stress_layer_38,Linear,MM,256,512,128,0.0288,0.0581,0.0,"(1, 512)","(1, 128)",dp_stress
107,stress_layer_39,Linear,MM,256,512,128,0.0926,0.103,0.0,"(1, 512)","(1, 128)",dp_stress
108,stress_layer_0,Linear,MM,256,512,128,0.0204,0.0446,0.0,"(1, 512)","(1, 128)",dp_stress
108,stress_layer_1,Linear,MM,256,512,128,0.0594,0.0731,0.0,"(1, 512)","(1, 128)",dp_stress
108,stress_layer_2,Linear,MM,256,512,128,0.0342,0.0831,0.0,"(1, 512)","(1, 128)",dp_stress
108,stress_layer_3,Linear,MM,256,512,128,0.0683,0.12,0.0,"(1, 512)","(1, 128)",dp_stress
108,stress_layer_4,Linear,MM,256,512,128,0.0712,0.0857,0.0,"(1, 512)","(1, 128)",dp_stress
108,stress_layer_5,Linear,MM,256,512,128,0.6725,0.4779,0.75,"(1, 512)","(1, 128)",dp_stress
108,stress_layer_6,Linear,MM,256,512,128,0.0374,0.1202,0.0,"(1, 512)","(1, 128)",dp_stress
108,stress_layer_7,Linear,MM,256,512,128,0.0995,0.1274,0.0,"(1, 512)","(1, 128)",dp_stress
108,stress_layer_8,Linear,MM,256,512,128,0.098,0.0001,0.0,"(1, 512)","(1, 128)",dp_stress
108,stress_layer_9,Linear,MM,256,512,128,0.0126,0.0878,0.0,"(1, 512)","(1, 128)",dp_stress
108,stress_layer_10,Linear,MM,256,512,128,0.0213,0.0847,0.0,"(1, 512)","(1, 128)",dp_stress
108,stress_layer_11,Linear,MM,256,512,128,0.5069,0.3423,0.75,"(1, 512)","(1, 128)",dp_stress
108,stress_layer_12,Linear,MM,256,512,128,0.0389,0.1049,0.0,"(1, 512)","(1, 128)",dp_stress
108,stress_layer_13,Linear,MM,256,512,128,0.0182,0.0461,0.0,"(1, 512)","(1, 128)",dp_stress
108,stress_layer_14,Linear,MM,256,512,128,0.0428,0.1095,0.0,"(1, 512)","(1, 128)",dp_stress
108,stress_layer_15,Linear,MM,256,512,128,0.0628,0.0745,0.0,"(1, 512)","(1, 128)",dp_stress
108,stress_layer_16,Linear,MM,256,512,128,0.0666,0.113,0.0,"(1, 512)","(1, 128)",dp_stress
108,stress_layer_17,Linear,MM,256,512,128,0.5726,0.372,0.75,"(1, 512)","(1, 128)",dp_stress
108,stress_layer_18,Linear,MM,256,512,128,0.0782,0.1351,0.0,"(1, 512)","(1, 128)",dp_stress
108,stress_layer_19,Linear,MM,256,512,128,0.0508,0.0233,0.0,"(1, 512)","(1, 128)",dp_stress
108,stress_layer_20,Linear,MM,256,512,128,0.0886,0.0012,0.0,"(1, 512)","(1, 128)",dp_stress
108,stress_layer_21,Linear,MM,256,512,128,0.0322,0.1499,0.0,"(1, 512)","(1, 128)",dp_stress
108,stress_layer_22,Linear,MM,256,512,128,0.0459,0.0162,0.0,"(1, 512)","(1, 128)",dp_stress
108,stress_layer_23,Linear,MM,256,512,128,0.5372,0.4421,0.75,"(1, 512)","(1, 128)",dp_stress
108,stress_layer_24,Linear,MM,256,512,128,0.0995,0.0889,0.0,"(1, 512)","(1, 128)",dp_stress
108,stress_layer_25,Linear,MM,256,512,128,0.0191,0.0814,0.0,"(1, 512)","(1, 128)",dp_stress
108,stress_layer_26,Linear,MM,256,512,128,0.0028,0.0079,0.0,"(1, 512)","(1, 128)",dp_stress
108,stress_layer_27,Linear,MM,256,512,128,0.0285,0.021,0.0,"(1, 512)","(1, 128)",dp_stress
108,stress_layer_28,Linear,MM,256,512,128,0.0641,0.0252,0.0,"(1, 512)","(1, 128)",dp_stress
108,stress_layer_29,Linear,MM,256,512,128,0.6452,0.4169,0.75,"(1, 512)","(1, 128)",dp_stress
108,stress_layer_30,Linear,MM,256,512,128,0.0103,0.0098,0.0,"(1, 512)","(1, 128)",dp_stress
108,stress_layer_31,Linear,MM,256,512,128,0.08,0.1436,0.0,"(1, 512)","(1, 128)",dp_stress
108,stress_layer_32,Linear,MM,256,512,128,0.048,0.0558,0.0,"(1, 512)","(1, 128)",dp_stress
108,stress_layer_33,Linear,MM,256,512,128,0.01,0.1454,0.0,"(1, 512)","(1, 128)",dp_stress
108,stress_layer_34,Linear,MM,256,512,128,0.0123,0.0793,0.0,"(1, 512)","(1, 128)",dp_stress
108,stress_layer_35,Linear,MM,256,512,128,0.5671,0.4281,0.75,"(1, 512)","(1, 128)",dp_stress
108,stress_layer_36,Linear,MM,256,512,128,0.0291,0.1373,0.0,"(1, 512)","(1, 128)",dp_stress
108,stress_layer_37,Linear,MM,256,512,128,0.0399,0.1074,0.0,"(1, 512)","(1, 128)",dp_stress
108,stress_layer_38,Linear,MM,256,512,128,0.0772,0.0745,0.0,"(1, 512)","(1, 128)",dp_stress
108,stress_layer_39,Linear,MM,256,512,128,0.0402,0.0574,0.0,"(1, 512)","(1, 128)",dp_stress
109,stress_layer_0,Linear,MM,256,512,128,0.0354,0.0818,0.0,"(1, 512)","(1, 128)",dp_stress
109,stress_layer_1,Linear,MM,256,512,128,0.0274,0.0316,0.0,"(1, 512)","(1, 128)",dp_stress
109,stress_layer_2,Linear,MM,256,512,128,0.0997,0.0195,0.0,"(1, 512)","(1, 128)",dp_stress
109,stress_layer_3,Linear,MM,256,512,128,0.0902,0.0274,0.0,"(1, 512)","(1, 128)",dp_stress
109,stress_layer_4,Linear,MM,256,512,128,0.0027,0.0359,0.0,"(1, 512)","(1, 128)",dp_stress
109,stress_layer_5,Linear,MM,256,512,128,0.504,0.4177,0.75,"(1, 512)","(1, 128)",dp_stress
109,stress_layer_6,Linear,MM,256,512,128,0.0136,0.04,0.0,"(1, 512)","(1, 128)",dp_stress
109,stress_layer_7,Linear,MM,256,512,128,0.0395,0.0917,0.0,"(1, 512)","(1, 128)",dp_stress
109,stress_layer_8,Linear,MM,256,512,128,0.0049,0.0558,0.0,"(1, 512)","(1, 128)",dp_stress
109,stress_layer_9,Linear,MM,256,512,128,0.0399,0.0777,0.0,"(1, 512)","(1, 128)",dp_stress
109,stress_layer_10,Linear,MM,256,512,128,0.0908,0.092,0.0,"(1, 512)","(1, 128)",dp_stress
109,stress_layer_11,Linear,MM,256,512,128,0.6072,0.3057,0.75,"(1, 512)","(1, 128)",dp_stress
109,stress_layer_12,Linear,MM,256,512,128,0.0235,0.0896,0.0,"(1, 512)","(1, 128)",dp_stress
109,stress_layer_13,Linear,MM,256,512,128,0.0994,0.1216,0.0,"(1, 512)","(1, 128)",dp_stress
109,stress_layer_14,Linear,MM,256,512,128,0.0032,0.0172,0.0,"(1, 512)","(1, 128)",dp_stress
109,stress_layer_15,Linear,MM,256,512,128,0.0558,0.1435,0.0,"(1, 512)","(1, 128)",dp_stress
109,stress_layer_16,Linear,MM,256,512,128,0.019,0.11,0.0,"(1, 512)","(1, 128)",dp_stress
109,stress_layer_17,Linear,MM,256,512,128,0.688,0.4758,0.75,"(1, 512)","(1, 128)",dp_stress
109,stress_layer_18,Linear,MM,256,512,128,0.0436,0.0736,0.0,"(1, 512)","(1, 128)",dp_stress
109,stress_layer_19,Linear,MM,256,512,128,0.0553,0.1128,0.0,"(1, 512)","(1, 128)",dp_stress
109,stress_layer_20,Linear,MM,256,512,128,0.0678,0.1153,0.0,"(1, 512)","(1, 128)",dp_stress
109,stress_layer_21,Linear,MM,256,512,128,0.0347,0.0884,0.0,"(1, 512)","(1, 128)",dp_stress
109,stress_layer_22,Linear,MM,256,512,128,0.0186,0.0198,0.0,"(1, 512)","(1, 128)",dp_stress
109,stress_layer_23,Linear,MM,256,512,128,0.5959,0.378,0.75,"(1, 512)","(1, 128)",dp_stress
109,stress_layer_24,Linear,MM,256,512,128,0.0043,0.0933,0.0,"(1, 512)","(1, 128)",dp_stress
109,stress_layer_25,Linear,MM,256,512,128,0.0183,0.1062,0.0,"(1, 512)","(1, 128)",dp_stress
109,stress_layer_26,Linear,MM,256,512,128,0.068,0.0052,0.0,"(1, 512)","(1, 128)",dp_stress
109,stress_layer_27,Linear,MM,256,512,128,0.0998,0.1005,0.0,"(1, 512)","(1, 128)",dp_stress
109,stress_layer_28,Linear,MM,256,512,128,0.0665,0.0166,0.0,"(1, 512)","(1, 128)",dp_stress
109,stress_layer_29,Linear,MM,256,512,128,0.623,0.3454,0.75,"(1, 512)","(1, 128)",dp_stress
109,stress_layer_30,Linear,MM,256,512,128,0.0744,0.0622,0.0,"(1, 512)","(1, 128)",dp_stress
109,stress_layer_31,Linear,MM,256,512,128,0.0215,0.0225,0.0,"(1, 512)","(1, 128)",dp_stress
109,stress_layer_32,Linear,MM,256,512,128,0.059,0.0976,0.0,"(1, 512)","(1, 128)",dp_stress
109,stress_layer_33,Linear,MM,256,512,128,0.0829,0.0812,0.0,"(1, 512)","(1, 128)",dp_stress
109,stress_layer_34,Linear,MM,256,512,128,0.0772,0.1395,0.0,"(1, 512)","(1, 128)",dp_stress
109,stress_layer_35,Linear,MM,256,512,128,0.6352,0.4353,0.75,"(1, 512)","(1, 128)",dp_stress
109,stress_layer_36,Linear,MM,256,512,128,0.0586,0.1492,0.0,"(1, 512)","(1, 128)",dp_stress
109,stress_layer_37,Linear,MM,256,512,128,0.0426,0.0993,0.0,"(1, 512)","(1, 128)",dp_stress
109,stress_layer_38,Linear,MM,256,512,128,0.0752,0.093,0.0,"(1, 512)","(1, 128)",dp_stress
109,stress_layer_39,Linear,MM,256,512,128,0.0816,0.0869,0.0,"(1, 512)","(1, 128)",dp_stress
110,stress_layer_0,Linear,MM,256,512,128,0.074,0.0841,0.0,"(1, 512)","(1, 128)",dp_stress
110,stress_layer_1,Linear,MM,256,512,128,0.0077,0.1242,0.0,"(1, 512)","(1, 128)",dp_stress
110,stress_layer_2,Linear,MM,256,512,128,0.0196,0.0165,0.0,"(1, 512)","(1, 128)",dp_stress
110,stress_layer_3,Linear,MM,256,512,128,0.0636,0.0884,0.0,"(1, 512)","(1, 128)",dp_stress
110,stress_layer_4,Linear,MM,256,512,128,0.0459,0.0635,0.0,"(1, 512)","(1, 128)",dp_stress
110,stress_layer_5,Linear,MM,256,512,128,0.5837,0.3003,0.75,"(1, 512)","(1, 128)",dp_stress
110,stress_layer_6,Linear,MM,256,512,128,0.097,0.0589,0.0,"(1, 512)","(1, 128)",dp_stress
110,stress_layer_7,Linear,MM,256,512,128,0.0506,0.0276,0.0,"(1, 512)","(1, 128)",dp_stress
110,stress_layer_8,Linear,MM,256,512,128,0.0109,0.08,0.0,"(1, 512)","(1, 128)",dp_stress
110,stress_layer_9,Linear,MM,256,512,128,0.0511,0.0411,0.0,"(1, 512)","(1, 128)",dp_stress
110,stress_layer_10,Linear,MM,256,512,128,0.0562,0.1322,0.0,"(1, 512)","(1, 128)",dp_stress
110,stress_layer_11,Linear,MM,256,512,128,0.6085,0.306,0.75,"(1, 512)","(1, 128)",dp_stress
110,stress_layer_12,Linear,MM,256,512,128,0.003,0.0227,0.0,"(1, 512)","(1, 128)",dp_stress
110,stress_layer_13,Linear,MM,256,512,128,0.0619,0.0634,0.0,"(1, 512)","(1, 128)",dp_stress
110,stress_layer_14,Linear,MM,256,512,128,0.0278,0.0605,0.0,"(1, 512)","(1, 128)",dp_stress
110,stress_layer_15,Linear,MM,256,512,128,0.08,0.0754,0.0,"(1, 512)","(1, 128)",dp_stress
110,stress_layer_16,Linear,MM,256,512,128,0.0148,0.0987,0.0,"(1, 512)","(1, 128)",dp_stress
110,stress_layer_17,Linear,MM,256,512,128,0.6668,0.3476,0.75,"(1, 512)","(1, 128)",dp_stress
110,stress_layer_18,Linear,MM,256,512,128,0.0214,0.1203,0.0,"(1, 512)","(1, 128)",dp_stress
110,stress_layer_19,Linear,MM,256,512,128,0.0346,0.0742,0.0,"(1, 512)","(1, 128)",dp_stress
110,stress_layer_20,Linear,MM,256,512,128,0.0799,0.0453,0.0,"(1, 512)","(1, 128)",dp_stress
110,stress_layer_21,Linear,MM,256,512,128,0.0723,0.1101,0.0,"(1, 512)","(1, 128)",dp_stress
110,stress_layer_22,Linear,MM,256,512,128,0.0116,0.0489,0.0,"(1, 512)","(1, 128)",dp_stress
110,stress_layer_23,Linear,MM,256,512,128,0.6787,0.414,0.75,"(1, 512)","(1, 128)",dp_stress
110,stress_layer_24,Linear,MM,256,512,128,0.0537,0.0783,0.0,"(1, 512)","(1, 128)",dp_stress
110,stress_layer_25,Linear,MM,256,512,128,0.0331,0.1207,0.0,"(1, 512)","(1, 128)",dp_stress
110,stress_layer_26,Linear,MM,256,512,128,0.0391,0.1306,0.0,"(1, 512)","(1, 128)",dp_stress
110,stress_layer_27,Linear,MM,256,512,128,0.0653,0.0314,0.0,"(1, 512)","(1, 128)",dp_stress
110,stress_layer_28,Linear,MM,256,512,128,0.0639,0.0223,0.0,"(1, 512)","(1, 128)",dp_stress
110,stress_layer_29,Linear,MM,256,512,128,0.5184,0.3553,0.75,"(1, 512)","(1, 128)",dp_stress
110,stress_layer_30,Linear,MM,256,512,128,0.0455,0.0057,0.0,"(1, 512)","(1, 128)",dp_stress
110,stress_layer_31,Linear,MM,256,512,128,0.0872,0.1242,0.0,"(1, 512)","(1, 128)",dp_stress
110,stress_layer_32,Linear,MM,256,512,128,0.0103,0.074,0.0,"(1, 512)","(1, 128)",dp_stress
110,stress_layer_33,Linear,MM,256,512,128,0.0229,0.0567,0.0,"(1, 512)","(1, 128)",dp_stress
110,stress_layer_34,Linear,MM,256,512,128,0.0155,0.0013,0.0,"(1, 512)","(1, 128)",dp_stress
110,stress_layer_35,Linear,MM,256,512,128,0.5651,0.367,0.75,"(1, 512)","(1, 128)",dp_stress
110,stress_layer_36,Linear,MM,256,512,128,0.0927,0.0195,0.0,"(1, 512)","(1, 128)",dp_stress
110,stress_layer_37,Linear,MM,256,512,128,0.0903,0.0371,0.0,"(1, 512)","(1, 128)",dp_stress
110,stress_layer_38,Linear,MM,256,512,128,0.0741,0.0008,0.0,"(1, 512)","(1, 128)",dp_stress
110,stress_layer_39,Linear,MM,256,512,128,0.0504,0.0259,0.0,"(1, 512)","(1, 128)",dp_stress
111,stress_layer_0,Linear,MM,256,512,128,0.028,0.0638,0.0,"(1, 512)","(1, 128)",dp_stress
111,stress_layer_1,Linear,MM,256,512,128,0.0982,0.1079,0.0,"(1, 512)","(1, 128)",dp_stress
111,stress_layer_2,Linear,MM,256,512,128,0.0201,0.1157,0.0,"(1, 512)","(1, 128)",dp_stress
111,stress_layer_3,Linear,MM,256,512,128,0.0278,0.0849,0.0,"(1, 512)","(1, 128)",dp_stress
111,stress_layer_4,Linear,MM,256,512,128,0.0712,0.007,0.0,"(1, 512)","(1, 128)",dp_stress
111,stress_layer_5,Linear,MM,256,512,128,0.5285,0.3194,0.75,"(1, 512)","(1, 128)",dp_stress
111,stress_layer_6,Linear,MM,256,512,128,0.0538,0.0539,0.0,"(1, 512)","(1, 128)",dp_stress
111,stress_layer_7,Linear,MM,256,512,128,0.0968,0.1171,0.0,"(1, 512)","(1, 128)",dp_stress
111,stress_layer_8,Linear,MM,256,512,128,0.0765,0.0406,0.0,"(1, 512)","(1, 128)",dp_stress
111,stress_layer_9,Linear,MM,256,512,128,0.0193,0.0057,0.0,"(1, 512)","(1, 128)",dp_stress
111,stress_layer_10,Linear,MM,256,512,128,0.0054,0.0824,0.0,"(1, 512)","(1, 128)",dp_stress
111,stress_layer_11,Linear,MM,256,512,128,0.6657,0.4638,0.75,"(1, 512)","(1, 128)",dp_stress
111,stress_layer_12,Linear,MM,256,512,128,0.0606,0.0526,0.0,"(1, 512)","(1, 128)",dp_stress
111,stress_layer_13,Linear,MM,256,512,128,0.0662,0.0803,0.0,"(1, 512)","(1, 128)",dp_stress
111,stress_layer_14,Linear,MM,256,512,128,0.0963,0.0153,0.0,"(1, 512)","(1, 128)",dp_stress
111,stress_layer_15,Linear,MM,256,512,128,0.0423,0.1084,0.0,"(1, 512)","(1, 128)",dp_stress
111,stress_layer_16,Linear,MM,256,512,128,0.0094,0.0206,0.0,"(1, 512)","(1, 128)",dp_stress
111,stress_layer_17,Linear,MM,256,512,128,0.6302,0.3593,0.75,"(1, 512)","(1, 128)",dp_stress
111,stress_layer_18,Linear,MM,256,512,128,0.0626,0.1491,0.0,"(1, 512)","(1, 128)",dp_stress
111,stress_layer_19,Linear,MM,256,512,128,0.0263,0.0625,0.0,"(1, 512)","(1, 128)",dp_stress
111,stress_layer_20,Linear,MM,256,512,128,0.0254,0.1134,0.0,"(1, 512)","(1, 128)",dp_stress
111,stress_layer_21,Linear,MM,256,512,128,0.0307,0.136,0.0,"(1, 512)","(1, 128)",dp_stress
111,stress_layer_22,Linear,MM,256,512,128,0.0851,0.0239,0.0,"(1, 512)","(1, 128)",dp_stress
111,stress_layer_23,Linear,MM,256,512,128,0.6521,0.3201,0.75,"(1, 512)","(1, 128)",dp_stress
111,stress_layer_24,Linear,MM,256,512,128,0.0833,0.1085,0.0,"(1, 512)","(1, 128)",dp_stress
111,stress_layer_25,Linear,MM,256,512,128,0.0002,0.0738,0.0,"(1, 512)","(1, 128)",dp_stress
111,stress_layer_26,Linear,MM,256,512,128,0.0227,0.0325,0.0,"(1, 512)","(1, 128)",dp_stress
111,stress_layer_27,Linear,MM,256,512,128,0.0418,0.1033,0.0,"(1, 512)","(1, 128)",dp_stress
111,stress_layer_28,Linear,MM,256,512,128,0.0554,0.0538,0.0,"(1, 512)","(1, 128)",dp_stress
111,stress_layer_29,Linear,MM,256,512,128,0.5345,0.3035,0.75,"(1, 512)","(1, 128)",dp_stress
111,stress_layer_30,Linear,MM,256,512,128,0.0542,0.0501,0.0,"(1, 512)","(1, 128)",dp_stress
111,stress_layer_31,Linear,MM,256,512,128,0.0616,0.0617,0.0,"(1, 512)","(1, 128)",dp_stress
111,stress_layer_32,Linear,MM,256,512,128,0.056,0.0059,0.0,"(1, 512)","(1, 128)",dp_stress
111,stress_layer_33,Linear,MM,256,512,128,0.0176,0.0893,0.0,"(1, 512)","(1, 128)",dp_stress
111,stress_layer_34,Linear,MM,256,512,128,0.0274,0.03,0.0,"(1, 512)","(1, 128)",dp_stress
111,stress_layer_35,Linear,MM,256,512,128,0.6134,0.402,0.75,"(1, 512)","(1, 128)",dp_stress
111,stress_layer_36,Linear,MM,256,512,128,0.0764,0.1149,0.0,"(1, 512)","(1, 128)",dp_stress
111,stress_layer_37,Linear,MM,256,512,128,0.0214,0.1436,0.0,"(1, 512)","(1, 128)",dp_stress
111,stress_layer_38,Linear,MM,256,512,128,0.0547,0.0584,0.0,"(1, 512)","(1, 128)",dp_stress
111,stress_layer_39,Linear,MM,256,512,128,0.0212,0.0549,0.0,"(1, 512)","(1, 128)",dp_stress
112,stress_layer_0,Linear,MM,256,512,128,0.0704,0.0961,0.0,"(1, 512)","(1, 128)",dp_stress
112,stress_layer_1,Linear,MM,256,512,128,0.0367,0.1444,0.0,"(1, 512)","(1, 128)",dp_stress
112,stress_layer_2,Linear,MM,256,512,128,0.04,0.1298,0.0,"(1, 512)","(1, 128)",dp_stress
112,stress_layer_3,Linear,MM,256,512,128,0.0311,0.003,0.0,"(1, 512)","(1, 128)",dp_stress
112,stress_layer_4,Linear,MM,256,512,128,0.0638,0.0239,0.0,"(1, 512)","(1, 128)",dp_stress
112,stress_layer_5,Linear,MM,256,512,128,0.6088,0.3392,0.75,"(1, 512)","(1, 128)",dp_stress
112,stress_layer_6,Linear,MM,256,512,128,0.0497,0.1312,0.0,"(1, 512)","(1, 128)",dp_stress
112,stress_layer_7,Linear,MM,256,512,128,0.0318,0.0655,0.0,"(1, 512)","(1, 128)",dp_stress
112,stress_layer_8,Linear,MM,256,512,128,0.0747,0.0189,0.0,"(1, 512)","(1, 128)",dp_stress
112,stress_layer_9,Linear,MM,256,512,128,0.0837,0.1045,0.0,"(1, 512)","(1, 128)",dp_stress
112,stress_layer_10,Linear,MM,256,512,128,0.0968,0.0055,0.0,"(1, 512)","(1, 128)",dp_stress
112,stress_layer_11,Linear,MM,256,512,128,0.649,0.363,0.75,"(1, 512)","(1, 128)",dp_stress
112,stress_layer_12,Linear,MM,256,512,128,0.0016,0.1319,0.0,"(1, 512)","(1, 128)",dp_stress
112,stress_layer_13,Linear,MM,256,512,128,0.0723,0.1301,0.0,"(1, 512)","(1, 128)",dp_stress
112,stress_layer_14,Linear,MM,256,512,128,0.0257,0.0995,0.0,"(1, 512)","(1, 128)",dp_stress
112,stress_layer_15,Linear,MM,256,512,128,0.0316,0.1306,0.0,"(1, 512)","(1, 128)",dp_stress
112,stress_layer_16,Linear,MM,256,512,128,0.0232,0.1187,0.0,"(1, 512)","(1, 128)",dp_stress
112,stress_layer_17,Linear,MM,256,512,128,0.6062,0.4272,0.75,"(1, 512)","(1, 128)",dp_stress
112,stress_layer_18,Linear,MM,256,512,128,0.0288,0.0541,0.0,"(1, 512)","(1, 128)",dp_stress
112,stress_layer_19,Linear,MM,256,512,128,0.0671,0.0726,0.0,"(1, 512)","(1, 128)",dp_stress
112,stress_layer_20,Linear,MM,256,512,128,0.071,0.1183,0.0,"(1, 512)","(1, 128)",dp_stress
112,stress_layer_21,Linear,MM,256,512,128,0.0563,0.1259,0.0,"(1, 512)","(1, 128)",dp_stress
112,stress_layer_22,Linear,MM,256,512,128,0.0179,0.0213,0.0,"(1, 512)","(1, 128)",dp_stress
112,stress_layer_23,Linear,MM,256,512,128,0.6933,0.406,0.75,"(1, 512)","(1, 128)",dp_stress
112,stress_layer_24,Linear,MM,256,512,128,0.0651,0.1156,0.0,"(1, 512)","(1, 128)",dp_stress
112,stress_layer_25,Linear,MM,256,512,128,0.0464,0.1406,0.0,"(1, 512)","(1, 128)",dp_stress
112,stress_layer_26,Linear,MM,256,512,128,0.0177,0.1039,0.0,"(1, 512)","(1, 128)",dp_stress
112,stress_layer_27,Linear,MM,256,512,128,0.0134,0.0975,0.0,"(1, 512)","(1, 128)",dp_stress
112,stress_layer_28,Linear,MM,256,512,128,0.0882,0.132,0.0,"(1, 512)","(1, 128)",dp_stress
112,stress_layer_29,Linear,MM,256,512,128,0.554,0.3415,0.75,"(1, 512)","(1, 128)",dp_stress
112,stress_layer_30,Linear,MM,256,512,128,0.0217,0.1434,0.0,"(1, 512)","(1, 128)",dp_stress
112,stress_layer_31,Linear,MM,256,512,128,0.039,0.028,0.0,"(1, 512)","(1, 128)",dp_stress
112,stress_layer_32,Linear,MM,256,512,128,0.0862,0.0855,0.0,"(1, 512)","(1, 128)",dp_stress
112,stress_layer_33,Linear,MM,256,512,128,0.0744,0.0976,0.0,"(1, 512)","(1, 128)",dp_stress
112,stress_layer_34,Linear,MM,256,512,128,0.0736,0.1419,0.0,"(1, 512)","(1, 128)",dp_stress
112,stress_layer_35,Linear,MM,256,512,128,0.6863,0.4356,0.75,"(1, 512)","(1, 128)",dp_stress
112,stress_layer_36,Linear,MM,256,512,128,0.0452,0.0725,0.0,"(1, 512)","(1, 128)",dp_stress
112,stress_layer_37,Linear,MM,256,512,128,0.0365,0.0852,0.0,"(1, 512)","(1, 128)",dp_stress
112,stress_layer_38,Linear,MM,256,512,128,0.0081,0.0182,0.0,"(1, 512)","(1, 128)",dp_stress
112,stress_layer_39,Linear,MM,256,512,128,0.0346,0.0732,0.0,"(1, 512)","(1, 128)",dp_stress
113,stress_layer_0,Linear,MM,256,512,128,0.0538,0.1128,0.0,"(1, 512)","(1, 128)",dp_stress
113,stress_layer_1,Linear,MM,256,512,128,0.0482,0.0628,0.0,"(1, 512)","(1, 128)",dp_stress
113,stress_layer_2,Linear,MM,256,512,128,0.0856,0.0494,0.0,"(1, 512)","(1, 128)",dp_stress
113,stress_layer_3,Linear,MM,256,512,128,0.0336,0.0709,0.0,"(1, 512)","(1, 128)",dp_stress
113,stress_layer_4,Linear,MM,256,512,128,0.0542,0.0533,0.0,"(1, 512)","(1, 128)",dp_stress
113,stress_layer_5,Linear,MM,256,512,128,0.5693,0.4364,0.75,"(1, 512)","(1, 128)",dp_stress
113,stress_layer_6,Linear,MM,256,512,128,0.0217,0.0283,0.0,"(1, 512)","(1, 128)",dp_stress
113,stress_layer_7,Linear,MM,256,512,128,0.0975,0.0494,0.0,"(1, 512)","(1, 128)",dp_stress
113,stress_layer_8,Linear,MM,256,512,128,0.0463,0.1371,0.0,"(1, 512)","(1, 128)",dp_stress
113,stress_layer_9,Linear,MM,256,512,128,0.028,0.0418,0.0,"(1, 512)","(1, 128)",dp_stress
113,stress_layer_10,Linear,MM,256,512,128,0.0585,0.0828,0.0,"(1, 512)","(1, 128)",dp_stress
113,stress_layer_11,Linear,MM,256,512,128,0.6945,0.383,0.75,"(1, 512)","(1, 128)",dp_stress
113,stress_layer_12,Linear,MM,256,512,128,0.0727,0.0467,0.0,"(1, 512)","(1, 128)",dp_stress
113,stress_layer_13,Linear,MM,256,512,128,0.03,0.1352,0.0,"(1, 512)","(1, 128)",dp_stress
113,stress_layer_14,Linear,MM,256,512,128,0.0411,0.0619,0.0,"(1, 512)","(1, 128)",dp_stress
113,stress_layer_15,Linear,MM,256,512,128,0.0161,0.0418,0.0,"(1, 512)","(1, 128)",dp_stress
113,stress_layer_16,Linear,MM,256,512,128,0.0853,0.0479,0.0,"(1, 512)","(1, 128)",dp_stress
113,stress_layer_17,Linear,MM,256,512,128,0.6319,0.4608,0.75,"(1, 512)","(1, 128)",dp_stress
113,stress_layer_18,Linear,MM,256,512,128,0.0269,0.0248,0.0,"(1, 512)","(1, 128)",dp_stress
113,stress_layer_19,Linear,MM,256,512,128,0.0155,0.0977,0.0,"(1, 512)","(1, 128)",dp_stress
113,stress_layer_20,Linear,MM,256,512,128,0.0442,0.1152,0.0,"(1, 512)","(1, 128)",dp_stress
113,stress_layer_21,Linear,MM,256,512,128,0.0008,0.0168,0.0,"(1, 512)","(1, 128)",dp_stress
113,stress_layer_22,Linear,MM,256,512,128,0.0984,0.129,0.0,"(1, 512)","(1, 128)",dp_stress
113,stress_layer_23,Linear,MM,256,512,128,0.5988,0.3075,0.75,"(1, 512)","(1, 128)",dp_stress
113,stress_layer_24,Linear,MM,256,512,128,0.0442,0.1348,0.0,"(1, 512)","(1, 128)",dp_stress
113,stress_layer_25,Linear,MM,256,512,128,0.0289,0.1186,0.0,"(1, 512)","(1, 128)",dp_stress
113,stress_layer_26,Linear,MM,256,512,128,0.0881,0.0803,0.0,"(1, 512)","(1, 128)",dp_stress
113,stress_layer_27,Linear,MM,256,512,128,0.0588,0.0983,0.0,"(1, 512)","(1, 128)",dp_stress
113,stress_layer_28,Linear,MM,256,512,128,0.0832,0.075,0.0,"(1, 512)","(1, 128)",dp_stress
113,stress_layer_29,Linear,MM,256,512,128,0.5881,0.4461,0.75,"(1, 512)","(1, 128)",dp_stress
113,stress_layer_30,Linear,MM,256,512,128,0.0038,0.0192,0.0,"(1, 512)","(1, 128)",dp_stress
113,stress_layer_31,Linear,MM,256,512,128,0.0321,0.1421,0.0,"(1, 512)","(1, 128)",dp_stress
113,stress_layer_32,Linear,MM,256,512,128,0.0139,0.0873,0.0,"(1, 512)","(1, 128)",dp_stress
113,stress_layer_33,Linear,MM,256,512,128,0.0059,0.1441,0.0,"(1, 512)","(1, 128)",dp_stress
113,stress_layer_34,Linear,MM,256,512,128,0.0392,0.1033,0.0,"(1, 512)","(1, 128)",dp_stress
113,stress_layer_35,Linear,MM,256,512,128,0.6373,0.3605,0.75,"(1, 512)","(1, 128)",dp_stress
113,stress_layer_36,Linear,MM,256,512,128,0.0833,0.0959,0.0,"(1, 512)","(1, 128)",dp_stress
113,stress_layer_37,Linear,MM,256,512,128,0.0953,0.0634,0.0,"(1, 512)","(1, 128)",dp_stress
113,stress_layer_38,Linear,MM,256,512,128,0.046,0.1108,0.0,"(1, 512)","(1, 128)",dp_stress
113,stress_layer_39,Linear,MM,256,512,128,0.0125,0.0334,0.0,"(1, 512)","(1, 128)",dp_stress
114,stress_layer_0,Linear,MM,256,512,128,0.0756,0.0368,0.0,"(1, 512)","(1, 128)",dp_stress
114,stress_layer_1,Linear,MM,256,512,128,0.0414,0.0457,0.0,"(1, 512)","(1, 128)",dp_stress
114,stress_layer_2,Linear,MM,256,512,128,0.0845,0.0107,0.0,"(1, 512)","(1, 128)",dp_stress
114,stress_layer_3,Linear,MM,256,512,128,0.0014,0.0451,0.0,"(1, 512)","(1, 128)",dp_stress
114,stress_layer_4,Linear,MM,256,512,128,0.0298,0.0611,0.0,"(1, 512)","(1, 128)",dp_stress
114,stress_layer_5,Linear,MM,256,512,128,0.6861,0.3607,0.75,"(1, 512)","(1, 128)",dp_stress
114,stress_layer_6,Linear,MM,256,512,128,0.091,0.1067,0.0,"(1, 512)","(1, 128)",dp_stress
114,stress_layer_7,Linear,MM,256,512,128,0.0078,0.0251,0.0,"(1, 512)","(1, 128)",dp_stress
114,stress_layer_8,Linear,MM,256,512,128,0.0498,0.0438,0.0,"(1, 512)","(1, 128)",dp_stress
114,stress_layer_9,Linear,MM,256,512,128,0.0592,0.0185,0.0,"(1, 512)","(1, 128)",dp_stress
114,stress_layer_10,Linear,MM,256,512,128,0.0725,0.0712,0.0,"(1, 512)","(1, 128)",dp_stress
114,stress_layer_11,Linear,MM,256,512,128,0.5988,0.3914,0.75,"(1, 512)","(1, 128)",dp_stress
114,stress_layer_12,Linear,MM,256,512,128,0.0598,0.0503,0.0,"(1, 512)","(1, 128)",dp_stress
114,stress_layer_13,Linear,MM,256,512,128,0.0094,0.0644,0.0,"(1, 512)","(1, 128)",dp_stress
114,stress_layer_14,Linear,MM,256,512,128,0.05,0.1077,0.0,"(1, 512)","(1, 128)",dp_stress
114,stress_layer_15,Linear,MM,256,512,128,0.0283,0.0894,0.0,"(1, 512)","(1, 128)",dp_stress
114,stress_layer_16,Linear,MM,256,512,128,0.0036,0.129,0.0,"(1, 512)","(1, 128)",dp_stress
114,stress_layer_17,Linear,MM,256,512,128,0.6378,0.4976,0.75,"(1, 512)","(1, 128)",dp_stress
114,stress_layer_18,Linear,MM,256,512,128,0.0042,0.0001,0.0,"(1, 512)","(1, 128)",dp_stress
114,stress_layer_19,Linear,MM,256,512,128,0.0525,0.0233,0.0,"(1, 512)","(1, 128)",dp_stress
114,stress_layer_20,Linear,MM,256,512,128,0.0435,0.1131,0.0,"(1, 512)","(1, 128)",dp_stress
114,stress_layer_21,Linear,MM,256,512,128,0.0714,0.0591,0.0,"(1, 512)","(1, 128)",dp_stress
114,stress_layer_22,Linear,MM,256,512,128,0.0969,0.076,0.0,"(1, 512)","(1, 128)",dp_stress
114,stress_layer_23,Linear,MM,256,512,128,0.555,0.4875,0.75,"(1, 512)","(1, 128)",dp_stress
114,stress_layer_24,Linear,MM,256,512,128,0.0995,0.0693,0.0,"(1, 512)","(1, 128)",dp_stress
114,stress_layer_25,Linear,MM,256,512,128,0.0988,0.0833,0.0,"(1, 512)","(1, 128)",dp_stress
114,stress_layer_26,Linear,MM,256,512,128,0.0185,0.0917,0.0,"(1, 512)","(1, 128)",dp_stress
114,stress_layer_27,Linear,MM,256,512,128,0.0925,0.1017,0.0,"(1, 512)","(1, 128)",dp_stress
114,stress_layer_28,Linear,MM,256,512,128,0.0872,0.0746,0.0,"(1, 512)","(1, 128)",dp_stress
114,stress_layer_29,Linear,MM,256,512,128,0.5026,0.3413,0.75,"(1, 512)","(1, 128)",dp_stress
114,stress_layer_30,Linear,MM,256,512,128,0.0687,0.0158,0.0,"(1, 512)","(1, 128)",dp_stress
114,stress_layer_31,Linear,MM,256,512,128,0.056,0.1291,0.0,"(1, 512)","(1, 128)",dp_stress
114,stress_layer_32,Linear,MM,256,512,128,0.0481,0.103,0.0,"(1, 512)","(1, 128)",dp_stress
114,stress_layer_33,Linear,MM,256,512,128,0.0041,0.1386,0.0,"(1, 512)","(1, 128)",dp_stress
114,stress_layer_34,Linear,MM,256,512,128,0.0614,0.0795,0.0,"(1, 512)","(1, 128)",dp_stress
114,stress_layer_35,Linear,MM,256,512,128,0.6725,0.3829,0.75,"(1, 512)","(1, 128)",dp_stress
114,stress_layer_36,Linear,MM,256,512,128,0.0901,0.0636,0.0,"(1, 512)","(1, 128)",dp_stress
114,stress_layer_37,Linear,MM,256,512,128,0.0121,0.0567,0.0,"(1, 512)","(1, 128)",dp_stress
114,stress_layer_38,Linear,MM,256,512,128,0.0997,0.083,0.0,"(1, 512)","(1, 128)",dp_stress
114,stress_layer_39,Linear,MM,256,512,128,0.0038,0.1311,0.0,"(1, 512)","(1, 128)",dp_stress
115,stress_layer_0,Linear,MM,256,512,128,0.0116,0.0035,0.0,"(1, 512)","(1, 128)",dp_stress
115,stress_layer_1,Linear,MM,256,512,128,0.0462,0.0375,0.0,"(1, 512)","(1, 128)",dp_stress
115,stress_layer_2,Linear,MM,256,512,128,0.0198,0.0493,0.0,"(1, 512)","(1, 128)",dp_stress
115,stress_layer_3,Linear,MM,256,512,128,0.0178,0.0033,0.0,"(1, 512)","(1, 128)",dp_stress
115,stress_layer_4,Linear,MM,256,512,128,0.0712,0.1105,0.0,"(1, 512)","(1, 128)",dp_stress
115,stress_layer_5,Linear,MM,256,512,128,0.5282,0.4086,0.75,"(1, 512)","(1, 128)",dp_stress
115,stress_layer_6,Linear,MM,256,512,128,0.0217,0.0936,0.0,"(1, 512)","(1, 128)",dp_stress
115,stress_layer_7,Linear,MM,256,512,128,0.0579,0.1171,0.0,"(1, 512)","(1, 128)",dp_stress
115,stress_layer_8,Linear,MM,256,512,128,0.0248,0.1098,0.0,"(1, 512)","(1, 128)",dp_stress
115,stress_layer_9,Linear,MM,256,512,128,0.0964,0.0954,0.0,"(1, 512)","(1, 128)",dp_stress
115,stress_layer_10,Linear,MM,256,512,128,0.0671,0.1378,0.0,"(1, 512)","(1, 128)",dp_stress
115,stress_layer_11,Linear,MM,256,512,128,0.6518,0.3922,0.75,"(1, 512)","(1, 128)",dp_stress
115,stress_layer_12,Linear,MM,256,512,128,0.0285,0.0242,0.0,"(1, 512)","(1, 128)",dp_stress
115,stress_layer_13,Linear,MM,256,512,128,0.0743,0.0425,0.0,"(1, 512)","(1, 128)",dp_stress
115,stress_layer_14,Linear,MM,256,512,128,0.0428,0.0239,0.0,"(1, 512)","(1, 128)",dp_stress
115,stress_layer_15,Linear,MM,256,512,128,0.0971,0.1086,0.0,"(1, 512)","(1, 128)",dp_stress
115,stress_layer_16,Linear,MM,256,512,128,0.0849,0.0314,0.0,"(1, 512)","(1, 128)",dp_stress
115,stress_layer_17,Linear,MM,256,512,128,0.6938,0.3227,0.75,"(1, 512)","(1, 128)",dp_stress
115,stress_layer_18,Linear,MM,256,512,128,0.0974,0.0424,0.0,"(1, 512)","(1, 128)",dp_stress
115,stress_layer_19,Linear,MM,256,512,128,0.0219,0.0616,0.0,"(1, 512)","(1, 128)",dp_stress
115,stress_layer_20,Linear,MM,256,512,128,0.093,0.0062,0.0,"(1, 512)","(1, 128)",dp_stress
115,stress_layer_21,Linear,MM,256,512,128,0.0343,0.1349,0.0,"(1, 512)","(1, 128)",dp_stress
115,stress_layer_22,Linear,MM,256,512,128,0.0704,0.1253,0.0,"(1, 512)","(1, 128)",dp_stress
115,stress_layer_23,Linear,MM,256,512,128,0.5256,0.3554,0.75,"(1, 512)","(1, 128)",dp_stress
115,stress_layer_24,Linear,MM,256,512,128,0.0021,0.0514,0.0,"(1, 512)","(1, 128)",dp_stress
115,stress_layer_25,Linear,MM,256,512,128,0.0981,0.0717,0.0,"(1, 512)","(1, 128)",dp_stress
115,stress_layer_26,Linear,MM,256,512,128,0.0149,0.0476,0.0,"(1, 512)","(1, 128)",dp_stress
115,stress_layer_27,Linear,MM,256,512,128,0.0187,0.0456,0.0,"(1, 512)","(1, 128)",dp_stress
115,stress_layer_28,Linear,MM,256,512,128,0.0296,0.0896,0.0,"(1, 512)","(1, 128)",dp_stress
115,stress_layer_29,Linear,MM,256,512,128,0.6633,0.3211,0.75,"(1, 512)","(1, 128)",dp_stress
115,stress_layer_30,Linear,MM,256,512,128,0.096,0.0095,0.0,"(1, 512)","(1, 128)",dp_stress
115,stress_layer_31,Linear,MM,256,512,128,0.0759,0.139,0.0,"(1, 512)","(1, 128)",dp_stress
115,stress_layer_32,Linear,MM,256,512,128,0.0201,0.0201,0.0,"(1, 512)","(1, 128)",dp_stress
115,stress_layer_33,Linear,MM,256,512,128,0.002,0.1198,0.0,"(1, 512)","(1, 128)",dp_stress
115,stress_layer_34,Linear,MM,256,512,128,0.038,0.0491,0.0,"(1, 512)","(1, 128)",dp_stress
115,stress_layer_35,Linear,MM,256,512,128,0.6536,0.3208,0.75,"(1, 512)","(1, 128)",dp_stress
115,stress_layer_36,Linear,MM,256,512,128,0.0598,0.0147,0.0,"(1, 512)","(1, 128)",dp_stress
115,stress_layer_37,Linear,MM,256,512,128,0.0564,0.0481,0.0,"(1, 512)","(1, 128)",dp_stress
115,stress_layer_38,Linear,MM,256,512,128,0.0979,0.1491,0.0,"(1, 512)","(1, 128)",dp_stress
115,stress_layer_39,Linear,MM,256,512,128,0.0804,0.0028,0.0,"(1, 512)","(1, 128)",dp_stress
116,stress_layer_0,Linear,MM,256,512,128,0.0391,0.1115,0.0,"(1, 512)","(1, 128)",dp_stress
116,stress_layer_1,Linear,MM,256,512,128,0.0247,0.0883,0.0,"(1, 512)","(1, 128)",dp_stress
116,stress_layer_2,Linear,MM,256,512,128,0.0132,0.1312,0.0,"(1, 512)","(1, 128)",dp_stress
116,stress_layer_3,Linear,MM,256,512,128,0.0823,0.1355,0.0,"(1, 512)","(1, 128)",dp_stress
116,stress_layer_4,Linear,MM,256,512,128,0.094,0.001,0.0,"(1, 512)","(1, 128)",dp_stress
116,stress_layer_5,Linear,MM,256,512,128,0.6925,0.3037,0.75,"(1, 512)","(1, 128)",dp_stress
116,stress_layer_6,Linear,MM,256,512,128,0.0386,0.1124,0.0,"(1, 512)","(1, 128)",dp_stress
116,stress_layer_7,Linear,MM,256,512,128,0.097,0.0431,0.0,"(1, 512)","(1, 128)",dp_stress
116,stress_layer_8,Linear,MM,256,512,128,0.0061,0.0903,0.0,"(1, 512)","(1, 128)",dp_stress
116,stress_layer_9,Linear,MM,256,512,128,0.0301,0.1068,0.0,"(1, 512)","(1, 128)",dp_stress
116,stress_layer_10,Linear,MM,256,512,128,0.069,0.1116,0.0,"(1, 512)","(1, 128)",dp_stress
116,stress_layer_11,Linear,MM,256,512,128,0.6543,0.4532,0.75,"(1, 512)","(1, 128)",dp_stress
116,stress_layer_12,Linear,MM,256,512,128,0.0366,0.1131,0.0,"(1, 512)","(1, 128)",dp_stress
116,stress_layer_13,Linear,MM,256,512,128,0.0614,0.037,0.0,"(1, 512)","(1, 128)",dp_stress
116,stress_layer_14,Linear,MM,256,512,128,0.0532,0.1325,0.0,"(1, 512)","(1, 128)",dp_stress
116,stress_layer_15,Linear,MM,256,512,128,0.0613,0.0415,0.0,"(1, 512)","(1, 128)",dp_stress
116,stress_layer_16,Linear,MM,256,512,128,0.0384,0.1322,0.0,"(1, 512)","(1, 128)",dp_stress
116,stress_layer_17,Linear,MM,256,512,128,0.6759,0.4008,0.75,"(1, 512)","(1, 128)",dp_stress
116,stress_layer_18,Linear,MM,256,512,128,0.0723,0.0847,0.0,"(1, 512)","(1, 128)",dp_stress
116,stress_layer_19,Linear,MM,256,512,128,0.0614,0.068,0.0,"(1, 512)","(1, 128)",dp_stress
116,stress_layer_20,Linear,MM,256,512,128,0.003,0.1232,0.0,"(1, 512)","(1, 128)",dp_stress
116,stress_layer_21,Linear,MM,256,512,128,0.0214,0.1155,0.0,"(1, 512)","(1, 128)",dp_stress
116,stress_layer_22,Linear,MM,256,512,128,0.0958,0.13,0.0,"(1, 512)","(1, 128)",dp_stress
116,stress_layer_23,Linear,MM,256,512,128,0.6154,0.4698,0.75,"(1, 512)","(1, 128)",dp_stress
116,stress_layer_24,Linear,MM,256,512,128,0.0852,0.1108,0.0,"(1, 512)","(1, 128)",dp_stress
116,stress_layer_25,Linear,MM,256,512,128,0.0275,0.0889,0.0,"(1, 512)","(1, 128)",dp_stress
116,stress_layer_26,Linear,MM,256,512,128,0.059,0.0693,0.0,"(1, 512)","(1, 128)",dp_stress
116,stress_layer_27,Linear,MM,256,512,128,0.0047,0.0295,0.0,"(1, 512)","(1, 128)",dp_stress
116,stress_layer_28,Linear,MM,256,512,128,0.0243,0.0359,0.0,"(1, 512)","(1, 128)",dp_stress
116,stress_layer_29,Linear,MM,256,512,128,0.6452,0.4576,0.75,"(1, 512)","(1, 128)",dp_stress
116,stress_layer_30,Linear,MM,256,512,128,0.0298,0.0963,0.0,"(1, 512)","(1, 128)",dp_stress
116,stress_layer_31,Linear,MM,256,512,128,0.0684,0.0266,0.0,"(1, 512)","(1, 128)",dp_stress
116,stress_layer_32,Linear,MM,256,512,128,0.0797,0.0216,0.0,"(1, 512)","(1, 128)",dp_stress
116,stress_layer_33,Linear,MM,256,512,128,0.0633,0.082,0.0,"(1, 512)","(1, 128)",dp_stress
116,stress_layer_34,Linear,MM,256,512,128,0.0982,0.0483,0.0,"(1, 512)","(1, 128)",dp_stress
116,stress_layer_35,Linear,MM,256,512,128,0.5246,0.3001,0.75,"(1, 512)","(1, 128)",dp_stress
116,stress_layer_36,Linear,MM,256,512,128,0.0434,0.0633,0.0,"(1, 512)","(1, 128)",dp_stress
116,stress_layer_37,Linear,MM,256,512,128,0.0529,0.1173,0.0,"(1, 512)","(1, 128)",dp_stress
116,stress_layer_38,Linear,MM,256,512,128,0.0103,0.104,0.0,"(1, 512)","(1, 128)",dp_stress
116,stress_layer_39,Linear,MM,256,512,128,0.0397,0.1449,0.0,"(1, 512)","(1, 128)",dp_stress
117,stress_layer_0,Linear,MM,256,512,128,0.0225,0.0091,0.0,"(1, 512)","(1, 128)",dp_stress
117,stress_layer_1,Linear,MM,256,512,128,0.0934,0.0447,0.0,"(1, 512)","(1, 128)",dp_stress
117,stress_layer_2,Linear,MM,256,512,128,0.0365,0.1111,0.0,"(1, 512)","(1, 128)",dp_stress
117,stress_layer_3,Linear,MM,256,512,128,0.0786,0.0576,0.0,"(1, 512)","(1, 128)",dp_stress
117,stress_layer_4,Linear,MM,256,512,128,0.0817,0.0804,0.0,"(1, 512)","(1, 128)",dp_stress
117,stress_layer_5,Linear,MM,256,512,128,0.5135,0.4676,0.75,"(1, 512)","(1, 128)",dp_stress
117,stress_layer_6,Linear,MM,256,512,128,0.093,0.0089,0.0,"(1, 512)","(1, 128)",dp_stress
117,stress_layer_7,Linear,MM,256,512,128,0.0619,0.0684,0.0,"(1, 512)","(1, 128)",dp_stress
117,stress_layer_8,Linear,MM,256,512,128,0.0094,0.1124,0.0,"(1, 512)","(1, 128)",dp_stress
117,stress_layer_9,Linear,MM,256,512,128,0.0244,0.0121,0.0,"(1, 512)","(1, 128)",dp_stress
117,stress_layer_10,Linear,MM,256,512,128,0.0122,0.0695,0.0,"(1, 512)","(1, 128)",dp_stress
117,stress_layer_11,Linear,MM,256,512,128,0.5863,0.3773,0.75,"(1, 512)","(1, 128)",dp_stress
117,stress_layer_12,Linear,MM,256,512,128,0.0908,0.0179,0.0,"(1, 512)","(1, 128)",dp_stress
117,stress_layer_13,Linear,MM,256,512,128,0.0104,0.0163,0.0,"(1, 512)","(1, 128)",dp_stress
117,stress_layer_14,Linear,MM,256,512,128,0.0628,0.018,0.0,"(1, 512)","(1, 128)",dp_stress
117,stress_layer_15,Linear,MM,256,512,128,0.0363,0.1344,0.0,"(1, 512)","(1, 128)",dp_stress
117,stress_layer_16,Linear,MM,256,512,128,0.0224,0.0331,0.0,"(1, 512)","(1, 128)",dp_stress
117,stress_layer_17,Linear,MM,256,512,128,0.5873,0.4771,0.75,"(1, 512)","(1, 128)",dp_stress
117,stress_layer_18,Linear,MM,256,512,128,0.0626,0.0753,0.0,"(1, 512)","(1, 128)",dp_stress
117,stress_layer_19,Linear,MM,256,512,128,0.0715,0.0124,0.0,"(1, 512)","(1, 128)",dp_stress
117,stress_layer_20,Linear,MM,256,512,128,0.0834,0.1486,0.0,"(1, 512)","(1, 128)",dp_stress
117,stress_layer_21,Linear,MM,256,512,128,0.074,0.1292,0.0,"(1, 512)","(1, 128)",dp_stress
117,stress_layer_22,Linear,MM,256,512,128,0.0779,0.0097,0.0,"(1, 512)","(1, 128)",dp_stress
117,stress_layer_23,Linear,MM,256,512,128,0.6985,0.3181,0.75,"(1, 512)","(1, 128)",dp_stress
117,stress_layer_24,Linear,MM,256,512,128,0.0521,0.0501,0.0,"(1, 512)","(1, 128)",dp_stress
117,stress_layer_25,Linear,MM,256,512,128,0.0247,0.0189,0.0,"(1, 512)","(1, 128)",dp_stress
117,stress_layer_26,Linear,MM,256,512,128,0.0999,0.0657,0.0,"(1, 512)","(1, 128)",dp_stress
117,stress_layer_27,Linear,MM,256,512,128,0.0701,0.0067,0.0,"(1, 512)","(1, 128)",dp_stress
117,stress_layer_28,Linear,MM,256,512,128,0.0223,0.1491,0.0,"(1, 512)","(1, 128)",dp_stress
117,stress_layer_29,Linear,MM,256,512,128,0.6892,0.3078,0.75,"(1, 512)","(1, 128)",dp_stress
117,stress_layer_30,Linear,MM,256,512,128,0.0552,0.0207,0.0,"(1, 512)","(1, 128)",dp_stress
117,stress_layer_31,Linear,MM,256,512,128,0.0552,0.0772,0.0,"(1, 512)","(1, 128)",dp_stress
117,stress_layer_32,Linear,MM,256,512,128,0.0725,0.0458,0.0,"(1, 512)","(1, 128)",dp_stress
117,stress_layer_33,Linear,MM,256,512,128,0.0275,0.0871,0.0,"(1, 512)","(1, 128)",dp_stress
117,stress_layer_34,Linear,MM,256,512,128,0.0447,0.0979,0.0,"(1, 512)","(1, 128)",dp_stress
117,stress_layer_35,Linear,MM,256,512,128,0.5202,0.4021,0.75,"(1, 512)","(1, 128)",dp_stress
117,stress_layer_36,Linear,MM,256,512,128,0.0835,0.1262,0.0,"(1, 512)","(1, 128)",dp_stress
117,stress_layer_37,Linear,MM,256,512,128,0.0081,0.0903,0.0,"(1, 512)","(1, 128)",dp_stress
117,stress_layer_38,Linear,MM,256,512,128,0.0416,0.1237,0.0,"(1, 512)","(1, 128)",dp_stress
117,stress_layer_39,Linear,MM,256,512,128,0.037,0.0284,0.0,"(1, 512)","(1, 128)",dp_stress
118,stress_layer_0,Linear,MM,256,512,128,0.0565,0.0597,0.0,"(1, 512)","(1, 128)",dp_stress
118,stress_layer_1,Linear,MM,256,512,128,0.054,0.1081,0.0,"(1, 512)","(1, 128)",dp_stress
118,stress_layer_2,Linear,MM,256,512,128,0.0237,0.1335,0.0,"(1, 512)","(1, 128)",dp_stress
118,stress_layer_3,Linear,MM,256,512,128,0.0455,0.0287,0.0,"(1, 512)","(1, 128)",dp_stress
118,stress_layer_4,Linear,MM,256,512,128,0.0618,0.0758,0.0,"(1, 512)","(1, 128)",dp_stress
118,stress_layer_5,Linear,MM,256,512,128,0.6964,0.4879,0.75,"(1, 512)","(1, 128)",dp_stress
118,stress_layer_6,Linear,MM,256,512,128,0.0525,0.0317,0.0,"(1, 512)","(1, 128)",dp_stress
118,stress_layer_7,Linear,MM,256,512,128,0.0572,0.0599,0.0,"(1, 512)","(1, 128)",dp_stress
118,stress_layer_8,Linear,MM,256,512,128,0.0019,0.0259,0.0,"(1, 512)","(1, 128)",dp_stress
118,stress_layer_9,Linear,MM,256,512,128,0.0979,0.0665,0.0,"(1, 512)","(1, 128)",dp_stress
118,stress_layer_10,Linear,MM,256,512,128,0.0286,0.0616,0.0,"(1, 512)","(1, 128)",dp_stress
118,stress_layer_11,Linear,MM,256,512,128,0.6374,0.3481,0.75,"(1, 512)","(1, 128)",dp_stress
118,stress_layer_12,Linear,MM,256,512,128,0.0101,0.13,0.0,"(1, 512)","(1, 128)",dp_stress
118,stress_layer_13,Linear,MM,256,512,128,0.0415,0.0653,0.0,"(1, 512)","(1, 128)",dp_stress
118,stress_layer_14,Linear,MM,256,512,128,0.0131,0.0853,0.0,"(1, 512)","(1, 128)",dp_stress
118,stress_layer_15,Linear,MM,256,512,128,0.0228,0.0286,0.0,"(1, 512)","(1, 128)",dp_stress
118,stress_layer_16,Linear,MM,256,512,128,0.0627,0.1004,0.0,"(1, 512)","(1, 128)",dp_stress
118,stress_layer_17,Linear,MM,256,512,128,0.55,0.4689,0.75,"(1, 512)","(1, 128)",dp_stress
118,stress_layer_18,Linear,MM,256,512,128,0.0442,0.0612,0.0,"(1, 512)","(1, 128)",dp_stress
118,stress_layer_19,Linear,MM,256,512,128,0.0568,0.1306,0.0,"(1, 512)","(1, 128)",dp_stress
118,stress_layer_20,Linear,MM,256,512,128,0.0462,0.0124,0.0,"(1, 512)","(1, 128)",dp_stress
118,stress_layer_21,Linear,MM,256,512,128,0.094,0.0972,0.0,"(1, 512)","(1, 128)",dp_stress
118,stress_layer_22,Linear,MM,256,512,128,0.0579,0.0288,0.0,"(1, 512)","(1, 128)",dp_stress
118,stress_layer_23,Linear,MM,256,512,128,0.5135,0.4726,0.75,"(1, 512)","(1, 128)",dp_stress
118,stress_layer_24,Linear,MM,256,512,128,0.0452,0.0618,0.0,"(1, 512)","(1, 128)",dp_stress
118,stress_layer_25,Linear,MM,256,512,128,0.0896,0.0537,0.0,"(1, 512)","(1, 128)",dp_stress
118,stress_layer_26,Linear,MM,256,512,128,0.0995,0.1437,0.0,"(1, 512)","(1, 128)",dp_stress
118,stress_layer_27,Linear,MM,256,512,128,0.0923,0.1318,0.0,"(1, 512)","(1, 128)",dp_stress
118,stress_layer_28,Linear,MM,256,512,128,0.062,0.1388,0.0,"(1, 512)","(1, 128)",dp_stress
118,stress_layer_29,Linear,MM,256,512,128,0.5774,0.4526,0.75,"(1, 512)","(1, 128)",dp_stress
118,stress_layer_30,Linear,MM,256,512,128,0.0216,0.0498,0.0,"(1, 512)","(1, 128)",dp_stress
118,stress_layer_31,Linear,MM,256,512,128,0.0928,0.1223,0.0,"(1, 512)","(1, 128)",dp_stress
118,stress_layer_32,Linear,MM,256,512,128,0.0477,0.0068,0.0,"(1, 512)","(1, 128)",dp_stress
118,stress_layer_33,Linear,MM,256,512,128,0.0109,0.1162,0.0,"(1, 512)","(1, 128)",dp_stress
118,stress_layer_34,Linear,MM,256,512,128,0.003,0.0451,0.0,"(1, 512)","(1, 128)",dp_stress
118,stress_layer_35,Linear,MM,256,512,128,0.6562,0.3783,0.75,"(1, 512)","(1, 128)",dp_stress
118,stress_layer_36,Linear,MM,256,512,128,0.0192,0.0321,0.0,"(1, 512)","(1, 128)",dp_stress
118,stress_layer_37,Linear,MM,256,512,128,0.0479,0.0464,0.0,"(1, 512)","(1, 128)",dp_stress
118,stress_layer_38,Linear,MM,256,512,128,0.0637,0.1377,0.0,"(1, 512)","(1, 128)",dp_stress
118,stress_layer_39,Linear,MM,256,512,128,0.0603,0.1453,0.0,"(1, 512)","(1, 128)",dp_stress
119,stress_layer_0,Linear,MM,256,512,128,0.0796,0.0277,0.0,"(1, 512)","(1, 128)",dp_stress
119,stress_layer_1,Linear,MM,256,512,128,0.0974,0.0125,0.0,"(1, 512)","(1, 128)",dp_stress
119,stress_layer_2,Linear,MM,256,512,128,0.0388,0.0555,0.0,"(1, 512)","(1, 128)",dp_stress
119,stress_layer_3,Linear,MM,256,512,128,0.0586,0.0469,0.0,"(1, 512)","(1, 128)",dp_stress
119,stress_layer_4,Linear,MM,256,512,128,0.0395,0.115,0.0,"(1, 512)","(1, 128)",dp_stress
119,stress_layer_5,Linear,MM,256,512,128,0.5615,0.4566,0.75,"(1, 512)","(1, 128)",dp_stress
119,stress_layer_6,Linear,MM,256,512,128,0.0099,0.0388,0.0,"(1, 512)","(1, 128)",dp_stress
119,stress_layer_7,Linear,MM,256,512,128,0.0435,0.0889,0.0,"(1, 512)","(1, 128)",dp_stress
119,stress_layer_8,Linear,MM,256,512,128,0.0631,0.0559,0.0,"(1, 512)","(1, 128)",dp_stress
119,stress_layer_9,Linear,MM,256,512,128,0.0285,0.02,0.0,"(1, 512)","(1, 128)",dp_stress
119,stress_layer_10,Linear,MM,256,512,128,0.0444,0.12,0.0,"(1, 512)","(1, 128)",dp_stress
119,stress_layer_11,Linear,MM,256,512,128,0.5242,0.3444,0.75,"(1, 512)","(1, 128)",dp_stress
119,stress_layer_12,Linear,MM,256,512,128,0.0724,0.0552,0.0,"(1, 512)","(1, 128)",dp_stress
119,stress_layer_13,Linear,MM,256,512,128,0.0613,0.1104,0.0,"(1, 512)","(1, 128)",dp_stress
119,stress_layer_14,Linear,MM,256,512,128,0.0856,0.0633,0.0,"(1, 512)","(1, 128)",dp_stress
119,stress_layer_15,Linear,MM,256,512,128,0.03,0.1387,0.0,"(1, 512)","(1, 128)",dp_stress
119,stress_layer_16,Linear,MM,256,512,128,0.0989,0.0379,0.0,"(1, 512)","(1, 128)",dp_stress
119,stress_layer_17,Linear,MM,256,512,128,0.5753,0.3188,0.75,"(1, 512)","(1, 128)",dp_stress
119,stress_layer_18,Linear,MM,256,512,128,0.0331,0.1262,0.0,"(1, 512)","(1, 128)",dp_stress
119,stress_layer_19,Linear,MM,256,512,128,0.0996,0.1201,0.0,"(1, 512)","(1, 128)",dp_stress
119,stress_layer_20,Linear,MM,256,512,128,0.0611,0.128,0.0,"(1, 512)","(1, 128)",dp_stress
119,stress_layer_21,Linear,MM,256,512,128,0.0599,0.1175,0.0,"(1, 512)","(1, 128)",dp_stress
119,stress_layer_22,Linear,MM,256,512,128,0.0662,0.1417,0.0,"(1, 512)","(1, 128)",dp_stress
119,stress_layer_23,Linear,MM,256,512,128,0.6036,0.4905,0.75,"(1, 512)","(1, 128)",dp_stress
119,stress_layer_24,Linear,MM,256,512,128,0.0936,0.1406,0.0,"(1, 512)","(1, 128)",dp_stress
119,stress_layer_25,Linear,MM,256,512,128,0.0295,0.0914,0.0,"(1, 512)","(1, 128)",dp_stress
119,stress_layer_26,Linear,MM,256,512,128,0.0527,0.1178,0.0,"(1, 512)","(1, 128)",dp_stress
119,stress_layer_27,Linear,MM,256,512,128,0.0258,0.0315,0.0,"(1, 512)","(1, 128)",dp_stress
119,stress_layer_28,Linear,MM,256,512,128,0.0097,0.1335,0.0,"(1, 512)","(1, 128)",dp_stress
119,stress_layer_29,Linear,MM,256,512,128,0.5285,0.3196,0.75,"(1, 512)","(1, 128)",dp_stress
119,stress_layer_30,Linear,MM,256,512,128,0.0323,0.0177,0.0,"(1, 512)","(1, 128)",dp_stress
119,stress_layer_31,Linear,MM,256,512,128,0.0383,0.0414,0.0,"(1, 512)","(1, 128)",dp_stress
119,stress_layer_32,Linear,MM,256,512,128,0.0778,0.1147,0.0,"(1, 512)","(1, 128)",dp_stress
119,stress_layer_33,Linear,MM,256,512,128,0.0196,0.0169,0.0,"(1, 512)","(1, 128)",dp_stress
119,stress_layer_34,Linear,MM,256,512,128,0.0973,0.0143,0.0,"(1, 512)","(1, 128)",dp_stress
119,stress_layer_35,Linear,MM,256,512,128,0.5569,0.3977,0.75,"(1, 512)","(1, 128)",dp_stress
119,stress_layer_36,Linear,MM,256,512,128,0.0281,0.1028,0.0,"(1, 512)","(1, 128)",dp_stress
119,stress_layer_37,Linear,MM,256,512,128,0.0631,0.099,0.0,"(1, 512)","(1, 128)",dp_stress
119,stress_layer_38,Linear,MM,256,512,128,0.0556,0.1138,0.0,"(1, 512)","(1, 128)",dp_stress
119,stress_layer_39,Linear,MM,256,512,128,0.0129,0.1078,0.0,"(1, 512)","(1, 128)",dp_stress
120,stress_layer_0,Linear,MM,256,512,128,0.0173,0.0182,0.0,"(1, 512)","(1, 128)",dp_stress
120,stress_layer_1,Linear,MM,256,512,128,0.0182,0.0974,0.0,"(1, 512)","(1, 128)",dp_stress
120,stress_layer_2,Linear,MM,256,512,128,0.081,0.1034,0.0,"(1, 512)","(1, 128)",dp_stress
120,stress_layer_3,Linear,MM,256,512,128,0.0189,0.0542,0.0,"(1, 512)","(1, 128)",dp_stress
120,stress_layer_4,Linear,MM,256,512,128,0.0808,0.144,0.0,"(1, 512)","(1, 128)",dp_stress
120,stress_layer_5,Linear,MM,256,512,128,0.6803,0.451,0.75,"(1, 512)","(1, 128)",dp_stress
120,stress_layer_6,Linear,MM,256,512,128,0.0105,0.1352,0.0,"(1, 512)","(1, 128)",dp_stress
120,stress_layer_7,Linear,MM,256,512,128,0.0206,0.0782,0.0,"(1, 512)","(1, 128)",dp_stress
120,stress_layer_8,Linear,MM,256,512,128,0.0597,0.1099,0.0,"(1, 512)","(1, 128)",dp_stress
120,stress_layer_9,Linear,MM,256,512,128,0.05,0.0257,0.0,"(1, 512)","(1, 128)",dp_stress
120,stress_layer_10,Linear,MM,256,512,128,0.0671,0.0663,0.0,"(1, 512)","(1, 128)",dp_stress
120,stress_layer_11,Linear,MM,256,512,128,0.5537,0.3475,0.75,"(1, 512)","(1, 128)",dp_stress
120,stress_layer_12,Linear,MM,256,512,128,0.0688,0.0243,0.0,"(1, 512)","(1, 128)",dp_stress
120,stress_layer_13,Linear,MM,256,512,128,0.0697,0.1293,0.0,"(1, 512)","(1, 128)",dp_stress
120,stress_layer_14,Linear,MM,256,512,128,0.0582,0.0244,0.0,"(1, 512)","(1, 128)",dp_stress
120,stress_layer_15,Linear,MM,256,512,128,0.0315,0.0468,0.0,"(1, 512)","(1, 128)",dp_stress
120,stress_layer_16,Linear,MM,256,512,128,0.0337,0.0842,0.0,"(1, 512)","(1, 128)",dp_stress
120,stress_layer_17,Linear,MM,256,512,128,0.603,0.4614,0.75,"(1, 512)","(1, 128)",dp_stress
120,stress_layer_18,Linear,MM,256,512,128,0.0255,0.0106,0.0,"(1, 512)","(1, 128)",dp_stress
120,stress_layer_19,Linear,MM,256,512,128,0.0475,0.0693,0.0,"(1, 512)","(1, 128)",dp_stress
120,stress_layer_20,Linear,MM,256,512,128,0.0939,0.1326,0.0,"(1, 512)","(1, 128)",dp_stress
120,stress_layer_21,Linear,MM,256,512,128,0.0825,0.0154,0.0,"(1, 512)","(1, 128)",dp_stress
120,stress_layer_22,Linear,MM,256,512,128,0.0921,0.1038,0.0,"(1, 512)","(1, 128)",dp_stress
120,stress_layer_23,Linear,MM,256,512,128,0.525,0.3308,0.75,"(1, 512)","(1, 128)",dp_stress
120,stress_layer_24,Linear,MM,256,512,128,0.0188,0.0174,0.0,"(1, 512)","(1, 128)",dp_stress
120,stress_layer_25,Linear,MM,256,512,128,0.0734,0.0671,0.0,"(1, 512)","(1, 128)",dp_stress
120,stress_layer_26,Linear,MM,256,512,128,0.0651,0.047,0.0,"(1, 512)","(1, 128)",dp_stress
120,stress_layer_27,Linear,MM,256,512,128,0.0558,0.0985,0.0,"(1, 512)","(1, 128)",dp_stress
120,stress_layer_28,Linear,MM,256,512,128,0.0525,0.0999,0.0,"(1, 512)","(1, 128)",dp_stress
120,stress_layer_29,Linear,MM,256,512,128,0.6474,0.3264,0.75,"(1, 512)","(1, 128)",dp_stress
120,stress_layer_30,Linear,MM,256,512,128,0.0961,0.1149,0.0,"(1, 512)","(1, 128)",dp_stress
120,stress_layer_31,Linear,MM,256,512,128,0.005,0.0387,0.0,"(1, 512)","(1, 128)",dp_stress
120,stress_layer_32,Linear,MM,256,512,128,0.0737,0.0516,0.0,"(1, 512)","(1, 128)",dp_stress
120,stress_layer_33,Linear,MM,256,512,128,0.0519,0.0849,0.0,"(1, 512)","(1, 128)",dp_stress
120,stress_layer_34,Linear,MM,256,512,128,0.0137,0.0868,0.0,"(1, 512)","(1, 128)",dp_stress
120,stress_layer_35,Linear,MM,256,512,128,0.6201,0.386,0.75,"(1, 512)","(1, 128)",dp_stress
120,stress_layer_36,Linear,MM,256,512,128,0.0921,0.0908,0.0,"(1, 512)","(1, 128)",dp_stress
120,stress_layer_37,Linear,MM,256,512,128,0.0139,0.0306,0.0,"(1, 512)","(1, 128)",dp_stress
120,stress_layer_38,Linear,MM,256,512,128,0.0918,0.042,0.0,"(1, 512)","(1, 128)",dp_stress
120,stress_layer_39,Linear,MM,256,512,128,0.0794,0.0444,0.0,"(1, 512)","(1, 128)",dp_stress
121,stress_layer_0,Linear,MM,256,512,128,0.0742,0.0196,0.0,"(1, 512)","(1, 128)",dp_stress
121,stress_layer_1,Linear,MM,256,512,128,0.0043,0.0445,0.0,"(1, 512)","(1, 128)",dp_stress
121,stress_layer_2,Linear,MM,256,512,128,0.0678,0.1315,0.0,"(1, 512)","(1, 128)",dp_stress
121,stress_layer_3,Linear,MM,256,512,128,0.0936,0.0276,0.0,"(1, 512)","(1, 128)",dp_stress
121,stress_layer_4,Linear,MM,256,512,128,0.037,0.0418,0.0,"(1, 512)","(1, 128)",dp_stress
121,stress_layer_5,Linear,MM,256,512,128,0.5855,0.488,0.75,"(1, 512)","(1, 128)",dp_stress
121,stress_layer_6,Linear,MM,256,512,128,0.0967,0.0716,0.0,"(1, 512)","(1, 128)",dp_stress
121,stress_layer_7,Linear,MM,256,512,128,0.0714,0.1257,0.0,"(1, 512)","(1, 128)",dp_stress
121,stress_layer_8,Linear,MM,256,512,128,0.0929,0.0394,0.0,"(1, 512)","(1, 128)",dp_stress
121,stress_layer_9,Linear,MM,256,512,128,0.063,0.041,0.0,"(1, 512)","(1, 128)",dp_stress
121,stress_layer_10,Linear,MM,256,512,128,0.045,0.0713,0.0,"(1, 512)","(1, 128)",dp_stress
121,stress_layer_11,Linear,MM,256,512,128,0.6695,0.3081,0.75,"(1, 512)","(1, 128)",dp_stress
121,stress_layer_12,Linear,MM,256,512,128,0.0103,0.0585,0.0,"(1, 512)","(1, 128)",dp_stress
121,stress_layer_13,Linear,MM,256,512,128,0.0073,0.1493,0.0,"(1, 512)","(1, 128)",dp_stress
121,stress_layer_14,Linear,MM,256,512,128,0.002,0.0357,0.0,"(1, 512)","(1, 128)",dp_stress
121,stress_layer_15,Linear,MM,256,512,128,0.0905,0.0767,0.0,"(1, 512)","(1, 128)",dp_stress
121,stress_layer_16,Linear,MM,256,512,128,0.0754,0.1441,0.0,"(1, 512)","(1, 128)",dp_stress
121,stress_layer_17,Linear,MM,256,512,128,0.5279,0.3783,0.75,"(1, 512)","(1, 128)",dp_stress
121,stress_layer_18,Linear,MM,256,512,128,0.0467,0.0123,0.0,"(1, 512)","(1, 128)",dp_stress
121,stress_layer_19,Linear,MM,256,512,128,0.097,0.0341,0.0,"(1, 512)","(1, 128)",dp_stress
121,stress_layer_20,Linear,MM,256,512,128,0.0602,0.0287,0.0,"(1, 512)","(1, 128)",dp_stress
121,stress_layer_21,Linear,MM,256,512,128,0.064,0.0366,0.0,"(1, 512)","(1, 128)",dp_stress
121,stress_layer_22,Linear,MM,256,512,128,0.0453,0.0719,0.0,"(1, 512)","(1, 128)",dp_stress
121,stress_layer_23,Linear,MM,256,512,128,0.615,0.3309,0.75,"(1, 512)","(1, 128)",dp_stress
121,stress_layer_24,Linear,MM,256,512,128,0.0861,0.1066,0.0,"(1, 512)","(1, 128)",dp_stress
121,stress_layer_25,Linear,MM,256,512,128,0.0428,0.1298,0.0,"(1, 512)","(1, 128)",dp_stress
121,stress_layer_26,Linear,MM,256,512,128,0.0897,0.0793,0.0,"(1, 512)","(1, 128)",dp_stress
121,stress_layer_27,Linear,MM,256,512,128,0.016,0.0125,0.0,"(1, 512)","(1, 128)",dp_stress
121,stress_layer_28,Linear,MM,256,512,128,0.0525,0.1378,0.0,"(1, 512)","(1, 128)",dp_stress
121,stress_layer_29,Linear,MM,256,512,128,0.5392,0.436,0.75,"(1, 512)","(1, 128)",dp_stress
121,stress_layer_30,Linear,MM,256,512,128,0.0326,0.1497,0.0,"(1, 512)","(1, 128)",dp_stress
121,stress_layer_31,Linear,MM,256,512,128,0.0228,0.0805,0.0,"(1, 512)","(1, 128)",dp_stress
121,stress_layer_32,Linear,MM,256,512,128,0.0165,0.0657,0.0,"(1, 512)","(1, 128)",dp_stress
121,stress_layer_33,Linear,MM,256,512,128,0.0863,0.1399,0.0,"(1, 512)","(1, 128)",dp_stress
121,stress_layer_34,Linear,MM,256,512,128,0.015,0.0064,0.0,"(1, 512)","(1, 128)",dp_stress
121,stress_layer_35,Linear,MM,256,512,128,0.5438,0.3465,0.75,"(1, 512)","(1, 128)",dp_stress
121,stress_layer_36,Linear,MM,256,512,128,0.0995,0.1096,0.0,"(1, 512)","(1, 128)",dp_stress
121,stress_layer_37,Linear,MM,256,512,128,0.0095,0.0407,0.0,"(1, 512)","(1, 128)",dp_stress
121,stress_layer_38,Linear,MM,256,512,128,0.0991,0.0455,0.0,"(1, 512)","(1, 128)",dp_stress
121,stress_layer_39,Linear,MM,256,512,128,0.0985,0.147,0.0,"(1, 512)","(1, 128)",dp_stress
122,stress_layer_0,Linear,MM,256,512,128,0.0965,0.063,0.0,"(1, 512)","(1, 128)",dp_stress
122,stress_layer_1,Linear,MM,256,512,128,0.0016,0.0948,0.0,"(1, 512)","(1, 128)",dp_stress
122,stress_layer_2,Linear,MM,256,512,128,0.0869,0.1289,0.0,"(1, 512)","(1, 128)",dp_stress
122,stress_layer_3,Linear,MM,256,512,128,0.0789,0.0936,0.0,"(1, 512)","(1, 128)",dp_stress
122,stress_layer_4,Linear,MM,256,512,128,0.0781,0.0447,0.0,"(1, 512)","(1, 128)",dp_stress
122,stress_layer_5,Linear,MM,256,512,128,0.5958,0.315,0.75,"(1, 512)","(1, 128)",dp_stress
122,stress_layer_6,Linear,MM,256,512,128,0.0421,0.1431,0.0,"(1, 512)","(1, 128)",dp_stress
122,stress_layer_7,Linear,MM,256,512,128,0.0617,0.0048,0.0,"(1, 512)","(1, 128)",dp_stress
122,stress_layer_8,Linear,MM,256,512,128,0.0938,0.0352,0.0,"(1, 512)","(1, 128)",dp_stress
122,stress_layer_9,Linear,MM,256,512,128,0.0561,0.095,0.0,"(1, 512)","(1, 128)",dp_stress
122,stress_layer_10,Linear,MM,256,512,128,0.072,0.0875,0.0,"(1, 512)","(1, 128)",dp_stress
122,stress_layer_11,Linear,MM,256,512,128,0.5736,0.3474,0.75,"(1, 512)","(1, 128)",dp_stress
122,stress_layer_12,Linear,MM,256,512,128,0.0542,0.1263,0.0,"(1, 512)","(1, 128)",dp_stress
122,stress_layer_13,Linear,MM,256,512,128,0.0683,0.082,0.0,"(1, 512)","(1, 128)",dp_stress
122,stress_layer_14,Linear,MM,256,512,128,0.0066,0.1026,0.0,"(1, 512)","(1, 128)",dp_stress
122,stress_layer_15,Linear,MM,256,512,128,0.0569,0.071,0.0,"(1, 512)","(1, 128)",dp_stress
122,stress_layer_16,Linear,MM,256,512,128,0.057,0.1168,0.0,"(1, 512)","(1, 128)",dp_stress
122,stress_layer_17,Linear,MM,256,512,128,0.5938,0.3232,0.75,"(1, 512)","(1, 128)",dp_stress
122,stress_layer_18,Linear,MM,256,512,128,0.0274,0.0338,0.0,"(1, 512)","(1, 128)",dp_stress
122,stress_layer_19,Linear,MM,256,512,128,0.057,0.1474,0.0,"(1, 512)","(1, 128)",dp_stress
122,stress_layer_20,Linear,MM,256,512,128,0.0355,0.0067,0.0,"(1, 512)","(1, 128)",dp_stress
122,stress_layer_21,Linear,MM,256,512,128,0.0146,0.0838,0.0,"(1, 512)","(1, 128)",dp_stress
122,stress_layer_22,Linear,MM,256,512,128,0.0473,0.1297,0.0,"(1, 512)","(1, 128)",dp_stress
122,stress_layer_23,Linear,MM,256,512,128,0.5442,0.4882,0.75,"(1, 512)","(1, 128)",dp_stress
122,stress_layer_24,Linear,MM,256,512,128,0.0332,0.1008,0.0,"(1, 512)","(1, 128)",dp_stress
122,stress_layer_25,Linear,MM,256,512,128,0.0825,0.1208,0.0,"(1, 512)","(1, 128)",dp_stress
122,stress_layer_26,Linear,MM,256,512,128,0.027,0.0896,0.0,"(1, 512)","(1, 128)",dp_stress
122,stress_layer_27,Linear,MM,256,512,128,0.0179,0.045,0.0,"(1, 512)","(1, 128)",dp_stress
122,stress_layer_28,Linear,MM,256,512,128,0.0807,0.1387,0.0,"(1, 512)","(1, 128)",dp_stress
122,stress_layer_29,Linear,MM,256,512,128,0.5221,0.436,0.75,"(1, 512)","(1, 128)",dp_stress
122,stress_layer_30,Linear,MM,256,512,128,0.0407,0.1423,0.0,"(1, 512)","(1, 128)",dp_stress
122,stress_layer_31,Linear,MM,256,512,128,0.0463,0.0186,0.0,"(1, 512)","(1, 128)",dp_stress
122,stress_layer_32,Linear,MM,256,512,128,0.0721,0.0045,0.0,"(1, 512)","(1, 128)",dp_stress
122,stress_layer_33,Linear,MM,256,512,128,0.0065,0.1254,0.0,"(1, 512)","(1, 128)",dp_stress
122,stress_layer_34,Linear,MM,256,512,128,0.002,0.0986,0.0,"(1, 512)","(1, 128)",dp_stress
122,stress_layer_35,Linear,MM,256,512,128,0.5576,0.3799,0.75,"(1, 512)","(1, 128)",dp_stress
122,stress_layer_36,Linear,MM,256,512,128,0.0529,0.059,0.0,"(1, 512)","(1, 128)",dp_stress
122,stress_layer_37,Linear,MM,256,512,128,0.032,0.0353,0.0,"(1, 512)","(1, 128)",dp_stress
122,stress_layer_38,Linear,MM,256,512,128,0.0145,0.1106,0.0,"(1, 512)","(1, 128)",dp_stress
122,stress_layer_39,Linear,MM,256,512,128,0.076,0.1164,0.0,"(1, 512)","(1, 128)",dp_stress
123,stress_layer_0,Linear,MM,256,512,128,0.0866,0.0221,0.0,"(1, 512)","(1, 128)",dp_stress
123,stress_layer_1,Linear,MM,256,512,128,0.0552,0.0023,0.0,"(1, 512)","(1, 128)",dp_stress
123,stress_layer_2,Linear,MM,256,512,128,0.0389,0.111,0.0,"(1, 512)","(1, 128)",dp_stress
123,stress_layer_3,Linear,MM,256,512,128,0.0797,0.0141,0.0,"(1, 512)","(1, 128)",dp_stress
123,stress_layer_4,Linear,MM,256,512,128,0.0782,0.1037,0.0,"(1, 512)","(1, 128)",dp_stress
123,stress_layer_5,Linear,MM,256,512,128,0.5448,0.3715,0.75,"(1, 512)","(1, 128)",dp_stress
123,stress_layer_6,Linear,MM,256,512,128,0.0511,0.1205,0.0,"(1, 512)","(1, 128)",dp_stress
123,stress_layer_7,Linear,MM,256,512,128,0.0692,0.0874,0.0,"(1, 512)","(1, 128)",dp_stress
123,stress_layer_8,Linear,MM,256,512,128,0.0478,0.0623,0.0,"(1, 512)","(1, 128)",dp_stress
123,stress_layer_9,Linear,MM,256,512,128,0.0969,0.054,0.0,"(1, 512)","(1, 128)",dp_stress
123,stress_layer_10,Linear,MM,256,512,128,0.0528,0.144,0.0,"(1, 512)","(1, 128)",dp_stress
123,stress_layer_11,Linear,MM,256,512,128,0.6883,0.3936,0.75,"(1, 512)","(1, 128)",dp_stress
123,stress_layer_12,Linear,MM,256,512,128,0.0144,0.0328,0.0,"(1, 512)","(1, 128)",dp_stress
123,stress_layer_13,Linear,MM,256,512,128,0.0028,0.1238,0.0,"(1, 512)","(1, 128)",dp_stress
123,stress_layer_14,Linear,MM,256,512,128,0.0327,0.0289,0.0,"(1, 512)","(1, 128)",dp_stress
123,stress_layer_15,Linear,MM,256,512,128,0.0685,0.0232,0.0,"(1, 512)","(1, 128)",dp_stress
123,stress_layer_16,Linear,MM,256,512,128,0.048,0.0089,0.0,"(1, 512)","(1, 128)",dp_stress
123,stress_layer_17,Linear,MM,256,512,128,0.5931,0.4113,0.75,"(1, 512)","(1, 128)",dp_stress
123,stress_layer_18,Linear,MM,256,512,128,0.088,0.1356,0.0,"(1, 512)","(1, 128)",dp_stress
123,stress_layer_19,Linear,MM,256,512,128,0.0452,0.1173,0.0,"(1, 512)","(1, 128)",dp_stress
123,stress_layer_20,Linear,MM,256,512,128,0.0772,0.1242,0.0,"(1, 512)","(1, 128)",dp_stress
123,stress_layer_21,Linear,MM,256,512,128,0.0217,0.1018,0.0,"(1, 512)","(1, 128)",dp_stress
123,stress_layer_22,Linear,MM,256,512,128,0.0753,0.0969,0.0,"(1, 512)","(1, 128)",dp_stress
123,stress_layer_23,Linear,MM,256,512,128,0.6507,0.4612,0.75,"(1, 512)","(1, 128)",dp_stress
123,stress_layer_24,Linear,MM,256,512,128,0.0493,0.1186,0.0,"(1, 512)","(1, 128)",dp_stress
123,stress_layer_25,Linear,MM,256,512,128,0.0061,0.0191,0.0,"(1, 512)","(1, 128)",dp_stress
123,stress_layer_26,Linear,MM,256,512,128,0.0503,0.087,0.0,"(1, 512)","(1, 128)",dp_stress
123,stress_layer_27,Linear,MM,256,512,128,0.0889,0.1462,0.0,"(1, 512)","(1, 128)",dp_stress
123,stress_layer_28,Linear,MM,256,512,128,0.0405,0.0993,0.0,"(1, 512)","(1, 128)",dp_stress
123,stress_layer_29,Linear,MM,256,512,128,0.5713,0.4711,0.75,"(1, 512)","(1, 128)",dp_stress
123,stress_layer_30,Linear,MM,256,512,128,0.0156,0.088,0.0,"(1, 512)","(1, 128)",dp_stress
123,stress_layer_31,Linear,MM,256,512,128,0.0476,0.096,0.0,"(1, 512)","(1, 128)",dp_stress
123,stress_layer_32,Linear,MM,256,512,128,0.0374,0.0357,0.0,"(1, 512)","(1, 128)",dp_stress
123,stress_layer_33,Linear,MM,256,512,128,0.0546,0.0991,0.0,"(1, 512)","(1, 128)",dp_stress
123,stress_layer_34,Linear,MM,256,512,128,0.0586,0.1192,0.0,"(1, 512)","(1, 128)",dp_stress
123,stress_layer_35,Linear,MM,256,512,128,0.5767,0.407,0.75,"(1, 512)","(1, 128)",dp_stress
123,stress_layer_36,Linear,MM,256,512,128,0.0394,0.0393,0.0,"(1, 512)","(1, 128)",dp_stress
123,stress_layer_37,Linear,MM,256,512,128,0.0029,0.0369,0.0,"(1, 512)","(1, 128)",dp_stress
123,stress_layer_38,Linear,MM,256,512,128,0.0149,0.0924,0.0,"(1, 512)","(1, 128)",dp_stress
123,stress_layer_39,Linear,MM,256,512,128,0.0874,0.0411,0.0,"(1, 512)","(1, 128)",dp_stress
124,stress_layer_0,Linear,MM,256,512,128,0.0317,0.0246,0.0,"(1, 512)","(1, 128)",dp_stress
124,stress_layer_1,Linear,MM,256,512,128,0.0441,0.0532,0.0,"(1, 512)","(1, 128)",dp_stress
124,stress_layer_2,Linear,MM,256,512,128,0.0642,0.0793,0.0,"(1, 512)","(1, 128)",dp_stress
124,stress_layer_3,Linear,MM,256,512,128,0.0157,0.1095,0.0,"(1, 512)","(1, 128)",dp_stress
124,stress_layer_4,Linear,MM,256,512,128,0.0798,0.1149,0.0,"(1, 512)","(1, 128)",dp_stress
124,stress_layer_5,Linear,MM,256,512,128,0.5268,0.4151,0.75,"(1, 512)","(1, 128)",dp_stress
124,stress_layer_6,Linear,MM,256,512,128,0.0298,0.1435,0.0,"(1, 512)","(1, 128)",dp_stress
124,stress_layer_7,Linear,MM,256,512,128,0.0353,0.0308,0.0,"(1, 512)","(1, 128)",dp_stress
124,stress_layer_8,Linear,MM,256,512,128,0.0848,0.0537,0.0,"(1, 512)","(1, 128)",dp_stress
124,stress_layer_9,Linear,MM,256,512,128,0.0961,0.0825,0.0,"(1, 512)","(1, 128)",dp_stress
124,stress_layer_10,Linear,MM,256,512,128,0.0023,0.1224,0.0,"(1, 512)","(1, 128)",dp_stress
124,stress_layer_11,Linear,MM,256,512,128,0.5802,0.3315,0.75,"(1, 512)","(1, 128)",dp_stress
124,stress_layer_12,Linear,MM,256,512,128,0.0204,0.0392,0.0,"(1, 512)","(1, 128)",dp_stress
124,stress_layer_13,Linear,MM,256,512,128,0.0546,0.1132,0.0,"(1, 512)","(1, 128)",dp_stress
124,stress_layer_14,Linear,MM,256,512,128,0.008,0.128,0.0,"(1, 512)","(1, 128)",dp_stress
124,stress_layer_15,Linear,MM,256,512,128,0.0018,0.1026,0.0,"(1, 512)","(1, 128)",dp_stress
124,stress_layer_16,Linear,MM,256,512,128,0.0832,0.0292,0.0,"(1, 512)","(1, 128)",dp_stress
124,stress_layer_17,Linear,MM,256,512,128,0.5543,0.4813,0.75,"(1, 512)","(1, 128)",dp_stress
124,stress_layer_18,Linear,MM,256,512,128,0.0692,0.1457,0.0,"(1, 512)","(1, 128)",dp_stress
124,stress_layer_19,Linear,MM,256,512,128,0.0053,0.0708,0.0,"(1, 512)","(1, 128)",dp_stress
124,stress_layer_20,Linear,MM,256,512,128,0.0174,0.0114,0.0,"(1, 512)","(1, 128)",dp_stress
124,stress_layer_21,Linear,MM,256,512,128,0.0508,0.0292,0.0,"(1, 512)","(1, 128)",dp_stress
124,stress_layer_22,Linear,MM,256,512,128,0.0647,0.0276,0.0,"(1, 512)","(1, 128)",dp_stress
124,stress_layer_23,Linear,MM,256,512,128,0.5472,0.301,0.75,"(1, 512)","(1, 128)",dp_stress
124,stress_layer_24,Linear,MM,256,512,128,0.0002,0.0639,0.0,"(1, 512)","(1, 128)",dp_stress
124,stress_layer_25,Linear,MM,256,512,128,0.0978,0.071,0.0,"(1, 512)","(1, 128)",dp_stress
124,stress_layer_26,Linear,MM,256,512,128,0.0877,0.1137,0.0,"(1, 512)","(1, 128)",dp_stress
124,stress_layer_27,Linear,MM,256,512,128,0.1,0.1235,0.0,"(1, 512)","(1, 128)",dp_stress
124,stress_layer_28,Linear,MM,256,512,128,0.0559,0.1467,0.0,"(1, 512)","(1, 128)",dp_stress
124,stress_layer_29,Linear,MM,256,512,128,0.6502,0.3528,0.75,"(1, 512)","(1, 128)",dp_stress
124,stress_layer_30,Linear,MM,256,512,128,0.0316,0.0271,0.0,"(1, 512)","(1, 128)",dp_stress
124,stress_layer_31,Linear,MM,256,512,128,0.0878,0.0182,0.0,"(1, 512)","(1, 128)",dp_stress
124,stress_layer_32,Linear,MM,256,512,128,0.0334,0.0538,0.0,"(1, 512)","(1, 128)",dp_stress
124,stress_layer_33,Linear,MM,256,512,128,0.061,0.0355,0.0,"(1, 512)","(1, 128)",dp_stress
124,stress_layer_34,Linear,MM,256,512,128,0.0192,0.0441,0.0,"(1, 512)","(1, 128)",dp_stress
124,stress_layer_35,Linear,MM,256,512,128,0.6516,0.3901,0.75,"(1, 512)","(1, 128)",dp_stress
124,stress_layer_36,Linear,MM,256,512,128,0.0356,0.1176,0.0,"(1, 512)","(1, 128)",dp_stress
124,stress_layer_37,Linear,MM,256,512,128,0.0423,0.0441,0.0,"(1, 512)","(1, 128)",dp_stress
124,stress_layer_38,Linear,MM,256,512,128,0.0716,0.1296,0.0,"(1, 512)","(1, 128)",dp_stress
124,stress_layer_39,Linear,MM,256,512,128,0.0794,0.071,0.0,"(1, 512)","(1, 128)",dp_stress
125,stress_layer_0,Linear,MM,256,512,128,0.0262,0.0112,0.0,"(1, 512)","(1, 128)",dp_stress
125,stress_layer_1,Linear,MM,256,512,128,0.0743,0.0379,0.0,"(1, 512)","(1, 128)",dp_stress
125,stress_layer_2,Linear,MM,256,512,128,0.0078,0.0381,0.0,"(1, 512)","(1, 128)",dp_stress
125,stress_layer_3,Linear,MM,256,512,128,0.0299,0.1371,0.0,"(1, 512)","(1, 128)",dp_stress
125,stress_layer_4,Linear,MM,256,512,128,0.0061,0.022,0.0,"(1, 512)","(1, 128)",dp_stress
125,stress_layer_5,Linear,MM,256,512,128,0.6583,0.4111,0.75,"(1, 512)","(1, 128)",dp_stress
125,stress_layer_6,Linear,MM,256,512,128,0.013,0.0453,0.0,"(1, 512)","(1, 128)",dp_stress
125,stress_layer_7,Linear,MM,256,512,128,0.0811,0.0779,0.0,"(1, 512)","(1, 128)",dp_stress
125,stress_layer_8,Linear,MM,256,512,128,0.0187,0.0246,0.0,"(1, 512)","(1, 128)",dp_stress
125,stress_layer_9,Linear,MM,256,512,128,0.0292,0.0538,0.0,"(1, 512)","(1, 128)",dp_stress
125,stress_layer_10,Linear,MM,256,512,128,0.0147,0.0273,0.0,"(1, 512)","(1, 128)",dp_stress
125,stress_layer_11,Linear,MM,256,512,128,0.6935,0.4319,0.75,"(1, 512)","(1, 128)",dp_stress
125,stress_layer_12,Linear,MM,256,512,128,0.022,0.0647,0.0,"(1, 512)","(1, 128)",dp_stress
125,stress_layer_13,Linear,MM,256,512,128,0.0515,0.1356,0.0,"(1, 512)","(1, 128)",dp_stress
125,stress_layer_14,Linear,MM,256,512,128,0.0093,0.1448,0.0,"(1, 512)","(1, 128)",dp_stress
125,stress_layer_15,Linear,MM,256,512,128,0.0086,0.0517,0.0,"(1, 512)","(1, 128)",dp_stress
125,stress_layer_16,Linear,MM,256,512,128,0.0357,0.0737,0.0,"(1, 512)","(1, 128)",dp_stress
125,stress_layer_17,Linear,MM,256,512,128,0.578,0.4586,0.75,"(1, 512)","(1, 128)",dp_stress
125,stress_layer_18,Linear,MM,256,512,128,0.0315,0.0293,0.0,"(1, 512)","(1, 128)",dp_stress
125,stress_layer_19,Linear,MM,256,512,128,0.0387,0.1346,0.0,"(1, 512)","(1, 128)",dp_stress
125,stress_layer_20,Linear,MM,256,512,128,0.0125,0.0389,0.0,"(1, 512)","(1, 128)",dp_stress
125,stress_layer_21,Linear,MM,256,512,128,0.0939,0.0357,0.0,"(1, 512)","(1, 128)",dp_stress
125,stress_layer_22,Linear,MM,256,512,128,0.0993,0.0913,0.0,"(1, 512)","(1, 128)",dp_stress
125,stress_layer_23,Linear,MM,256,512,128,0.537,0.3635,0.75,"(1, 512)","(1, 128)",dp_stress
125,stress_layer_24,Linear,MM,256,512,128,0.0858,0.065,0.0,"(1, 512)","(1, 128)",dp_stress
125,stress_layer_25,Linear,MM,256,512,128,0.0235,0.0802,0.0,"(1, 512)","(1, 128)",dp_stress
125,stress_layer_26,Linear,MM,256,512,128,0.0902,0.1141,0.0,"(1, 512)","(1, 128)",dp_stress
125,stress_layer_27,Linear,MM,256,512,128,0.0406,0.0012,0.0,"(1, 512)","(1, 128)",dp_stress
125,stress_layer_28,Linear,MM,256,512,128,0.0625,0.1494,0.0,"(1, 512)","(1, 128)",dp_stress
125,stress_layer_29,Linear,MM,256,512,128,0.5953,0.452,0.75,"(1, 512)","(1, 128)",dp_stress
125,stress_layer_30,Linear,MM,256,512,128,0.0674,0.0528,0.0,"(1, 512)","(1, 128)",dp_stress
125,stress_layer_31,Linear,MM,256,512,128,0.0564,0.1012,0.0,"(1, 512)","(1, 128)",dp_stress
125,stress_layer_32,Linear,MM,256,512,128,0.0059,0.0106,0.0,"(1, 512)","(1, 128)",dp_stress
125,stress_layer_33,Linear,MM,256,512,128,0.0677,0.1001,0.0,"(1, 512)","(1, 128)",dp_stress
125,stress_layer_34,Linear,MM,256,512,128,0.0477,0.0283,0.0,"(1, 512)","(1, 128)",dp_stress
125,stress_layer_35,Linear,MM,256,512,128,0.5655,0.3764,0.75,"(1, 512)","(1, 128)",dp_stress
125,stress_layer_36,Linear,MM,256,512,128,0.092,0.0243,0.0,"(1, 512)","(1, 128)",dp_stress
125,stress_layer_37,Linear,MM,256,512,128,0.0121,0.1459,0.0,"(1, 512)","(1, 128)",dp_stress
125,stress_layer_38,Linear,MM,256,512,128,0.0029,0.0309,0.0,"(1, 512)","(1, 128)",dp_stress
125,stress_layer_39,Linear,MM,256,512,128,0.0388,0.0048,0.0,"(1, 512)","(1, 128)",dp_stress
126,stress_layer_0,Linear,MM,256,512,128,0.0807,0.0268,0.0,"(1, 512)","(1, 128)",dp_stress
126,stress_layer_1,Linear,MM,256,512,128,0.0795,0.0111,0.0,"(1, 512)","(1, 128)",dp_stress
126,stress_layer_2,Linear,MM,256,512,128,0.0935,0.1026,0.0,"(1, 512)","(1, 128)",dp_stress
126,stress_layer_3,Linear,MM,256,512,128,0.0371,0.0087,0.0,"(1, 512)","(1, 128)",dp_stress
126,stress_layer_4,Linear,MM,256,512,128,0.0846,0.0401,0.0,"(1, 512)","(1, 128)",dp_stress
126,stress_layer_5,Linear,MM,256,512,128,0.6983,0.3279,0.75,"(1, 512)","(1, 128)",dp_stress
126,stress_layer_6,Linear,MM,256,512,128,0.0276,0.1434,0.0,"(1, 512)","(1, 128)",dp_stress
126,stress_layer_7,Linear,MM,256,512,128,0.0649,0.136,0.0,"(1, 512)","(1, 128)",dp_stress
126,stress_layer_8,Linear,MM,256,512,128,0.0725,0.0279,0.0,"(1, 512)","(1, 128)",dp_stress
126,stress_layer_9,Linear,MM,256,512,128,0.0409,0.0368,0.0,"(1, 512)","(1, 128)",dp_stress
126,stress_layer_10,Linear,MM,256,512,128,0.0553,0.053,0.0,"(1, 512)","(1, 128)",dp_stress
126,stress_layer_11,Linear,MM,256,512,128,0.5788,0.4299,0.75,"(1, 512)","(1, 128)",dp_stress
126,stress_layer_12,Linear,MM,256,512,128,0.0833,0.1049,0.0,"(1, 512)","(1, 128)",dp_stress
126,stress_layer_13,Linear,MM,256,512,128,0.0057,0.0152,0.0,"(1, 512)","(1, 128)",dp_stress
126,stress_layer_14,Linear,MM,256,512,128,0.0486,0.0778,0.0,"(1, 512)","(1, 128)",dp_stress
126,stress_layer_15,Linear,MM,256,512,128,0.0943,0.0429,0.0,"(1, 512)","(1, 128)",dp_stress
126,stress_layer_16,Linear,MM,256,512,128,0.0656,0.0751,0.0,"(1, 512)","(1, 128)",dp_stress
126,stress_layer_17,Linear,MM,256,512,128,0.5678,0.354,0.75,"(1, 512)","(1, 128)",dp_stress
126,stress_layer_18,Linear,MM,256,512,128,0.0396,0.0082,0.0,"(1, 512)","(1, 128)",dp_stress
126,stress_layer_19,Linear,MM,256,512,128,0.0905,0.0531,0.0,"(1, 512)","(1, 128)",dp_stress
126,stress_layer_20,Linear,MM,256,512,128,0.0376,0.1022,0.0,"(1, 512)","(1, 128)",dp_stress
126,stress_layer_21,Linear,MM,256,512,128,0.0401,0.126,0.0,"(1, 512)","(1, 128)",dp_stress
126,stress_layer_22,Linear,MM,256,512,128,0.0671,0.0702,0.0,"(1, 512)","(1, 128)",dp_stress
126,stress_layer_23,Linear,MM,256,512,128,0.6716,0.3904,0.75,"(1, 512)","(1, 128)",dp_stress
126,stress_layer_24,Linear,MM,256,512,128,0.059,0.0365,0.0,"(1, 512)","(1, 128)",dp_stress
126,stress_layer_25,Linear,MM,256,512,128,0.0908,0.0314,0.0,"(1, 512)","(1, 128)",dp_stress
126,stress_layer_26,Linear,MM,256,512,128,0.0052,0.025,0.0,"(1, 512)","(1, 128)",dp_stress
126,stress_layer_27,Linear,MM,256,512,128,0.0524,0.0915,0.0,"(1, 512)","(1, 128)",dp_stress
126,stress_layer_28,Linear,MM,256,512,128,0.0178,0.0854,0.0,"(1, 512)","(1, 128)",dp_stress
126,stress_layer_29,Linear,MM,256,512,128,0.5913,0.3615,0.75,"(1, 512)","(1, 128)",dp_stress
126,stress_layer_30,Linear,MM,256,512,128,0.0297,0.0421,0.0,"(1, 512)","(1, 128)",dp_stress
126,stress_layer_31,Linear,MM,256,512,128,0.0447,0.0737,0.0,"(1, 512)","(1, 128)",dp_stress
126,stress_layer_32,Linear,MM,256,512,128,0.0746,0.1149,0.0,"(1, 512)","(1, 128)",dp_stress
126,stress_layer_33,Linear,MM,256,512,128,0.0368,0.1481,0.0,"(1, 512)","(1, 128)",dp_stress
126,stress_layer_34,Linear,MM,256,512,128,0.0234,0.1315,0.0,"(1, 512)","(1, 128)",dp_stress
126,stress_layer_35,Linear,MM,256,512,128,0.6198,0.4651,0.75,"(1, 512)","(1, 128)",dp_stress
126,stress_layer_36,Linear,MM,256,512,128,0.039,0.1409,0.0,"(1, 512)","(1, 128)",dp_stress
126,stress_layer_37,Linear,MM,256,512,128,0.0878,0.1058,0.0,"(1, 512)","(1, 128)",dp_stress
126,stress_layer_38,Linear,MM,256,512,128,0.056,0.0943,0.0,"(1, 512)","(1, 128)",dp_stress
126,stress_layer_39,Linear,MM,256,512,128,0.0988,0.0892,0.0,"(1, 512)","(1, 128)",dp_stress
127,stress_layer_0,Linear,MM,256,512,128,0.06,0.1451,0.0,"(1, 512)","(1, 128)",dp_stress
127,stress_layer_1,Linear,MM,256,512,128,0.008,0.1454,0.0,"(1, 512)","(1, 128)",dp_stress
127,stress_layer_2,Linear,MM,256,512,128,0.0687,0.0629,0.0,"(1, 512)","(1, 128)",dp_stress
127,stress_layer_3,Linear,MM,256,512,128,0.0974,0.0148,0.0,"(1, 512)","(1, 128)",dp_stress
127,stress_layer_4,Linear,MM,256,512,128,0.0791,0.0221,0.0,"(1, 512)","(1, 128)",dp_stress
127,stress_layer_5,Linear,MM,256,512,128,0.6655,0.3974,0.75,"(1, 512)","(1, 128)",dp_stress
127,stress_layer_6,Linear,MM,256,512,128,0.0963,0.1225,0.0,"(1, 512)","(1, 128)",dp_stress
127,stress_layer_7,Linear,MM,256,512,128,0.0701,0.0085,0.0,"(1, 512)","(1, 128)",dp_stress
127,stress_layer_8,Linear,MM,256,512,128,0.0088,0.0256,0.0,"(1, 512)","(1, 128)",dp_stress
127,stress_layer_9,Linear,MM,256,512,128,0.0206,0.1088,0.0,"(1, 512)","(1, 128)",dp_stress
127,stress_layer_10,Linear,MM,256,512,128,0.049,0.0587,0.0,"(1, 512)","(1, 128)",dp_stress
127,stress_layer_11,Linear,MM,256,512,128,0.6353,0.3217,0.75,"(1, 512)","(1, 128)",dp_stress
127,stress_layer_12,Linear,MM,256,512,128,0.0295,0.0831,0.0,"(1, 512)","(1, 128)",dp_stress
127,stress_layer_13,Linear,MM,256,512,128,0.0869,0.0327,0.0,"(1, 512)","(1, 128)",dp_stress
127,stress_layer_14,Linear,MM,256,512,128,0.0407,0.0291,0.0,"(1, 512)","(1, 128)",dp_stress
127,stress_layer_15,Linear,MM,256,512,128,0.0992,0.0198,0.0,"(1, 512)","(1, 128)",dp_stress
127,stress_layer_16,Linear,MM,256,512,128,0.0616,0.1021,0.0,"(1, 512)","(1, 128)",dp_stress
127,stress_layer_17,Linear,MM,256,512,128,0.515,0.3287,0.75,"(1, 512)","(1, 128)",dp_stress
127,stress_layer_18,Linear,MM,256,512,128,0.0886,0.1216,0.0,"(1, 512)","(1, 128)",dp_stress
127,stress_layer_19,Linear,MM,256,512,128,0.0102,0.0708,0.0,"(1, 512)","(1, 128)",dp_stress
127,stress_layer_20,Linear,MM,256,512,128,0.084,0.1382,0.0,"(1, 512)","(1, 128)",dp_stress
127,stress_layer_21,Linear,MM,256,512,128,0.0334,0.1032,0.0,"(1, 512)","(1, 128)",dp_stress
127,stress_layer_22,Linear,MM,256,512,128,0.0215,0.0154,0.0,"(1, 512)","(1, 128)",dp_stress
127,stress_layer_23,Linear,MM,256,512,128,0.5531,0.4337,0.75,"(1, 512)","(1, 128)",dp_stress
127,stress_layer_24,Linear,MM,256,512,128,0.0713,0.008,0.0,"(1, 512)","(1, 128)",dp_stress
127,stress_layer_25,Linear,MM,256,512,128,0.0693,0.0195,0.0,"(1, 512)","(1, 128)",dp_stress
127,stress_layer_26,Linear,MM,256,512,128,0.0535,0.0052,0.0,"(1, 512)","(1, 128)",dp_stress
127,stress_layer_27,Linear,MM,256,512,128,0.0042,0.0375,0.0,"(1, 512)","(1, 128)",dp_stress
127,stress_layer_28,Linear,MM,256,512,128,0.0282,0.059,0.0,"(1, 512)","(1, 128)",dp_stress
127,stress_layer_29,Linear,MM,256,512,128,0.6184,0.3955,0.75,"(1, 512)","(1, 128)",dp_stress
127,stress_layer_30,Linear,MM,256,512,128,0.0986,0.0883,0.0,"(1, 512)","(1, 128)",dp_stress
127,stress_layer_31,Linear,MM,256,512,128,0.0374,0.0912,0.0,"(1, 512)","(1, 128)",dp_stress
127,stress_layer_32,Linear,MM,256,512,128,0.0171,0.0296,0.0,"(1, 512)","(1, 128)",dp_stress
127,stress_layer_33,Linear,MM,256,512,128,0.0894,0.0241,0.0,"(1, 512)","(1, 128)",dp_stress
127,stress_layer_34,Linear,MM,256,512,128,0.0261,0.0077,0.0,"(1, 512)","(1, 128)",dp_stress
127,stress_layer_35,Linear,MM,256,512,128,0.5344,0.3309,0.75,"(1, 512)","(1, 128)",dp_stress
127,stress_layer_36,Linear,MM,256,512,128,0.0051,0.0494,0.0,"(1, 512)","(1, 128)",dp_stress
127,stress_layer_37,Linear,MM,256,512,128,0.0733,0.0797,0.0,"(1, 512)","(1, 128)",dp_stress
127,stress_layer_38,Linear,MM,256,512,128,0.002,0.0599,0.0,"(1, 512)","(1, 128)",dp_stress
127,stress_layer_39,Linear,MM,256,512,128,0.0009,0.0606,0.0,"(1, 512)","(1, 128)",dp_stress
128,stress_layer_0,Linear,MM,256,512,128,0.0391,0.015,0.0,"(1, 512)","(1, 128)",dp_stress
128,stress_layer_1,Linear,MM,256,512,128,0.0834,0.0629,0.0,"(1, 512)","(1, 128)",dp_stress
128,stress_layer_2,Linear,MM,256,512,128,0.0067,0.0655,0.0,"(1, 512)","(1, 128)",dp_stress
128,stress_layer_3,Linear,MM,256,512,128,0.0455,0.1299,0.0,"(1, 512)","(1, 128)",dp_stress
128,stress_layer_4,Linear,MM,256,512,128,0.0604,0.1467,0.0,"(1, 512)","(1, 128)",dp_stress
128,stress_layer_5,Linear,MM,256,512,128,0.6828,0.4154,0.75,"(1, 512)","(1, 128)",dp_stress
128,stress_layer_6,Linear,MM,256,512,128,0.0013,0.056,0.0,"(1, 512)","(1, 128)",dp_stress
128,stress_layer_7,Linear,MM,256,512,128,0.0254,0.0486,0.0,"(1, 512)","(1, 128)",dp_stress
128,stress_layer_8,Linear,MM,256,512,128,0.0868,0.0741,0.0,"(1, 512)","(1, 128)",dp_stress
128,stress_layer_9,Linear,MM,256,512,128,0.0637,0.0974,0.0,"(1, 512)","(1, 128)",dp_stress
128,stress_layer_10,Linear,MM,256,512,128,0.0932,0.0593,0.0,"(1, 512)","(1, 128)",dp_stress
128,stress_layer_11,Linear,MM,256,512,128,0.6529,0.4129,0.75,"(1, 512)","(1, 128)",dp_stress
128,stress_layer_12,Linear,MM,256,512,128,0.0973,0.0513,0.0,"(1, 512)","(1, 128)",dp_stress
128,stress_layer_13,Linear,MM,256,512,128,0.0136,0.0591,0.0,"(1, 512)","(1, 128)",dp_stress
128,stress_layer_14,Linear,MM,256,512,128,0.0266,0.0253,0.0,"(1, 512)","(1, 128)",dp_stress
128,stress_layer_15,Linear,MM,256,512,128,0.0557,0.0422,0.0,"(1, 512)","(1, 128)",dp_stress
128,stress_layer_16,Linear,MM,256,512,128,0.02,0.0983,0.0,"(1, 512)","(1, 128)",dp_stress
128,stress_layer_17,Linear,MM,256,512,128,0.6644,0.4764,0.75,"(1, 512)","(1, 128)",dp_stress
128,stress_layer_18,Linear,MM,256,512,128,0.0016,0.0108,0.0,"(1, 512)","(1, 128)",dp_stress
128,stress_layer_19,Linear,MM,256,512,128,0.0883,0.0091,0.0,"(1, 512)","(1, 128)",dp_stress
128,stress_layer_20,Linear,MM,256,512,128,0.0787,0.0996,0.0,"(1, 512)","(1, 128)",dp_stress
128,stress_layer_21,Linear,MM,256,512,128,0.0742,0.082,0.0,"(1, 512)","(1, 128)",dp_stress
128,stress_layer_22,Linear,MM,256,512,128,0.0416,0.0434,0.0,"(1, 512)","(1, 128)",dp_stress
128,stress_layer_23,Linear,MM,256,512,128,0.5056,0.3007,0.75,"(1, 512)","(1, 128)",dp_stress
128,stress_layer_24,Linear,MM,256,512,128,0.0745,0.0343,0.0,"(1, 512)","(1, 128)",dp_stress
128,stress_layer_25,Linear,MM,256,512,128,0.0242,0.0232,0.0,"(1, 512)","(1, 128)",dp_stress
128,stress_layer_26,Linear,MM,256,512,128,0.054,0.0851,0.0,"(1, 512)","(1, 128)",dp_stress
128,stress_layer_27,Linear,MM,256,512,128,0.0875,0.0809,0.0,"(1, 512)","(1, 128)",dp_stress
128,stress_layer_28,Linear,MM,256,512,128,0.0388,0.1006,0.0,"(1, 512)","(1, 128)",dp_stress
128,stress_layer_29,Linear,MM,256,512,128,0.6979,0.4931,0.75,"(1, 512)","(1, 128)",dp_stress
128,stress_layer_30,Linear,MM,256,512,128,0.0562,0.1114,0.0,"(1, 512)","(1, 128)",dp_stress
128,stress_layer_31,Linear,MM,256,512,128,0.0069,0.0711,0.0,"(1, 512)","(1, 128)",dp_stress
128,stress_layer_32,Linear,MM,256,512,128,0.041,0.1339,0.0,"(1, 512)","(1, 128)",dp_stress
128,stress_layer_33,Linear,MM,256,512,128,0.088,0.1153,0.0,"(1, 512)","(1, 128)",dp_stress
128,stress_layer_34,Linear,MM,256,512,128,0.0825,0.0457,0.0,"(1, 512)","(1, 128)",dp_stress
128,stress_layer_35,Linear,MM,256,512,128,0.6135,0.4717,0.75,"(1, 512)","(1, 128)",dp_stress
128,stress_layer_36,Linear,MM,256,512,128,0.0734,0.1454,0.0,"(1, 512)","(1, 128)",dp_stress
128,stress_layer_37,Linear,MM,256,512,128,0.0738,0.0648,0.0,"(1, 512)","(1, 128)",dp_stress
128,stress_layer_38,Linear,MM,256,512,128,0.0631,0.0315,0.0,"(1, 512)","(1, 128)",dp_stress
128,stress_layer_39,Linear,MM,256,512,128,0.0158,0.087,0.0,"(1, 512)","(1, 128)",dp_stress
129,stress_layer_0,Linear,MM,256,512,128,0.0656,0.0512,0.0,"(1, 512)","(1, 128)",dp_stress
129,stress_layer_1,Linear,MM,256,512,128,0.0557,0.0788,0.0,"(1, 512)","(1, 128)",dp_stress
129,stress_layer_2,Linear,MM,256,512,128,0.0677,0.035,0.0,"(1, 512)","(1, 128)",dp_stress
129,stress_layer_3,Linear,MM,256,512,128,0.0533,0.0129,0.0,"(1, 512)","(1, 128)",dp_stress
129,stress_layer_4,Linear,MM,256,512,128,0.005,0.0744,0.0,"(1, 512)","(1, 128)",dp_stress
129,stress_layer_5,Linear,MM,256,512,128,0.5571,0.4818,0.75,"(1, 512)","(1, 128)",dp_stress
129,stress_layer_6,Linear,MM,256,512,128,0.0163,0.0595,0.0,"(1, 512)","(1, 128)",dp_stress
129,stress_layer_7,Linear,MM,256,512,128,0.0362,0.0759,0.0,"(1, 512)","(1, 128)",dp_stress
129,stress_layer_8,Linear,MM,256,512,128,0.0426,0.0706,0.0,"(1, 512)","(1, 128)",dp_stress
129,stress_layer_9,Linear,MM,256,512,128,0.0375,0.0644,0.0,"(1, 512)","(1, 128)",dp_stress
129,stress_layer_10,Linear,MM,256,512,128,0.0218,0.0569,0.0,"(1, 512)","(1, 128)",dp_stress
129,stress_layer_11,Linear,MM,256,512,128,0.6256,0.405,0.75,"(1, 512)","(1, 128)",dp_stress
129,stress_layer_12,Linear,MM,256,512,128,0.0687,0.0755,0.0,"(1, 512)","(1, 128)",dp_stress
129,stress_layer_13,Linear,MM,256,512,128,0.0182,0.0831,0.0,"(1, 512)","(1, 128)",dp_stress
129,stress_layer_14,Linear,MM,256,512,128,0.0533,0.1156,0.0,"(1, 512)","(1, 128)",dp_stress
129,stress_layer_15,Linear,MM,256,512,128,0.0642,0.0996,0.0,"(1, 512)","(1, 128)",dp_stress
129,stress_layer_16,Linear,MM,256,512,128,0.0339,0.069,0.0,"(1, 512)","(1, 128)",dp_stress
129,stress_layer_17,Linear,MM,256,512,128,0.6329,0.4727,0.75,"(1, 512)","(1, 128)",dp_stress
129,stress_layer_18,Linear,MM,256,512,128,0.087,0.0132,0.0,"(1, 512)","(1, 128)",dp_stress
129,stress_layer_19,Linear,MM,256,512,128,0.0349,0.0928,0.0,"(1, 512)","(1, 128)",dp_stress
129,stress_layer_20,Linear,MM,256,512,128,0.0143,0.1282,0.0,"(1, 512)","(1, 128)",dp_stress
129,stress_layer_21,Linear,MM,256,512,128,0.0642,0.093,0.0,"(1, 512)","(1, 128)",dp_stress
129,stress_layer_22,Linear,MM,256,512,128,0.0144,0.0027,0.0,"(1, 512)","(1, 128)",dp_stress
129,stress_layer_23,Linear,MM,256,512,128,0.6365,0.4713,0.75,"(1, 512)","(1, 128)",dp_stress
129,stress_layer_24,Linear,MM,256,512,128,0.0761,0.0524,0.0,"(1, 512)","(1, 128)",dp_stress
129,stress_layer_25,Linear,MM,256,512,128,0.0414,0.0895,0.0,"(1, 512)","(1, 128)",dp_stress
129,stress_layer_26,Linear,MM,256,512,128,0.0514,0.0969,0.0,"(1, 512)","(1, 128)",dp_stress
129,stress_layer_27,Linear,MM,256,512,128,0.0856,0.135,0.0,"(1, 512)","(1, 128)",dp_stress
129,stress_layer_28,Linear,MM,256,512,128,0.0652,0.0322,0.0,"(1, 512)","(1, 128)",dp_stress
129,stress_layer_29,Linear,MM,256,512,128,0.5449,0.4889,0.75,"(1, 512)","(1, 128)",dp_stress
129,stress_layer_30,Linear,MM,256,512,128,0.0059,0.0251,0.0,"(1, 512)","(1, 128)",dp_stress
129,stress_layer_31,Linear,MM,256,512,128,0.0299,0.0344,0.0,"(1, 512)","(1, 128)",dp_stress
129,stress_layer_32,Linear,MM,256,512,128,0.0802,0.1388,0.0,"(1, 512)","(1, 128)",dp_stress
129,stress_layer_33,Linear,MM,256,512,128,0.0915,0.0319,0.0,"(1, 512)","(1, 128)",dp_stress
129,stress_layer_34,Linear,MM,256,512,128,0.0912,0.009,0.0,"(1, 512)","(1, 128)",dp_stress
129,stress_layer_35,Linear,MM,256,512,128,0.5571,0.354,0.75,"(1, 512)","(1, 128)",dp_stress
129,stress_layer_36,Linear,MM,256,512,128,0.0322,0.1074,0.0,"(1, 512)","(1, 128)",dp_stress
129,stress_layer_37,Linear,MM,256,512,128,0.0213,0.1191,0.0,"(1, 512)","(1, 128)",dp_stress
129,stress_layer_38,Linear,MM,256,512,128,0.0278,0.0332,0.0,"(1, 512)","(1, 128)",dp_stress
129,stress_layer_39,Linear,MM,256,512,128,0.0942,0.0653,0.0,"(1, 512)","(1, 128)",dp_stress
130,stress_layer_0,Linear,MM,256,512,128,0.0121,0.1002,0.0,"(1, 512)","(1, 128)",dp_stress
130,stress_layer_1,Linear,MM,256,512,128,0.0441,0.007,0.0,"(1, 512)","(1, 128)",dp_stress
130,stress_layer_2,Linear,MM,256,512,128,0.0952,0.0875,0.0,"(1, 512)","(1, 128)",dp_stress
130,stress_layer_3,Linear,MM,256,512,128,0.0392,0.1388,0.0,"(1, 512)","(1, 128)",dp_stress
130,stress_layer_4,Linear,MM,256,512,128,0.0582,0.018,0.0,"(1, 512)","(1, 128)",dp_stress
130,stress_layer_5,Linear,MM,256,512,128,0.6023,0.4372,0.75,"(1, 512)","(1, 128)",dp_stress
130,stress_layer_6,Linear,MM,256,512,128,0.0609,0.0598,0.0,"(1, 512)","(1, 128)",dp_stress
130,stress_layer_7,Linear,MM,256,512,128,0.0643,0.1329,0.0,"(1, 512)","(1, 128)",dp_stress
130,stress_layer_8,Linear,MM,256,512,128,0.0423,0.1167,0.0,"(1, 512)","(1, 128)",dp_stress
130,stress_layer_9,Linear,MM,256,512,128,0.0585,0.0508,0.0,"(1, 512)","(1, 128)",dp_stress
130,stress_layer_10,Linear,MM,256,512,128,0.0871,0.0919,0.0,"(1, 512)","(1, 128)",dp_stress
130,stress_layer_11,Linear,MM,256,512,128,0.6351,0.4786,0.75,"(1, 512)","(1, 128)",dp_stress
130,stress_layer_12,Linear,MM,256,512,128,0.0169,0.0534,0.0,"(1, 512)","(1, 128)",dp_stress
130,stress_layer_13,Linear,MM,256,512,128,0.0413,0.0448,0.0,"(1, 512)","(1, 128)",dp_stress
130,stress_layer_14,Linear,MM,256,512,128,0.0604,0.1462,0.0,"(1, 512)","(1, 128)",dp_stress
130,stress_layer_15,Linear,MM,256,512,128,0.0041,0.0424,0.0,"(1, 512)","(1, 128)",dp_stress
130,stress_layer_16,Linear,MM,256,512,128,0.0884,0.0839,0.0,"(1, 512)","(1, 128)",dp_stress
130,stress_layer_17,Linear,MM,256,512,128,0.5752,0.3748,0.75,"(1, 512)","(1, 128)",dp_stress
130,stress_layer_18,Linear,MM,256,512,128,0.0322,0.0387,0.0,"(1, 512)","(1, 128)",dp_stress
130,stress_layer_19,Linear,MM,256,512,128,0.0662,0.0286,0.0,"(1, 512)","(1, 128)",dp_stress
130,stress_layer_20,Linear,MM,256,512,128,0.002,0.0824,0.0,"(1, 512)","(1, 128)",dp_stress
130,stress_layer_21,Linear,MM,256,512,128,0.0106,0.134,0.0,"(1, 512)","(1, 128)",dp_stress
130,stress_layer_22,Linear,MM,256,512,128,0.0915,0.0621,0.0,"(1, 512)","(1, 128)",dp_stress
130,stress_layer_23,Linear,MM,256,512,128,0.506,0.3365,0.75,"(1, 512)","(1, 128)",dp_stress
130,stress_layer_24,Linear,MM,256,512,128,0.0466,0.1414,0.0,"(1, 512)","(1, 128)",dp_stress
130,stress_layer_25,Linear,MM,256,512,128,0.058,0.1299,0.0,"(1, 512)","(1, 128)",dp_stress
130,stress_layer_26,Linear,MM,256,512,128,0.004,0.1345,0.0,"(1, 512)","(1, 128)",dp_stress
130,stress_layer_27,Linear,MM,256,512,128,0.0374,0.0602,0.0,"(1, 512)","(1, 128)",dp_stress
130,stress_layer_28,Linear,MM,256,512,128,0.0755,0.0794,0.0,"(1, 512)","(1, 128)",dp_stress
130,stress_layer_29,Linear,MM,256,512,128,0.5256,0.4002,0.75,"(1, 512)","(1, 128)",dp_stress
130,stress_layer_30,Linear,MM,256,512,128,0.0962,0.0505,0.0,"(1, 512)","(1, 128)",dp_stress
130,stress_layer_31,Linear,MM,256,512,128,0.0723,0.0131,0.0,"(1, 512)","(1, 128)",dp_stress
130,stress_layer_32,Linear,MM,256,512,128,0.0219,0.0948,0.0,"(1, 512)","(1, 128)",dp_stress
130,stress_layer_33,Linear,MM,256,512,128,0.0648,0.0483,0.0,"(1, 512)","(1, 128)",dp_stress
130,stress_layer_34,Linear,MM,256,512,128,0.0609,0.1153,0.0,"(1, 512)","(1, 128)",dp_stress
130,stress_layer_35,Linear,MM,256,512,128,0.5692,0.348,0.75,"(1, 512)","(1, 128)",dp_stress
130,stress_layer_36,Linear,MM,256,512,128,0.0032,0.1495,0.0,"(1, 512)","(1, 128)",dp_stress
130,stress_layer_37,Linear,MM,256,512,128,0.0553,0.042,0.0,"(1, 512)","(1, 128)",dp_stress
130,stress_layer_38,Linear,MM,256,512,128,0.0985,0.0822,0.0,"(1, 512)","(1, 128)",dp_stress
130,stress_layer_39,Linear,MM,256,512,128,0.0188,0.008,0.0,"(1, 512)","(1, 128)",dp_stress
131,stress_layer_0,Linear,MM,256,512,128,0.0829,0.0248,0.0,"(1, 512)","(1, 128)",dp_stress
131,stress_layer_1,Linear,MM,256,512,128,0.0012,0.0253,0.0,"(1, 512)","(1, 128)",dp_stress
131,stress_layer_2,Linear,MM,256,512,128,0.0368,0.1146,0.0,"(1, 512)","(1, 128)",dp_stress
131,stress_layer_3,Linear,MM,256,512,128,0.0808,0.0419,0.0,"(1, 512)","(1, 128)",dp_stress
131,stress_layer_4,Linear,MM,256,512,128,0.0164,0.0553,0.0,"(1, 512)","(1, 128)",dp_stress
131,stress_layer_5,Linear,MM,256,512,128,0.6466,0.3587,0.75,"(1, 512)","(1, 128)",dp_stress
131,stress_layer_6,Linear,MM,256,512,128,0.0503,0.0625,0.0,"(1, 512)","(1, 128)",dp_stress
131,stress_layer_7,Linear,MM,256,512,128,0.0407,0.0137,0.0,"(1, 512)","(1, 128)",dp_stress
131,stress_layer_8,Linear,MM,256,512,128,0.0129,0.129,0.0,"(1, 512)","(1, 128)",dp_stress
131,stress_layer_9,Linear,MM,256,512,128,0.0606,0.0076,0.0,"(1, 512)","(1, 128)",dp_stress
131,stress_layer_10,Linear,MM,256,512,128,0.0914,0.1184,0.0,"(1, 512)","(1, 128)",dp_stress
131,stress_layer_11,Linear,MM,256,512,128,0.6237,0.365,0.75,"(1, 512)","(1, 128)",dp_stress
131,stress_layer_12,Linear,MM,256,512,128,0.0019,0.0477,0.0,"(1, 512)","(1, 128)",dp_stress
131,stress_layer_13,Linear,MM,256,512,128,0.0153,0.0972,0.0,"(1, 512)","(1, 128)",dp_stress
131,stress_layer_14,Linear,MM,256,512,128,0.0773,0.0805,0.0,"(1, 512)","(1, 128)",dp_stress
131,stress_layer_15,Linear,MM,256,512,128,0.0758,0.0854,0.0,"(1, 512)","(1, 128)",dp_stress
131,stress_layer_16,Linear,MM,256,512,128,0.0371,0.0905,0.0,"(1, 512)","(1, 128)",dp_stress
131,stress_layer_17,Linear,MM,256,512,128,0.5683,0.439,0.75,"(1, 512)","(1, 128)",dp_stress
131,stress_layer_18,Linear,MM,256,512,128,0.0615,0.0202,0.0,"(1, 512)","(1, 128)",dp_stress
131,stress_layer_19,Linear,MM,256,512,128,0.0313,0.0236,0.0,"(1, 512)","(1, 128)",dp_stress
131,stress_layer_20,Linear,MM,256,512,128,0.0453,0.053,0.0,"(1, 512)","(1, 128)",dp_stress
131,stress_layer_21,Linear,MM,256,512,128,0.0939,0.1424,0.0,"(1, 512)","(1, 128)",dp_stress
131,stress_layer_22,Linear,MM,256,512,128,0.0337,0.0655,0.0,"(1, 512)","(1, 128)",dp_stress
131,stress_layer_23,Linear,MM,256,512,128,0.525,0.4901,0.75,"(1, 512)","(1, 128)",dp_stress
131,stress_layer_24,Linear,MM,256,512,128,0.0306,0.0418,0.0,"(1, 512)","(1, 128)",dp_stress
131,stress_layer_25,Linear,MM,256,512,128,0.0035,0.0219,0.0,"(1, 512)","(1, 128)",dp_stress
131,stress_layer_26,Linear,MM,256,512,128,0.0158,0.1206,0.0,"(1, 512)","(1, 128)",dp_stress
131,stress_layer_27,Linear,MM,256,512,128,0.0887,0.142,0.0,"(1, 512)","(1, 128)",dp_stress
131,stress_layer_28,Linear,MM,256,512,128,0.0372,0.1053,0.0,"(1, 512)","(1, 128)",dp_stress
131,stress_layer_29,Linear,MM,256,512,128,0.6967,0.4433,0.75,"(1, 512)","(1, 128)",dp_stress
131,stress_layer_30,Linear,MM,256,512,128,0.0635,0.0403,0.0,"(1, 512)","(1, 128)",dp_stress
131,stress_layer_31,Linear,MM,256,512,128,0.0356,0.0984,0.0,"(1, 512)","(1, 128)",dp_stress
131,stress_layer_32,Linear,MM,256,512,128,0.0877,0.0488,0.0,"(1, 512)","(1, 128)",dp_stress
131,stress_layer_33,Linear,MM,256,512,128,0.0214,0.0035,0.0,"(1, 512)","(1, 128)",dp_stress
131,stress_layer_34,Linear,MM,256,512,128,0.0039,0.1489,0.0,"(1, 512)","(1, 128)",dp_stress
131,stress_layer_35,Linear,MM,256,512,128,0.6416,0.3167,0.75,"(1, 512)","(1, 128)",dp_stress
131,stress_layer_36,Linear,MM,256,512,128,0.0417,0.1456,0.0,"(1, 512)","(1, 128)",dp_stress
131,stress_layer_37,Linear,MM,256,512,128,0.0217,0.1465,0.0,"(1, 512)","(1, 128)",dp_stress
131,stress_layer_38,Linear,MM,256,512,128,0.0815,0.0777,0.0,"(1, 512)","(1, 128)",dp_stress
131,stress_layer_39,Linear,MM,256,512,128,0.0004,0.0555,0.0,"(1, 512)","(1, 128)",dp_stress
132,stress_layer_0,Linear,MM,256,512,128,0.0755,0.0177,0.0,"(1, 512)","(1, 128)",dp_stress
132,stress_layer_1,Linear,MM,256,512,128,0.023,0.0001,0.0,"(1, 512)","(1, 128)",dp_stress
132,stress_layer_2,Linear,MM,256,512,128,0.0254,0.0539,0.0,"(1, 512)","(1, 128)",dp_stress
132,stress_layer_3,Linear,MM,256,512,128,0.0421,0.0979,0.0,"(1, 512)","(1, 128)",dp_stress
132,stress_layer_4,Linear,MM,256,512,128,0.0153,0.0356,0.0,"(1, 512)","(1, 128)",dp_stress
132,stress_layer_5,Linear,MM,256,512,128,0.5838,0.4253,0.75,"(1, 512)","(1, 128)",dp_stress
132,stress_layer_6,Linear,MM,256,512,128,0.0701,0.059,0.0,"(1, 512)","(1, 128)",dp_stress
132,stress_layer_7,Linear,MM,256,512,128,0.0407,0.0635,0.0,"(1, 512)","(1, 128)",dp_stress
132,stress_layer_8,Linear,MM,256,512,128,0.0165,0.1317,0.0,"(1, 512)","(1, 128)",dp_stress
132,stress_layer_9,Linear,MM,256,512,128,0.0613,0.0857,0.0,"(1, 512)","(1, 128)",dp_stress
132,stress_layer_10,Linear,MM,256,512,128,0.0257,0.1197,0.0,"(1, 512)","(1, 128)",dp_stress
132,stress_layer_11,Linear,MM,256,512,128,0.5778,0.4255,0.75,"(1, 512)","(1, 128)",dp_stress
132,stress_layer_12,Linear,MM,256,512,128,0.0845,0.0074,0.0,"(1, 512)","(1, 128)",dp_stress
132,stress_layer_13,Linear,MM,256,512,128,0.0432,0.0795,0.0,"(1, 512)","(1, 128)",dp_stress
132,stress_layer_14,Linear,MM,256,512,128,0.088,0.0074,0.0,"(1, 512)","(1, 128)",dp_stress
132,stress_layer_15,Linear,MM,256,512,128,0.0709,0.0091,0.0,"(1, 512)","(1, 128)",dp_stress
132,stress_layer_16,Linear,MM,256,512,128,0.067,0.0713,0.0,"(1, 512)","(1, 128)",dp_stress
132,stress_layer_17,Linear,MM,256,512,128,0.678,0.4568,0.75,"(1, 512)","(1, 128)",dp_stress
132,stress_layer_18,Linear,MM,256,512,128,0.0995,0.0589,0.0,"(1, 512)","(1, 128)",dp_stress
132,stress_layer_19,Linear,MM,256,512,128,0.0321,0.1312,0.0,"(1, 512)","(1, 128)",dp_stress
132,stress_layer_20,Linear,MM,256,512,128,0.039,0.09,0.0,"(1, 512)","(1, 128)",dp_stress
132,stress_layer_21,Linear,MM,256,512,128,0.0339,0.0589,0.0,"(1, 512)","(1, 128)",dp_stress
132,stress_layer_22,Linear,MM,256,512,128,0.0175,0.016,0.0,"(1, 512)","(1, 128)",dp_stress
132,stress_layer_23,Linear,MM,256,512,128,0.5899,0.3587,0.75,"(1, 512)","(1, 128)",dp_stress
132,stress_layer_24,Linear,MM,256,512,128,0.0961,0.042,0.0,"(1, 512)","(1, 128)",dp_stress
132,stress_layer_25,Linear,MM,256,512,128,0.0891,0.1471,0.0,"(1, 512)","(1, 128)",dp_stress
132,stress_layer_26,Linear,MM,256,512,128,0.0546,0.1186,0.0,"(1, 512)","(1, 128)",dp_stress
132,stress_layer_27,Linear,MM,256,512,128,0.0371,0.1078,0.0,"(1, 512)","(1, 128)",dp_stress
132,stress_layer_28,Linear,MM,256,512,128,0.0933,0.1024,0.0,"(1, 512)","(1, 128)",dp_stress
132,stress_layer_29,Linear,MM,256,512,128,0.6881,0.3502,0.75,"(1, 512)","(1, 128)",dp_stress
132,stress_layer_30,Linear,MM,256,512,128,0.0083,0.1408,0.0,"(1, 512)","(1, 128)",dp_stress
132,stress_layer_31,Linear,MM,256,512,128,0.0646,0.0164,0.0,"(1, 512)","(1, 128)",dp_stress
132,stress_layer_32,Linear,MM,256,512,128,0.0487,0.0223,0.0,"(1, 512)","(1, 128)",dp_stress
132,stress_layer_33,Linear,MM,256,512,128,0.0792,0.014,0.0,"(1, 512)","(1, 128)",dp_stress
132,stress_layer_34,Linear,MM,256,512,128,0.0449,0.1429,0.0,"(1, 512)","(1, 128)",dp_stress
132,stress_layer_35,Linear,MM,256,512,128,0.5634,0.3972,0.75,"(1, 512)","(1, 128)",dp_stress
132,stress_layer_36,Linear,MM,256,512,128,0.0369,0.129,0.0,"(1, 512)","(1, 128)",dp_stress
132,stress_layer_37,Linear,MM,256,512,128,0.079,0.1366,0.0,"(1, 512)","(1, 128)",dp_stress
132,stress_layer_38,Linear,MM,256,512,128,0.0047,0.104,0.0,"(1, 512)","(1, 128)",dp_stress
132,stress_layer_39,Linear,MM,256,512,128,0.091,0.0058,0.0,"(1, 512)","(1, 128)",dp_stress
133,stress_layer_0,Linear,MM,256,512,128,0.0679,0.0949,0.0,"(1, 512)","(1, 128)",dp_stress
133,stress_layer_1,Linear,MM,256,512,128,0.0822,0.0697,0.0,"(1, 512)","(1, 128)",dp_stress
133,stress_layer_2,Linear,MM,256,512,128,0.0208,0.0152,0.0,"(1, 512)","(1, 128)",dp_stress
133,stress_layer_3,Linear,MM,256,512,128,0.0471,0.072,0.0,"(1, 512)","(1, 128)",dp_stress
133,stress_layer_4,Linear,MM,256,512,128,0.0101,0.0227,0.0,"(1, 512)","(1, 128)",dp_stress
133,stress_layer_5,Linear,MM,256,512,128,0.5924,0.3199,0.75,"(1, 512)","(1, 128)",dp_stress
133,stress_layer_6,Linear,MM,256,512,128,0.0054,0.0608,0.0,"(1, 512)","(1, 128)",dp_stress
133,stress_layer_7,Linear,MM,256,512,128,0.0388,0.097,0.0,"(1, 512)","(1, 128)",dp_stress
133,stress_layer_8,Linear,MM,256,512,128,0.0443,0.0031,0.0,"(1, 512)","(1, 128)",dp_stress
133,stress_layer_9,Linear,MM,256,512,128,0.0713,0.0528,0.0,"(1, 512)","(1, 128)",dp_stress
133,stress_layer_10,Linear,MM,256,512,128,0.0392,0.0488,0.0,"(1, 512)","(1, 128)",dp_stress
133,stress_layer_11,Linear,MM,256,512,128,0.5453,0.4121,0.75,"(1, 512)","(1, 128)",dp_stress
133,stress_layer_12,Linear,MM,256,512,128,0.0376,0.0468,0.0,"(1, 512)","(1, 128)",dp_stress
133,stress_layer_13,Linear,MM,256,512,128,0.0169,0.0167,0.0,"(1, 512)","(1, 128)",dp_stress
133,stress_layer_14,Linear,MM,256,512,128,0.0,0.0107,0.0,"(1, 512)","(1, 128)",dp_stress
133,stress_layer_15,Linear,MM,256,512,128,0.0262,0.125,0.0,"(1, 512)","(1, 128)",dp_stress
133,stress_layer_16,Linear,MM,256,512,128,0.0992,0.019,0.0,"(1, 512)","(1, 128)",dp_stress
133,stress_layer_17,Linear,MM,256,512,128,0.5172,0.3327,0.75,"(1, 512)","(1, 128)",dp_stress
133,stress_layer_18,Linear,MM,256,512,128,0.0236,0.0749,0.0,"(1, 512)","(1, 128)",dp_stress
133,stress_layer_19,Linear,MM,256,512,128,0.0693,0.0756,0.0,"(1, 512)","(1, 128)",dp_stress
133,stress_layer_20,Linear,MM,256,512,128,0.0169,0.1212,0.0,"(1, 512)","(1, 128)",dp_stress
133,stress_layer_21,Linear,MM,256,512,128,0.0552,0.1051,0.0,"(1, 512)","(1, 128)",dp_stress
133,stress_layer_22,Linear,MM,256,512,128,0.0171,0.1211,0.0,"(1, 512)","(1, 128)",dp_stress
133,stress_layer_23,Linear,MM,256,512,128,0.5833,0.3244,0.75,"(1, 512)","(1, 128)",dp_stress
133,stress_layer_24,Linear,MM,256,512,128,0.0066,0.0586,0.0,"(1, 512)","(1, 128)",dp_stress
133,stress_layer_25,Linear,MM,256,512,128,0.0203,0.0896,0.0,"(1, 512)","(1, 128)",dp_stress
133,stress_layer_26,Linear,MM,256,512,128,0.0291,0.0983,0.0,"(1, 512)","(1, 128)",dp_stress
133,stress_layer_27,Linear,MM,256,512,128,0.0463,0.018,0.0,"(1, 512)","(1, 128)",dp_stress
133,stress_layer_28,Linear,MM,256,512,128,0.0972,0.1045,0.0,"(1, 512)","(1, 128)",dp_stress
133,stress_layer_29,Linear,MM,256,512,128,0.6954,0.4047,0.75,"(1, 512)","(1, 128)",dp_stress
133,stress_layer_30,Linear,MM,256,512,128,0.0396,0.1275,0.0,"(1, 512)","(1, 128)",dp_stress
133,stress_layer_31,Linear,MM,256,512,128,0.0635,0.0455,0.0,"(1, 512)","(1, 128)",dp_stress
133,stress_layer_32,Linear,MM,256,512,128,0.02,0.0526,0.0,"(1, 512)","(1, 128)",dp_stress
133,stress_layer_33,Linear,MM,256,512,128,0.0498,0.1057,0.0,"(1, 512)","(1, 128)",dp_stress
133,stress_layer_34,Linear,MM,256,512,128,0.0649,0.093,0.0,"(1, 512)","(1, 128)",dp_stress
133,stress_layer_35,Linear,MM,256,512,128,0.5919,0.4976,0.75,"(1, 512)","(1, 128)",dp_stress
133,stress_layer_36,Linear,MM,256,512,128,0.0338,0.0954,0.0,"(1, 512)","(1, 128)",dp_stress
133,stress_layer_37,Linear,MM,256,512,128,0.0441,0.0573,0.0,"(1, 512)","(1, 128)",dp_stress
133,stress_layer_38,Linear,MM,256,512,128,0.084,0.0927,0.0,"(1, 512)","(1, 128)",dp_stress
133,stress_layer_39,Linear,MM,256,512,128,0.0018,0.0995,0.0,"(1, 512)","(1, 128)",dp_stress
134,stress_layer_0,Linear,MM,256,512,128,0.0115,0.0031,0.0,"(1, 512)","(1, 128)",dp_stress
134,stress_layer_1,Linear,MM,256,512,128,0.0421,0.0251,0.0,"(1, 512)","(1, 128)",dp_stress
134,stress_layer_2,Linear,MM,256,512,128,0.0428,0.0305,0.0,"(1, 512)","(1, 128)",dp_stress
134,stress_layer_3,Linear,MM,256,512,128,0.0663,0.1106,0.0,"(1, 512)","(1, 128)",dp_stress
134,stress_layer_4,Linear,MM,256,512,128,0.0865,0.1217,0.0,"(1, 512)","(1, 128)",dp_stress
134,stress_layer_5,Linear,MM,256,512,128,0.5021,0.3908,0.75,"(1, 512)","(1, 128)",dp_stress
134,stress_layer_6,Linear,MM,256,512,128,0.0069,0.1462,0.0,"(1, 512)","(1, 128)",dp_stress
134,stress_layer_7,Linear,MM,256,512,128,0.0237,0.1037,0.0,"(1, 512)","(1, 128)",dp_stress
134,stress_layer_8,Linear,MM,256,512,128,0.0703,0.0659,0.0,"(1, 512)","(1, 128)",dp_stress
134,stress_layer_9,Linear,MM,256,512,128,0.0022,0.0022,0.0,"(1, 512)","(1, 128)",dp_stress
134,stress_layer_10,Linear,MM,256,512,128,0.0594,0.0902,0.0,"(1, 512)","(1, 128)",dp_stress
134,stress_layer_11,Linear,MM,256,512,128,0.5723,0.3335,0.75,"(1, 512)","(1, 128)",dp_stress
134,stress_layer_12,Linear,MM,256,512,128,0.0254,0.1335,0.0,"(1, 512)","(1, 128)",dp_stress
134,stress_layer_13,Linear,MM,256,512,128,0.003,0.004,0.0,"(1, 512)","(1, 128)",dp_stress
134,stress_layer_14,Linear,MM,256,512,128,0.0328,0.097,0.0,"(1, 512)","(1, 128)",dp_stress
134,stress_layer_15,Linear,MM,256,512,128,0.0431,0.0244,0.0,"(1, 512)","(1, 128)",dp_stress
134,stress_layer_16,Linear,MM,256,512,128,0.0619,0.0977,0.0,"(1, 512)","(1, 128)",dp_stress
134,stress_layer_17,Linear,MM,256,512,128,0.5442,0.4534,0.75,"(1, 512)","(1, 128)",dp_stress
134,stress_layer_18,Linear,MM,256,512,128,0.0068,0.0467,0.0,"(1, 512)","(1, 128)",dp_stress
134,stress_layer_19,Linear,MM,256,512,128,0.0165,0.043,0.0,"(1, 512)","(1, 128)",dp_stress
134,stress_layer_20,Linear,MM,256,512,128,0.0627,0.1381,0.0,"(1, 512)","(1, 128)",dp_stress
134,stress_layer_21,Linear,MM,256,512,128,0.0179,0.1247,0.0,"(1, 512)","(1, 128)",dp_stress
134,stress_layer_22,Linear,MM,256,512,128,0.0372,0.1245,0.0,"(1, 512)","(1, 128)",dp_stress
134,stress_layer_23,Linear,MM,256,512,128,0.6299,0.4812,0.75,"(1, 512)","(1, 128)",dp_stress
134,stress_layer_24,Linear,MM,256,512,128,0.0132,0.0564,0.0,"(1, 512)","(1, 128)",dp_stress
134,stress_layer_25,Linear,MM,256,512,128,0.0522,0.1232,0.0,"(1, 512)","(1, 128)",dp_stress
134,stress_layer_26,Linear,MM,256,512,128,0.0953,0.1185,0.0,"(1, 512)","(1, 128)",dp_stress
134,stress_layer_27,Linear,MM,256,512,128,0.0814,0.0962,0.0,"(1, 512)","(1, 128)",dp_stress
134,stress_layer_28,Linear,MM,256,512,128,0.0031,0.0526,0.0,"(1, 512)","(1, 128)",dp_stress
134,stress_layer_29,Linear,MM,256,512,128,0.6287,0.3478,0.75,"(1, 512)","(1, 128)",dp_stress
134,stress_layer_30,Linear,MM,256,512,128,0.0721,0.1257,0.0,"(1, 512)","(1, 128)",dp_stress
134,stress_layer_31,Linear,MM,256,512,128,0.0285,0.0759,0.0,"(1, 512)","(1, 128)",dp_stress
134,stress_layer_32,Linear,MM,256,512,128,0.0115,0.1373,0.0,"(1, 512)","(1, 128)",dp_stress
134,stress_layer_33,Linear,MM,256,512,128,0.0934,0.1058,0.0,"(1, 512)","(1, 128)",dp_stress
134,stress_layer_34,Linear,MM,256,512,128,0.0356,0.1475,0.0,"(1, 512)","(1, 128)",dp_stress
134,stress_layer_35,Linear,MM,256,512,128,0.6081,0.3493,0.75,"(1, 512)","(1, 128)",dp_stress
134,stress_layer_36,Linear,MM,256,512,128,0.0464,0.1432,0.0,"(1, 512)","(1, 128)",dp_stress
134,stress_layer_37,Linear,MM,256,512,128,0.0698,0.04,0.0,"(1, 512)","(1, 128)",dp_stress
134,stress_layer_38,Linear,MM,256,512,128,0.0742,0.1002,0.0,"(1, 512)","(1, 128)",dp_stress
134,stress_layer_39,Linear,MM,256,512,128,0.0203,0.1279,0.0,"(1, 512)","(1, 128)",dp_stress
135,stress_layer_0,Linear,MM,256,512,128,0.0685,0.0929,0.0,"(1, 512)","(1, 128)",dp_stress
135,stress_layer_1,Linear,MM,256,512,128,0.0913,0.1081,0.0,"(1, 512)","(1, 128)",dp_stress
135,stress_layer_2,Linear,MM,256,512,128,0.0564,0.0115,0.0,"(1, 512)","(1, 128)",dp_stress
135,stress_layer_3,Linear,MM,256,512,128,0.0684,0.0444,0.0,"(1, 512)","(1, 128)",dp_stress
135,stress_layer_4,Linear,MM,256,512,128,0.0067,0.0977,0.0,"(1, 512)","(1, 128)",dp_stress
135,stress_layer_5,Linear,MM,256,512,128,0.673,0.4937,0.75,"(1, 512)","(1, 128)",dp_stress
135,stress_layer_6,Linear,MM,256,512,128,0.0961,0.007,0.0,"(1, 512)","(1, 128)",dp_stress
135,stress_layer_7,Linear,MM,256,512,128,0.0892,0.1079,0.0,"(1, 512)","(1, 128)",dp_stress
135,stress_layer_8,Linear,MM,256,512,128,0.0769,0.0984,0.0,"(1, 512)","(1, 128)",dp_stress
135,stress_layer_9,Linear,MM,256,512,128,0.0107,0.1138,0.0,"(1, 512)","(1, 128)",dp_stress
135,stress_layer_10,Linear,MM,256,512,128,0.0978,0.0755,0.0,"(1, 512)","(1, 128)",dp_stress
135,stress_layer_11,Linear,MM,256,512,128,0.5731,0.3906,0.75,"(1, 512)","(1, 128)",dp_stress
135,stress_layer_12,Linear,MM,256,512,128,0.0698,0.0228,0.0,"(1, 512)","(1, 128)",dp_stress
135,stress_layer_13,Linear,MM,256,512,128,0.086,0.0549,0.0,"(1, 512)","(1, 128)",dp_stress
135,stress_layer_14,Linear,MM,256,512,128,0.0016,0.1463,0.0,"(1, 512)","(1, 128)",dp_stress
135,stress_layer_15,Linear,MM,256,512,128,0.0439,0.1002,0.0,"(1, 512)","(1, 128)",dp_stress
135,stress_layer_16,Linear,MM,256,512,128,0.0522,0.0095,0.0,"(1, 512)","(1, 128)",dp_stress
135,stress_layer_17,Linear,MM,256,512,128,0.5692,0.43,0.75,"(1, 512)","(1, 128)",dp_stress
135,stress_layer_18,Linear,MM,256,512,128,0.0137,0.0452,0.0,"(1, 512)","(1, 128)",dp_stress
135,stress_layer_19,Linear,MM,256,512,128,0.0503,0.0515,0.0,"(1, 512)","(1, 128)",dp_stress
135,stress_layer_20,Linear,MM,256,512,128,0.0805,0.0579,0.0,"(1, 512)","(1, 128)",dp_stress
135,stress_layer_21,Linear,MM,256,512,128,0.0288,0.1292,0.0,"(1, 512)","(1, 128)",dp_stress
135,stress_layer_22,Linear,MM,256,512,128,0.0883,0.1454,0.0,"(1, 512)","(1, 128)",dp_stress
135,stress_layer_23,Linear,MM,256,512,128,0.5983,0.3813,0.75,"(1, 512)","(1, 128)",dp_stress
135,stress_layer_24,Linear,MM,256,512,128,0.0059,0.0502,0.0,"(1, 512)","(1, 128)",dp_stress
135,stress_layer_25,Linear,MM,256,512,128,0.0304,0.1103,0.0,"(1, 512)","(1, 128)",dp_stress
135,stress_layer_26,Linear,MM,256,512,128,0.0236,0.1185,0.0,"(1, 512)","(1, 128)",dp_stress
135,stress_layer_27,Linear,MM,256,512,128,0.0038,0.002,0.0,"(1, 512)","(1, 128)",dp_stress
135,stress_layer_28,Linear,MM,256,512,128,0.056,0.0286,0.0,"(1, 512)","(1, 128)",dp_stress
135,stress_layer_29,Linear,MM,256,512,128,0.5593,0.4651,0.75,"(1, 512)","(1, 128)",dp_stress
135,stress_layer_30,Linear,MM,256,512,128,0.012,0.1161,0.0,"(1, 512)","(1, 128)",dp_stress
135,stress_layer_31,Linear,MM,256,512,128,0.0372,0.061,0.0,"(1, 512)","(1, 128)",dp_stress
135,stress_layer_32,Linear,MM,256,512,128,0.0717,0.0033,0.0,"(1, 512)","(1, 128)",dp_stress
135,stress_layer_33,Linear,MM,256,512,128,0.0934,0.0717,0.0,"(1, 512)","(1, 128)",dp_stress
135,stress_layer_34,Linear,MM,256,512,128,0.0421,0.0702,0.0,"(1, 512)","(1, 128)",dp_stress
135,stress_layer_35,Linear,MM,256,512,128,0.6967,0.4764,0.75,"(1, 512)","(1, 128)",dp_stress
135,stress_layer_36,Linear,MM,256,512,128,0.0975,0.1452,0.0,"(1, 512)","(1, 128)",dp_stress
135,stress_layer_37,Linear,MM,256,512,128,0.0598,0.1399,0.0,"(1, 512)","(1, 128)",dp_stress
135,stress_layer_38,Linear,MM,256,512,128,0.0676,0.0646,0.0,"(1, 512)","(1, 128)",dp_stress
135,stress_layer_39,Linear,MM,256,512,128,0.0991,0.0882,0.0,"(1, 512)","(1, 128)",dp_stress
136,stress_layer_0,Linear,MM,256,512,128,0.0403,0.005,0.0,"(1, 512)","(1, 128)",dp_stress
136,stress_layer_1,Linear,MM,256,512,128,0.0295,0.0657,0.0,"(1, 512)","(1, 128)",dp_stress
136,stress_layer_2,Linear,MM,256,512,128,0.0358,0.1076,0.0,"(1, 512)","(1, 128)",dp_stress
136,stress_layer_3,Linear,MM,256,512,128,0.0459,0.0724,0.0,"(1, 512)","(1, 128)",dp_stress
136,stress_layer_4,Linear,MM,256,512,128,0.0644,0.1384,0.0,"(1, 512)","(1, 128)",dp_stress
136,stress_layer_5,Linear,MM,256,512,128,0.646,0.3752,0.75,"(1, 512)","(1, 128)",dp_stress
136,stress_layer_6,Linear,MM,256,512,128,0.0085,0.0428,0.0,"(1, 512)","(1, 128)",dp_stress
136,stress_layer_7,Linear,MM,256,512,128,0.0359,0.0936,0.0,"(1, 512)","(1, 128)",dp_stress
136,stress_layer_8,Linear,MM,256,512,128,0.0307,0.0698,0.0,"(1, 512)","(1, 128)",dp_stress
136,stress_layer_9,Linear,MM,256,512,128,0.0704,0.0958,0.0,"(1, 512)","(1, 128)",dp_stress
136,stress_layer_10,Linear,MM,256,512,128,0.0803,0.1409,0.0,"(1, 512)","(1, 128)",dp_stress
136,stress_layer_11,Linear,MM,256,512,128,0.5997,0.4672,0.75,"(1, 512)","(1, 128)",dp_stress
136,stress_layer_12,Linear,MM,256,512,128,0.0403,0.1497,0.0,"(1, 512)","(1, 128)",dp_stress
136,stress_layer_13,Linear,MM,256,512,128,0.0642,0.1317,0.0,"(1, 512)","(1, 128)",dp_stress
136,stress_layer_14,Linear,MM,256,512,128,0.0586,0.0055,0.0,"(1, 512)","(1, 128)",dp_stress
136,stress_layer_15,Linear,MM,256,512,128,0.0343,0.0691,0.0,"(1, 512)","(1, 128)",dp_stress
136,stress_layer_16,Linear,MM,256,512,128,0.0342,0.0807,0.0,"(1, 512)","(1, 128)",dp_stress
136,stress_layer_17,Linear,MM,256,512,128,0.5744,0.3901,0.75,"(1, 512)","(1, 128)",dp_stress
136,stress_layer_18,Linear,MM,256,512,128,0.019,0.0092,0.0,"(1, 512)","(1, 128)",dp_stress
136,stress_layer_19,Linear,MM,256,512,128,0.0851,0.1495,0.0,"(1, 512)","(1, 128)",dp_stress
136,stress_layer_20,Linear,MM,256,512,128,0.0677,0.1125,0.0,"(1, 512)","(1, 128)",dp_stress
136,stress_layer_21,Linear,MM,256,512,128,0.0632,0.1121,0.0,"(1, 512)","(1, 128)",dp_stress
136,stress_layer_22,Linear,MM,256,512,128,0.0244,0.1315,0.0,"(1, 512)","(1, 128)",dp_stress
136,stress_layer_23,Linear,MM,256,512,128,0.5836,0.3025,0.75,"(1, 512)","(1, 128)",dp_stress
136,stress_layer_24,Linear,MM,256,512,128,0.0325,0.1239,0.0,"(1, 512)","(1, 128)",dp_stress
136,stress_layer_25,Linear,MM,256,512,128,0.0276,0.0603,0.0,"(1, 512)","(1, 128)",dp_stress
136,stress_layer_26,Linear,MM,256,512,128,0.0686,0.1332,0.0,"(1, 512)","(1, 128)",dp_stress
136,stress_layer_27,Linear,MM,256,512,128,0.0315,0.0278,0.0,"(1, 512)","(1, 128)",dp_stress
136,stress_layer_28,Linear,MM,256,512,128,0.0367,0.0174,0.0,"(1, 512)","(1, 128)",dp_stress
136,stress_layer_29,Linear,MM,256,512,128,0.5107,0.3318,0.75,"(1, 512)","(1, 128)",dp_stress
136,stress_layer_30,Linear,MM,256,512,128,0.0895,0.0324,0.0,"(1, 512)","(1, 128)",dp_stress
136,stress_layer_31,Linear,MM,256,512,128,0.0145,0.0937,0.0,"(1, 512)","(1, 128)",dp_stress
136,stress_layer_32,Linear,MM,256,512,128,0.0781,0.1083,0.0,"(1, 512)","(1, 128)",dp_stress
136,stress_layer_33,Linear,MM,256,512,128,0.0572,0.1372,0.0,"(1, 512)","(1, 128)",dp_stress
136,stress_layer_34,Linear,MM,256,512,128,0.0818,0.0961,0.0,"(1, 512)","(1, 128)",dp_stress
136,stress_layer_35,Linear,MM,256,512,128,0.612,0.3193,0.75,"(1, 512)","(1, 128)",dp_stress
136,stress_layer_36,Linear,MM,256,512,128,0.0244,0.1492,0.0,"(1, 512)","(1, 128)",dp_stress
136,stress_layer_37,Linear,MM,256,512,128,0.0066,0.1389,0.0,"(1, 512)","(1, 128)",dp_stress
136,stress_layer_38,Linear,MM,256,512,128,0.0709,0.0243,0.0,"(1, 512)","(1, 128)",dp_stress
136,stress_layer_39,Linear,MM,256,512,128,0.0147,0.1071,0.0,"(1, 512)","(1, 128)",dp_stress
137,stress_layer_0,Linear,MM,256,512,128,0.0208,0.0568,0.0,"(1, 512)","(1, 128)",dp_stress
137,stress_layer_1,Linear,MM,256,512,128,0.0628,0.0277,0.0,"(1, 512)","(1, 128)",dp_stress
137,stress_layer_2,Linear,MM,256,512,128,0.0208,0.1094,0.0,"(1, 512)","(1, 128)",dp_stress
137,stress_layer_3,Linear,MM,256,512,128,0.0062,0.0937,0.0,"(1, 512)","(1, 128)",dp_stress
137,stress_layer_4,Linear,MM,256,512,128,0.0467,0.0137,0.0,"(1, 512)","(1, 128)",dp_stress
137,stress_layer_5,Linear,MM,256,512,128,0.5596,0.412,0.75,"(1, 512)","(1, 128)",dp_stress
137,stress_layer_6,Linear,MM,256,512,128,0.0293,0.146,0.0,"(1, 512)","(1, 128)",dp_stress
137,stress_layer_7,Linear,MM,256,512,128,0.0479,0.137,0.0,"(1, 512)","(1, 128)",dp_stress
137,stress_layer_8,Linear,MM,256,512,128,0.0761,0.0715,0.0,"(1, 512)","(1, 128)",dp_stress
137,stress_layer_9,Linear,MM,256,512,128,0.023,0.0138,0.0,"(1, 512)","(1, 128)",dp_stress
137,stress_layer_10,Linear,MM,256,512,128,0.0913,0.0473,0.0,"(1, 512)","(1, 128)",dp_stress
137,stress_layer_11,Linear,MM,256,512,128,0.6053,0.4965,0.75,"(1, 512)","(1, 128)",dp_stress
137,stress_layer_12,Linear,MM,256,512,128,0.019,0.0539,0.0,"(1, 512)","(1, 128)",dp_stress
137,stress_layer_13,Linear,MM,256,512,128,0.0098,0.0022,0.0,"(1, 512)","(1, 128)",dp_stress
137,stress_layer_14,Linear,MM,256,512,128,0.0397,0.0171,0.0,"(1, 512)","(1, 128)",dp_stress
137,stress_layer_15,Linear,MM,256,512,128,0.0189,0.1266,0.0,"(1, 512)","(1, 128)",dp_stress
137,stress_layer_16,Linear,MM,256,512,128,0.0973,0.0749,0.0,"(1, 512)","(1, 128)",dp_stress
137,stress_layer_17,Linear,MM,256,512,128,0.5214,0.3579,0.75,"(1, 512)","(1, 128)",dp_stress
137,stress_layer_18,Linear,MM,256,512,128,0.0574,0.1303,0.0,"(1, 512)","(1, 128)",dp_stress
137,stress_layer_19,Linear,MM,256,512,128,0.0404,0.1369,0.0,"(1, 512)","(1, 128)",dp_stress
137,stress_layer_20,Linear,MM,256,512,128,0.009,0.0696,0.0,"(1, 512)","(1, 128)",dp_stress
137,stress_layer_21,Linear,MM,256,512,128,0.0452,0.0456,0.0,"(1, 512)","(1, 128)",dp_stress
137,stress_layer_22,Linear,MM,256,512,128,0.0766,0.0832,0.0,"(1, 512)","(1, 128)",dp_stress
137,stress_layer_23,Linear,MM,256,512,128,0.5669,0.4215,0.75,"(1, 512)","(1, 128)",dp_stress
137,stress_layer_24,Linear,MM,256,512,128,0.0065,0.052,0.0,"(1, 512)","(1, 128)",dp_stress
137,stress_layer_25,Linear,MM,256,512,128,0.0208,0.0813,0.0,"(1, 512)","(1, 128)",dp_stress
137,stress_layer_26,Linear,MM,256,512,128,0.0689,0.116,0.0,"(1, 512)","(1, 128)",dp_stress
137,stress_layer_27,Linear,MM,256,512,128,0.037,0.1218,0.0,"(1, 512)","(1, 128)",dp_stress
137,stress_layer_28,Linear,MM,256,512,128,0.0876,0.0095,0.0,"(1, 512)","(1, 128)",dp_stress
137,stress_layer_29,Linear,MM,256,512,128,0.6009,0.4902,0.75,"(1, 512)","(1, 128)",dp_stress
137,stress_layer_30,Linear,MM,256,512,128,0.0476,0.0448,0.0,"(1, 512)","(1, 128)",dp_stress
137,stress_layer_31,Linear,MM,256,512,128,0.0988,0.145,0.0,"(1, 512)","(1, 128)",dp_stress
137,stress_layer_32,Linear,MM,256,512,128,0.092,0.0795,0.0,"(1, 512)","(1, 128)",dp_stress
137,stress_layer_33,Linear,MM,256,512,128,0.0559,0.0837,0.0,"(1, 512)","(1, 128)",dp_stress
137,stress_layer_34,Linear,MM,256,512,128,0.0962,0.029,0.0,"(1, 512)","(1, 128)",dp_stress
137,stress_layer_35,Linear,MM,256,512,128,0.5391,0.399,0.75,"(1, 512)","(1, 128)",dp_stress
137,stress_layer_36,Linear,MM,256,512,128,0.0101,0.1429,0.0,"(1, 512)","(1, 128)",dp_stress
137,stress_layer_37,Linear,MM,256,512,128,0.0213,0.0237,0.0,"(1, 512)","(1, 128)",dp_stress
137,stress_layer_38,Linear,MM,256,512,128,0.0949,0.0989,0.0,"(1, 512)","(1, 128)",dp_stress
137,stress_layer_39,Linear,MM,256,512,128,0.0103,0.0527,0.0,"(1, 512)","(1, 128)",dp_stress
138,stress_layer_0,Linear,MM,256,512,128,0.0883,0.1336,0.0,"(1, 512)","(1, 128)",dp_stress
138,stress_layer_1,Linear,MM,256,512,128,0.0061,0.0023,0.0,"(1, 512)","(1, 128)",dp_stress
138,stress_layer_2,Linear,MM,256,512,128,0.0041,0.0017,0.0,"(1, 512)","(1, 128)",dp_stress
138,stress_layer_3,Linear,MM,256,512,128,0.0267,0.048,0.0,"(1, 512)","(1, 128)",dp_stress
138,stress_layer_4,Linear,MM,256,512,128,0.0133,0.134,0.0,"(1, 512)","(1, 128)",dp_stress
138,stress_layer_5,Linear,MM,256,512,128,0.5282,0.4307,0.75,"(1, 512)","(1, 128)",dp_stress
138,stress_layer_6,Linear,MM,256,512,128,0.05,0.0652,0.0,"(1, 512)","(1, 128)",dp_stress
138,stress_layer_7,Linear,MM,256,512,128,0.0194,0.01,0.0,"(1, 512)","(1, 128)",dp_stress
138,stress_layer_8,Linear,MM,256,512,128,0.0849,0.037,0.0,"(1, 512)","(1, 128)",dp_stress
138,stress_layer_9,Linear,MM,256,512,128,0.0892,0.1269,0.0,"(1, 512)","(1, 128)",dp_stress
138,stress_layer_10,Linear,MM,256,512,128,0.0222,0.1031,0.0,"(1, 512)","(1, 128)",dp_stress
138,stress_layer_11,Linear,MM,256,512,128,0.5146,0.3165,0.75,"(1, 512)","(1, 128)",dp_stress
138,stress_layer_12,Linear,MM,256,512,128,0.0585,0.1133,0.0,"(1, 512)","(1, 128)",dp_stress
138,stress_layer_13,Linear,MM,256,512,128,0.0829,0.1057,0.0,"(1, 512)","(1, 128)",dp_stress
138,stress_layer_14,Linear,MM,256,512,128,0.0553,0.1005,0.0,"(1, 512)","(1, 128)",dp_stress
138,stress_layer_15,Linear,MM,256,512,128,0.0776,0.0351,0.0,"(1, 512)","(1, 128)",dp_stress
138,stress_layer_16,Linear,MM,256,512,128,0.0805,0.0116,0.0,"(1, 512)","(1, 128)",dp_stress
138,stress_layer_17,Linear,MM,256,512,128,0.5215,0.4704,0.75,"(1, 512)","(1, 128)",dp_stress
138,stress_layer_18,Linear,MM,256,512,128,0.0294,0.0032,0.0,"(1, 512)","(1, 128)",dp_stress
138,stress_layer_19,Linear,MM,256,512,128,0.0957,0.0831,0.0,"(1, 512)","(1, 128)",dp_stress
138,stress_layer_20,Linear,MM,256,512,128,0.0808,0.1413,0.0,"(1, 512)","(1, 128)",dp_stress
138,stress_layer_21,Linear,MM,256,512,128,0.0609,0.1052,0.0,"(1, 512)","(1, 128)",dp_stress
138,stress_layer_22,Linear,MM,256,512,128,0.0917,0.1381,0.0,"(1, 512)","(1, 128)",dp_stress
138,stress_layer_23,Linear,MM,256,512,128,0.6262,0.3452,0.75,"(1, 512)","(1, 128)",dp_stress
138,stress_layer_24,Linear,MM,256,512,128,0.0151,0.0061,0.0,"(1, 512)","(1, 128)",dp_stress
138,stress_layer_25,Linear,MM,256,512,128,0.0865,0.1213,0.0,"(1, 512)","(1, 128)",dp_stress
138,stress_layer_26,Linear,MM,256,512,128,0.0112,0.0832,0.0,"(1, 512)","(1, 128)",dp_stress
138,stress_layer_27,Linear,MM,256,512,128,0.0252,0.0216,0.0,"(1, 512)","(1, 128)",dp_stress
138,stress_layer_28,Linear,MM,256,512,128,0.0437,0.1152,0.0,"(1, 512)","(1, 128)",dp_stress
138,stress_layer_29,Linear,MM,256,512,128,0.573,0.302,0.75,"(1, 512)","(1, 128)",dp_stress
138,stress_layer_30,Linear,MM,256,512,128,0.0632,0.0979,0.0,"(1, 512)","(1, 128)",dp_stress
138,stress_layer_31,Linear,MM,256,512,128,0.0605,0.0065,0.0,"(1, 512)","(1, 128)",dp_stress
138,stress_layer_32,Linear,MM,256,512,128,0.0471,0.0773,0.0,"(1, 512)","(1, 128)",dp_stress
138,stress_layer_33,Linear,MM,256,512,128,0.0343,0.1073,0.0,"(1, 512)","(1, 128)",dp_stress
138,stress_layer_34,Linear,MM,256,512,128,0.0584,0.1192,0.0,"(1, 512)","(1, 128)",dp_stress
138,stress_layer_35,Linear,MM,256,512,128,0.5162,0.3713,0.75,"(1, 512)","(1, 128)",dp_stress
138,stress_layer_36,Linear,MM,256,512,128,0.0119,0.0428,0.0,"(1, 512)","(1, 128)",dp_stress
138,stress_layer_37,Linear,MM,256,512,128,0.0622,0.1255,0.0,"(1, 512)","(1, 128)",dp_stress
138,stress_layer_38,Linear,MM,256,512,128,0.029,0.0267,0.0,"(1, 512)","(1, 128)",dp_stress
138,stress_layer_39,Linear,MM,256,512,128,0.0892,0.0617,0.0,"(1, 512)","(1, 128)",dp_stress
139,stress_layer_0,Linear,MM,256,512,128,0.0295,0.0688,0.0,"(1, 512)","(1, 128)",dp_stress
139,stress_layer_1,Linear,MM,256,512,128,0.0985,0.0507,0.0,"(1, 512)","(1, 128)",dp_stress
139,stress_layer_2,Linear,MM,256,512,128,0.0276,0.0954,0.0,"(1, 512)","(1, 128)",dp_stress
139,stress_layer_3,Linear,MM,256,512,128,0.0756,0.1331,0.0,"(1, 512)","(1, 128)",dp_stress
139,stress_layer_4,Linear,MM,256,512,128,0.0969,0.0291,0.0,"(1, 512)","(1, 128)",dp_stress
139,stress_layer_5,Linear,MM,256,512,128,0.6477,0.3319,0.75,"(1, 512)","(1, 128)",dp_stress
139,stress_layer_6,Linear,MM,256,512,128,0.0569,0.1267,0.0,"(1, 512)","(1, 128)",dp_stress
139,stress_layer_7,Linear,MM,256,512,128,0.0246,0.0763,0.0,"(1, 512)","(1, 128)",dp_stress
139,stress_layer_8,Linear,MM,256,512,128,0.0523,0.1045,0.0,"(1, 512)","(1, 128)",dp_stress
139,stress_layer_9,Linear,MM,256,512,128,0.0464,0.0406,0.0,"(1, 512)","(1, 128)",dp_stress
139,stress_layer_10,Linear,MM,256,512,128,0.0625,0.1076,0.0,"(1, 512)","(1, 128)",dp_stress
139,stress_layer_11,Linear,MM,256,512,128,0.6746,0.4152,0.75,"(1, 512)","(1, 128)",dp_stress
139,stress_layer_12,Linear,MM,256,512,128,0.0919,0.1172,0.0,"(1, 512)","(1, 128)",dp_stress
139,stress_layer_13,Linear,MM,256,512,128,0.0688,0.0443,0.0,"(1, 512)","(1, 128)",dp_stress
139,stress_layer_14,Linear,MM,256,512,128,0.0321,0.1399,0.0,"(1, 512)","(1, 128)",dp_stress
139,stress_layer_15,Linear,MM,256,512,128,0.0596,0.036,0.0,"(1, 512)","(1, 128)",dp_stress
139,stress_layer_16,Linear,MM,256,512,128,0.0133,0.1313,0.0,"(1, 512)","(1, 128)",dp_stress
139,stress_layer_17,Linear,MM,256,512,128,0.6581,0.4624,0.75,"(1, 512)","(1, 128)",dp_stress
139,stress_layer_18,Linear,MM,256,512,128,0.0626,0.107,0.0,"(1, 512)","(1, 128)",dp_stress
139,stress_layer_19,Linear,MM,256,512,128,0.0964,0.0005,0.0,"(1, 512)","(1, 128)",dp_stress
139,stress_layer_20,Linear,MM,256,512,128,0.0727,0.1162,0.0,"(1, 512)","(1, 128)",dp_stress
139,stress_layer_21,Linear,MM,256,512,128,0.0631,0.1467,0.0,"(1, 512)","(1, 128)",dp_stress
139,stress_layer_22,Linear,MM,256,512,128,0.0529,0.0785,0.0,"(1, 512)","(1, 128)",dp_stress
139,stress_layer_23,Linear,MM,256,512,128,0.6475,0.329,0.75,"(1, 512)","(1, 128)",dp_stress
139,stress_layer_24,Linear,MM,256,512,128,0.0357,0.1274,0.0,"(1, 512)","(1, 128)",dp_stress
139,stress_layer_25,Linear,MM,256,512,128,0.0,0.018,0.0,"(1, 512)","(1, 128)",dp_stress
139,stress_layer_26,Linear,MM,256,512,128,0.0182,0.0247,0.0,"(1, 512)","(1, 128)",dp_stress
139,stress_layer_27,Linear,MM,256,512,128,0.094,0.0812,0.0,"(1, 512)","(1, 128)",dp_stress
139,stress_layer_28,Linear,MM,256,512,128,0.0472,0.0841,0.0,"(1, 512)","(1, 128)",dp_stress
139,stress_layer_29,Linear,MM,256,512,128,0.5301,0.4809,0.75,"(1, 512)","(1, 128)",dp_stress
139,stress_layer_30,Linear,MM,256,512,128,0.0493,0.112,0.0,"(1, 512)","(1, 128)",dp_stress
139,stress_layer_31,Linear,MM,256,512,128,0.0406,0.1349,0.0,"(1, 512)","(1, 128)",dp_stress
139,stress_layer_32,Linear,MM,256,512,128,0.0149,0.0501,0.0,"(1, 512)","(1, 128)",dp_stress
139,stress_layer_33,Linear,MM,256,512,128,0.0985,0.0863,0.0,"(1, 512)","(1, 128)",dp_stress
139,stress_layer_34,Linear,MM,256,512,128,0.0033,0.1203,0.0,"(1, 512)","(1, 128)",dp_stress
139,stress_layer_35,Linear,MM,256,512,128,0.5611,0.4731,0.75,"(1, 512)","(1, 128)",dp_stress
139,stress_layer_36,Linear,MM,256,512,128,0.0452,0.1137,0.0,"(1, 512)","(1, 128)",dp_stress
139,stress_layer_37,Linear,MM,256,512,128,0.0669,0.0706,0.0,"(1, 512)","(1, 128)",dp_stress
139,stress_layer_38,Linear,MM,256,512,128,0.0073,0.0402,0.0,"(1, 512)","(1, 128)",dp_stress
139,stress_layer_39,Linear,MM,256,512,128,0.0582,0.073,0.0,"(1, 512)","(1, 128)",dp_stress
140,stress_layer_0,Linear,MM,256,512,128,0.0254,0.047,0.0,"(1, 512)","(1, 128)",dp_stress
140,stress_layer_1,Linear,MM,256,512,128,0.0725,0.0314,0.0,"(1, 512)","(1, 128)",dp_stress
140,stress_layer_2,Linear,MM,256,512,128,0.0177,0.1084,0.0,"(1, 512)","(1, 128)",dp_stress
140,stress_layer_3,Linear,MM,256,512,128,0.0018,0.1124,0.0,"(1, 512)","(1, 128)",dp_stress
140,stress_layer_4,Linear,MM,256,512,128,0.0291,0.078,0.0,"(1, 512)","(1, 128)",dp_stress
140,stress_layer_5,Linear,MM,256,512,128,0.5632,0.3096,0.75,"(1, 512)","(1, 128)",dp_stress
140,stress_layer_6,Linear,MM,256,512,128,0.0768,0.1217,0.0,"(1, 512)","(1, 128)",dp_stress
140,stress_layer_7,Linear,MM,256,512,128,0.0444,0.1367,0.0,"(1, 512)","(1, 128)",dp_stress
140,stress_layer_8,Linear,MM,256,512,128,0.0526,0.0284,0.0,"(1, 512)","(1, 128)",dp_stress
140,stress_layer_9,Linear,MM,256,512,128,0.0638,0.0178,0.0,"(1, 512)","(1, 128)",dp_stress
140,stress_layer_10,Linear,MM,256,512,128,0.0967,0.0123,0.0,"(1, 512)","(1, 128)",dp_stress
140,stress_layer_11,Linear,MM,256,512,128,0.6706,0.321,0.75,"(1, 512)","(1, 128)",dp_stress
140,stress_layer_12,Linear,MM,256,512,128,0.0959,0.0302,0.0,"(1, 512)","(1, 128)",dp_stress
140,stress_layer_13,Linear,MM,256,512,128,0.064,0.0409,0.0,"(1, 512)","(1, 128)",dp_stress
140,stress_layer_14,Linear,MM,256,512,128,0.0672,0.1469,0.0,"(1, 512)","(1, 128)",dp_stress
140,stress_layer_15,Linear,MM,256,512,128,0.0181,0.0202,0.0,"(1, 512)","(1, 128)",dp_stress
140,stress_layer_16,Linear,MM,256,512,128,0.0755,0.1382,0.0,"(1, 512)","(1, 128)",dp_stress
140,stress_layer_17,Linear,MM,256,512,128,0.6506,0.4033,0.75,"(1, 512)","(1, 128)",dp_stress
140,stress_layer_18,Linear,MM,256,512,128,0.0363,0.1463,0.0,"(1, 512)","(1, 128)",dp_stress
140,stress_layer_19,Linear,MM,256,512,128,0.014,0.0398,0.0,"(1, 512)","(1, 128)",dp_stress
140,stress_layer_20,Linear,MM,256,512,128,0.0376,0.0074,0.0,"(1, 512)","(1, 128)",dp_stress
140,stress_layer_21,Linear,MM,256,512,128,0.0142,0.0651,0.0,"(1, 512)","(1, 128)",dp_stress
140,stress_layer_22,Linear,MM,256,512,128,0.067,0.049,0.0,"(1, 512)","(1, 128)",dp_stress
140,stress_layer_23,Linear,MM,256,512,128,0.6313,0.3171,0.75,"(1, 512)","(1, 128)",dp_stress
140,stress_layer_24,Linear,MM,256,512,128,0.0946,0.05,0.0,"(1, 512)","(1, 128)",dp_stress
140,stress_layer_25,Linear,MM,256,512,128,0.0937,0.1428,0.0,"(1, 512)","(1, 128)",dp_stress
140,stress_layer_26,Linear,MM,256,512,128,0.0718,0.0856,0.0,"(1, 512)","(1, 128)",dp_stress
140,stress_layer_27,Linear,MM,256,512,128,0.0188,0.1122,0.0,"(1, 512)","(1, 128)",dp_stress
140,stress_layer_28,Linear,MM,256,512,128,0.0473,0.0269,0.0,"(1, 512)","(1, 128)",dp_stress
140,stress_layer_29,Linear,MM,256,512,128,0.5589,0.3658,0.75,"(1, 512)","(1, 128)",dp_stress
140,stress_layer_30,Linear,MM,256,512,128,0.0094,0.0154,0.0,"(1, 512)","(1, 128)",dp_stress
140,stress_layer_31,Linear,MM,256,512,128,0.0833,0.051,0.0,"(1, 512)","(1, 128)",dp_stress
140,stress_layer_32,Linear,MM,256,512,128,0.0903,0.0657,0.0,"(1, 512)","(1, 128)",dp_stress
140,stress_layer_33,Linear,MM,256,512,128,0.0528,0.0305,0.0,"(1, 512)","(1, 128)",dp_stress
140,stress_layer_34,Linear,MM,256,512,128,0.0019,0.1496,0.0,"(1, 512)","(1, 128)",dp_stress
140,stress_layer_35,Linear,MM,256,512,128,0.5181,0.3535,0.75,"(1, 512)","(1, 128)",dp_stress
140,stress_layer_36,Linear,MM,256,512,128,0.0235,0.0856,0.0,"(1, 512)","(1, 128)",dp_stress
140,stress_layer_37,Linear,MM,256,512,128,0.0802,0.0784,0.0,"(1, 512)","(1, 128)",dp_stress
140,stress_layer_38,Linear,MM,256,512,128,0.0705,0.1292,0.0,"(1, 512)","(1, 128)",dp_stress
140,stress_layer_39,Linear,MM,256,512,128,0.0358,0.1382,0.0,"(1, 512)","(1, 128)",dp_stress
141,stress_layer_0,Linear,MM,256,512,128,0.0434,0.0184,0.0,"(1, 512)","(1, 128)",dp_stress
141,stress_layer_1,Linear,MM,256,512,128,0.0284,0.1143,0.0,"(1, 512)","(1, 128)",dp_stress
141,stress_layer_2,Linear,MM,256,512,128,0.0557,0.1375,0.0,"(1, 512)","(1, 128)",dp_stress
141,stress_layer_3,Linear,MM,256,512,128,0.0922,0.041,0.0,"(1, 512)","(1, 128)",dp_stress
141,stress_layer_4,Linear,MM,256,512,128,0.0617,0.102,0.0,"(1, 512)","(1, 128)",dp_stress
141,stress_layer_5,Linear,MM,256,512,128,0.5824,0.3126,0.75,"(1, 512)","(1, 128)",dp_stress
141,stress_layer_6,Linear,MM,256,512,128,0.0896,0.1304,0.0,"(1, 512)","(1, 128)",dp_stress
141,stress_layer_7,Linear,MM,256,512,128,0.0703,0.0532,0.0,"(1, 512)","(1, 128)",dp_stress
141,stress_layer_8,Linear,MM,256,512,128,0.0537,0.0059,0.0,"(1, 512)","(1, 128)",dp_stress
141,stress_layer_9,Linear,MM,256,512,128,0.0768,0.1343,0.0,"(1, 512)","(1, 128)",dp_stress
141,stress_layer_10,Linear,MM,256,512,128,0.0013,0.0039,0.0,"(1, 512)","(1, 128)",dp_stress
141,stress_layer_11,Linear,MM,256,512,128,0.5676,0.4047,0.75,"(1, 512)","(1, 128)",dp_stress
141,stress_layer_12,Linear,MM,256,512,128,0.0734,0.0012,0.0,"(1, 512)","(1, 128)",dp_stress
141,stress_layer_13,Linear,MM,256,512,128,0.0017,0.0929,0.0,"(1, 512)","(1, 128)",dp_stress
141,stress_layer_14,Linear,MM,256,512,128,0.0499,0.0754,0.0,"(1, 512)","(1, 128)",dp_stress
141,stress_layer_15,Linear,MM,256,512,128,0.0668,0.0449,0.0,"(1, 512)","(1, 128)",dp_stress
141,stress_layer_16,Linear,MM,256,512,128,0.0931,0.0448,0.0,"(1, 512)","(1, 128)",dp_stress
141,stress_layer_17,Linear,MM,256,512,128,0.6371,0.3544,0.75,"(1, 512)","(1, 128)",dp_stress
141,stress_layer_18,Linear,MM,256,512,128,0.0699,0.1233,0.0,"(1, 512)","(1, 128)",dp_stress
141,stress_layer_19,Linear,MM,256,512,128,0.0985,0.1275,0.0,"(1, 512)","(1, 128)",dp_stress
141,stress_layer_20,Linear,MM,256,512,128,0.0919,0.1254,0.0,"(1, 512)","(1, 128)",dp_stress
141,stress_layer_21,Linear,MM,256,512,128,0.0211,0.0071,0.0,"(1, 512)","(1, 128)",dp_stress
141,stress_layer_22,Linear,MM,256,512,128,0.0156,0.1318,0.0,"(1, 512)","(1, 128)",dp_stress
141,stress_layer_23,Linear,MM,256,512,128,0.5913,0.461,0.75,"(1, 512)","(1, 128)",dp_stress
141,stress_layer_24,Linear,MM,256,512,128,0.045,0.0001,0.0,"(1, 512)","(1, 128)",dp_stress
141,stress_layer_25,Linear,MM,256,512,128,0.0513,0.0283,0.0,"(1, 512)","(1, 128)",dp_stress
141,stress_layer_26,Linear,MM,256,512,128,0.0735,0.0722,0.0,"(1, 512)","(1, 128)",dp_stress
141,stress_layer_27,Linear,MM,256,512,128,0.0927,0.145,0.0,"(1, 512)","(1, 128)",dp_stress
141,stress_layer_28,Linear,MM,256,512,128,0.0584,0.1184,0.0,"(1, 512)","(1, 128)",dp_stress
141,stress_layer_29,Linear,MM,256,512,128,0.6076,0.417,0.75,"(1, 512)","(1, 128)",dp_stress
141,stress_layer_30,Linear,MM,256,512,128,0.044,0.1006,0.0,"(1, 512)","(1, 128)",dp_stress
141,stress_layer_31,Linear,MM,256,512,128,0.0725,0.1027,0.0,"(1, 512)","(1, 128)",dp_stress
141,stress_layer_32,Linear,MM,256,512,128,0.0325,0.1032,0.0,"(1, 512)","(1, 128)",dp_stress
141,stress_layer_33,Linear,MM,256,512,128,0.0349,0.0174,0.0,"(1, 512)","(1, 128)",dp_stress
141,stress_layer_34,Linear,MM,256,512,128,0.0557,0.091,0.0,"(1, 512)","(1, 128)",dp_stress
141,stress_layer_35,Linear,MM,256,512,128,0.6199,0.3944,0.75,"(1, 512)","(1, 128)",dp_stress
141,stress_layer_36,Linear,MM,256,512,128,0.079,0.0218,0.0,"(1, 512)","(1, 128)",dp_stress
141,stress_layer_37,Linear,MM,256,512,128,0.0331,0.109,0.0,"(1, 512)","(1, 128)",dp_stress
141,stress_layer_38,Linear,MM,256,512,128,0.0247,0.1427,0.0,"(1, 512)","(1, 128)",dp_stress
141,stress_layer_39,Linear,MM,256,512,128,0.0527,0.0139,0.0,"(1, 512)","(1, 128)",dp_stress
142,stress_layer_0,Linear,MM,256,512,128,0.0836,0.1054,0.0,"(1, 512)","(1, 128)",dp_stress
142,stress_layer_1,Linear,MM,256,512,128,0.0841,0.0761,0.0,"(1, 512)","(1, 128)",dp_stress
142,stress_layer_2,Linear,MM,256,512,128,0.0724,0.0535,0.0,"(1, 512)","(1, 128)",dp_stress
142,stress_layer_3,Linear,MM,256,512,128,0.0265,0.12,0.0,"(1, 512)","(1, 128)",dp_stress
142,stress_layer_4,Linear,MM,256,512,128,0.0007,0.0072,0.0,"(1, 512)","(1, 128)",dp_stress
142,stress_layer_5,Linear,MM,256,512,128,0.5574,0.4743,0.75,"(1, 512)","(1, 128)",dp_stress
142,stress_layer_6,Linear,MM,256,512,128,0.0534,0.0501,0.0,"(1, 512)","(1, 128)",dp_stress
142,stress_layer_7,Linear,MM,256,512,128,0.0135,0.0783,0.0,"(1, 512)","(1, 128)",dp_stress
142,stress_layer_8,Linear,MM,256,512,128,0.0777,0.0297,0.0,"(1, 512)","(1, 128)",dp_stress
142,stress_layer_9,Linear,MM,256,512,128,0.0441,0.1394,0.0,"(1, 512)","(1, 128)",dp_stress
142,stress_layer_10,Linear,MM,256,512,128,0.0148,0.0685,0.0,"(1, 512)","(1, 128)",dp_stress
142,stress_layer_11,Linear,MM,256,512,128,0.6611,0.3337,0.75,"(1, 512)","(1, 128)",dp_stress
142,stress_layer_12,Linear,MM,256,512,128,0.0925,0.0208,0.0,"(1, 512)","(1, 128)",dp_stress
142,stress_layer_13,Linear,MM,256,512,128,0.0548,0.0517,0.0,"(1, 512)","(1, 128)",dp_stress
142,stress_layer_14,Linear,MM,256,512,128,0.0793,0.0918,0.0,"(1, 512)","(1, 128)",dp_stress
142,stress_layer_15,Linear,MM,256,512,128,0.0587,0.1434,0.0,"(1, 512)","(1, 128)",dp_stress
142,stress_layer_16,Linear,MM,256,512,128,0.0678,0.1287,0.0,"(1, 512)","(1, 128)",dp_stress
142,stress_layer_17,Linear,MM,256,512,128,0.5712,0.4354,0.75,"(1, 512)","(1, 128)",dp_stress
142,stress_layer_18,Linear,MM,256,512,128,0.0146,0.098,0.0,"(1, 512)","(1, 128)",dp_stress
142,stress_layer_19,Linear,MM,256,512,128,0.0051,0.0301,0.0,"(1, 512)","(1, 128)",dp_stress
142,stress_layer_20,Linear,MM,256,512,128,0.008,0.0263,0.0,"(1, 512)","(1, 128)",dp_stress
142,stress_layer_21,Linear,MM,256,512,128,0.0414,0.0682,0.0,"(1, 512)","(1, 128)",dp_stress
142,stress_layer_22,Linear,MM,256,512,128,0.0184,0.0463,0.0,"(1, 512)","(1, 128)",dp_stress
142,stress_layer_23,Linear,MM,256,512,128,0.5937,0.352,0.75,"(1, 512)","(1, 128)",dp_stress
142,stress_layer_24,Linear,MM,256,512,128,0.0557,0.0064,0.0,"(1, 512)","(1, 128)",dp_stress
142,stress_layer_25,Linear,MM,256,512,128,0.0114,0.0013,0.0,"(1, 512)","(1, 128)",dp_stress
142,stress_layer_26,Linear,MM,256,512,128,0.0039,0.0938,0.0,"(1, 512)","(1, 128)",dp_stress
142,stress_layer_27,Linear,MM,256,512,128,0.0992,0.0937,0.0,"(1, 512)","(1, 128)",dp_stress
142,stress_layer_28,Linear,MM,256,512,128,0.0017,0.0268,0.0,"(1, 512)","(1, 128)",dp_stress
142,stress_layer_29,Linear,MM,256,512,128,0.6884,0.4667,0.75,"(1, 512)","(1, 128)",dp_stress
142,stress_layer_30,Linear,MM,256,512,128,0.0862,0.0712,0.0,"(1, 512)","(1, 128)",dp_stress
142,stress_layer_31,Linear,MM,256,512,128,0.0881,0.1223,0.0,"(1, 512)","(1, 128)",dp_stress
142,stress_layer_32,Linear,MM,256,512,128,0.0808,0.0058,0.0,"(1, 512)","(1, 128)",dp_stress
142,stress_layer_33,Linear,MM,256,512,128,0.0851,0.1058,0.0,"(1, 512)","(1, 128)",dp_stress
142,stress_layer_34,Linear,MM,256,512,128,0.0553,0.1002,0.0,"(1, 512)","(1, 128)",dp_stress
142,stress_layer_35,Linear,MM,256,512,128,0.659,0.416,0.75,"(1, 512)","(1, 128)",dp_stress
142,stress_layer_36,Linear,MM,256,512,128,0.0794,0.0215,0.0,"(1, 512)","(1, 128)",dp_stress
142,stress_layer_37,Linear,MM,256,512,128,0.0917,0.0399,0.0,"(1, 512)","(1, 128)",dp_stress
142,stress_layer_38,Linear,MM,256,512,128,0.0319,0.1343,0.0,"(1, 512)","(1, 128)",dp_stress
142,stress_layer_39,Linear,MM,256,512,128,0.0203,0.1296,0.0,"(1, 512)","(1, 128)",dp_stress
143,stress_layer_0,Linear,MM,256,512,128,0.0595,0.0318,0.0,"(1, 512)","(1, 128)",dp_stress
143,stress_layer_1,Linear,MM,256,512,128,0.0398,0.1377,0.0,"(1, 512)","(1, 128)",dp_stress
143,stress_layer_2,Linear,MM,256,512,128,0.0558,0.1085,0.0,"(1, 512)","(1, 128)",dp_stress
143,stress_layer_3,Linear,MM,256,512,128,0.0034,0.0367,0.0,"(1, 512)","(1, 128)",dp_stress
143,stress_layer_4,Linear,MM,256,512,128,0.0757,0.105,0.0,"(1, 512)","(1, 128)",dp_stress
143,stress_layer_5,Linear,MM,256,512,128,0.6348,0.4819,0.75,"(1, 512)","(1, 128)",dp_stress
143,stress_layer_6,Linear,MM,256,512,128,0.0773,0.0434,0.0,"(1, 512)","(1, 128)",dp_stress
143,stress_layer_7,Linear,MM,256,512,128,0.06,0.0798,0.0,"(1, 512)","(1, 128)",dp_stress
143,stress_layer_8,Linear,MM,256,512,128,0.0613,0.1303,0.0,"(1, 512)","(1, 128)",dp_stress
143,stress_layer_9,Linear,MM,256,512,128,0.0293,0.0557,0.0,"(1, 512)","(1, 128)",dp_stress
143,stress_layer_10,Linear,MM,256,512,128,0.0858,0.1422,0.0,"(1, 512)","(1, 128)",dp_stress
143,stress_layer_11,Linear,MM,256,512,128,0.6654,0.351,0.75,"(1, 512)","(1, 128)",dp_stress
143,stress_layer_12,Linear,MM,256,512,128,0.0068,0.076,0.0,"(1, 512)","(1, 128)",dp_stress
143,stress_layer_13,Linear,MM,256,512,128,0.097,0.1068,0.0,"(1, 512)","(1, 128)",dp_stress
143,stress_layer_14,Linear,MM,256,512,128,0.0232,0.0979,0.0,"(1, 512)","(1, 128)",dp_stress
143,stress_layer_15,Linear,MM,256,512,128,0.0908,0.1197,0.0,"(1, 512)","(1, 128)",dp_stress
143,stress_layer_16,Linear,MM,256,512,128,0.0321,0.0943,0.0,"(1, 512)","(1, 128)",dp_stress
143,stress_layer_17,Linear,MM,256,512,128,0.6489,0.4265,0.75,"(1, 512)","(1, 128)",dp_stress
143,stress_layer_18,Linear,MM,256,512,128,0.0252,0.006,0.0,"(1, 512)","(1, 128)",dp_stress
143,stress_layer_19,Linear,MM,256,512,128,0.0356,0.1138,0.0,"(1, 512)","(1, 128)",dp_stress
143,stress_layer_20,Linear,MM,256,512,128,0.0007,0.0507,0.0,"(1, 512)","(1, 128)",dp_stress
143,stress_layer_21,Linear,MM,256,512,128,0.0025,0.1281,0.0,"(1, 512)","(1, 128)",dp_stress
143,stress_layer_22,Linear,MM,256,512,128,0.0457,0.0646,0.0,"(1, 512)","(1, 128)",dp_stress
143,stress_layer_23,Linear,MM,256,512,128,0.6448,0.3304,0.75,"(1, 512)","(1, 128)",dp_stress
143,stress_layer_24,Linear,MM,256,512,128,0.0636,0.031,0.0,"(1, 512)","(1, 128)",dp_stress
143,stress_layer_25,Linear,MM,256,512,128,0.0888,0.1098,0.0,"(1, 512)","(1, 128)",dp_stress
143,stress_layer_26,Linear,MM,256,512,128,0.0128,0.0591,0.0,"(1, 512)","(1, 128)",dp_stress
143,stress_layer_27,Linear,MM,256,512,128,0.0261,0.0737,0.0,"(1, 512)","(1, 128)",dp_stress
143,stress_layer_28,Linear,MM,256,512,128,0.0467,0.023,0.0,"(1, 512)","(1, 128)",dp_stress
143,stress_layer_29,Linear,MM,256,512,128,0.6321,0.3489,0.75,"(1, 512)","(1, 128)",dp_stress
143,stress_layer_30,Linear,MM,256,512,128,0.0226,0.1023,0.0,"(1, 512)","(1, 128)",dp_stress
143,stress_layer_31,Linear,MM,256,512,128,0.0498,0.0286,0.0,"(1, 512)","(1, 128)",dp_stress
143,stress_layer_32,Linear,MM,256,512,128,0.0787,0.0357,0.0,"(1, 512)","(1, 128)",dp_stress
143,stress_layer_33,Linear,MM,256,512,128,0.0515,0.0901,0.0,"(1, 512)","(1, 128)",dp_stress
143,stress_layer_34,Linear,MM,256,512,128,0.0578,0.0233,0.0,"(1, 512)","(1, 128)",dp_stress
143,stress_layer_35,Linear,MM,256,512,128,0.6469,0.4071,0.75,"(1, 512)","(1, 128)",dp_stress
143,stress_layer_36,Linear,MM,256,512,128,0.0373,0.1123,0.0,"(1, 512)","(1, 128)",dp_stress
143,stress_layer_37,Linear,MM,256,512,128,0.0679,0.0228,0.0,"(1, 512)","(1, 128)",dp_stress
143,stress_layer_38,Linear,MM,256,512,128,0.097,0.0676,0.0,"(1, 512)","(1, 128)",dp_stress
143,stress_layer_39,Linear,MM,256,512,128,0.0235,0.1174,0.0,"(1, 512)","(1, 128)",dp_stress
144,stress_layer_0,Linear,MM,256,512,128,0.0944,0.05,0.0,"(1, 512)","(1, 128)",dp_stress
144,stress_layer_1,Linear,MM,256,512,128,0.0122,0.1071,0.0,"(1, 512)","(1, 128)",dp_stress
144,stress_layer_2,Linear,MM,256,512,128,0.0572,0.0998,0.0,"(1, 512)","(1, 128)",dp_stress
144,stress_layer_3,Linear,MM,256,512,128,0.0646,0.0021,0.0,"(1, 512)","(1, 128)",dp_stress
144,stress_layer_4,Linear,MM,256,512,128,0.0904,0.0288,0.0,"(1, 512)","(1, 128)",dp_stress
144,stress_layer_5,Linear,MM,256,512,128,0.555,0.4873,0.75,"(1, 512)","(1, 128)",dp_stress
144,stress_layer_6,Linear,MM,256,512,128,0.0923,0.1228,0.0,"(1, 512)","(1, 128)",dp_stress
144,stress_layer_7,Linear,MM,256,512,128,0.0394,0.0459,0.0,"(1, 512)","(1, 128)",dp_stress
144,stress_layer_8,Linear,MM,256,512,128,0.0323,0.0383,0.0,"(1, 512)","(1, 128)",dp_stress
144,stress_layer_9,Linear,MM,256,512,128,0.0157,0.1339,0.0,"(1, 512)","(1, 128)",dp_stress
144,stress_layer_10,Linear,MM,256,512,128,0.0557,0.0898,0.0,"(1, 512)","(1, 128)",dp_stress
144,stress_layer_11,Linear,MM,256,512,128,0.5217,0.4387,0.75,"(1, 512)","(1, 128)",dp_stress
144,stress_layer_12,Linear,MM,256,512,128,0.005,0.1196,0.0,"(1, 512)","(1, 128)",dp_stress
144,stress_layer_13,Linear,MM,256,512,128,0.0609,0.0649,0.0,"(1, 512)","(1, 128)",dp_stress
144,stress_layer_14,Linear,MM,256,512,128,0.0213,0.0467,0.0,"(1, 512)","(1, 128)",dp_stress
144,stress_layer_15,Linear,MM,256,512,128,0.0109,0.0256,0.0,"(1, 512)","(1, 128)",dp_stress
144,stress_layer_16,Linear,MM,256,512,128,0.0223,0.1226,0.0,"(1, 512)","(1, 128)",dp_stress
144,stress_layer_17,Linear,MM,256,512,128,0.5629,0.4211,0.75,"(1, 512)","(1, 128)",dp_stress
144,stress_layer_18,Linear,MM,256,512,128,0.0407,0.0913,0.0,"(1, 512)","(1, 128)",dp_stress
144,stress_layer_19,Linear,MM,256,512,128,0.0657,0.121,0.0,"(1, 512)","(1, 128)",dp_stress
144,stress_layer_20,Linear,MM,256,512,128,0.0142,0.0562,0.0,"(1, 512)","(1, 128)",dp_stress
144,stress_layer_21,Linear,MM,256,512,128,0.0245,0.0244,0.0,"(1, 512)","(1, 128)",dp_stress
144,stress_layer_22,Linear,MM,256,512,128,0.0213,0.091,0.0,"(1, 512)","(1, 128)",dp_stress
144,stress_layer_23,Linear,MM,256,512,128,0.5324,0.4371,0.75,"(1, 512)","(1, 128)",dp_stress
144,stress_layer_24,Linear,MM,256,512,128,0.0452,0.11,0.0,"(1, 512)","(1, 128)",dp_stress
144,stress_layer_25,Linear,MM,256,512,128,0.0092,0.1098,0.0,"(1, 512)","(1, 128)",dp_stress
144,stress_layer_26,Linear,MM,256,512,128,0.0158,0.0287,0.0,"(1, 512)","(1, 128)",dp_stress
144,stress_layer_27,Linear,MM,256,512,128,0.0355,0.1311,0.0,"(1, 512)","(1, 128)",dp_stress
144,stress_layer_28,Linear,MM,256,512,128,0.0901,0.0127,0.0,"(1, 512)","(1, 128)",dp_stress
144,stress_layer_29,Linear,MM,256,512,128,0.6265,0.4188,0.75,"(1, 512)","(1, 128)",dp_stress
144,stress_layer_30,Linear,MM,256,512,128,0.0671,0.0639,0.0,"(1, 512)","(1, 128)",dp_stress
144,stress_layer_31,Linear,MM,256,512,128,0.027,0.0898,0.0,"(1, 512)","(1, 128)",dp_stress
144,stress_layer_32,Linear,MM,256,512,128,0.0896,0.0739,0.0,"(1, 512)","(1, 128)",dp_stress
144,stress_layer_33,Linear,MM,256,512,128,0.0391,0.1202,0.0,"(1, 512)","(1, 128)",dp_stress
144,stress_layer_34,Linear,MM,256,512,128,0.0125,0.132,0.0,"(1, 512)","(1, 128)",dp_stress
144,stress_layer_35,Linear,MM,256,512,128,0.5615,0.4665,0.75,"(1, 512)","(1, 128)",dp_stress
144,stress_layer_36,Linear,MM,256,512,128,0.0902,0.1067,0.0,"(1, 512)","(1, 128)",dp_stress
144,stress_layer_37,Linear,MM,256,512,128,0.0673,0.1441,0.0,"(1, 512)","(1, 128)",dp_stress
144,stress_layer_38,Linear,MM,256,512,128,0.0068,0.148,0.0,"(1, 512)","(1, 128)",dp_stress
144,stress_layer_39,Linear,MM,256,512,128,0.0121,0.0864,0.0,"(1, 512)","(1, 128)",dp_stress
145,stress_layer_0,Linear,MM,256,512,128,0.0932,0.0032,0.0,"(1, 512)","(1, 128)",dp_stress
145,stress_layer_1,Linear,MM,256,512,128,0.0918,0.0471,0.0,"(1, 512)","(1, 128)",dp_stress
145,stress_layer_2,Linear,MM,256,512,128,0.0034,0.0185,0.0,"(1, 512)","(1, 128)",dp_stress
145,stress_layer_3,Linear,MM,256,512,128,0.0164,0.1259,0.0,"(1, 512)","(1, 128)",dp_stress
145,stress_layer_4,Linear,MM,256,512,128,0.0346,0.1404,0.0,"(1, 512)","(1, 128)",dp_stress
145,stress_layer_5,Linear,MM,256,512,128,0.5707,0.3711,0.75,"(1, 512)","(1, 128)",dp_stress
145,stress_layer_6,Linear,MM,256,512,128,0.036,0.0851,0.0,"(1, 512)","(1, 128)",dp_stress
145,stress_layer_7,Linear,MM,256,512,128,0.0304,0.1483,0.0,"(1, 512)","(1, 128)",dp_stress
145,stress_layer_8,Linear,MM,256,512,128,0.0585,0.1395,0.0,"(1, 512)","(1, 128)",dp_stress
145,stress_layer_9,Linear,MM,256,512,128,0.0758,0.0528,0.0,"(1, 512)","(1, 128)",dp_stress
145,stress_layer_10,Linear,MM,256,512,128,0.0404,0.0926,0.0,"(1, 512)","(1, 128)",dp_stress
145,stress_layer_11,Linear,MM,256,512,128,0.6368,0.3619,0.75,"(1, 512)","(1, 128)",dp_stress
145,stress_layer_12,Linear,MM,256,512,128,0.0209,0.0279,0.0,"(1, 512)","(1, 128)",dp_stress
145,stress_layer_13,Linear,MM,256,512,128,0.0118,0.0442,0.0,"(1, 512)","(1, 128)",dp_stress
145,stress_layer_14,Linear,MM,256,512,128,0.0839,0.0298,0.0,"(1, 512)","(1, 128)",dp_stress
145,stress_layer_15,Linear,MM,256,512,128,0.0456,0.0213,0.0,"(1, 512)","(1, 128)",dp_stress
145,stress_layer_16,Linear,MM,256,512,128,0.0004,0.0539,0.0,"(1, 512)","(1, 128)",dp_stress
145,stress_layer_17,Linear,MM,256,512,128,0.6745,0.3891,0.75,"(1, 512)","(1, 128)",dp_stress
145,stress_layer_18,Linear,MM,256,512,128,0.0624,0.0162,0.0,"(1, 512)","(1, 128)",dp_stress
145,stress_layer_19,Linear,MM,256,512,128,0.0832,0.0447,0.0,"(1, 512)","(1, 128)",dp_stress
145,stress_layer_20,Linear,MM,256,512,128,0.0454,0.04,0.0,"(1, 512)","(1, 128)",dp_stress
145,stress_layer_21,Linear,MM,256,512,128,0.011,0.0299,0.0,"(1, 512)","(1, 128)",dp_stress
145,stress_layer_22,Linear,MM,256,512,128,0.089,0.0885,0.0,"(1, 512)","(1, 128)",dp_stress
145,stress_layer_23,Linear,MM,256,512,128,0.6856,0.3364,0.75,"(1, 512)","(1, 128)",dp_stress
145,stress_layer_24,Linear,MM,256,512,128,0.0025,0.023,0.0,"(1, 512)","(1, 128)",dp_stress
145,stress_layer_25,Linear,MM,256,512,128,0.0327,0.1011,0.0,"(1, 512)","(1, 128)",dp_stress
145,stress_layer_26,Linear,MM,256,512,128,0.0392,0.0683,0.0,"(1, 512)","(1, 128)",dp_stress
145,stress_layer_27,Linear,MM,256,512,128,0.0115,0.0109,0.0,"(1, 512)","(1, 128)",dp_stress
145,stress_layer_28,Linear,MM,256,512,128,0.0535,0.0017,0.0,"(1, 512)","(1, 128)",dp_stress
145,stress_layer_29,Linear,MM,256,512,128,0.6603,0.3672,0.75,"(1, 512)","(1, 128)",dp_stress
145,stress_layer_30,Linear,MM,256,512,128,0.0912,0.1146,0.0,"(1, 512)","(1, 128)",dp_stress
145,stress_layer_31,Linear,MM,256,512,128,0.0127,0.0366,0.0,"(1, 512)","(1, 128)",dp_stress
145,stress_layer_32,Linear,MM,256,512,128,0.0147,0.0085,0.0,"(1, 512)","(1, 128)",dp_stress
145,stress_layer_33,Linear,MM,256,512,128,0.0819,0.1174,0.0,"(1, 512)","(1, 128)",dp_stress
145,stress_layer_34,Linear,MM,256,512,128,0.0069,0.0046,0.0,"(1, 512)","(1, 128)",dp_stress
145,stress_layer_35,Linear,MM,256,512,128,0.651,0.4754,0.75,"(1, 512)","(1, 128)",dp_stress
145,stress_layer_36,Linear,MM,256,512,128,0.0553,0.1208,0.0,"(1, 512)","(1, 128)",dp_stress
145,stress_layer_37,Linear,MM,256,512,128,0.0048,0.0001,0.0,"(1, 512)","(1, 128)",dp_stress
145,stress_layer_38,Linear,MM,256,512,128,0.0652,0.0136,0.0,"(1, 512)","(1, 128)",dp_stress
145,stress_layer_39,Linear,MM,256,512,128,0.0385,0.0242,0.0,"(1, 512)","(1, 128)",dp_stress
146,stress_layer_0,Linear,MM,256,512,128,0.0862,0.1196,0.0,"(1, 512)","(1, 128)",dp_stress
146,stress_layer_1,Linear,MM,256,512,128,0.0399,0.0418,0.0,"(1, 512)","(1, 128)",dp_stress
146,stress_layer_2,Linear,MM,256,512,128,0.0084,0.0932,0.0,"(1, 512)","(1, 128)",dp_stress
146,stress_layer_3,Linear,MM,256,512,128,0.0194,0.1184,0.0,"(1, 512)","(1, 128)",dp_stress
146,stress_layer_4,Linear,MM,256,512,128,0.0593,0.1096,0.0,"(1, 512)","(1, 128)",dp_stress
146,stress_layer_5,Linear,MM,256,512,128,0.66,0.4927,0.75,"(1, 512)","(1, 128)",dp_stress
146,stress_layer_6,Linear,MM,256,512,128,0.0898,0.0764,0.0,"(1, 512)","(1, 128)",dp_stress
146,stress_layer_7,Linear,MM,256,512,128,0.077,0.0913,0.0,"(1, 512)","(1, 128)",dp_stress
146,stress_layer_8,Linear,MM,256,512,128,0.0883,0.0989,0.0,"(1, 512)","(1, 128)",dp_stress
146,stress_layer_9,Linear,MM,256,512,128,0.0196,0.1065,0.0,"(1, 512)","(1, 128)",dp_stress
146,stress_layer_10,Linear,MM,256,512,128,0.019,0.0608,0.0,"(1, 512)","(1, 128)",dp_stress
146,stress_layer_11,Linear,MM,256,512,128,0.5702,0.4912,0.75,"(1, 512)","(1, 128)",dp_stress
146,stress_layer_12,Linear,MM,256,512,128,0.0811,0.1187,0.0,"(1, 512)","(1, 128)",dp_stress
146,stress_layer_13,Linear,MM,256,512,128,0.0884,0.145,0.0,"(1, 512)","(1, 128)",dp_stress
146,stress_layer_14,Linear,MM,256,512,128,0.0405,0.0502,0.0,"(1, 512)","(1, 128)",dp_stress
146,stress_layer_15,Linear,MM,256,512,128,0.0167,0.0386,0.0,"(1, 512)","(1, 128)",dp_stress
146,stress_layer_16,Linear,MM,256,512,128,0.0053,0.1119,0.0,"(1, 512)","(1, 128)",dp_stress
146,stress_layer_17,Linear,MM,256,512,128,0.6528,0.432,0.75,"(1, 512)","(1, 128)",dp_stress
146,stress_layer_18,Linear,MM,256,512,128,0.0471,0.082,0.0,"(1, 512)","(1, 128)",dp_stress
146,stress_layer_19,Linear,MM,256,512,128,0.0581,0.1222,0.0,"(1, 512)","(1, 128)",dp_stress
146,stress_layer_20,Linear,MM,256,512,128,0.0334,0.1122,0.0,"(1, 512)","(1, 128)",dp_stress
146,stress_layer_21,Linear,MM,256,512,128,0.0947,0.0835,0.0,"(1, 512)","(1, 128)",dp_stress
146,stress_layer_22,Linear,MM,256,512,128,0.0922,0.0869,0.0,"(1, 512)","(1, 128)",dp_stress
146,stress_layer_23,Linear,MM,256,512,128,0.5069,0.3023,0.75,"(1, 512)","(1, 128)",dp_stress
146,stress_layer_24,Linear,MM,256,512,128,0.0777,0.1218,0.0,"(1, 512)","(1, 128)",dp_stress
146,stress_layer_25,Linear,MM,256,512,128,0.001,0.0163,0.0,"(1, 512)","(1, 128)",dp_stress
146,stress_layer_26,Linear,MM,256,512,128,0.0852,0.1045,0.0,"(1, 512)","(1, 128)",dp_stress
146,stress_layer_27,Linear,MM,256,512,128,0.0289,0.0819,0.0,"(1, 512)","(1, 128)",dp_stress
146,stress_layer_28,Linear,MM,256,512,128,0.0967,0.1011,0.0,"(1, 512)","(1, 128)",dp_stress
146,stress_layer_29,Linear,MM,256,512,128,0.5456,0.4142,0.75,"(1, 512)","(1, 128)",dp_stress
146,stress_layer_30,Linear,MM,256,512,128,0.0707,0.0201,0.0,"(1, 512)","(1, 128)",dp_stress
146,stress_layer_31,Linear,MM,256,512,128,0.0071,0.0442,0.0,"(1, 512)","(1, 128)",dp_stress
146,stress_layer_32,Linear,MM,256,512,128,0.0349,0.0536,0.0,"(1, 512)","(1, 128)",dp_stress
146,stress_layer_33,Linear,MM,256,512,128,0.0892,0.0855,0.0,"(1, 512)","(1, 128)",dp_stress
146,stress_layer_34,Linear,MM,256,512,128,0.0052,0.0604,0.0,"(1, 512)","(1, 128)",dp_stress
146,stress_layer_35,Linear,MM,256,512,128,0.5049,0.3145,0.75,"(1, 512)","(1, 128)",dp_stress
146,stress_layer_36,Linear,MM,256,512,128,0.0106,0.0938,0.0,"(1, 512)","(1, 128)",dp_stress
146,stress_layer_37,Linear,MM,256,512,128,0.0402,0.0422,0.0,"(1, 512)","(1, 128)",dp_stress
146,stress_layer_38,Linear,MM,256,512,128,0.0645,0.0448,0.0,"(1, 512)","(1, 128)",dp_stress
146,stress_layer_39,Linear,MM,256,512,128,0.0155,0.1418,0.0,"(1, 512)","(1, 128)",dp_stress
147,stress_layer_0,Linear,MM,256,512,128,0.0484,0.0053,0.0,"(1, 512)","(1, 128)",dp_stress
147,stress_layer_1,Linear,MM,256,512,128,0.0101,0.1099,0.0,"(1, 512)","(1, 128)",dp_stress
147,stress_layer_2,Linear,MM,256,512,128,0.0767,0.0716,0.0,"(1, 512)","(1, 128)",dp_stress
147,stress_layer_3,Linear,MM,256,512,128,0.0406,0.0298,0.0,"(1, 512)","(1, 128)",dp_stress
147,stress_layer_4,Linear,MM,256,512,128,0.026,0.0277,0.0,"(1, 512)","(1, 128)",dp_stress
147,stress_layer_5,Linear,MM,256,512,128,0.6023,0.4133,0.75,"(1, 512)","(1, 128)",dp_stress
147,stress_layer_6,Linear,MM,256,512,128,0.0822,0.1427,0.0,"(1, 512)","(1, 128)",dp_stress
147,stress_layer_7,Linear,MM,256,512,128,0.0728,0.1132,0.0,"(1, 512)","(1, 128)",dp_stress
147,stress_layer_8,Linear,MM,256,512,128,0.099,0.0109,0.0,"(1, 512)","(1, 128)",dp_stress
147,stress_layer_9,Linear,MM,256,512,128,0.0912,0.1301,0.0,"(1, 512)","(1, 128)",dp_stress
147,stress_layer_10,Linear,MM,256,512,128,0.0108,0.1014,0.0,"(1, 512)","(1, 128)",dp_stress
147,stress_layer_11,Linear,MM,256,512,128,0.6302,0.3746,0.75,"(1, 512)","(1, 128)",dp_stress
147,stress_layer_12,Linear,MM,256,512,128,0.097,0.1382,0.0,"(1, 512)","(1, 128)",dp_stress
147,stress_layer_13,Linear,MM,256,512,128,0.0493,0.0256,0.0,"(1, 512)","(1, 128)",dp_stress
147,stress_layer_14,Linear,MM,256,512,128,0.0106,0.0729,0.0,"(1, 512)","(1, 128)",dp_stress
147,stress_layer_15,Linear,MM,256,512,128,0.0969,0.0677,0.0,"(1, 512)","(1, 128)",dp_stress
147,stress_layer_16,Linear,MM,256,512,128,0.0137,0.1135,0.0,"(1, 512)","(1, 128)",dp_stress
147,stress_layer_17,Linear,MM,256,512,128,0.6985,0.3731,0.75,"(1, 512)","(1, 128)",dp_stress
147,stress_layer_18,Linear,MM,256,512,128,0.0253,0.0098,0.0,"(1, 512)","(1, 128)",dp_stress
147,stress_layer_19,Linear,MM,256,512,128,0.0556,0.0163,0.0,"(1, 512)","(1, 128)",dp_stress
147,stress_layer_20,Linear,MM,256,512,128,0.0985,0.1465,0.0,"(1, 512)","(1, 128)",dp_stress
147,stress_layer_21,Linear,MM,256,512,128,0.0998,0.0493,0.0,"(1, 512)","(1, 128)",dp_stress
147,stress_layer_22,Linear,MM,256,512,128,0.0615,0.0289,0.0,"(1, 512)","(1, 128)",dp_stress
147,stress_layer_23,Linear,MM,256,512,128,0.6126,0.3984,0.75,"(1, 512)","(1, 128)",dp_stress
147,stress_layer_24,Linear,MM,256,512,128,0.028,0.0488,0.0,"(1, 512)","(1, 128)",dp_stress
147,stress_layer_25,Linear,MM,256,512,128,0.0476,0.0447,0.0,"(1, 512)","(1, 128)",dp_stress
147,stress_layer_26,Linear,MM,256,512,128,0.0716,0.089,0.0,"(1, 512)","(1, 128)",dp_stress
147,stress_layer_27,Linear,MM,256,512,128,0.0853,0.0055,0.0,"(1, 512)","(1, 128)",dp_stress
147,stress_layer_28,Linear,MM,256,512,128,0.0135,0.0477,0.0,"(1, 512)","(1, 128)",dp_stress
147,stress_layer_29,Linear,MM,256,512,128,0.5477,0.4972,0.75,"(1, 512)","(1, 128)",dp_stress
147,stress_layer_30,Linear,MM,256,512,128,0.0248,0.0878,0.0,"(1, 512)","(1, 128)",dp_stress
147,stress_layer_31,Linear,MM,256,512,128,0.0269,0.1056,0.0,"(1, 512)","(1, 128)",dp_stress
147,stress_layer_32,Linear,MM,256,512,128,0.0031,0.1014,0.0,"(1, 512)","(1, 128)",dp_stress
147,stress_layer_33,Linear,MM,256,512,128,0.0409,0.1286,0.0,"(1, 512)","(1, 128)",dp_stress
147,stress_layer_34,Linear,MM,256,512,128,0.0512,0.1201,0.0,"(1, 512)","(1, 128)",dp_stress
147,stress_layer_35,Linear,MM,256,512,128,0.6737,0.4039,0.75,"(1, 512)","(1, 128)",dp_stress
147,stress_layer_36,Linear,MM,256,512,128,0.065,0.0189,0.0,"(1, 512)","(1, 128)",dp_stress
147,stress_layer_37,Linear,MM,256,512,128,0.0943,0.0168,0.0,"(1, 512)","(1, 128)",dp_stress
147,stress_layer_38,Linear,MM,256,512,128,0.0867,0.0268,0.0,"(1, 512)","(1, 128)",dp_stress
147,stress_layer_39,Linear,MM,256,512,128,0.0011,0.0158,0.0,"(1, 512)","(1, 128)",dp_stress
148,stress_layer_0,Linear,MM,256,512,128,0.0819,0.1402,0.0,"(1, 512)","(1, 128)",dp_stress
148,stress_layer_1,Linear,MM,256,512,128,0.068,0.1348,0.0,"(1, 512)","(1, 128)",dp_stress
148,stress_layer_2,Linear,MM,256,512,128,0.0516,0.0401,0.0,"(1, 512)","(1, 128)",dp_stress
148,stress_layer_3,Linear,MM,256,512,128,0.0923,0.0973,0.0,"(1, 512)","(1, 128)",dp_stress
148,stress_layer_4,Linear,MM,256,512,128,0.0538,0.0049,0.0,"(1, 512)","(1, 128)",dp_stress
148,stress_layer_5,Linear,MM,256,512,128,0.6967,0.4258,0.75,"(1, 512)","(1, 128)",dp_stress
148,stress_layer_6,Linear,MM,256,512,128,0.0176,0.1373,0.0,"(1, 512)","(1, 128)",dp_stress
148,stress_layer_7,Linear,MM,256,512,128,0.0633,0.074,0.0,"(1, 512)","(1, 128)",dp_stress
148,stress_layer_8,Linear,MM,256,512,128,0.0778,0.1081,0.0,"(1, 512)","(1, 128)",dp_stress
148,stress_layer_9,Linear,MM,256,512,128,0.0104,0.1046,0.0,"(1, 512)","(1, 128)",dp_stress
148,stress_layer_10,Linear,MM,256,512,128,0.0658,0.0234,0.0,"(1, 512)","(1, 128)",dp_stress
148,stress_layer_11,Linear,MM,256,512,128,0.5174,0.4275,0.75,"(1, 512)","(1, 128)",dp_stress
148,stress_layer_12,Linear,MM,256,512,128,0.0301,0.0848,0.0,"(1, 512)","(1, 128)",dp_stress
148,stress_layer_13,Linear,MM,256,512,128,0.0581,0.0612,0.0,"(1, 512)","(1, 128)",dp_stress
148,stress_layer_14,Linear,MM,256,512,128,0.0835,0.1052,0.0,"(1, 512)","(1, 128)",dp_stress
148,stress_layer_15,Linear,MM,256,512,128,0.0567,0.0354,0.0,"(1, 512)","(1, 128)",dp_stress
148,stress_layer_16,Linear,MM,256,512,128,0.0827,0.1326,0.0,"(1, 512)","(1, 128)",dp_stress
148,stress_layer_17,Linear,MM,256,512,128,0.6404,0.3436,0.75,"(1, 512)","(1, 128)",dp_stress
148,stress_layer_18,Linear,MM,256,512,128,0.0763,0.0048,0.0,"(1, 512)","(1, 128)",dp_stress
148,stress_layer_19,Linear,MM,256,512,128,0.0094,0.09,0.0,"(1, 512)","(1, 128)",dp_stress
148,stress_layer_20,Linear,MM,256,512,128,0.054,0.1208,0.0,"(1, 512)","(1, 128)",dp_stress
148,stress_layer_21,Linear,MM,256,512,128,0.0055,0.0022,0.0,"(1, 512)","(1, 128)",dp_stress
148,stress_layer_22,Linear,MM,256,512,128,0.0659,0.0437,0.0,"(1, 512)","(1, 128)",dp_stress
148,stress_layer_23,Linear,MM,256,512,128,0.5337,0.4989,0.75,"(1, 512)","(1, 128)",dp_stress
148,stress_layer_24,Linear,MM,256,512,128,0.0694,0.0315,0.0,"(1, 512)","(1, 128)",dp_stress
148,stress_layer_25,Linear,MM,256,512,128,0.0308,0.0465,0.0,"(1, 512)","(1, 128)",dp_stress
148,stress_layer_26,Linear,MM,256,512,128,0.0574,0.135,0.0,"(1, 512)","(1, 128)",dp_stress
148,stress_layer_27,Linear,MM,256,512,128,0.0455,0.1233,0.0,"(1, 512)","(1, 128)",dp_stress
148,stress_layer_28,Linear,MM,256,512,128,0.0048,0.0367,0.0,"(1, 512)","(1, 128)",dp_stress
148,stress_layer_29,Linear,MM,256,512,128,0.6038,0.3624,0.75,"(1, 512)","(1, 128)",dp_stress
148,stress_layer_30,Linear,MM,256,512,128,0.0009,0.0365,0.0,"(1, 512)","(1, 128)",dp_stress
148,stress_layer_31,Linear,MM,256,512,128,0.0434,0.1372,0.0,"(1, 512)","(1, 128)",dp_stress
148,stress_layer_32,Linear,MM,256,512,128,0.0577,0.0213,0.0,"(1, 512)","(1, 128)",dp_stress
148,stress_layer_33,Linear,MM,256,512,128,0.0629,0.0533,0.0,"(1, 512)","(1, 128)",dp_stress
148,stress_layer_34,Linear,MM,256,512,128,0.0482,0.0291,0.0,"(1, 512)","(1, 128)",dp_stress
148,stress_layer_35,Linear,MM,256,512,128,0.5976,0.4476,0.75,"(1, 512)","(1, 128)",dp_stress
148,stress_layer_36,Linear,MM,256,512,128,0.0656,0.0217,0.0,"(1, 512)","(1, 128)",dp_stress
148,stress_layer_37,Linear,MM,256,512,128,0.0651,0.0745,0.0,"(1, 512)","(1, 128)",dp_stress
148,stress_layer_38,Linear,MM,256,512,128,0.0084,0.0363,0.0,"(1, 512)","(1, 128)",dp_stress
148,stress_layer_39,Linear,MM,256,512,128,0.0905,0.0929,0.0,"(1, 512)","(1, 128)",dp_stress
149,stress_layer_0,Linear,MM,256,512,128,0.0109,0.0565,0.0,"(1, 512)","(1, 128)",dp_stress
149,stress_layer_1,Linear,MM,256,512,128,0.0619,0.1306,0.0,"(1, 512)","(1, 128)",dp_stress
149,stress_layer_2,Linear,MM,256,512,128,0.0057,0.0423,0.0,"(1, 512)","(1, 128)",dp_stress
149,stress_layer_3,Linear,MM,256,512,128,0.07,0.0774,0.0,"(1, 512)","(1, 128)",dp_stress
149,stress_layer_4,Linear,MM,256,512,128,0.049,0.086,0.0,"(1, 512)","(1, 128)",dp_stress
149,stress_layer_5,Linear,MM,256,512,128,0.5591,0.4408,0.75,"(1, 512)","(1, 128)",dp_stress
149,stress_layer_6,Linear,MM,256,512,128,0.0868,0.1168,0.0,"(1, 512)","(1, 128)",dp_stress
149,stress_layer_7,Linear,MM,256,512,128,0.0265,0.0625,0.0,"(1, 512)","(1, 128)",dp_stress
149,stress_layer_8,Linear,MM,256,512,128,0.0436,0.0719,0.0,"(1, 512)","(1, 128)",dp_stress
149,stress_layer_9,Linear,MM,256,512,128,0.0501,0.1337,0.0,"(1, 512)","(1, 128)",dp_stress
149,stress_layer_10,Linear,MM,256,512,128,0.0303,0.0947,0.0,"(1, 512)","(1, 128)",dp_stress
149,stress_layer_11,Linear,MM,256,512,128,0.6325,0.3584,0.75,"(1, 512)","(1, 128)",dp_stress
149,stress_layer_12,Linear,MM,256,512,128,0.0679,0.0198,0.0,"(1, 512)","(1, 128)",dp_stress
149,stress_layer_13,Linear,MM,256,512,128,0.0762,0.0402,0.0,"(1, 512)","(1, 128)",dp_stress
149,stress_layer_14,Linear,MM,256,512,128,0.0726,0.0566,0.0,"(1, 512)","(1, 128)",dp_stress
149,stress_layer_15,Linear,MM,256,512,128,0.0791,0.136,0.0,"(1, 512)","(1, 128)",dp_stress
149,stress_layer_16,Linear,MM,256,512,128,0.0004,0.1119,0.0,"(1, 512)","(1, 128)",dp_stress
149,stress_layer_17,Linear,MM,256,512,128,0.5642,0.4047,0.75,"(1, 512)","(1, 128)",dp_stress
149,stress_layer_18,Linear,MM,256,512,128,0.0014,0.1095,0.0,"(1, 512)","(1, 128)",dp_stress
149,stress_layer_19,Linear,MM,256,512,128,0.0015,0.1443,0.0,"(1, 512)","(1, 128)",dp_stress
149,stress_layer_20,Linear,MM,256,512,128,0.0979,0.1069,0.0,"(1, 512)","(1, 128)",dp_stress
149,stress_layer_21,Linear,MM,256,512,128,0.0681,0.1181,0.0,"(1, 512)","(1, 128)",dp_stress
149,stress_layer_22,Linear,MM,256,512,128,0.0121,0.0648,0.0,"(1, 512)","(1, 128)",dp_stress
149,stress_layer_23,Linear,MM,256,512,128,0.5826,0.4465,0.75,"(1, 512)","(1, 128)",dp_stress
149,stress_layer_24,Linear,MM,256,512,128,0.0549,0.0956,0.0,"(1, 512)","(1, 128)",dp_stress
149,stress_layer_25,Linear,MM,256,512,128,0.0289,0.1413,0.0,"(1, 512)","(1, 128)",dp_stress
149,stress_layer_26,Linear,MM,256,512,128,0.0638,0.0405,0.0,"(1, 512)","(1, 128)",dp_stress
149,stress_layer_27,Linear,MM,256,512,128,0.015,0.0894,0.0,"(1, 512)","(1, 128)",dp_stress
149,stress_layer_28,Linear,MM,256,512,128,0.018,0.0109,0.0,"(1, 512)","(1, 128)",dp_stress
149,stress_layer_29,Linear,MM,256,512,128,0.6918,0.3052,0.75,"(1, 512)","(1, 128)",dp_stress
149,stress_layer_30,Linear,MM,256,512,128,0.0912,0.0779,0.0,"(1, 512)","(1, 128)",dp_stress
149,stress_layer_31,Linear,MM,256,512,128,0.0712,0.0433,0.0,"(1, 512)","(1, 128)",dp_stress
149,stress_layer_32,Linear,MM,256,512,128,0.0987,0.1477,0.0,"(1, 512)","(1, 128)",dp_stress
149,stress_layer_33,Linear,MM,256,512,128,0.0501,0.1359,0.0,"(1, 512)","(1, 128)",dp_stress
149,stress_layer_34,Linear,MM,256,512,128,0.0973,0.0454,0.0,"(1, 512)","(1, 128)",dp_stress
149,stress_layer_35,Linear,MM,256,512,128,0.6814,0.3641,0.75,"(1, 512)","(1, 128)",dp_stress
149,stress_layer_36,Linear,MM,256,512,128,0.0034,0.088,0.0,"(1, 512)","(1, 128)",dp_stress
149,stress_layer_37,Linear,MM,256,512,128,0.0834,0.1454,0.0,"(1, 512)","(1, 128)",dp_stress
149,stress_layer_38,Linear,MM,256,512,128,0.0594,0.0057,0.0,"(1, 512)","(1, 128)",dp_stress
149,stress_layer_39,Linear,MM,256,512,128,0.0081,0.0568,0.0,"(1, 512)","(1, 128)",dp_stress
150,stress_layer_0,Linear,MM,256,512,128,0.0648,0.0162,0.0,"(1, 512)","(1, 128)",dp_stress
150,stress_layer_1,Linear,MM,256,512,128,0.0777,0.1366,0.0,"(1, 512)","(1, 128)",dp_stress
150,stress_layer_2,Linear,MM,256,512,128,0.0249,0.1418,0.0,"(1, 512)","(1, 128)",dp_stress
150,stress_layer_3,Linear,MM,256,512,128,0.0391,0.0427,0.0,"(1, 512)","(1, 128)",dp_stress
150,stress_layer_4,Linear,MM,256,512,128,0.0,0.1174,0.0,"(1, 512)","(1, 128)",dp_stress
150,stress_layer_5,Linear,MM,256,512,128,0.6151,0.3243,0.75,"(1, 512)","(1, 128)",dp_stress
150,stress_layer_6,Linear,MM,256,512,128,0.0031,0.0053,0.0,"(1, 512)","(1, 128)",dp_stress
150,stress_layer_7,Linear,MM,256,512,128,0.0932,0.0866,0.0,"(1, 512)","(1, 128)",dp_stress
150,stress_layer_8,Linear,MM,256,512,128,0.0598,0.0562,0.0,"(1, 512)","(1, 128)",dp_stress
150,stress_layer_9,Linear,MM,256,512,128,0.028,0.1046,0.0,"(1, 512)","(1, 128)",dp_stress
150,stress_layer_10,Linear,MM,256,512,128,0.0691,0.0031,0.0,"(1, 512)","(1, 128)",dp_stress
150,stress_layer_11,Linear,MM,256,512,128,0.522,0.4313,0.75,"(1, 512)","(1, 128)",dp_stress
150,stress_layer_12,Linear,MM,256,512,128,0.0919,0.0788,0.0,"(1, 512)","(1, 128)",dp_stress
150,stress_layer_13,Linear,MM,256,512,128,0.0654,0.0956,0.0,"(1, 512)","(1, 128)",dp_stress
150,stress_layer_14,Linear,MM,256,512,128,0.044,0.0822,0.0,"(1, 512)","(1, 128)",dp_stress
150,stress_layer_15,Linear,MM,256,512,128,0.0547,0.1399,0.0,"(1, 512)","(1, 128)",dp_stress
150,stress_layer_16,Linear,MM,256,512,128,0.0333,0.0997,0.0,"(1, 512)","(1, 128)",dp_stress
150,stress_layer_17,Linear,MM,256,512,128,0.6929,0.4637,0.75,"(1, 512)","(1, 128)",dp_stress
150,stress_layer_18,Linear,MM,256,512,128,0.0406,0.0424,0.0,"(1, 512)","(1, 128)",dp_stress
150,stress_layer_19,Linear,MM,256,512,128,0.0359,0.0381,0.0,"(1, 512)","(1, 128)",dp_stress
150,stress_layer_20,Linear,MM,256,512,128,0.0134,0.076,0.0,"(1, 512)","(1, 128)",dp_stress
150,stress_layer_21,Linear,MM,256,512,128,0.0896,0.0856,0.0,"(1, 512)","(1, 128)",dp_stress
150,stress_layer_22,Linear,MM,256,512,128,0.0706,0.0765,0.0,"(1, 512)","(1, 128)",dp_stress
150,stress_layer_23,Linear,MM,256,512,128,0.5819,0.4492,0.75,"(1, 512)","(1, 128)",dp_stress
150,stress_layer_24,Linear,MM,256,512,128,0.0746,0.1324,0.0,"(1, 512)","(1, 128)",dp_stress
150,stress_layer_25,Linear,MM,256,512,128,0.0718,0.0764,0.0,"(1, 512)","(1, 128)",dp_stress
150,stress_layer_26,Linear,MM,256,512,128,0.0472,0.086,0.0,"(1, 512)","(1, 128)",dp_stress
150,stress_layer_27,Linear,MM,256,512,128,0.0485,0.0335,0.0,"(1, 512)","(1, 128)",dp_stress
150,stress_layer_28,Linear,MM,256,512,128,0.0006,0.0914,0.0,"(1, 512)","(1, 128)",dp_stress
150,stress_layer_29,Linear,MM,256,512,128,0.5365,0.3933,0.75,"(1, 512)","(1, 128)",dp_stress
150,stress_layer_30,Linear,MM,256,512,128,0.0405,0.11,0.0,"(1, 512)","(1, 128)",dp_stress
150,stress_layer_31,Linear,MM,256,512,128,0.0024,0.0346,0.0,"(1, 512)","(1, 128)",dp_stress
150,stress_layer_32,Linear,MM,256,512,128,0.0574,0.0953,0.0,"(1, 512)","(1, 128)",dp_stress
150,stress_layer_33,Linear,MM,256,512,128,0.0013,0.0037,0.0,"(1, 512)","(1, 128)",dp_stress
150,stress_layer_34,Linear,MM,256,512,128,0.0635,0.0866,0.0,"(1, 512)","(1, 128)",dp_stress
150,stress_layer_35,Linear,MM,256,512,128,0.5773,0.334,0.75,"(1, 512)","(1, 128)",dp_stress
150,stress_layer_36,Linear,MM,256,512,128,0.0286,0.1221,0.0,"(1, 512)","(1, 128)",dp_stress
150,stress_layer_37,Linear,MM,256,512,128,0.0092,0.1071,0.0,"(1, 512)","(1, 128)",dp_stress
150,stress_layer_38,Linear,MM,256,512,128,0.0072,0.0248,0.0,"(1, 512)","(1, 128)",dp_stress
150,stress_layer_39,Linear,MM,256,512,128,0.0572,0.0527,0.0,"(1, 512)","(1, 128)",dp_stress
151,stress_layer_0,Linear,MM,256,512,128,0.0691,0.1337,0.0,"(1, 512)","(1, 128)",dp_stress
151,stress_layer_1,Linear,MM,256,512,128,0.0421,0.0792,0.0,"(1, 512)","(1, 128)",dp_stress
151,stress_layer_2,Linear,MM,256,512,128,0.063,0.0367,0.0,"(1, 512)","(1, 128)",dp_stress
151,stress_layer_3,Linear,MM,256,512,128,0.0451,0.1134,0.0,"(1, 512)","(1, 128)",dp_stress
151,stress_layer_4,Linear,MM,256,512,128,0.0965,0.1135,0.0,"(1, 512)","(1, 128)",dp_stress
151,stress_layer_5,Linear,MM,256,512,128,0.6959,0.3412,0.75,"(1, 512)","(1, 128)",dp_stress
151,stress_layer_6,Linear,MM,256,512,128,0.0085,0.0153,0.0,"(1, 512)","(1, 128)",dp_stress
151,stress_layer_7,Linear,MM,256,512,128,0.0128,0.005,0.0,"(1, 512)","(1, 128)",dp_stress
151,stress_layer_8,Linear,MM,256,512,128,0.0767,0.0481,0.0,"(1, 512)","(1, 128)",dp_stress
151,stress_layer_9,Linear,MM,256,512,128,0.0374,0.0279,0.0,"(1, 512)","(1, 128)",dp_stress
151,stress_layer_10,Linear,MM,256,512,128,0.0731,0.0846,0.0,"(1, 512)","(1, 128)",dp_stress
151,stress_layer_11,Linear,MM,256,512,128,0.5437,0.3241,0.75,"(1, 512)","(1, 128)",dp_stress
151,stress_layer_12,Linear,MM,256,512,128,0.0244,0.1307,0.0,"(1, 512)","(1, 128)",dp_stress
151,stress_layer_13,Linear,MM,256,512,128,0.0192,0.0092,0.0,"(1, 512)","(1, 128)",dp_stress
151,stress_layer_14,Linear,MM,256,512,128,0.0336,0.0634,0.0,"(1, 512)","(1, 128)",dp_stress
151,stress_layer_15,Linear,MM,256,512,128,0.0205,0.0578,0.0,"(1, 512)","(1, 128)",dp_stress
151,stress_layer_16,Linear,MM,256,512,128,0.052,0.0427,0.0,"(1, 512)","(1, 128)",dp_stress
151,stress_layer_17,Linear,MM,256,512,128,0.6139,0.3922,0.75,"(1, 512)","(1, 128)",dp_stress
151,stress_layer_18,Linear,MM,256,512,128,0.0972,0.0042,0.0,"(1, 512)","(1, 128)",dp_stress
151,stress_layer_19,Linear,MM,256,512,128,0.0957,0.0212,0.0,"(1, 512)","(1, 128)",dp_stress
151,stress_layer_20,Linear,MM,256,512,128,0.0044,0.0489,0.0,"(1, 512)","(1, 128)",dp_stress
151,stress_layer_21,Linear,MM,256,512,128,0.0157,0.1446,0.0,"(1, 512)","(1, 128)",dp_stress
151,stress_layer_22,Linear,MM,256,512,128,0.0072,0.1036,0.0,"(1, 512)","(1, 128)",dp_stress
151,stress_layer_23,Linear,MM,256,512,128,0.6889,0.4517,0.75,"(1, 512)","(1, 128)",dp_stress
151,stress_layer_24,Linear,MM,256,512,128,0.0212,0.0149,0.0,"(1, 512)","(1, 128)",dp_stress
151,stress_layer_25,Linear,MM,256,512,128,0.0297,0.036,0.0,"(1, 512)","(1, 128)",dp_stress
151,stress_layer_26,Linear,MM,256,512,128,0.0684,0.1117,0.0,"(1, 512)","(1, 128)",dp_stress
151,stress_layer_27,Linear,MM,256,512,128,0.0069,0.1076,0.0,"(1, 512)","(1, 128)",dp_stress
151,stress_layer_28,Linear,MM,256,512,128,0.0362,0.0471,0.0,"(1, 512)","(1, 128)",dp_stress
151,stress_layer_29,Linear,MM,256,512,128,0.6557,0.3448,0.75,"(1, 512)","(1, 128)",dp_stress
151,stress_layer_30,Linear,MM,256,512,128,0.0807,0.0549,0.0,"(1, 512)","(1, 128)",dp_stress
151,stress_layer_31,Linear,MM,256,512,128,0.0448,0.1081,0.0,"(1, 512)","(1, 128)",dp_stress
151,stress_layer_32,Linear,MM,256,512,128,0.011,0.139,0.0,"(1, 512)","(1, 128)",dp_stress
151,stress_layer_33,Linear,MM,256,512,128,0.0302,0.0605,0.0,"(1, 512)","(1, 128)",dp_stress
151,stress_layer_34,Linear,MM,256,512,128,0.0552,0.0622,0.0,"(1, 512)","(1, 128)",dp_stress
151,stress_layer_35,Linear,MM,256,512,128,0.5103,0.4363,0.75,"(1, 512)","(1, 128)",dp_stress
151,stress_layer_36,Linear,MM,256,512,128,0.024,0.0196,0.0,"(1, 512)","(1, 128)",dp_stress
151,stress_layer_37,Linear,MM,256,512,128,0.0102,0.1042,0.0,"(1, 512)","(1, 128)",dp_stress
151,stress_layer_38,Linear,MM,256,512,128,0.0042,0.0696,0.0,"(1, 512)","(1, 128)",dp_stress
151,stress_layer_39,Linear,MM,256,512,128,0.067,0.0379,0.0,"(1, 512)","(1, 128)",dp_stress
152,stress_layer_0,Linear,MM,256,512,128,0.0816,0.0801,0.0,"(1, 512)","(1, 128)",dp_stress
152,stress_layer_1,Linear,MM,256,512,128,0.067,0.0878,0.0,"(1, 512)","(1, 128)",dp_stress
152,stress_layer_2,Linear,MM,256,512,128,0.0503,0.0054,0.0,"(1, 512)","(1, 128)",dp_stress
152,stress_layer_3,Linear,MM,256,512,128,0.0607,0.0206,0.0,"(1, 512)","(1, 128)",dp_stress
152,stress_layer_4,Linear,MM,256,512,128,0.004,0.0463,0.0,"(1, 512)","(1, 128)",dp_stress
152,stress_layer_5,Linear,MM,256,512,128,0.5179,0.4648,0.75,"(1, 512)","(1, 128)",dp_stress
152,stress_layer_6,Linear,MM,256,512,128,0.0302,0.0707,0.0,"(1, 512)","(1, 128)",dp_stress
152,stress_layer_7,Linear,MM,256,512,128,0.0108,0.0178,0.0,"(1, 512)","(1, 128)",dp_stress
152,stress_layer_8,Linear,MM,256,512,128,0.009,0.0544,0.0,"(1, 512)","(1, 128)",dp_stress
152,stress_layer_9,Linear,MM,256,512,128,0.0661,0.0331,0.0,"(1, 512)","(1, 128)",dp_stress
152,stress_layer_10,Linear,MM,256,512,128,0.0706,0.0435,0.0,"(1, 512)","(1, 128)",dp_stress
152,stress_layer_11,Linear,MM,256,512,128,0.5782,0.3326,0.75,"(1, 512)","(1, 128)",dp_stress
152,stress_layer_12,Linear,MM,256,512,128,0.0898,0.038,0.0,"(1, 512)","(1, 128)",dp_stress
152,stress_layer_13,Linear,MM,256,512,128,0.0689,0.0422,0.0,"(1, 512)","(1, 128)",dp_stress
152,stress_layer_14,Linear,MM,256,512,128,0.0253,0.0304,0.0,"(1, 512)","(1, 128)",dp_stress
152,stress_layer_15,Linear,MM,256,512,128,0.076,0.1151,0.0,"(1, 512)","(1, 128)",dp_stress
152,stress_layer_16,Linear,MM,256,512,128,0.0826,0.1377,0.0,"(1, 512)","(1, 128)",dp_stress
152,stress_layer_17,Linear,MM,256,512,128,0.5715,0.4498,0.75,"(1, 512)","(1, 128)",dp_stress
152,stress_layer_18,Linear,MM,256,512,128,0.058,0.12,0.0,"(1, 512)","(1, 128)",dp_stress
152,stress_layer_19,Linear,MM,256,512,128,0.0953,0.0287,0.0,"(1, 512)","(1, 128)",dp_stress
152,stress_layer_20,Linear,MM,256,512,128,0.0015,0.0515,0.0,"(1, 512)","(1, 128)",dp_stress
152,stress_layer_21,Linear,MM,256,512,128,0.0145,0.0858,0.0,"(1, 512)","(1, 128)",dp_stress
152,stress_layer_22,Linear,MM,256,512,128,0.0545,0.003,0.0,"(1, 512)","(1, 128)",dp_stress
152,stress_layer_23,Linear,MM,256,512,128,0.5621,0.4504,0.75,"(1, 512)","(1, 128)",dp_stress
152,stress_layer_24,Linear,MM,256,512,128,0.003,0.0613,0.0,"(1, 512)","(1, 128)",dp_stress
152,stress_layer_25,Linear,MM,256,512,128,0.0869,0.023,0.0,"(1, 512)","(1, 128)",dp_stress
152,stress_layer_26,Linear,MM,256,512,128,0.0038,0.1159,0.0,"(1, 512)","(1, 128)",dp_stress
152,stress_layer_27,Linear,MM,256,512,128,0.0295,0.0033,0.0,"(1, 512)","(1, 128)",dp_stress
152,stress_layer_28,Linear,MM,256,512,128,0.0793,0.1111,0.0,"(1, 512)","(1, 128)",dp_stress
152,stress_layer_29,Linear,MM,256,512,128,0.6119,0.4741,0.75,"(1, 512)","(1, 128)",dp_stress
152,stress_layer_30,Linear,MM,256,512,128,0.0004,0.1187,0.0,"(1, 512)","(1, 128)",dp_stress
152,stress_layer_31,Linear,MM,256,512,128,0.096,0.0434,0.0,"(1, 512)","(1, 128)",dp_stress
152,stress_layer_32,Linear,MM,256,512,128,0.046,0.0415,0.0,"(1, 512)","(1, 128)",dp_stress
152,stress_layer_33,Linear,MM,256,512,128,0.0433,0.1415,0.0,"(1, 512)","(1, 128)",dp_stress
152,stress_layer_34,Linear,MM,256,512,128,0.095,0.0146,0.0,"(1, 512)","(1, 128)",dp_stress
152,stress_layer_35,Linear,MM,256,512,128,0.6825,0.3322,0.75,"(1, 512)","(1, 128)",dp_stress
152,stress_layer_36,Linear,MM,256,512,128,0.0616,0.0858,0.0,"(1, 512)","(1, 128)",dp_stress
152,stress_layer_37,Linear,MM,256,512,128,0.0116,0.0631,0.0,"(1, 512)","(1, 128)",dp_stress
152,stress_layer_38,Linear,MM,256,512,128,0.0874,0.0893,0.0,"(1, 512)","(1, 128)",dp_stress
152,stress_layer_39,Linear,MM,256,512,128,0.0666,0.1083,0.0,"(1, 512)","(1, 128)",dp_stress
153,stress_layer_0,Linear,MM,256,512,128,0.0782,0.0788,0.0,"(1, 512)","(1, 128)",dp_stress
153,stress_layer_1,Linear,MM,256,512,128,0.0863,0.1093,0.0,"(1, 512)","(1, 128)",dp_stress
153,stress_layer_2,Linear,MM,256,512,128,0.0573,0.0306,0.0,"(1, 512)","(1, 128)",dp_stress
153,stress_layer_3,Linear,MM,256,512,128,0.0868,0.0012,0.0,"(1, 512)","(1, 128)",dp_stress
153,stress_layer_4,Linear,MM,256,512,128,0.032,0.0224,0.0,"(1, 512)","(1, 128)",dp_stress
153,stress_layer_5,Linear,MM,256,512,128,0.6881,0.334,0.75,"(1, 512)","(1, 128)",dp_stress
153,stress_layer_6,Linear,MM,256,512,128,0.0696,0.004,0.0,"(1, 512)","(1, 128)",dp_stress
153,stress_layer_7,Linear,MM,256,512,128,0.0106,0.0023,0.0,"(1, 512)","(1, 128)",dp_stress
153,stress_layer_8,Linear,MM,256,512,128,0.0917,0.0756,0.0,"(1, 512)","(1, 128)",dp_stress
153,stress_layer_9,Linear,MM,256,512,128,0.0638,0.1176,0.0,"(1, 512)","(1, 128)",dp_stress
153,stress_layer_10,Linear,MM,256,512,128,0.0629,0.1208,0.0,"(1, 512)","(1, 128)",dp_stress
153,stress_layer_11,Linear,MM,256,512,128,0.6237,0.4111,0.75,"(1, 512)","(1, 128)",dp_stress
153,stress_layer_12,Linear,MM,256,512,128,0.0865,0.093,0.0,"(1, 512)","(1, 128)",dp_stress
153,stress_layer_13,Linear,MM,256,512,128,0.0689,0.0985,0.0,"(1, 512)","(1, 128)",dp_stress
153,stress_layer_14,Linear,MM,256,512,128,0.0055,0.1397,0.0,"(1, 512)","(1, 128)",dp_stress
153,stress_layer_15,Linear,MM,256,512,128,0.0879,0.1256,0.0,"(1, 512)","(1, 128)",dp_stress
153,stress_layer_16,Linear,MM,256,512,128,0.0988,0.087,0.0,"(1, 512)","(1, 128)",dp_stress
153,stress_layer_17,Linear,MM,256,512,128,0.609,0.3415,0.75,"(1, 512)","(1, 128)",dp_stress
153,stress_layer_18,Linear,MM,256,512,128,0.0854,0.1031,0.0,"(1, 512)","(1, 128)",dp_stress
153,stress_layer_19,Linear,MM,256,512,128,0.0656,0.0633,0.0,"(1, 512)","(1, 128)",dp_stress
153,stress_layer_20,Linear,MM,256,512,128,0.0365,0.0016,0.0,"(1, 512)","(1, 128)",dp_stress
153,stress_layer_21,Linear,MM,256,512,128,0.0697,0.1493,0.0,"(1, 512)","(1, 128)",dp_stress
153,stress_layer_22,Linear,MM,256,512,128,0.0411,0.1397,0.0,"(1, 512)","(1, 128)",dp_stress
153,stress_layer_23,Linear,MM,256,512,128,0.661,0.4131,0.75,"(1, 512)","(1, 128)",dp_stress
153,stress_layer_24,Linear,MM,256,512,128,0.0197,0.044,0.0,"(1, 512)","(1, 128)",dp_stress
153,stress_layer_25,Linear,MM,256,512,128,0.0962,0.053,0.0,"(1, 512)","(1, 128)",dp_stress
153,stress_layer_26,Linear,MM,256,512,128,0.0147,0.0538,0.0,"(1, 512)","(1, 128)",dp_stress
153,stress_layer_27,Linear,MM,256,512,128,0.0344,0.1445,0.0,"(1, 512)","(1, 128)",dp_stress
153,stress_layer_28,Linear,MM,256,512,128,0.0644,0.0219,0.0,"(1, 512)","(1, 128)",dp_stress
153,stress_layer_29,Linear,MM,256,512,128,0.5917,0.421,0.75,"(1, 512)","(1, 128)",dp_stress
153,stress_layer_30,Linear,MM,256,512,128,0.027,0.0783,0.0,"(1, 512)","(1, 128)",dp_stress
153,stress_layer_31,Linear,MM,256,512,128,0.0021,0.0949,0.0,"(1, 512)","(1, 128)",dp_stress
153,stress_layer_32,Linear,MM,256,512,128,0.0762,0.039,0.0,"(1, 512)","(1, 128)",dp_stress
153,stress_layer_33,Linear,MM,256,512,128,0.0944,0.0942,0.0,"(1, 512)","(1, 128)",dp_stress
153,stress_layer_34,Linear,MM,256,512,128,0.0211,0.1193,0.0,"(1, 512)","(1, 128)",dp_stress
153,stress_layer_35,Linear,MM,256,512,128,0.5599,0.3152,0.75,"(1, 512)","(1, 128)",dp_stress
153,stress_layer_36,Linear,MM,256,512,128,0.0873,0.0818,0.0,"(1, 512)","(1, 128)",dp_stress
153,stress_layer_37,Linear,MM,256,512,128,0.06,0.035,0.0,"(1, 512)","(1, 128)",dp_stress
153,stress_layer_38,Linear,MM,256,512,128,0.0949,0.0948,0.0,"(1, 512)","(1, 128)",dp_stress
153,stress_layer_39,Linear,MM,256,512,128,0.0959,0.091,0.0,"(1, 512)","(1, 128)",dp_stress
154,stress_layer_0,Linear,MM,256,512,128,0.0922,0.1115,0.0,"(1, 512)","(1, 128)",dp_stress
154,stress_layer_1,Linear,MM,256,512,128,0.0252,0.0544,0.0,"(1, 512)","(1, 128)",dp_stress
154,stress_layer_2,Linear,MM,256,512,128,0.0083,0.1169,0.0,"(1, 512)","(1, 128)",dp_stress
154,stress_layer_3,Linear,MM,256,512,128,0.0858,0.1407,0.0,"(1, 512)","(1, 128)",dp_stress
154,stress_layer_4,Linear,MM,256,512,128,0.0335,0.0563,0.0,"(1, 512)","(1, 128)",dp_stress
154,stress_layer_5,Linear,MM,256,512,128,0.561,0.3567,0.75,"(1, 512)","(1, 128)",dp_stress
154,stress_layer_6,Linear,MM,256,512,128,0.0024,0.0852,0.0,"(1, 512)","(1, 128)",dp_stress
154,stress_layer_7,Linear,MM,256,512,128,0.0042,0.0798,0.0,"(1, 512)","(1, 128)",dp_stress
154,stress_layer_8,Linear,MM,256,512,128,0.0226,0.1152,0.0,"(1, 512)","(1, 128)",dp_stress
154,stress_layer_9,Linear,MM,256,512,128,0.015,0.1261,0.0,"(1, 512)","(1, 128)",dp_stress
154,stress_layer_10,Linear,MM,256,512,128,0.0745,0.0485,0.0,"(1, 512)","(1, 128)",dp_stress
154,stress_layer_11,Linear,MM,256,512,128,0.668,0.3072,0.75,"(1, 512)","(1, 128)",dp_stress
154,stress_layer_12,Linear,MM,256,512,128,0.0498,0.1108,0.0,"(1, 512)","(1, 128)",dp_stress
154,stress_layer_13,Linear,MM,256,512,128,0.066,0.0012,0.0,"(1, 512)","(1, 128)",dp_stress
154,stress_layer_14,Linear,MM,256,512,128,0.0282,0.1174,0.0,"(1, 512)","(1, 128)",dp_stress
154,stress_layer_15,Linear,MM,256,512,128,0.0549,0.1493,0.0,"(1, 512)","(1, 128)",dp_stress
154,stress_layer_16,Linear,MM,256,512,128,0.0929,0.125,0.0,"(1, 512)","(1, 128)",dp_stress
154,stress_layer_17,Linear,MM,256,512,128,0.5657,0.3506,0.75,"(1, 512)","(1, 128)",dp_stress
154,stress_layer_18,Linear,MM,256,512,128,0.0264,0.138,0.0,"(1, 512)","(1, 128)",dp_stress
154,stress_layer_19,Linear,MM,256,512,128,0.0946,0.035,0.0,"(1, 512)","(1, 128)",dp_stress
154,stress_layer_20,Linear,MM,256,512,128,0.0976,0.1435,0.0,"(1, 512)","(1, 128)",dp_stress
154,stress_layer_21,Linear,MM,256,512,128,0.0082,0.0967,0.0,"(1, 512)","(1, 128)",dp_stress
154,stress_layer_22,Linear,MM,256,512,128,0.0539,0.0019,0.0,"(1, 512)","(1, 128)",dp_stress
154,stress_layer_23,Linear,MM,256,512,128,0.5338,0.4108,0.75,"(1, 512)","(1, 128)",dp_stress
154,stress_layer_24,Linear,MM,256,512,128,0.0274,0.0452,0.0,"(1, 512)","(1, 128)",dp_stress
154,stress_layer_25,Linear,MM,256,512,128,0.033,0.0561,0.0,"(1, 512)","(1, 128)",dp_stress
154,stress_layer_26,Linear,MM,256,512,128,0.0189,0.066,0.0,"(1, 512)","(1, 128)",dp_stress
154,stress_layer_27,Linear,MM,256,512,128,0.0242,0.1115,0.0,"(1, 512)","(1, 128)",dp_stress
154,stress_layer_28,Linear,MM,256,512,128,0.0309,0.0911,0.0,"(1, 512)","(1, 128)",dp_stress
154,stress_layer_29,Linear,MM,256,512,128,0.5711,0.3058,0.75,"(1, 512)","(1, 128)",dp_stress
154,stress_layer_30,Linear,MM,256,512,128,0.0977,0.0964,0.0,"(1, 512)","(1, 128)",dp_stress
154,stress_layer_31,Linear,MM,256,512,128,0.0319,0.1152,0.0,"(1, 512)","(1, 128)",dp_stress
154,stress_layer_32,Linear,MM,256,512,128,0.0238,0.0134,0.0,"(1, 512)","(1, 128)",dp_stress
154,stress_layer_33,Linear,MM,256,512,128,0.0386,0.1111,0.0,"(1, 512)","(1, 128)",dp_stress
154,stress_layer_34,Linear,MM,256,512,128,0.0919,0.0861,0.0,"(1, 512)","(1, 128)",dp_stress
154,stress_layer_35,Linear,MM,256,512,128,0.6961,0.3797,0.75,"(1, 512)","(1, 128)",dp_stress
154,stress_layer_36,Linear,MM,256,512,128,0.015,0.0423,0.0,"(1, 512)","(1, 128)",dp_stress
154,stress_layer_37,Linear,MM,256,512,128,0.0565,0.0478,0.0,"(1, 512)","(1, 128)",dp_stress
154,stress_layer_38,Linear,MM,256,512,128,0.0796,0.1276,0.0,"(1, 512)","(1, 128)",dp_stress
154,stress_layer_39,Linear,MM,256,512,128,0.0008,0.0231,0.0,"(1, 512)","(1, 128)",dp_stress
155,stress_layer_0,Linear,MM,256,512,128,0.0742,0.0312,0.0,"(1, 512)","(1, 128)",dp_stress
155,stress_layer_1,Linear,MM,256,512,128,0.0345,0.1436,0.0,"(1, 512)","(1, 128)",dp_stress
155,stress_layer_2,Linear,MM,256,512,128,0.0186,0.0885,0.0,"(1, 512)","(1, 128)",dp_stress
155,stress_layer_3,Linear,MM,256,512,128,0.0302,0.148,0.0,"(1, 512)","(1, 128)",dp_stress
155,stress_layer_4,Linear,MM,256,512,128,0.084,0.0559,0.0,"(1, 512)","(1, 128)",dp_stress
155,stress_layer_5,Linear,MM,256,512,128,0.5467,0.4259,0.75,"(1, 512)","(1, 128)",dp_stress
155,stress_layer_6,Linear,MM,256,512,128,0.0823,0.0174,0.0,"(1, 512)","(1, 128)",dp_stress
155,stress_layer_7,Linear,MM,256,512,128,0.0996,0.1052,0.0,"(1, 512)","(1, 128)",dp_stress
155,stress_layer_8,Linear,MM,256,512,128,0.0439,0.08,0.0,"(1, 512)","(1, 128)",dp_stress
155,stress_layer_9,Linear,MM,256,512,128,0.0949,0.0977,0.0,"(1, 512)","(1, 128)",dp_stress
155,stress_layer_10,Linear,MM,256,512,128,0.0849,0.0416,0.0,"(1, 512)","(1, 128)",dp_stress
155,stress_layer_11,Linear,MM,256,512,128,0.5365,0.3954,0.75,"(1, 512)","(1, 128)",dp_stress
155,stress_layer_12,Linear,MM,256,512,128,0.0686,0.0764,0.0,"(1, 512)","(1, 128)",dp_stress
155,stress_layer_13,Linear,MM,256,512,128,0.0124,0.0224,0.0,"(1, 512)","(1, 128)",dp_stress
155,stress_layer_14,Linear,MM,256,512,128,0.0639,0.0819,0.0,"(1, 512)","(1, 128)",dp_stress
155,stress_layer_15,Linear,MM,256,512,128,0.0176,0.1003,0.0,"(1, 512)","(1, 128)",dp_stress
155,stress_layer_16,Linear,MM,256,512,128,0.0883,0.1209,0.0,"(1, 512)","(1, 128)",dp_stress
155,stress_layer_17,Linear,MM,256,512,128,0.5541,0.4559,0.75,"(1, 512)","(1, 128)",dp_stress
155,stress_layer_18,Linear,MM,256,512,128,0.0797,0.1136,0.0,"(1, 512)","(1, 128)",dp_stress
155,stress_layer_19,Linear,MM,256,512,128,0.0355,0.1069,0.0,"(1, 512)","(1, 128)",dp_stress
155,stress_layer_20,Linear,MM,256,512,128,0.0673,0.0914,0.0,"(1, 512)","(1, 128)",dp_stress
155,stress_layer_21,Linear,MM,256,512,128,0.0235,0.1027,0.0,"(1, 512)","(1, 128)",dp_stress
155,stress_layer_22,Linear,MM,256,512,128,0.0042,0.0176,0.0,"(1, 512)","(1, 128)",dp_stress
155,stress_layer_23,Linear,MM,256,512,128,0.5978,0.3955,0.75,"(1, 512)","(1, 128)",dp_stress
155,stress_layer_24,Linear,MM,256,512,128,0.0614,0.1339,0.0,"(1, 512)","(1, 128)",dp_stress
155,stress_layer_25,Linear,MM,256,512,128,0.031,0.0163,0.0,"(1, 512)","(1, 128)",dp_stress
155,stress_layer_26,Linear,MM,256,512,128,0.0195,0.1103,0.0,"(1, 512)","(1, 128)",dp_stress
155,stress_layer_27,Linear,MM,256,512,128,0.067,0.1133,0.0,"(1, 512)","(1, 128)",dp_stress
155,stress_layer_28,Linear,MM,256,512,128,0.0054,0.0243,0.0,"(1, 512)","(1, 128)",dp_stress
155,stress_layer_29,Linear,MM,256,512,128,0.6885,0.3543,0.75,"(1, 512)","(1, 128)",dp_stress
155,stress_layer_30,Linear,MM,256,512,128,0.0974,0.0187,0.0,"(1, 512)","(1, 128)",dp_stress
155,stress_layer_31,Linear,MM,256,512,128,0.0568,0.1442,0.0,"(1, 512)","(1, 128)",dp_stress
155,stress_layer_32,Linear,MM,256,512,128,0.0899,0.1144,0.0,"(1, 512)","(1, 128)",dp_stress
155,stress_layer_33,Linear,MM,256,512,128,0.0377,0.1387,0.0,"(1, 512)","(1, 128)",dp_stress
155,stress_layer_34,Linear,MM,256,512,128,0.0253,0.0213,0.0,"(1, 512)","(1, 128)",dp_stress
155,stress_layer_35,Linear,MM,256,512,128,0.6696,0.4221,0.75,"(1, 512)","(1, 128)",dp_stress
155,stress_layer_36,Linear,MM,256,512,128,0.0515,0.0909,0.0,"(1, 512)","(1, 128)",dp_stress
155,stress_layer_37,Linear,MM,256,512,128,0.0562,0.087,0.0,"(1, 512)","(1, 128)",dp_stress
155,stress_layer_38,Linear,MM,256,512,128,0.0806,0.0128,0.0,"(1, 512)","(1, 128)",dp_stress
155,stress_layer_39,Linear,MM,256,512,128,0.0111,0.1266,0.0,"(1, 512)","(1, 128)",dp_stress
156,stress_layer_0,Linear,MM,256,512,128,0.0451,0.0864,0.0,"(1, 512)","(1, 128)",dp_stress
156,stress_layer_1,Linear,MM,256,512,128,0.0943,0.1007,0.0,"(1, 512)","(1, 128)",dp_stress
156,stress_layer_2,Linear,MM,256,512,128,0.0912,0.1439,0.0,"(1, 512)","(1, 128)",dp_stress
156,stress_layer_3,Linear,MM,256,512,128,0.0933,0.1409,0.0,"(1, 512)","(1, 128)",dp_stress
156,stress_layer_4,Linear,MM,256,512,128,0.047,0.0776,0.0,"(1, 512)","(1, 128)",dp_stress
156,stress_layer_5,Linear,MM,256,512,128,0.683,0.3952,0.75,"(1, 512)","(1, 128)",dp_stress
156,stress_layer_6,Linear,MM,256,512,128,0.0026,0.0177,0.0,"(1, 512)","(1, 128)",dp_stress
156,stress_layer_7,Linear,MM,256,512,128,0.0522,0.1001,0.0,"(1, 512)","(1, 128)",dp_stress
156,stress_layer_8,Linear,MM,256,512,128,0.0306,0.0787,0.0,"(1, 512)","(1, 128)",dp_stress
156,stress_layer_9,Linear,MM,256,512,128,0.0214,0.0614,0.0,"(1, 512)","(1, 128)",dp_stress
156,stress_layer_10,Linear,MM,256,512,128,0.0717,0.0217,0.0,"(1, 512)","(1, 128)",dp_stress
156,stress_layer_11,Linear,MM,256,512,128,0.5133,0.3909,0.75,"(1, 512)","(1, 128)",dp_stress
156,stress_layer_12,Linear,MM,256,512,128,0.0659,0.0175,0.0,"(1, 512)","(1, 128)",dp_stress
156,stress_layer_13,Linear,MM,256,512,128,0.0173,0.1046,0.0,"(1, 512)","(1, 128)",dp_stress
156,stress_layer_14,Linear,MM,256,512,128,0.0639,0.0466,0.0,"(1, 512)","(1, 128)",dp_stress
156,stress_layer_15,Linear,MM,256,512,128,0.0048,0.0704,0.0,"(1, 512)","(1, 128)",dp_stress
156,stress_layer_16,Linear,MM,256,512,128,0.0441,0.137,0.0,"(1, 512)","(1, 128)",dp_stress
156,stress_layer_17,Linear,MM,256,512,128,0.6029,0.4917,0.75,"(1, 512)","(1, 128)",dp_stress
156,stress_layer_18,Linear,MM,256,512,128,0.0861,0.0194,0.0,"(1, 512)","(1, 128)",dp_stress
156,stress_layer_19,Linear,MM,256,512,128,0.0311,0.0511,0.0,"(1, 512)","(1, 128)",dp_stress
156,stress_layer_20,Linear,MM,256,512,128,0.01,0.138,0.0,"(1, 512)","(1, 128)",dp_stress
156,stress_layer_21,Linear,MM,256,512,128,0.0584,0.0776,0.0,"(1, 512)","(1, 128)",dp_stress
156,stress_layer_22,Linear,MM,256,512,128,0.0376,0.0881,0.0,"(1, 512)","(1, 128)",dp_stress
156,stress_layer_23,Linear,MM,256,512,128,0.501,0.4648,0.75,"(1, 512)","(1, 128)",dp_stress
156,stress_layer_24,Linear,MM,256,512,128,0.0653,0.084,0.0,"(1, 512)","(1, 128)",dp_stress
156,stress_layer_25,Linear,MM,256,512,128,0.0824,0.0814,0.0,"(1, 512)","(1, 128)",dp_stress
156,stress_layer_26,Linear,MM,256,512,128,0.0099,0.1133,0.0,"(1, 512)","(1, 128)",dp_stress
156,stress_layer_27,Linear,MM,256,512,128,0.056,0.1032,0.0,"(1, 512)","(1, 128)",dp_stress
156,stress_layer_28,Linear,MM,256,512,128,0.0084,0.035,0.0,"(1, 512)","(1, 128)",dp_stress
156,stress_layer_29,Linear,MM,256,512,128,0.5864,0.371,0.75,"(1, 512)","(1, 128)",dp_stress
156,stress_layer_30,Linear,MM,256,512,128,0.0185,0.055,0.0,"(1, 512)","(1, 128)",dp_stress
156,stress_layer_31,Linear,MM,256,512,128,0.004,0.036,0.0,"(1, 512)","(1, 128)",dp_stress
156,stress_layer_32,Linear,MM,256,512,128,0.0834,0.0791,0.0,"(1, 512)","(1, 128)",dp_stress
156,stress_layer_33,Linear,MM,256,512,128,0.0282,0.1075,0.0,"(1, 512)","(1, 128)",dp_stress
156,stress_layer_34,Linear,MM,256,512,128,0.0289,0.1122,0.0,"(1, 512)","(1, 128)",dp_stress
156,stress_layer_35,Linear,MM,256,512,128,0.603,0.3321,0.75,"(1, 512)","(1, 128)",dp_stress
156,stress_layer_36,Linear,MM,256,512,128,0.0448,0.0176,0.0,"(1, 512)","(1, 128)",dp_stress
156,stress_layer_37,Linear,MM,256,512,128,0.0713,0.0326,0.0,"(1, 512)","(1, 128)",dp_stress
156,stress_layer_38,Linear,MM,256,512,128,0.0385,0.0509,0.0,"(1, 512)","(1, 128)",dp_stress
156,stress_layer_39,Linear,MM,256,512,128,0.0961,0.1022,0.0,"(1, 512)","(1, 128)",dp_stress
157,stress_layer_0,Linear,MM,256,512,128,0.0326,0.0453,0.0,"(1, 512)","(1, 128)",dp_stress
157,stress_layer_1,Linear,MM,256,512,128,0.0117,0.0356,0.0,"(1, 512)","(1, 128)",dp_stress
157,stress_layer_2,Linear,MM,256,512,128,0.0136,0.0671,0.0,"(1, 512)","(1, 128)",dp_stress
157,stress_layer_3,Linear,MM,256,512,128,0.0045,0.048,0.0,"(1, 512)","(1, 128)",dp_stress
157,stress_layer_4,Linear,MM,256,512,128,0.0843,0.1051,0.0,"(1, 512)","(1, 128)",dp_stress
157,stress_layer_5,Linear,MM,256,512,128,0.6678,0.4303,0.75,"(1, 512)","(1, 128)",dp_stress
157,stress_layer_6,Linear,MM,256,512,128,0.0129,0.0224,0.0,"(1, 512)","(1, 128)",dp_stress
157,stress_layer_7,Linear,MM,256,512,128,0.0382,0.0524,0.0,"(1, 512)","(1, 128)",dp_stress
157,stress_layer_8,Linear,MM,256,512,128,0.099,0.0795,0.0,"(1, 512)","(1, 128)",dp_stress
157,stress_layer_9,Linear,MM,256,512,128,0.0265,0.0823,0.0,"(1, 512)","(1, 128)",dp_stress
157,stress_layer_10,Linear,MM,256,512,128,0.0589,0.0319,0.0,"(1, 512)","(1, 128)",dp_stress
157,stress_layer_11,Linear,MM,256,512,128,0.5598,0.4037,0.75,"(1, 512)","(1, 128)",dp_stress
157,stress_layer_12,Linear,MM,256,512,128,0.0258,0.1184,0.0,"(1, 512)","(1, 128)",dp_stress
157,stress_layer_13,Linear,MM,256,512,128,0.0235,0.132,0.0,"(1, 512)","(1, 128)",dp_stress
157,stress_layer_14,Linear,MM,256,512,128,0.0138,0.0362,0.0,"(1, 512)","(1, 128)",dp_stress
157,stress_layer_15,Linear,MM,256,512,128,0.0044,0.1202,0.0,"(1, 512)","(1, 128)",dp_stress
157,stress_layer_16,Linear,MM,256,512,128,0.0256,0.0619,0.0,"(1, 512)","(1, 128)",dp_stress
157,stress_layer_17,Linear,MM,256,512,128,0.6768,0.3788,0.75,"(1, 512)","(1, 128)",dp_stress
157,stress_layer_18,Linear,MM,256,512,128,0.0832,0.0588,0.0,"(1, 512)","(1, 128)",dp_stress
157,stress_layer_19,Linear,MM,256,512,128,0.0251,0.0296,0.0,"(1, 512)","(1, 128)",dp_stress
157,stress_layer_20,Linear,MM,256,512,128,0.0813,0.1385,0.0,"(1, 512)","(1, 128)",dp_stress
157,stress_layer_21,Linear,MM,256,512,128,0.0338,0.047,0.0,"(1, 512)","(1, 128)",dp_stress
157,stress_layer_22,Linear,MM,256,512,128,0.0273,0.1108,0.0,"(1, 512)","(1, 128)",dp_stress
157,stress_layer_23,Linear,MM,256,512,128,0.5414,0.3569,0.75,"(1, 512)","(1, 128)",dp_stress
157,stress_layer_24,Linear,MM,256,512,128,0.061,0.1011,0.0,"(1, 512)","(1, 128)",dp_stress
157,stress_layer_25,Linear,MM,256,512,128,0.0866,0.141,0.0,"(1, 512)","(1, 128)",dp_stress
157,stress_layer_26,Linear,MM,256,512,128,0.0195,0.1341,0.0,"(1, 512)","(1, 128)",dp_stress
157,stress_layer_27,Linear,MM,256,512,128,0.0429,0.0812,0.0,"(1, 512)","(1, 128)",dp_stress
157,stress_layer_28,Linear,MM,256,512,128,0.0517,0.0192,0.0,"(1, 512)","(1, 128)",dp_stress
157,stress_layer_29,Linear,MM,256,512,128,0.5196,0.3026,0.75,"(1, 512)","(1, 128)",dp_stress
157,stress_layer_30,Linear,MM,256,512,128,0.0242,0.1279,0.0,"(1, 512)","(1, 128)",dp_stress
157,stress_layer_31,Linear,MM,256,512,128,0.0463,0.0696,0.0,"(1, 512)","(1, 128)",dp_stress
157,stress_layer_32,Linear,MM,256,512,128,0.0795,0.0671,0.0,"(1, 512)","(1, 128)",dp_stress
157,stress_layer_33,Linear,MM,256,512,128,0.0932,0.1023,0.0,"(1, 512)","(1, 128)",dp_stress
157,stress_layer_34,Linear,MM,256,512,128,0.0761,0.043,0.0,"(1, 512)","(1, 128)",dp_stress
157,stress_layer_35,Linear,MM,256,512,128,0.5288,0.325,0.75,"(1, 512)","(1, 128)",dp_stress
157,stress_layer_36,Linear,MM,256,512,128,0.0803,0.0617,0.0,"(1, 512)","(1, 128)",dp_stress
157,stress_layer_37,Linear,MM,256,512,128,0.0023,0.02,0.0,"(1, 512)","(1, 128)",dp_stress
157,stress_layer_38,Linear,MM,256,512,128,0.0951,0.063,0.0,"(1, 512)","(1, 128)",dp_stress
157,stress_layer_39,Linear,MM,256,512,128,0.0909,0.13,0.0,"(1, 512)","(1, 128)",dp_stress
158,stress_layer_0,Linear,MM,256,512,128,0.0843,0.1182,0.0,"(1, 512)","(1, 128)",dp_stress
158,stress_layer_1,Linear,MM,256,512,128,0.0797,0.0857,0.0,"(1, 512)","(1, 128)",dp_stress
158,stress_layer_2,Linear,MM,256,512,128,0.0137,0.0495,0.0,"(1, 512)","(1, 128)",dp_stress
158,stress_layer_3,Linear,MM,256,512,128,0.0528,0.05,0.0,"(1, 512)","(1, 128)",dp_stress
158,stress_layer_4,Linear,MM,256,512,128,0.0991,0.0434,0.0,"(1, 512)","(1, 128)",dp_stress
158,stress_layer_5,Linear,MM,256,512,128,0.6951,0.3146,0.75,"(1, 512)","(1, 128)",dp_stress
158,stress_layer_6,Linear,MM,256,512,128,0.0723,0.1186,0.0,"(1, 512)","(1, 128)",dp_stress
158,stress_layer_7,Linear,MM,256,512,128,0.0852,0.0615,0.0,"(1, 512)","(1, 128)",dp_stress
158,stress_layer_8,Linear,MM,256,512,128,0.0304,0.1479,0.0,"(1, 512)","(1, 128)",dp_stress
158,stress_layer_9,Linear,MM,256,512,128,0.0254,0.109,0.0,"(1, 512)","(1, 128)",dp_stress
158,stress_layer_10,Linear,MM,256,512,128,0.0876,0.1449,0.0,"(1, 512)","(1, 128)",dp_stress
158,stress_layer_11,Linear,MM,256,512,128,0.6923,0.3881,0.75,"(1, 512)","(1, 128)",dp_stress
158,stress_layer_12,Linear,MM,256,512,128,0.0162,0.061,0.0,"(1, 512)","(1, 128)",dp_stress
158,stress_layer_13,Linear,MM,256,512,128,0.0923,0.104,0.0,"(1, 512)","(1, 128)",dp_stress
158,stress_layer_14,Linear,MM,256,512,128,0.0665,0.1333,0.0,"(1, 512)","(1, 128)",dp_stress
158,stress_layer_15,Linear,MM,256,512,128,0.0133,0.1417,0.0,"(1, 512)","(1, 128)",dp_stress
158,stress_layer_16,Linear,MM,256,512,128,0.06,0.0614,0.0,"(1, 512)","(1, 128)",dp_stress
158,stress_layer_17,Linear,MM,256,512,128,0.5553,0.4943,0.75,"(1, 512)","(1, 128)",dp_stress
158,stress_layer_18,Linear,MM,256,512,128,0.0904,0.1362,0.0,"(1, 512)","(1, 128)",dp_stress
158,stress_layer_19,Linear,MM,256,512,128,0.0381,0.1109,0.0,"(1, 512)","(1, 128)",dp_stress
158,stress_layer_20,Linear,MM,256,512,128,0.0474,0.1207,0.0,"(1, 512)","(1, 128)",dp_stress
158,stress_layer_21,Linear,MM,256,512,128,0.0687,0.0146,0.0,"(1, 512)","(1, 128)",dp_stress
158,stress_layer_22,Linear,MM,256,512,128,0.0753,0.054,0.0,"(1, 512)","(1, 128)",dp_stress
158,stress_layer_23,Linear,MM,256,512,128,0.6582,0.3321,0.75,"(1, 512)","(1, 128)",dp_stress
158,stress_layer_24,Linear,MM,256,512,128,0.0692,0.1317,0.0,"(1, 512)","(1, 128)",dp_stress
158,stress_layer_25,Linear,MM,256,512,128,0.0468,0.1234,0.0,"(1, 512)","(1, 128)",dp_stress
158,stress_layer_26,Linear,MM,256,512,128,0.0443,0.0108,0.0,"(1, 512)","(1, 128)",dp_stress
158,stress_layer_27,Linear,MM,256,512,128,0.0374,0.0643,0.0,"(1, 512)","(1, 128)",dp_stress
158,stress_layer_28,Linear,MM,256,512,128,0.0912,0.1172,0.0,"(1, 512)","(1, 128)",dp_stress
158,stress_layer_29,Linear,MM,256,512,128,0.581,0.4211,0.75,"(1, 512)","(1, 128)",dp_stress
158,stress_layer_30,Linear,MM,256,512,128,0.0261,0.0727,0.0,"(1, 512)","(1, 128)",dp_stress
158,stress_layer_31,Linear,MM,256,512,128,0.0093,0.1212,0.0,"(1, 512)","(1, 128)",dp_stress
158,stress_layer_32,Linear,MM,256,512,128,0.076,0.0378,0.0,"(1, 512)","(1, 128)",dp_stress
158,stress_layer_33,Linear,MM,256,512,128,0.073,0.0907,0.0,"(1, 512)","(1, 128)",dp_stress
158,stress_layer_34,Linear,MM,256,512,128,0.0446,0.0625,0.0,"(1, 512)","(1, 128)",dp_stress
158,stress_layer_35,Linear,MM,256,512,128,0.6476,0.3229,0.75,"(1, 512)","(1, 128)",dp_stress
158,stress_layer_36,Linear,MM,256,512,128,0.0087,0.1435,0.0,"(1, 512)","(1, 128)",dp_stress
158,stress_layer_37,Linear,MM,256,512,128,0.0104,0.0861,0.0,"(1, 512)","(1, 128)",dp_stress
158,stress_layer_38,Linear,MM,256,512,128,0.0435,0.0448,0.0,"(1, 512)","(1, 128)",dp_stress
158,stress_layer_39,Linear,MM,256,512,128,0.0797,0.0234,0.0,"(1, 512)","(1, 128)",dp_stress
159,stress_layer_0,Linear,MM,256,512,128,0.0158,0.0678,0.0,"(1, 512)","(1, 128)",dp_stress
159,stress_layer_1,Linear,MM,256,512,128,0.0866,0.1322,0.0,"(1, 512)","(1, 128)",dp_stress
159,stress_layer_2,Linear,MM,256,512,128,0.0795,0.0397,0.0,"(1, 512)","(1, 128)",dp_stress
159,stress_layer_3,Linear,MM,256,512,128,0.092,0.1119,0.0,"(1, 512)","(1, 128)",dp_stress
159,stress_layer_4,Linear,MM,256,512,128,0.0367,0.0394,0.0,"(1, 512)","(1, 128)",dp_stress
159,stress_layer_5,Linear,MM,256,512,128,0.6124,0.4041,0.75,"(1, 512)","(1, 128)",dp_stress
159,stress_layer_6,Linear,MM,256,512,128,0.0898,0.1081,0.0,"(1, 512)","(1, 128)",dp_stress
159,stress_layer_7,Linear,MM,256,512,128,0.0222,0.0683,0.0,"(1, 512)","(1, 128)",dp_stress
159,stress_layer_8,Linear,MM,256,512,128,0.0463,0.0243,0.0,"(1, 512)","(1, 128)",dp_stress
159,stress_layer_9,Linear,MM,256,512,128,0.0366,0.1401,0.0,"(1, 512)","(1, 128)",dp_stress
159,stress_layer_10,Linear,MM,256,512,128,0.0228,0.0103,0.0,"(1, 512)","(1, 128)",dp_stress
159,stress_layer_11,Linear,MM,256,512,128,0.6352,0.4028,0.75,"(1, 512)","(1, 128)",dp_stress
159,stress_layer_12,Linear,MM,256,512,128,0.0009,0.1185,0.0,"(1, 512)","(1, 128)",dp_stress
159,stress_layer_13,Linear,MM,256,512,128,0.0032,0.0617,0.0,"(1, 512)","(1, 128)",dp_stress
159,stress_layer_14,Linear,MM,256,512,128,0.0619,0.0873,0.0,"(1, 512)","(1, 128)",dp_stress
159,stress_layer_15,Linear,MM,256,512,128,0.0221,0.0105,0.0,"(1, 512)","(1, 128)",dp_stress
159,stress_layer_16,Linear,MM,256,512,128,0.059,0.1461,0.0,"(1, 512)","(1, 128)",dp_stress
159,stress_layer_17,Linear,MM,256,512,128,0.5214,0.438,0.75,"(1, 512)","(1, 128)",dp_stress
159,stress_layer_18,Linear,MM,256,512,128,0.0333,0.0627,0.0,"(1, 512)","(1, 128)",dp_stress
159,stress_layer_19,Linear,MM,256,512,128,0.0141,0.0884,0.0,"(1, 512)","(1, 128)",dp_stress
159,stress_layer_20,Linear,MM,256,512,128,0.0929,0.0025,0.0,"(1, 512)","(1, 128)",dp_stress
159,stress_layer_21,Linear,MM,256,512,128,0.0652,0.0206,0.0,"(1, 512)","(1, 128)",dp_stress
159,stress_layer_22,Linear,MM,256,512,128,0.0527,0.0834,0.0,"(1, 512)","(1, 128)",dp_stress
159,stress_layer_23,Linear,MM,256,512,128,0.6208,0.3082,0.75,"(1, 512)","(1, 128)",dp_stress
159,stress_layer_24,Linear,MM,256,512,128,0.0943,0.0512,0.0,"(1, 512)","(1, 128)",dp_stress
159,stress_layer_25,Linear,MM,256,512,128,0.0293,0.1298,0.0,"(1, 512)","(1, 128)",dp_stress
159,stress_layer_26,Linear,MM,256,512,128,0.0504,0.1087,0.0,"(1, 512)","(1, 128)",dp_stress
159,stress_layer_27,Linear,MM,256,512,128,0.0078,0.019,0.0,"(1, 512)","(1, 128)",dp_stress
159,stress_layer_28,Linear,MM,256,512,128,0.019,0.067,0.0,"(1, 512)","(1, 128)",dp_stress
159,stress_layer_29,Linear,MM,256,512,128,0.5259,0.4218,0.75,"(1, 512)","(1, 128)",dp_stress
159,stress_layer_30,Linear,MM,256,512,128,0.0035,0.0738,0.0,"(1, 512)","(1, 128)",dp_stress
159,stress_layer_31,Linear,MM,256,512,128,0.0978,0.0911,0.0,"(1, 512)","(1, 128)",dp_stress
159,stress_layer_32,Linear,MM,256,512,128,0.0567,0.0831,0.0,"(1, 512)","(1, 128)",dp_stress
159,stress_layer_33,Linear,MM,256,512,128,0.0762,0.1386,0.0,"(1, 512)","(1, 128)",dp_stress
159,stress_layer_34,Linear,MM,256,512,128,0.0392,0.0205,0.0,"(1, 512)","(1, 128)",dp_stress
159,stress_layer_35,Linear,MM,256,512,128,0.671,0.403,0.75,"(1, 512)","(1, 128)",dp_stress
159,stress_layer_36,Linear,MM,256,512,128,0.0391,0.0027,0.0,"(1, 512)","(1, 128)",dp_stress
159,stress_layer_37,Linear,MM,256,512,128,0.0063,0.1062,0.0,"(1, 512)","(1, 128)",dp_stress
159,stress_layer_38,Linear,MM,256,512,128,0.0428,0.131,0.0,"(1, 512)","(1, 128)",dp_stress
159,stress_layer_39,Linear,MM,256,512,128,0.01,0.0636,0.0,"(1, 512)","(1, 128)",dp_stress
160,stress_layer_0,Linear,MM,256,512,128,0.0045,0.0014,0.0,"(1, 512)","(1, 128)",dp_stress
160,stress_layer_1,Linear,MM,256,512,128,0.0489,0.0595,0.0,"(1, 512)","(1, 128)",dp_stress
160,stress_layer_2,Linear,MM,256,512,128,0.0635,0.0755,0.0,"(1, 512)","(1, 128)",dp_stress
160,stress_layer_3,Linear,MM,256,512,128,0.0055,0.0024,0.0,"(1, 512)","(1, 128)",dp_stress
160,stress_layer_4,Linear,MM,256,512,128,0.079,0.1271,0.0,"(1, 512)","(1, 128)",dp_stress
160,stress_layer_5,Linear,MM,256,512,128,0.5225,0.422,0.75,"(1, 512)","(1, 128)",dp_stress
160,stress_layer_6,Linear,MM,256,512,128,0.0871,0.0443,0.0,"(1, 512)","(1, 128)",dp_stress
160,stress_layer_7,Linear,MM,256,512,128,0.052,0.0323,0.0,"(1, 512)","(1, 128)",dp_stress
160,stress_layer_8,Linear,MM,256,512,128,0.0851,0.0254,0.0,"(1, 512)","(1, 128)",dp_stress
160,stress_layer_9,Linear,MM,256,512,128,0.0737,0.0073,0.0,"(1, 512)","(1, 128)",dp_stress
160,stress_layer_10,Linear,MM,256,512,128,0.0618,0.0761,0.0,"(1, 512)","(1, 128)",dp_stress
160,stress_layer_11,Linear,MM,256,512,128,0.6284,0.4906,0.75,"(1, 512)","(1, 128)",dp_stress
160,stress_layer_12,Linear,MM,256,512,128,0.0447,0.0425,0.0,"(1, 512)","(1, 128)",dp_stress
160,stress_layer_13,Linear,MM,256,512,128,0.0005,0.0428,0.0,"(1, 512)","(1, 128)",dp_stress
160,stress_layer_14,Linear,MM,256,512,128,0.0868,0.0819,0.0,"(1, 512)","(1, 128)",dp_stress
160,stress_layer_15,Linear,MM,256,512,128,0.0599,0.0095,0.0,"(1, 512)","(1, 128)",dp_stress
160,stress_layer_16,Linear,MM,256,512,128,0.0202,0.0561,0.0,"(1, 512)","(1, 128)",dp_stress
160,stress_layer_17,Linear,MM,256,512,128,0.6111,0.4422,0.75,"(1, 512)","(1, 128)",dp_stress
160,stress_layer_18,Linear,MM,256,512,128,0.0547,0.022,0.0,"(1, 512)","(1, 128)",dp_stress
160,stress_layer_19,Linear,MM,256,512,128,0.0889,0.0765,0.0,"(1, 512)","(1, 128)",dp_stress
160,stress_layer_20,Linear,MM,256,512,128,0.0126,0.0778,0.0,"(1, 512)","(1, 128)",dp_stress
160,stress_layer_21,Linear,MM,256,512,128,0.0102,0.0439,0.0,"(1, 512)","(1, 128)",dp_stress
160,stress_layer_22,Linear,MM,256,512,128,0.0562,0.1323,0.0,"(1, 512)","(1, 128)",dp_stress
160,stress_layer_23,Linear,MM,256,512,128,0.5141,0.356,0.75,"(1, 512)","(1, 128)",dp_stress
160,stress_layer_24,Linear,MM,256,512,128,0.0195,0.1324,0.0,"(1, 512)","(1, 128)",dp_stress
160,stress_layer_25,Linear,MM,256,512,128,0.0898,0.0213,0.0,"(1, 512)","(1, 128)",dp_stress
160,stress_layer_26,Linear,MM,256,512,128,0.0447,0.0355,0.0,"(1, 512)","(1, 128)",dp_stress
160,stress_layer_27,Linear,MM,256,512,128,0.0323,0.1477,0.0,"(1, 512)","(1, 128)",dp_stress
160,stress_layer_28,Linear,MM,256,512,128,0.0578,0.0203,0.0,"(1, 512)","(1, 128)",dp_stress
160,stress_layer_29,Linear,MM,256,512,128,0.5452,0.352,0.75,"(1, 512)","(1, 128)",dp_stress
160,stress_layer_30,Linear,MM,256,512,128,0.0327,0.0006,0.0,"(1, 512)","(1, 128)",dp_stress
160,stress_layer_31,Linear,MM,256,512,128,0.0397,0.0815,0.0,"(1, 512)","(1, 128)",dp_stress
160,stress_layer_32,Linear,MM,256,512,128,0.0092,0.0619,0.0,"(1, 512)","(1, 128)",dp_stress
160,stress_layer_33,Linear,MM,256,512,128,0.0939,0.0434,0.0,"(1, 512)","(1, 128)",dp_stress
160,stress_layer_34,Linear,MM,256,512,128,0.0902,0.1189,0.0,"(1, 512)","(1, 128)",dp_stress
160,stress_layer_35,Linear,MM,256,512,128,0.5526,0.3702,0.75,"(1, 512)","(1, 128)",dp_stress
160,stress_layer_36,Linear,MM,256,512,128,0.0279,0.0809,0.0,"(1, 512)","(1, 128)",dp_stress
160,stress_layer_37,Linear,MM,256,512,128,0.0401,0.0251,0.0,"(1, 512)","(1, 128)",dp_stress
160,stress_layer_38,Linear,MM,256,512,128,0.0761,0.038,0.0,"(1, 512)","(1, 128)",dp_stress
160,stress_layer_39,Linear,MM,256,512,128,0.0315,0.1263,0.0,"(1, 512)","(1, 128)",dp_stress
161,stress_layer_0,Linear,MM,256,512,128,0.0343,0.133,0.0,"(1, 512)","(1, 128)",dp_stress
161,stress_layer_1,Linear,MM,256,512,128,0.0852,0.0666,0.0,"(1, 512)","(1, 128)",dp_stress
161,stress_layer_2,Linear,MM,256,512,128,0.0066,0.1026,0.0,"(1, 512)","(1, 128)",dp_stress
161,stress_layer_3,Linear,MM,256,512,128,0.0195,0.0523,0.0,"(1, 512)","(1, 128)",dp_stress
161,stress_layer_4,Linear,MM,256,512,128,0.0882,0.0058,0.0,"(1, 512)","(1, 128)",dp_stress
161,stress_layer_5,Linear,MM,256,512,128,0.5923,0.3641,0.75,"(1, 512)","(1, 128)",dp_stress
161,stress_layer_6,Linear,MM,256,512,128,0.0461,0.0316,0.0,"(1, 512)","(1, 128)",dp_stress
161,stress_layer_7,Linear,MM,256,512,128,0.0706,0.0682,0.0,"(1, 512)","(1, 128)",dp_stress
161,stress_layer_8,Linear,MM,256,512,128,0.0999,0.1497,0.0,"(1, 512)","(1, 128)",dp_stress
161,stress_layer_9,Linear,MM,256,512,128,0.0794,0.1074,0.0,"(1, 512)","(1, 128)",dp_stress
161,stress_layer_10,Linear,MM,256,512,128,0.0714,0.1255,0.0,"(1, 512)","(1, 128)",dp_stress
161,stress_layer_11,Linear,MM,256,512,128,0.5003,0.441,0.75,"(1, 512)","(1, 128)",dp_stress
161,stress_layer_12,Linear,MM,256,512,128,0.0379,0.1031,0.0,"(1, 512)","(1, 128)",dp_stress
161,stress_layer_13,Linear,MM,256,512,128,0.0157,0.1181,0.0,"(1, 512)","(1, 128)",dp_stress
161,stress_layer_14,Linear,MM,256,512,128,0.0378,0.0813,0.0,"(1, 512)","(1, 128)",dp_stress
161,stress_layer_15,Linear,MM,256,512,128,0.0028,0.0135,0.0,"(1, 512)","(1, 128)",dp_stress
161,stress_layer_16,Linear,MM,256,512,128,0.0418,0.0658,0.0,"(1, 512)","(1, 128)",dp_stress
161,stress_layer_17,Linear,MM,256,512,128,0.5036,0.3049,0.75,"(1, 512)","(1, 128)",dp_stress
161,stress_layer_18,Linear,MM,256,512,128,0.0112,0.1311,0.0,"(1, 512)","(1, 128)",dp_stress
161,stress_layer_19,Linear,MM,256,512,128,0.0973,0.0167,0.0,"(1, 512)","(1, 128)",dp_stress
161,stress_layer_20,Linear,MM,256,512,128,0.0285,0.1435,0.0,"(1, 512)","(1, 128)",dp_stress
161,stress_layer_21,Linear,MM,256,512,128,0.0026,0.0446,0.0,"(1, 512)","(1, 128)",dp_stress
161,stress_layer_22,Linear,MM,256,512,128,0.0508,0.149,0.0,"(1, 512)","(1, 128)",dp_stress
161,stress_layer_23,Linear,MM,256,512,128,0.6859,0.4246,0.75,"(1, 512)","(1, 128)",dp_stress
161,stress_layer_24,Linear,MM,256,512,128,0.0661,0.1308,0.0,"(1, 512)","(1, 128)",dp_stress
161,stress_layer_25,Linear,MM,256,512,128,0.0647,0.0585,0.0,"(1, 512)","(1, 128)",dp_stress
161,stress_layer_26,Linear,MM,256,512,128,0.0711,0.0738,0.0,"(1, 512)","(1, 128)",dp_stress
161,stress_layer_27,Linear,MM,256,512,128,0.0478,0.0594,0.0,"(1, 512)","(1, 128)",dp_stress
161,stress_layer_28,Linear,MM,256,512,128,0.0485,0.1082,0.0,"(1, 512)","(1, 128)",dp_stress
161,stress_layer_29,Linear,MM,256,512,128,0.5501,0.4994,0.75,"(1, 512)","(1, 128)",dp_stress
161,stress_layer_30,Linear,MM,256,512,128,0.0065,0.1004,0.0,"(1, 512)","(1, 128)",dp_stress
161,stress_layer_31,Linear,MM,256,512,128,0.0518,0.1468,0.0,"(1, 512)","(1, 128)",dp_stress
161,stress_layer_32,Linear,MM,256,512,128,0.0004,0.088,0.0,"(1, 512)","(1, 128)",dp_stress
161,stress_layer_33,Linear,MM,256,512,128,0.0648,0.0942,0.0,"(1, 512)","(1, 128)",dp_stress
161,stress_layer_34,Linear,MM,256,512,128,0.0776,0.133,0.0,"(1, 512)","(1, 128)",dp_stress
161,stress_layer_35,Linear,MM,256,512,128,0.5796,0.3306,0.75,"(1, 512)","(1, 128)",dp_stress
161,stress_layer_36,Linear,MM,256,512,128,0.0555,0.0313,0.0,"(1, 512)","(1, 128)",dp_stress
161,stress_layer_37,Linear,MM,256,512,128,0.0711,0.0234,0.0,"(1, 512)","(1, 128)",dp_stress
161,stress_layer_38,Linear,MM,256,512,128,0.0584,0.0889,0.0,"(1, 512)","(1, 128)",dp_stress
161,stress_layer_39,Linear,MM,256,512,128,0.0668,0.0183,0.0,"(1, 512)","(1, 128)",dp_stress
162,stress_layer_0,Linear,MM,256,512,128,0.0221,0.1161,0.0,"(1, 512)","(1, 128)",dp_stress
162,stress_layer_1,Linear,MM,256,512,128,0.0491,0.135,0.0,"(1, 512)","(1, 128)",dp_stress
162,stress_layer_2,Linear,MM,256,512,128,0.0599,0.0567,0.0,"(1, 512)","(1, 128)",dp_stress
162,stress_layer_3,Linear,MM,256,512,128,0.0975,0.0075,0.0,"(1, 512)","(1, 128)",dp_stress
162,stress_layer_4,Linear,MM,256,512,128,0.0462,0.1446,0.0,"(1, 512)","(1, 128)",dp_stress
162,stress_layer_5,Linear,MM,256,512,128,0.6511,0.492,0.75,"(1, 512)","(1, 128)",dp_stress
162,stress_layer_6,Linear,MM,256,512,128,0.0647,0.028,0.0,"(1, 512)","(1, 128)",dp_stress
162,stress_layer_7,Linear,MM,256,512,128,0.0876,0.1232,0.0,"(1, 512)","(1, 128)",dp_stress
162,stress_layer_8,Linear,MM,256,512,128,0.0669,0.0943,0.0,"(1, 512)","(1, 128)",dp_stress
162,stress_layer_9,Linear,MM,256,512,128,0.0408,0.0085,0.0,"(1, 512)","(1, 128)",dp_stress
162,stress_layer_10,Linear,MM,256,512,128,0.0593,0.0219,0.0,"(1, 512)","(1, 128)",dp_stress
162,stress_layer_11,Linear,MM,256,512,128,0.6829,0.4307,0.75,"(1, 512)","(1, 128)",dp_stress
162,stress_layer_12,Linear,MM,256,512,128,0.0639,0.042,0.0,"(1, 512)","(1, 128)",dp_stress
162,stress_layer_13,Linear,MM,256,512,128,0.0978,0.0604,0.0,"(1, 512)","(1, 128)",dp_stress
162,stress_layer_14,Linear,MM,256,512,128,0.0397,0.0954,0.0,"(1, 512)","(1, 128)",dp_stress
162,stress_layer_15,Linear,MM,256,512,128,0.0068,0.1232,0.0,"(1, 512)","(1, 128)",dp_stress
162,stress_layer_16,Linear,MM,256,512,128,0.0709,0.0319,0.0,"(1, 512)","(1, 128)",dp_stress
162,stress_layer_17,Linear,MM,256,512,128,0.6067,0.3011,0.75,"(1, 512)","(1, 128)",dp_stress
162,stress_layer_18,Linear,MM,256,512,128,0.0866,0.1146,0.0,"(1, 512)","(1, 128)",dp_stress
162,stress_layer_19,Linear,MM,256,512,128,0.0015,0.1112,0.0,"(1, 512)","(1, 128)",dp_stress
162,stress_layer_20,Linear,MM,256,512,128,0.0127,0.0429,0.0,"(1, 512)","(1, 128)",dp_stress
162,stress_layer_21,Linear,MM,256,512,128,0.0395,0.0184,0.0,"(1, 512)","(1, 128)",dp_stress
162,stress_layer_22,Linear,MM,256,512,128,0.0187,0.0139,0.0,"(1, 512)","(1, 128)",dp_stress
162,stress_layer_23,Linear,MM,256,512,128,0.5154,0.4246,0.75,"(1, 512)","(1, 128)",dp_stress
162,stress_layer_24,Linear,MM,256,512,128,0.0584,0.0963,0.0,"(1, 512)","(1, 128)",dp_stress
162,stress_layer_25,Linear,MM,256,512,128,0.0094,0.1294,0.0,"(1, 512)","(1, 128)",dp_stress
162,stress_layer_26,Linear,MM,256,512,128,0.0119,0.0629,0.0,"(1, 512)","(1, 128)",dp_stress
162,stress_layer_27,Linear,MM,256,512,128,0.0679,0.0866,0.0,"(1, 512)","(1, 128)",dp_stress
162,stress_layer_28,Linear,MM,256,512,128,0.0162,0.1373,0.0,"(1, 512)","(1, 128)",dp_stress
162,stress_layer_29,Linear,MM,256,512,128,0.5748,0.3432,0.75,"(1, 512)","(1, 128)",dp_stress
162,stress_layer_30,Linear,MM,256,512,128,0.0202,0.1336,0.0,"(1, 512)","(1, 128)",dp_stress
162,stress_layer_31,Linear,MM,256,512,128,0.0463,0.0626,0.0,"(1, 512)","(1, 128)",dp_stress
162,stress_layer_32,Linear,MM,256,512,128,0.0129,0.0731,0.0,"(1, 512)","(1, 128)",dp_stress
162,stress_layer_33,Linear,MM,256,512,128,0.0289,0.0221,0.0,"(1, 512)","(1, 128)",dp_stress
162,stress_layer_34,Linear,MM,256,512,128,0.0911,0.0572,0.0,"(1, 512)","(1, 128)",dp_stress
162,stress_layer_35,Linear,MM,256,512,128,0.5765,0.4217,0.75,"(1, 512)","(1, 128)",dp_stress
162,stress_layer_36,Linear,MM,256,512,128,0.0003,0.0296,0.0,"(1, 512)","(1, 128)",dp_stress
162,stress_layer_37,Linear,MM,256,512,128,0.0765,0.1342,0.0,"(1, 512)","(1, 128)",dp_stress
162,stress_layer_38,Linear,MM,256,512,128,0.0184,0.0155,0.0,"(1, 512)","(1, 128)",dp_stress
162,stress_layer_39,Linear,MM,256,512,128,0.0947,0.0717,0.0,"(1, 512)","(1, 128)",dp_stress
163,stress_layer_0,Linear,MM,256,512,128,0.0935,0.0249,0.0,"(1, 512)","(1, 128)",dp_stress
163,stress_layer_1,Linear,MM,256,512,128,0.0591,0.0062,0.0,"(1, 512)","(1, 128)",dp_stress
163,stress_layer_2,Linear,MM,256,512,128,0.0377,0.0201,0.0,"(1, 512)","(1, 128)",dp_stress
163,stress_layer_3,Linear,MM,256,512,128,0.0104,0.0297,0.0,"(1, 512)","(1, 128)",dp_stress
163,stress_layer_4,Linear,MM,256,512,128,0.0276,0.0003,0.0,"(1, 512)","(1, 128)",dp_stress
163,stress_layer_5,Linear,MM,256,512,128,0.5593,0.4389,0.75,"(1, 512)","(1, 128)",dp_stress
163,stress_layer_6,Linear,MM,256,512,128,0.0183,0.1356,0.0,"(1, 512)","(1, 128)",dp_stress
163,stress_layer_7,Linear,MM,256,512,128,0.0733,0.1277,0.0,"(1, 512)","(1, 128)",dp_stress
163,stress_layer_8,Linear,MM,256,512,128,0.0787,0.124,0.0,"(1, 512)","(1, 128)",dp_stress
163,stress_layer_9,Linear,MM,256,512,128,0.0657,0.1054,0.0,"(1, 512)","(1, 128)",dp_stress
163,stress_layer_10,Linear,MM,256,512,128,0.0654,0.1282,0.0,"(1, 512)","(1, 128)",dp_stress
163,stress_layer_11,Linear,MM,256,512,128,0.6799,0.3991,0.75,"(1, 512)","(1, 128)",dp_stress
163,stress_layer_12,Linear,MM,256,512,128,0.0728,0.0707,0.0,"(1, 512)","(1, 128)",dp_stress
163,stress_layer_13,Linear,MM,256,512,128,0.0676,0.0776,0.0,"(1, 512)","(1, 128)",dp_stress
163,stress_layer_14,Linear,MM,256,512,128,0.0468,0.0411,0.0,"(1, 512)","(1, 128)",dp_stress
163,stress_layer_15,Linear,MM,256,512,128,0.0761,0.0203,0.0,"(1, 512)","(1, 128)",dp_stress
163,stress_layer_16,Linear,MM,256,512,128,0.0833,0.1357,0.0,"(1, 512)","(1, 128)",dp_stress
163,stress_layer_17,Linear,MM,256,512,128,0.6349,0.3571,0.75,"(1, 512)","(1, 128)",dp_stress
163,stress_layer_18,Linear,MM,256,512,128,0.0158,0.0972,0.0,"(1, 512)","(1, 128)",dp_stress
163,stress_layer_19,Linear,MM,256,512,128,0.044,0.0184,0.0,"(1, 512)","(1, 128)",dp_stress
163,stress_layer_20,Linear,MM,256,512,128,0.0744,0.111,0.0,"(1, 512)","(1, 128)",dp_stress
163,stress_layer_21,Linear,MM,256,512,128,0.0323,0.1296,0.0,"(1, 512)","(1, 128)",dp_stress
163,stress_layer_22,Linear,MM,256,512,128,0.0792,0.1215,0.0,"(1, 512)","(1, 128)",dp_stress
163,stress_layer_23,Linear,MM,256,512,128,0.6033,0.3944,0.75,"(1, 512)","(1, 128)",dp_stress
163,stress_layer_24,Linear,MM,256,512,128,0.0532,0.0355,0.0,"(1, 512)","(1, 128)",dp_stress
163,stress_layer_25,Linear,MM,256,512,128,0.0893,0.1486,0.0,"(1, 512)","(1, 128)",dp_stress
163,stress_layer_26,Linear,MM,256,512,128,0.0963,0.0886,0.0,"(1, 512)","(1, 128)",dp_stress
163,stress_layer_27,Linear,MM,256,512,128,0.097,0.0895,0.0,"(1, 512)","(1, 128)",dp_stress
163,stress_layer_28,Linear,MM,256,512,128,0.0119,0.0799,0.0,"(1, 512)","(1, 128)",dp_stress
163,stress_layer_29,Linear,MM,256,512,128,0.6718,0.4765,0.75,"(1, 512)","(1, 128)",dp_stress
163,stress_layer_30,Linear,MM,256,512,128,0.0577,0.1201,0.0,"(1, 512)","(1, 128)",dp_stress
163,stress_layer_31,Linear,MM,256,512,128,0.0508,0.0859,0.0,"(1, 512)","(1, 128)",dp_stress
163,stress_layer_32,Linear,MM,256,512,128,0.0545,0.0166,0.0,"(1, 512)","(1, 128)",dp_stress
163,stress_layer_33,Linear,MM,256,512,128,0.082,0.0508,0.0,"(1, 512)","(1, 128)",dp_stress
163,stress_layer_34,Linear,MM,256,512,128,0.0568,0.1148,0.0,"(1, 512)","(1, 128)",dp_stress
163,stress_layer_35,Linear,MM,256,512,128,0.6411,0.4744,0.75,"(1, 512)","(1, 128)",dp_stress
163,stress_layer_36,Linear,MM,256,512,128,0.0813,0.0766,0.0,"(1, 512)","(1, 128)",dp_stress
163,stress_layer_37,Linear,MM,256,512,128,0.0804,0.0374,0.0,"(1, 512)","(1, 128)",dp_stress
163,stress_layer_38,Linear,MM,256,512,128,0.0925,0.1358,0.0,"(1, 512)","(1, 128)",dp_stress
163,stress_layer_39,Linear,MM,256,512,128,0.0388,0.1359,0.0,"(1, 512)","(1, 128)",dp_stress
164,stress_layer_0,Linear,MM,256,512,128,0.0154,0.1096,0.0,"(1, 512)","(1, 128)",dp_stress
164,stress_layer_1,Linear,MM,256,512,128,0.0864,0.0662,0.0,"(1, 512)","(1, 128)",dp_stress
164,stress_layer_2,Linear,MM,256,512,128,0.0821,0.1426,0.0,"(1, 512)","(1, 128)",dp_stress
164,stress_layer_3,Linear,MM,256,512,128,0.0191,0.1376,0.0,"(1, 512)","(1, 128)",dp_stress
164,stress_layer_4,Linear,MM,256,512,128,0.0459,0.1323,0.0,"(1, 512)","(1, 128)",dp_stress
164,stress_layer_5,Linear,MM,256,512,128,0.5871,0.4235,0.75,"(1, 512)","(1, 128)",dp_stress
164,stress_layer_6,Linear,MM,256,512,128,0.0535,0.0313,0.0,"(1, 512)","(1, 128)",dp_stress
164,stress_layer_7,Linear,MM,256,512,128,0.0728,0.0729,0.0,"(1, 512)","(1, 128)",dp_stress
164,stress_layer_8,Linear,MM,256,512,128,0.0063,0.0403,0.0,"(1, 512)","(1, 128)",dp_stress
164,stress_layer_9,Linear,MM,256,512,128,0.0722,0.0754,0.0,"(1, 512)","(1, 128)",dp_stress
164,stress_layer_10,Linear,MM,256,512,128,0.0539,0.0194,0.0,"(1, 512)","(1, 128)",dp_stress
164,stress_layer_11,Linear,MM,256,512,128,0.5688,0.3041,0.75,"(1, 512)","(1, 128)",dp_stress
164,stress_layer_12,Linear,MM,256,512,128,0.0407,0.0375,0.0,"(1, 512)","(1, 128)",dp_stress
164,stress_layer_13,Linear,MM,256,512,128,0.097,0.0366,0.0,"(1, 512)","(1, 128)",dp_stress
164,stress_layer_14,Linear,MM,256,512,128,0.0033,0.0864,0.0,"(1, 512)","(1, 128)",dp_stress
164,stress_layer_15,Linear,MM,256,512,128,0.0557,0.0413,0.0,"(1, 512)","(1, 128)",dp_stress
164,stress_layer_16,Linear,MM,256,512,128,0.0235,0.1225,0.0,"(1, 512)","(1, 128)",dp_stress
164,stress_layer_17,Linear,MM,256,512,128,0.5814,0.3301,0.75,"(1, 512)","(1, 128)",dp_stress
164,stress_layer_18,Linear,MM,256,512,128,0.074,0.0518,0.0,"(1, 512)","(1, 128)",dp_stress
164,stress_layer_19,Linear,MM,256,512,128,0.0731,0.1232,0.0,"(1, 512)","(1, 128)",dp_stress
164,stress_layer_20,Linear,MM,256,512,128,0.0216,0.051,0.0,"(1, 512)","(1, 128)",dp_stress
164,stress_layer_21,Linear,MM,256,512,128,0.0966,0.0414,0.0,"(1, 512)","(1, 128)",dp_stress
164,stress_layer_22,Linear,MM,256,512,128,0.0751,0.0666,0.0,"(1, 512)","(1, 128)",dp_stress
164,stress_layer_23,Linear,MM,256,512,128,0.5956,0.4155,0.75,"(1, 512)","(1, 128)",dp_stress
164,stress_layer_24,Linear,MM,256,512,128,0.0372,0.0504,0.0,"(1, 512)","(1, 128)",dp_stress
164,stress_layer_25,Linear,MM,256,512,128,0.042,0.0339,0.0,"(1, 512)","(1, 128)",dp_stress
164,stress_layer_26,Linear,MM,256,512,128,0.0594,0.1355,0.0,"(1, 512)","(1, 128)",dp_stress
164,stress_layer_27,Linear,MM,256,512,128,0.041,0.1458,0.0,"(1, 512)","(1, 128)",dp_stress
164,stress_layer_28,Linear,MM,256,512,128,0.0286,0.0185,0.0,"(1, 512)","(1, 128)",dp_stress
164,stress_layer_29,Linear,MM,256,512,128,0.5213,0.3192,0.75,"(1, 512)","(1, 128)",dp_stress
164,stress_layer_30,Linear,MM,256,512,128,0.0298,0.0538,0.0,"(1, 512)","(1, 128)",dp_stress
164,stress_layer_31,Linear,MM,256,512,128,0.0576,0.005,0.0,"(1, 512)","(1, 128)",dp_stress
164,stress_layer_32,Linear,MM,256,512,128,0.0273,0.0175,0.0,"(1, 512)","(1, 128)",dp_stress
164,stress_layer_33,Linear,MM,256,512,128,0.0748,0.1434,0.0,"(1, 512)","(1, 128)",dp_stress
164,stress_layer_34,Linear,MM,256,512,128,0.0493,0.128,0.0,"(1, 512)","(1, 128)",dp_stress
164,stress_layer_35,Linear,MM,256,512,128,0.5443,0.4133,0.75,"(1, 512)","(1, 128)",dp_stress
164,stress_layer_36,Linear,MM,256,512,128,0.0095,0.1409,0.0,"(1, 512)","(1, 128)",dp_stress
164,stress_layer_37,Linear,MM,256,512,128,0.046,0.0241,0.0,"(1, 512)","(1, 128)",dp_stress
164,stress_layer_38,Linear,MM,256,512,128,0.0446,0.0282,0.0,"(1, 512)","(1, 128)",dp_stress
164,stress_layer_39,Linear,MM,256,512,128,0.0096,0.0521,0.0,"(1, 512)","(1, 128)",dp_stress
165,stress_layer_0,Linear,MM,256,512,128,0.0946,0.0414,0.0,"(1, 512)","(1, 128)",dp_stress
165,stress_layer_1,Linear,MM,256,512,128,0.08,0.1001,0.0,"(1, 512)","(1, 128)",dp_stress
165,stress_layer_2,Linear,MM,256,512,128,0.0939,0.0684,0.0,"(1, 512)","(1, 128)",dp_stress
165,stress_layer_3,Linear,MM,256,512,128,0.0786,0.0226,0.0,"(1, 512)","(1, 128)",dp_stress
165,stress_layer_4,Linear,MM,256,512,128,0.0419,0.0114,0.0,"(1, 512)","(1, 128)",dp_stress
165,stress_layer_5,Linear,MM,256,512,128,0.5112,0.3223,0.75,"(1, 512)","(1, 128)",dp_stress
165,stress_layer_6,Linear,MM,256,512,128,0.0734,0.0477,0.0,"(1, 512)","(1, 128)",dp_stress
165,stress_layer_7,Linear,MM,256,512,128,0.0296,0.017,0.0,"(1, 512)","(1, 128)",dp_stress
165,stress_layer_8,Linear,MM,256,512,128,0.0832,0.1341,0.0,"(1, 512)","(1, 128)",dp_stress
165,stress_layer_9,Linear,MM,256,512,128,0.0602,0.0891,0.0,"(1, 512)","(1, 128)",dp_stress
165,stress_layer_10,Linear,MM,256,512,128,0.0134,0.0092,0.0,"(1, 512)","(1, 128)",dp_stress
165,stress_layer_11,Linear,MM,256,512,128,0.6681,0.3162,0.75,"(1, 512)","(1, 128)",dp_stress
165,stress_layer_12,Linear,MM,256,512,128,0.0615,0.1046,0.0,"(1, 512)","(1, 128)",dp_stress
165,stress_layer_13,Linear,MM,256,512,128,0.0919,0.0277,0.0,"(1, 512)","(1, 128)",dp_stress
165,stress_layer_14,Linear,MM,256,512,128,0.0377,0.0816,0.0,"(1, 512)","(1, 128)",dp_stress
165,stress_layer_15,Linear,MM,256,512,128,0.0697,0.0178,0.0,"(1, 512)","(1, 128)",dp_stress
165,stress_layer_16,Linear,MM,256,512,128,0.02,0.0921,0.0,"(1, 512)","(1, 128)",dp_stress
165,stress_layer_17,Linear,MM,256,512,128,0.6495,0.4338,0.75,"(1, 512)","(1, 128)",dp_stress
165,stress_layer_18,Linear,MM,256,512,128,0.0914,0.0907,0.0,"(1, 512)","(1, 128)",dp_stress
165,stress_layer_19,Linear,MM,256,512,128,0.0604,0.1286,0.0,"(1, 512)","(1, 128)",dp_stress
165,stress_layer_20,Linear,MM,256,512,128,0.0576,0.0114,0.0,"(1, 512)","(1, 128)",dp_stress
165,stress_layer_21,Linear,MM,256,512,128,0.0395,0.1287,0.0,"(1, 512)","(1, 128)",dp_stress
165,stress_layer_22,Linear,MM,256,512,128,0.0649,0.0737,0.0,"(1, 512)","(1, 128)",dp_stress
165,stress_layer_23,Linear,MM,256,512,128,0.6738,0.4494,0.75,"(1, 512)","(1, 128)",dp_stress
165,stress_layer_24,Linear,MM,256,512,128,0.0822,0.1323,0.0,"(1, 512)","(1, 128)",dp_stress
165,stress_layer_25,Linear,MM,256,512,128,0.0193,0.0487,0.0,"(1, 512)","(1, 128)",dp_stress
165,stress_layer_26,Linear,MM,256,512,128,0.0779,0.0762,0.0,"(1, 512)","(1, 128)",dp_stress
165,stress_layer_27,Linear,MM,256,512,128,0.0364,0.0118,0.0,"(1, 512)","(1, 128)",dp_stress
165,stress_layer_28,Linear,MM,256,512,128,0.0141,0.1434,0.0,"(1, 512)","(1, 128)",dp_stress
165,stress_layer_29,Linear,MM,256,512,128,0.5452,0.3588,0.75,"(1, 512)","(1, 128)",dp_stress
165,stress_layer_30,Linear,MM,256,512,128,0.0844,0.0478,0.0,"(1, 512)","(1, 128)",dp_stress
165,stress_layer_31,Linear,MM,256,512,128,0.0851,0.0804,0.0,"(1, 512)","(1, 128)",dp_stress
165,stress_layer_32,Linear,MM,256,512,128,0.0416,0.0672,0.0,"(1, 512)","(1, 128)",dp_stress
165,stress_layer_33,Linear,MM,256,512,128,0.0336,0.0214,0.0,"(1, 512)","(1, 128)",dp_stress
165,stress_layer_34,Linear,MM,256,512,128,0.0853,0.105,0.0,"(1, 512)","(1, 128)",dp_stress
165,stress_layer_35,Linear,MM,256,512,128,0.5177,0.4596,0.75,"(1, 512)","(1, 128)",dp_stress
165,stress_layer_36,Linear,MM,256,512,128,0.0152,0.063,0.0,"(1, 512)","(1, 128)",dp_stress
165,stress_layer_37,Linear,MM,256,512,128,0.0204,0.1344,0.0,"(1, 512)","(1, 128)",dp_stress
165,stress_layer_38,Linear,MM,256,512,128,0.0077,0.0862,0.0,"(1, 512)","(1, 128)",dp_stress
165,stress_layer_39,Linear,MM,256,512,128,0.0586,0.0261,0.0,"(1, 512)","(1, 128)",dp_stress
166,stress_layer_0,Linear,MM,256,512,128,0.0578,0.0763,0.0,"(1, 512)","(1, 128)",dp_stress
166,stress_layer_1,Linear,MM,256,512,128,0.0234,0.0369,0.0,"(1, 512)","(1, 128)",dp_stress
166,stress_layer_2,Linear,MM,256,512,128,0.0247,0.0762,0.0,"(1, 512)","(1, 128)",dp_stress
166,stress_layer_3,Linear,MM,256,512,128,0.0248,0.018,0.0,"(1, 512)","(1, 128)",dp_stress
166,stress_layer_4,Linear,MM,256,512,128,0.0648,0.0889,0.0,"(1, 512)","(1, 128)",dp_stress
166,stress_layer_5,Linear,MM,256,512,128,0.5333,0.4542,0.75,"(1, 512)","(1, 128)",dp_stress
166,stress_layer_6,Linear,MM,256,512,128,0.0453,0.0189,0.0,"(1, 512)","(1, 128)",dp_stress
166,stress_layer_7,Linear,MM,256,512,128,0.0439,0.0104,0.0,"(1, 512)","(1, 128)",dp_stress
166,stress_layer_8,Linear,MM,256,512,128,0.0619,0.0607,0.0,"(1, 512)","(1, 128)",dp_stress
166,stress_layer_9,Linear,MM,256,512,128,0.0142,0.0587,0.0,"(1, 512)","(1, 128)",dp_stress
166,stress_layer_10,Linear,MM,256,512,128,0.0183,0.0439,0.0,"(1, 512)","(1, 128)",dp_stress
166,stress_layer_11,Linear,MM,256,512,128,0.5317,0.4035,0.75,"(1, 512)","(1, 128)",dp_stress
166,stress_layer_12,Linear,MM,256,512,128,0.0796,0.1414,0.0,"(1, 512)","(1, 128)",dp_stress
166,stress_layer_13,Linear,MM,256,512,128,0.0136,0.1245,0.0,"(1, 512)","(1, 128)",dp_stress
166,stress_layer_14,Linear,MM,256,512,128,0.0742,0.0169,0.0,"(1, 512)","(1, 128)",dp_stress
166,stress_layer_15,Linear,MM,256,512,128,0.007,0.0345,0.0,"(1, 512)","(1, 128)",dp_stress
166,stress_layer_16,Linear,MM,256,512,128,0.0011,0.0575,0.0,"(1, 512)","(1, 128)",dp_stress
166,stress_layer_17,Linear,MM,256,512,128,0.5539,0.3363,0.75,"(1, 512)","(1, 128)",dp_stress
166,stress_layer_18,Linear,MM,256,512,128,0.0861,0.0946,0.0,"(1, 512)","(1, 128)",dp_stress
166,stress_layer_19,Linear,MM,256,512,128,0.0848,0.0439,0.0,"(1, 512)","(1, 128)",dp_stress
166,stress_layer_20,Linear,MM,256,512,128,0.0563,0.133,0.0,"(1, 512)","(1, 128)",dp_stress
166,stress_layer_21,Linear,MM,256,512,128,0.0137,0.1101,0.0,"(1, 512)","(1, 128)",dp_stress
166,stress_layer_22,Linear,MM,256,512,128,0.0651,0.0937,0.0,"(1, 512)","(1, 128)",dp_stress
166,stress_layer_23,Linear,MM,256,512,128,0.6384,0.4933,0.75,"(1, 512)","(1, 128)",dp_stress
166,stress_layer_24,Linear,MM,256,512,128,0.0591,0.0264,0.0,"(1, 512)","(1, 128)",dp_stress
166,stress_layer_25,Linear,MM,256,512,128,0.0202,0.1343,0.0,"(1, 512)","(1, 128)",dp_stress
166,stress_layer_26,Linear,MM,256,512,128,0.0168,0.1028,0.0,"(1, 512)","(1, 128)",dp_stress
166,stress_layer_27,Linear,MM,256,512,128,0.0397,0.0453,0.0,"(1, 512)","(1, 128)",dp_stress
166,stress_layer_28,Linear,MM,256,512,128,0.0066,0.1223,0.0,"(1, 512)","(1, 128)",dp_stress
166,stress_layer_29,Linear,MM,256,512,128,0.6952,0.4739,0.75,"(1, 512)","(1, 128)",dp_stress
166,stress_layer_30,Linear,MM,256,512,128,0.0467,0.005,0.0,"(1, 512)","(1, 128)",dp_stress
166,stress_layer_31,Linear,MM,256,512,128,0.0514,0.1344,0.0,"(1, 512)","(1, 128)",dp_stress
166,stress_layer_32,Linear,MM,256,512,128,0.0162,0.1109,0.0,"(1, 512)","(1, 128)",dp_stress
166,stress_layer_33,Linear,MM,256,512,128,0.0776,0.1191,0.0,"(1, 512)","(1, 128)",dp_stress
166,stress_layer_34,Linear,MM,256,512,128,0.0636,0.014,0.0,"(1, 512)","(1, 128)",dp_stress
166,stress_layer_35,Linear,MM,256,512,128,0.5514,0.4939,0.75,"(1, 512)","(1, 128)",dp_stress
166,stress_layer_36,Linear,MM,256,512,128,0.0637,0.0733,0.0,"(1, 512)","(1, 128)",dp_stress
166,stress_layer_37,Linear,MM,256,512,128,0.0211,0.0916,0.0,"(1, 512)","(1, 128)",dp_stress
166,stress_layer_38,Linear,MM,256,512,128,0.0418,0.0084,0.0,"(1, 512)","(1, 128)",dp_stress
166,stress_layer_39,Linear,MM,256,512,128,0.0598,0.0838,0.0,"(1, 512)","(1, 128)",dp_stress
167,stress_layer_0,Linear,MM,256,512,128,0.0605,0.1443,0.0,"(1, 512)","(1, 128)",dp_stress
167,stress_layer_1,Linear,MM,256,512,128,0.0125,0.1311,0.0,"(1, 512)","(1, 128)",dp_stress
167,stress_layer_2,Linear,MM,256,512,128,0.0464,0.132,0.0,"(1, 512)","(1, 128)",dp_stress
167,stress_layer_3,Linear,MM,256,512,128,0.0614,0.0757,0.0,"(1, 512)","(1, 128)",dp_stress
167,stress_layer_4,Linear,MM,256,512,128,0.0956,0.0192,0.0,"(1, 512)","(1, 128)",dp_stress
167,stress_layer_5,Linear,MM,256,512,128,0.5396,0.302,0.75,"(1, 512)","(1, 128)",dp_stress
167,stress_layer_6,Linear,MM,256,512,128,0.0601,0.0731,0.0,"(1, 512)","(1, 128)",dp_stress
167,stress_layer_7,Linear,MM,256,512,128,0.0716,0.0626,0.0,"(1, 512)","(1, 128)",dp_stress
167,stress_layer_8,Linear,MM,256,512,128,0.011,0.0413,0.0,"(1, 512)","(1, 128)",dp_stress
167,stress_layer_9,Linear,MM,256,512,128,0.0615,0.0659,0.0,"(1, 512)","(1, 128)",dp_stress
167,stress_layer_10,Linear,MM,256,512,128,0.0562,0.0855,0.0,"(1, 512)","(1, 128)",dp_stress
167,stress_layer_11,Linear,MM,256,512,128,0.5058,0.3507,0.75,"(1, 512)","(1, 128)",dp_stress
167,stress_layer_12,Linear,MM,256,512,128,0.0907,0.0206,0.0,"(1, 512)","(1, 128)",dp_stress
167,stress_layer_13,Linear,MM,256,512,128,0.0957,0.1139,0.0,"(1, 512)","(1, 128)",dp_stress
167,stress_layer_14,Linear,MM,256,512,128,0.0412,0.0301,0.0,"(1, 512)","(1, 128)",dp_stress
167,stress_layer_15,Linear,MM,256,512,128,0.0546,0.1359,0.0,"(1, 512)","(1, 128)",dp_stress
167,stress_layer_16,Linear,MM,256,512,128,0.0216,0.0727,0.0,"(1, 512)","(1, 128)",dp_stress
167,stress_layer_17,Linear,MM,256,512,128,0.5745,0.4194,0.75,"(1, 512)","(1, 128)",dp_stress
167,stress_layer_18,Linear,MM,256,512,128,0.0538,0.0288,0.0,"(1, 512)","(1, 128)",dp_stress
167,stress_layer_19,Linear,MM,256,512,128,0.0834,0.0625,0.0,"(1, 512)","(1, 128)",dp_stress
167,stress_layer_20,Linear,MM,256,512,128,0.0057,0.0961,0.0,"(1, 512)","(1, 128)",dp_stress
167,stress_layer_21,Linear,MM,256,512,128,0.0046,0.1002,0.0,"(1, 512)","(1, 128)",dp_stress
167,stress_layer_22,Linear,MM,256,512,128,0.0082,0.0108,0.0,"(1, 512)","(1, 128)",dp_stress
167,stress_layer_23,Linear,MM,256,512,128,0.6797,0.4962,0.75,"(1, 512)","(1, 128)",dp_stress
167,stress_layer_24,Linear,MM,256,512,128,0.0956,0.0666,0.0,"(1, 512)","(1, 128)",dp_stress
167,stress_layer_25,Linear,MM,256,512,128,0.0852,0.0961,0.0,"(1, 512)","(1, 128)",dp_stress
167,stress_layer_26,Linear,MM,256,512,128,0.0173,0.0779,0.0,"(1, 512)","(1, 128)",dp_stress
167,stress_layer_27,Linear,MM,256,512,128,0.0558,0.1328,0.0,"(1, 512)","(1, 128)",dp_stress
167,stress_layer_28,Linear,MM,256,512,128,0.0326,0.1005,0.0,"(1, 512)","(1, 128)",dp_stress
167,stress_layer_29,Linear,MM,256,512,128,0.5771,0.4869,0.75,"(1, 512)","(1, 128)",dp_stress
167,stress_layer_30,Linear,MM,256,512,128,0.066,0.1017,0.0,"(1, 512)","(1, 128)",dp_stress
167,stress_layer_31,Linear,MM,256,512,128,0.0377,0.0253,0.0,"(1, 512)","(1, 128)",dp_stress
167,stress_layer_32,Linear,MM,256,512,128,0.0534,0.0683,0.0,"(1, 512)","(1, 128)",dp_stress
167,stress_layer_33,Linear,MM,256,512,128,0.063,0.0123,0.0,"(1, 512)","(1, 128)",dp_stress
167,stress_layer_34,Linear,MM,256,512,128,0.0715,0.1158,0.0,"(1, 512)","(1, 128)",dp_stress
167,stress_layer_35,Linear,MM,256,512,128,0.5222,0.4696,0.75,"(1, 512)","(1, 128)",dp_stress
167,stress_layer_36,Linear,MM,256,512,128,0.0583,0.0654,0.0,"(1, 512)","(1, 128)",dp_stress
167,stress_layer_37,Linear,MM,256,512,128,0.0313,0.1343,0.0,"(1, 512)","(1, 128)",dp_stress
167,stress_layer_38,Linear,MM,256,512,128,0.0028,0.149,0.0,"(1, 512)","(1, 128)",dp_stress
167,stress_layer_39,Linear,MM,256,512,128,0.002,0.0144,0.0,"(1, 512)","(1, 128)",dp_stress
168,stress_layer_0,Linear,MM,256,512,128,0.0101,0.0556,0.0,"(1, 512)","(1, 128)",dp_stress
168,stress_layer_1,Linear,MM,256,512,128,0.0075,0.1201,0.0,"(1, 512)","(1, 128)",dp_stress
168,stress_layer_2,Linear,MM,256,512,128,0.0661,0.1216,0.0,"(1, 512)","(1, 128)",dp_stress
168,stress_layer_3,Linear,MM,256,512,128,0.0119,0.0748,0.0,"(1, 512)","(1, 128)",dp_stress
168,stress_layer_4,Linear,MM,256,512,128,0.0181,0.1403,0.0,"(1, 512)","(1, 128)",dp_stress
168,stress_layer_5,Linear,MM,256,512,128,0.5669,0.3236,0.75,"(1, 512)","(1, 128)",dp_stress
168,stress_layer_6,Linear,MM,256,512,128,0.021,0.1459,0.0,"(1, 512)","(1, 128)",dp_stress
168,stress_layer_7,Linear,MM,256,512,128,0.0914,0.0422,0.0,"(1, 512)","(1, 128)",dp_stress
168,stress_layer_8,Linear,MM,256,512,128,0.0067,0.1062,0.0,"(1, 512)","(1, 128)",dp_stress
168,stress_layer_9,Linear,MM,256,512,128,0.0991,0.1235,0.0,"(1, 512)","(1, 128)",dp_stress
168,stress_layer_10,Linear,MM,256,512,128,0.0083,0.0021,0.0,"(1, 512)","(1, 128)",dp_stress
168,stress_layer_11,Linear,MM,256,512,128,0.6331,0.3337,0.75,"(1, 512)","(1, 128)",dp_stress
168,stress_layer_12,Linear,MM,256,512,128,0.0771,0.1433,0.0,"(1, 512)","(1, 128)",dp_stress
168,stress_layer_13,Linear,MM,256,512,128,0.0795,0.1238,0.0,"(1, 512)","(1, 128)",dp_stress
168,stress_layer_14,Linear,MM,256,512,128,0.0115,0.0258,0.0,"(1, 512)","(1, 128)",dp_stress
168,stress_layer_15,Linear,MM,256,512,128,0.0531,0.0137,0.0,"(1, 512)","(1, 128)",dp_stress
168,stress_layer_16,Linear,MM,256,512,128,0.0967,0.1333,0.0,"(1, 512)","(1, 128)",dp_stress
168,stress_layer_17,Linear,MM,256,512,128,0.6297,0.3323,0.75,"(1, 512)","(1, 128)",dp_stress
168,stress_layer_18,Linear,MM,256,512,128,0.0034,0.1127,0.0,"(1, 512)","(1, 128)",dp_stress
168,stress_layer_19,Linear,MM,256,512,128,0.0829,0.0756,0.0,"(1, 512)","(1, 128)",dp_stress
168,stress_layer_20,Linear,MM,256,512,128,0.0027,0.0728,0.0,"(1, 512)","(1, 128)",dp_stress
168,stress_layer_21,Linear,MM,256,512,128,0.0929,0.0554,0.0,"(1, 512)","(1, 128)",dp_stress
168,stress_layer_22,Linear,MM,256,512,128,0.0788,0.1067,0.0,"(1, 512)","(1, 128)",dp_stress
168,stress_layer_23,Linear,MM,256,512,128,0.5259,0.3987,0.75,"(1, 512)","(1, 128)",dp_stress
168,stress_layer_24,Linear,MM,256,512,128,0.0509,0.0649,0.0,"(1, 512)","(1, 128)",dp_stress
168,stress_layer_25,Linear,MM,256,512,128,0.0876,0.0831,0.0,"(1, 512)","(1, 128)",dp_stress
168,stress_layer_26,Linear,MM,256,512,128,0.0823,0.1415,0.0,"(1, 512)","(1, 128)",dp_stress
168,stress_layer_27,Linear,MM,256,512,128,0.0675,0.1103,0.0,"(1, 512)","(1, 128)",dp_stress
168,stress_layer_28,Linear,MM,256,512,128,0.0739,0.0209,0.0,"(1, 512)","(1, 128)",dp_stress
168,stress_layer_29,Linear,MM,256,512,128,0.6932,0.3998,0.75,"(1, 512)","(1, 128)",dp_stress
168,stress_layer_30,Linear,MM,256,512,128,0.0101,0.0684,0.0,"(1, 512)","(1, 128)",dp_stress
168,stress_layer_31,Linear,MM,256,512,128,0.0444,0.0849,0.0,"(1, 512)","(1, 128)",dp_stress
168,stress_layer_32,Linear,MM,256,512,128,0.0051,0.0701,0.0,"(1, 512)","(1, 128)",dp_stress
168,stress_layer_33,Linear,MM,256,512,128,0.0611,0.1447,0.0,"(1, 512)","(1, 128)",dp_stress
168,stress_layer_34,Linear,MM,256,512,128,0.0315,0.0095,0.0,"(1, 512)","(1, 128)",dp_stress
168,stress_layer_35,Linear,MM,256,512,128,0.5308,0.4133,0.75,"(1, 512)","(1, 128)",dp_stress
168,stress_layer_36,Linear,MM,256,512,128,0.0268,0.0407,0.0,"(1, 512)","(1, 128)",dp_stress
168,stress_layer_37,Linear,MM,256,512,128,0.0321,0.0209,0.0,"(1, 512)","(1, 128)",dp_stress
168,stress_layer_38,Linear,MM,256,512,128,0.0241,0.0987,0.0,"(1, 512)","(1, 128)",dp_stress
168,stress_layer_39,Linear,MM,256,512,128,0.0352,0.1184,0.0,"(1, 512)","(1, 128)",dp_stress
169,stress_layer_0,Linear,MM,256,512,128,0.0667,0.0221,0.0,"(1, 512)","(1, 128)",dp_stress
169,stress_layer_1,Linear,MM,256,512,128,0.0585,0.0941,0.0,"(1, 512)","(1, 128)",dp_stress
169,stress_layer_2,Linear,MM,256,512,128,0.019,0.021,0.0,"(1, 512)","(1, 128)",dp_stress
169,stress_layer_3,Linear,MM,256,512,128,0.0188,0.012,0.0,"(1, 512)","(1, 128)",dp_stress
169,stress_layer_4,Linear,MM,256,512,128,0.0694,0.1477,0.0,"(1, 512)","(1, 128)",dp_stress
169,stress_layer_5,Linear,MM,256,512,128,0.5993,0.396,0.75,"(1, 512)","(1, 128)",dp_stress
169,stress_layer_6,Linear,MM,256,512,128,0.0555,0.0509,0.0,"(1, 512)","(1, 128)",dp_stress
169,stress_layer_7,Linear,MM,256,512,128,0.0008,0.1354,0.0,"(1, 512)","(1, 128)",dp_stress
169,stress_layer_8,Linear,MM,256,512,128,0.0422,0.0156,0.0,"(1, 512)","(1, 128)",dp_stress
169,stress_layer_9,Linear,MM,256,512,128,0.0482,0.1022,0.0,"(1, 512)","(1, 128)",dp_stress
169,stress_layer_10,Linear,MM,256,512,128,0.071,0.149,0.0,"(1, 512)","(1, 128)",dp_stress
169,stress_layer_11,Linear,MM,256,512,128,0.504,0.3509,0.75,"(1, 512)","(1, 128)",dp_stress
169,stress_layer_12,Linear,MM,256,512,128,0.0576,0.024,0.0,"(1, 512)","(1, 128)",dp_stress
169,stress_layer_13,Linear,MM,256,512,128,0.0498,0.0743,0.0,"(1, 512)","(1, 128)",dp_stress
169,stress_layer_14,Linear,MM,256,512,128,0.0483,0.0329,0.0,"(1, 512)","(1, 128)",dp_stress
169,stress_layer_15,Linear,MM,256,512,128,0.0055,0.0852,0.0,"(1, 512)","(1, 128)",dp_stress
169,stress_layer_16,Linear,MM,256,512,128,0.0071,0.0447,0.0,"(1, 512)","(1, 128)",dp_stress
169,stress_layer_17,Linear,MM,256,512,128,0.5071,0.3438,0.75,"(1, 512)","(1, 128)",dp_stress
169,stress_layer_18,Linear,MM,256,512,128,0.0302,0.0932,0.0,"(1, 512)","(1, 128)",dp_stress
169,stress_layer_19,Linear,MM,256,512,128,0.0837,0.0816,0.0,"(1, 512)","(1, 128)",dp_stress
169,stress_layer_20,Linear,MM,256,512,128,0.0933,0.042,0.0,"(1, 512)","(1, 128)",dp_stress
169,stress_layer_21,Linear,MM,256,512,128,0.0293,0.0347,0.0,"(1, 512)","(1, 128)",dp_stress
169,stress_layer_22,Linear,MM,256,512,128,0.0197,0.1037,0.0,"(1, 512)","(1, 128)",dp_stress
169,stress_layer_23,Linear,MM,256,512,128,0.6541,0.3343,0.75,"(1, 512)","(1, 128)",dp_stress
169,stress_layer_24,Linear,MM,256,512,128,0.0906,0.0184,0.0,"(1, 512)","(1, 128)",dp_stress
169,stress_layer_25,Linear,MM,256,512,128,0.0793,0.1484,0.0,"(1, 512)","(1, 128)",dp_stress
169,stress_layer_26,Linear,MM,256,512,128,0.0801,0.0637,0.0,"(1, 512)","(1, 128)",dp_stress
169,stress_layer_27,Linear,MM,256,512,128,0.0689,0.0141,0.0,"(1, 512)","(1, 128)",dp_stress
169,stress_layer_28,Linear,MM,256,512,128,0.0705,0.0337,0.0,"(1, 512)","(1, 128)",dp_stress
169,stress_layer_29,Linear,MM,256,512,128,0.601,0.3607,0.75,"(1, 512)","(1, 128)",dp_stress
169,stress_layer_30,Linear,MM,256,512,128,0.0958,0.0325,0.0,"(1, 512)","(1, 128)",dp_stress
169,stress_layer_31,Linear,MM,256,512,128,0.0868,0.0162,0.0,"(1, 512)","(1, 128)",dp_stress
169,stress_layer_32,Linear,MM,256,512,128,0.0553,0.1121,0.0,"(1, 512)","(1, 128)",dp_stress
169,stress_layer_33,Linear,MM,256,512,128,0.0474,0.0484,0.0,"(1, 512)","(1, 128)",dp_stress
169,stress_layer_34,Linear,MM,256,512,128,0.0681,0.0307,0.0,"(1, 512)","(1, 128)",dp_stress
169,stress_layer_35,Linear,MM,256,512,128,0.5122,0.4269,0.75,"(1, 512)","(1, 128)",dp_stress
169,stress_layer_36,Linear,MM,256,512,128,0.0384,0.0472,0.0,"(1, 512)","(1, 128)",dp_stress
169,stress_layer_37,Linear,MM,256,512,128,0.0801,0.0546,0.0,"(1, 512)","(1, 128)",dp_stress
169,stress_layer_38,Linear,MM,256,512,128,0.089,0.0063,0.0,"(1, 512)","(1, 128)",dp_stress
169,stress_layer_39,Linear,MM,256,512,128,0.0509,0.0925,0.0,"(1, 512)","(1, 128)",dp_stress
170,stress_layer_0,Linear,MM,256,512,128,0.0248,0.0763,0.0,"(1, 512)","(1, 128)",dp_stress
170,stress_layer_1,Linear,MM,256,512,128,0.0222,0.0598,0.0,"(1, 512)","(1, 128)",dp_stress
170,stress_layer_2,Linear,MM,256,512,128,0.0698,0.0538,0.0,"(1, 512)","(1, 128)",dp_stress
170,stress_layer_3,Linear,MM,256,512,128,0.0588,0.0721,0.0,"(1, 512)","(1, 128)",dp_stress
170,stress_layer_4,Linear,MM,256,512,128,0.0817,0.0473,0.0,"(1, 512)","(1, 128)",dp_stress
170,stress_layer_5,Linear,MM,256,512,128,0.6393,0.4485,0.75,"(1, 512)","(1, 128)",dp_stress
170,stress_layer_6,Linear,MM,256,512,128,0.056,0.0616,0.0,"(1, 512)","(1, 128)",dp_stress
170,stress_layer_7,Linear,MM,256,512,128,0.0779,0.0144,0.0,"(1, 512)","(1, 128)",dp_stress
170,stress_layer_8,Linear,MM,256,512,128,0.0839,0.0646,0.0,"(1, 512)","(1, 128)",dp_stress
170,stress_layer_9,Linear,MM,256,512,128,0.0179,0.015,0.0,"(1, 512)","(1, 128)",dp_stress
170,stress_layer_10,Linear,MM,256,512,128,0.0169,0.1221,0.0,"(1, 512)","(1, 128)",dp_stress
170,stress_layer_11,Linear,MM,256,512,128,0.6818,0.324,0.75,"(1, 512)","(1, 128)",dp_stress
170,stress_layer_12,Linear,MM,256,512,128,0.0961,0.0912,0.0,"(1, 512)","(1, 128)",dp_stress
170,stress_layer_13,Linear,MM,256,512,128,0.0848,0.1207,0.0,"(1, 512)","(1, 128)",dp_stress
170,stress_layer_14,Linear,MM,256,512,128,0.0567,0.1443,0.0,"(1, 512)","(1, 128)",dp_stress
170,stress_layer_15,Linear,MM,256,512,128,0.0274,0.0933,0.0,"(1, 512)","(1, 128)",dp_stress
170,stress_layer_16,Linear,MM,256,512,128,0.0299,0.1227,0.0,"(1, 512)","(1, 128)",dp_stress
170,stress_layer_17,Linear,MM,256,512,128,0.6169,0.4189,0.75,"(1, 512)","(1, 128)",dp_stress
170,stress_layer_18,Linear,MM,256,512,128,0.0033,0.0044,0.0,"(1, 512)","(1, 128)",dp_stress
170,stress_layer_19,Linear,MM,256,512,128,0.0409,0.0915,0.0,"(1, 512)","(1, 128)",dp_stress
170,stress_layer_20,Linear,MM,256,512,128,0.052,0.0431,0.0,"(1, 512)","(1, 128)",dp_stress
170,stress_layer_21,Linear,MM,256,512,128,0.0236,0.1098,0.0,"(1, 512)","(1, 128)",dp_stress
170,stress_layer_22,Linear,MM,256,512,128,0.0917,0.1045,0.0,"(1, 512)","(1, 128)",dp_stress
170,stress_layer_23,Linear,MM,256,512,128,0.681,0.4618,0.75,"(1, 512)","(1, 128)",dp_stress
170,stress_layer_24,Linear,MM,256,512,128,0.0597,0.0641,0.0,"(1, 512)","(1, 128)",dp_stress
170,stress_layer_25,Linear,MM,256,512,128,0.0636,0.0448,0.0,"(1, 512)","(1, 128)",dp_stress
170,stress_layer_26,Linear,MM,256,512,128,0.0703,0.0072,0.0,"(1, 512)","(1, 128)",dp_stress
170,stress_layer_27,Linear,MM,256,512,128,0.0935,0.1405,0.0,"(1, 512)","(1, 128)",dp_stress
170,stress_layer_28,Linear,MM,256,512,128,0.0682,0.0357,0.0,"(1, 512)","(1, 128)",dp_stress
170,stress_layer_29,Linear,MM,256,512,128,0.548,0.3984,0.75,"(1, 512)","(1, 128)",dp_stress
170,stress_layer_30,Linear,MM,256,512,128,0.0133,0.0143,0.0,"(1, 512)","(1, 128)",dp_stress
170,stress_layer_31,Linear,MM,256,512,128,0.0031,0.0776,0.0,"(1, 512)","(1, 128)",dp_stress
170,stress_layer_32,Linear,MM,256,512,128,0.0915,0.1119,0.0,"(1, 512)","(1, 128)",dp_stress
170,stress_layer_33,Linear,MM,256,512,128,0.0021,0.0701,0.0,"(1, 512)","(1, 128)",dp_stress
170,stress_layer_34,Linear,MM,256,512,128,0.0585,0.1124,0.0,"(1, 512)","(1, 128)",dp_stress
170,stress_layer_35,Linear,MM,256,512,128,0.5318,0.4445,0.75,"(1, 512)","(1, 128)",dp_stress
170,stress_layer_36,Linear,MM,256,512,128,0.006,0.0359,0.0,"(1, 512)","(1, 128)",dp_stress
170,stress_layer_37,Linear,MM,256,512,128,0.0837,0.0078,0.0,"(1, 512)","(1, 128)",dp_stress
170,stress_layer_38,Linear,MM,256,512,128,0.0554,0.1146,0.0,"(1, 512)","(1, 128)",dp_stress
170,stress_layer_39,Linear,MM,256,512,128,0.0759,0.0458,0.0,"(1, 512)","(1, 128)",dp_stress
171,stress_layer_0,Linear,MM,256,512,128,0.0748,0.0736,0.0,"(1, 512)","(1, 128)",dp_stress
171,stress_layer_1,Linear,MM,256,512,128,0.0098,0.0661,0.0,"(1, 512)","(1, 128)",dp_stress
171,stress_layer_2,Linear,MM,256,512,128,0.0102,0.1008,0.0,"(1, 512)","(1, 128)",dp_stress
171,stress_layer_3,Linear,MM,256,512,128,0.047,0.1415,0.0,"(1, 512)","(1, 128)",dp_stress
171,stress_layer_4,Linear,MM,256,512,128,0.0739,0.1236,0.0,"(1, 512)","(1, 128)",dp_stress
171,stress_layer_5,Linear,MM,256,512,128,0.5169,0.434,0.75,"(1, 512)","(1, 128)",dp_stress
171,stress_layer_6,Linear,MM,256,512,128,0.0836,0.0793,0.0,"(1, 512)","(1, 128)",dp_stress
171,stress_layer_7,Linear,MM,256,512,128,0.0271,0.0047,0.0,"(1, 512)","(1, 128)",dp_stress
171,stress_layer_8,Linear,MM,256,512,128,0.0733,0.0568,0.0,"(1, 512)","(1, 128)",dp_stress
171,stress_layer_9,Linear,MM,256,512,128,0.0734,0.1489,0.0,"(1, 512)","(1, 128)",dp_stress
171,stress_layer_10,Linear,MM,256,512,128,0.0838,0.111,0.0,"(1, 512)","(1, 128)",dp_stress
171,stress_layer_11,Linear,MM,256,512,128,0.6961,0.3947,0.75,"(1, 512)","(1, 128)",dp_stress
171,stress_layer_12,Linear,MM,256,512,128,0.0098,0.1417,0.0,"(1, 512)","(1, 128)",dp_stress
171,stress_layer_13,Linear,MM,256,512,128,0.0156,0.1166,0.0,"(1, 512)","(1, 128)",dp_stress
171,stress_layer_14,Linear,MM,256,512,128,0.0685,0.0492,0.0,"(1, 512)","(1, 128)",dp_stress
171,stress_layer_15,Linear,MM,256,512,128,0.0908,0.0555,0.0,"(1, 512)","(1, 128)",dp_stress
171,stress_layer_16,Linear,MM,256,512,128,0.0881,0.1013,0.0,"(1, 512)","(1, 128)",dp_stress
171,stress_layer_17,Linear,MM,256,512,128,0.5034,0.4509,0.75,"(1, 512)","(1, 128)",dp_stress
171,stress_layer_18,Linear,MM,256,512,128,0.0477,0.1335,0.0,"(1, 512)","(1, 128)",dp_stress
171,stress_layer_19,Linear,MM,256,512,128,0.0885,0.0216,0.0,"(1, 512)","(1, 128)",dp_stress
171,stress_layer_20,Linear,MM,256,512,128,0.0234,0.036,0.0,"(1, 512)","(1, 128)",dp_stress
171,stress_layer_21,Linear,MM,256,512,128,0.0587,0.1005,0.0,"(1, 512)","(1, 128)",dp_stress
171,stress_layer_22,Linear,MM,256,512,128,0.0438,0.0122,0.0,"(1, 512)","(1, 128)",dp_stress
171,stress_layer_23,Linear,MM,256,512,128,0.5933,0.4486,0.75,"(1, 512)","(1, 128)",dp_stress
171,stress_layer_24,Linear,MM,256,512,128,0.0304,0.0344,0.0,"(1, 512)","(1, 128)",dp_stress
171,stress_layer_25,Linear,MM,256,512,128,0.0022,0.1381,0.0,"(1, 512)","(1, 128)",dp_stress
171,stress_layer_26,Linear,MM,256,512,128,0.0057,0.1022,0.0,"(1, 512)","(1, 128)",dp_stress
171,stress_layer_27,Linear,MM,256,512,128,0.0136,0.0413,0.0,"(1, 512)","(1, 128)",dp_stress
171,stress_layer_28,Linear,MM,256,512,128,0.0509,0.0824,0.0,"(1, 512)","(1, 128)",dp_stress
171,stress_layer_29,Linear,MM,256,512,128,0.6433,0.354,0.75,"(1, 512)","(1, 128)",dp_stress
171,stress_layer_30,Linear,MM,256,512,128,0.0603,0.0228,0.0,"(1, 512)","(1, 128)",dp_stress
171,stress_layer_31,Linear,MM,256,512,128,0.0317,0.0454,0.0,"(1, 512)","(1, 128)",dp_stress
171,stress_layer_32,Linear,MM,256,512,128,0.0571,0.1364,0.0,"(1, 512)","(1, 128)",dp_stress
171,stress_layer_33,Linear,MM,256,512,128,0.0634,0.0877,0.0,"(1, 512)","(1, 128)",dp_stress
171,stress_layer_34,Linear,MM,256,512,128,0.0625,0.0276,0.0,"(1, 512)","(1, 128)",dp_stress
171,stress_layer_35,Linear,MM,256,512,128,0.5325,0.4462,0.75,"(1, 512)","(1, 128)",dp_stress
171,stress_layer_36,Linear,MM,256,512,128,0.06,0.0354,0.0,"(1, 512)","(1, 128)",dp_stress
171,stress_layer_37,Linear,MM,256,512,128,0.0584,0.1484,0.0,"(1, 512)","(1, 128)",dp_stress
171,stress_layer_38,Linear,MM,256,512,128,0.0569,0.071,0.0,"(1, 512)","(1, 128)",dp_stress
171,stress_layer_39,Linear,MM,256,512,128,0.0236,0.0622,0.0,"(1, 512)","(1, 128)",dp_stress
172,stress_layer_0,Linear,MM,256,512,128,0.0109,0.039,0.0,"(1, 512)","(1, 128)",dp_stress
172,stress_layer_1,Linear,MM,256,512,128,0.0315,0.0431,0.0,"(1, 512)","(1, 128)",dp_stress
172,stress_layer_2,Linear,MM,256,512,128,0.0083,0.122,0.0,"(1, 512)","(1, 128)",dp_stress
172,stress_layer_3,Linear,MM,256,512,128,0.0265,0.1365,0.0,"(1, 512)","(1, 128)",dp_stress
172,stress_layer_4,Linear,MM,256,512,128,0.0059,0.0962,0.0,"(1, 512)","(1, 128)",dp_stress
172,stress_layer_5,Linear,MM,256,512,128,0.6845,0.432,0.75,"(1, 512)","(1, 128)",dp_stress
172,stress_layer_6,Linear,MM,256,512,128,0.0648,0.0498,0.0,"(1, 512)","(1, 128)",dp_stress
172,stress_layer_7,Linear,MM,256,512,128,0.0269,0.1187,0.0,"(1, 512)","(1, 128)",dp_stress
172,stress_layer_8,Linear,MM,256,512,128,0.0614,0.0368,0.0,"(1, 512)","(1, 128)",dp_stress
172,stress_layer_9,Linear,MM,256,512,128,0.0141,0.0854,0.0,"(1, 512)","(1, 128)",dp_stress
172,stress_layer_10,Linear,MM,256,512,128,0.0361,0.0318,0.0,"(1, 512)","(1, 128)",dp_stress
172,stress_layer_11,Linear,MM,256,512,128,0.6709,0.4344,0.75,"(1, 512)","(1, 128)",dp_stress
172,stress_layer_12,Linear,MM,256,512,128,0.0611,0.0079,0.0,"(1, 512)","(1, 128)",dp_stress
172,stress_layer_13,Linear,MM,256,512,128,0.005,0.0063,0.0,"(1, 512)","(1, 128)",dp_stress
172,stress_layer_14,Linear,MM,256,512,128,0.0193,0.0775,0.0,"(1, 512)","(1, 128)",dp_stress
172,stress_layer_15,Linear,MM,256,512,128,0.0922,0.0284,0.0,"(1, 512)","(1, 128)",dp_stress
172,stress_layer_16,Linear,MM,256,512,128,0.0953,0.0477,0.0,"(1, 512)","(1, 128)",dp_stress
172,stress_layer_17,Linear,MM,256,512,128,0.6504,0.4804,0.75,"(1, 512)","(1, 128)",dp_stress
172,stress_layer_18,Linear,MM,256,512,128,0.0348,0.1407,0.0,"(1, 512)","(1, 128)",dp_stress
172,stress_layer_19,Linear,MM,256,512,128,0.0973,0.0765,0.0,"(1, 512)","(1, 128)",dp_stress
172,stress_layer_20,Linear,MM,256,512,128,0.0198,0.0781,0.0,"(1, 512)","(1, 128)",dp_stress
172,stress_layer_21,Linear,MM,256,512,128,0.0875,0.0806,0.0,"(1, 512)","(1, 128)",dp_stress
172,stress_layer_22,Linear,MM,256,512,128,0.0336,0.1268,0.0,"(1, 512)","(1, 128)",dp_stress
172,stress_layer_23,Linear,MM,256,512,128,0.6377,0.4412,0.75,"(1, 512)","(1, 128)",dp_stress
172,stress_layer_24,Linear,MM,256,512,128,0.0826,0.032,0.0,"(1, 512)","(1, 128)",dp_stress
172,stress_layer_25,Linear,MM,256,512,128,0.0373,0.1106,0.0,"(1, 512)","(1, 128)",dp_stress
172,stress_layer_26,Linear,MM,256,512,128,0.0612,0.1042,0.0,"(1, 512)","(1, 128)",dp_stress
172,stress_layer_27,Linear,MM,256,512,128,0.05,0.1009,0.0,"(1, 512)","(1, 128)",dp_stress
172,stress_layer_28,Linear,MM,256,512,128,0.012,0.0899,0.0,"(1, 512)","(1, 128)",dp_stress
172,stress_layer_29,Linear,MM,256,512,128,0.6797,0.4706,0.75,"(1, 512)","(1, 128)",dp_stress
172,stress_layer_30,Linear,MM,256,512,128,0.0069,0.1099,0.0,"(1, 512)","(1, 128)",dp_stress
172,stress_layer_31,Linear,MM,256,512,128,0.082,0.0219,0.0,"(1, 512)","(1, 128)",dp_stress
172,stress_layer_32,Linear,MM,256,512,128,0.0612,0.109,0.0,"(1, 512)","(1, 128)",dp_stress
172,stress_layer_33,Linear,MM,256,512,128,0.0918,0.0707,0.0,"(1, 512)","(1, 128)",dp_stress
172,stress_layer_34,Linear,MM,256,512,128,0.0599,0.0576,0.0,"(1, 512)","(1, 128)",dp_stress
172,stress_layer_35,Linear,MM,256,512,128,0.6299,0.4338,0.75,"(1, 512)","(1, 128)",dp_stress
172,stress_layer_36,Linear,MM,256,512,128,0.0284,0.0194,0.0,"(1, 512)","(1, 128)",dp_stress
172,stress_layer_37,Linear,MM,256,512,128,0.0745,0.0194,0.0,"(1, 512)","(1, 128)",dp_stress
172,stress_layer_38,Linear,MM,256,512,128,0.0884,0.0054,0.0,"(1, 512)","(1, 128)",dp_stress
172,stress_layer_39,Linear,MM,256,512,128,0.0931,0.0972,0.0,"(1, 512)","(1, 128)",dp_stress
173,stress_layer_0,Linear,MM,256,512,128,0.0181,0.0352,0.0,"(1, 512)","(1, 128)",dp_stress
173,stress_layer_1,Linear,MM,256,512,128,0.0136,0.1303,0.0,"(1, 512)","(1, 128)",dp_stress
173,stress_layer_2,Linear,MM,256,512,128,0.014,0.141,0.0,"(1, 512)","(1, 128)",dp_stress
173,stress_layer_3,Linear,MM,256,512,128,0.0615,0.0359,0.0,"(1, 512)","(1, 128)",dp_stress
173,stress_layer_4,Linear,MM,256,512,128,0.0144,0.0282,0.0,"(1, 512)","(1, 128)",dp_stress
173,stress_layer_5,Linear,MM,256,512,128,0.6315,0.3387,0.75,"(1, 512)","(1, 128)",dp_stress
173,stress_layer_6,Linear,MM,256,512,128,0.0433,0.0463,0.0,"(1, 512)","(1, 128)",dp_stress
173,stress_layer_7,Linear,MM,256,512,128,0.0736,0.0433,0.0,"(1, 512)","(1, 128)",dp_stress
173,stress_layer_8,Linear,MM,256,512,128,0.0638,0.1217,0.0,"(1, 512)","(1, 128)",dp_stress
173,stress_layer_9,Linear,MM,256,512,128,0.0383,0.053,0.0,"(1, 512)","(1, 128)",dp_stress
173,stress_layer_10,Linear,MM,256,512,128,0.0774,0.1074,0.0,"(1, 512)","(1, 128)",dp_stress
173,stress_layer_11,Linear,MM,256,512,128,0.5827,0.4109,0.75,"(1, 512)","(1, 128)",dp_stress
173,stress_layer_12,Linear,MM,256,512,128,0.0638,0.1062,0.0,"(1, 512)","(1, 128)",dp_stress
173,stress_layer_13,Linear,MM,256,512,128,0.0396,0.1025,0.0,"(1, 512)","(1, 128)",dp_stress
173,stress_layer_14,Linear,MM,256,512,128,0.0558,0.0168,0.0,"(1, 512)","(1, 128)",dp_stress
173,stress_layer_15,Linear,MM,256,512,128,0.0377,0.1352,0.0,"(1, 512)","(1, 128)",dp_stress
173,stress_layer_16,Linear,MM,256,512,128,0.0588,0.0741,0.0,"(1, 512)","(1, 128)",dp_stress
173,stress_layer_17,Linear,MM,256,512,128,0.6396,0.3222,0.75,"(1, 512)","(1, 128)",dp_stress
173,stress_layer_18,Linear,MM,256,512,128,0.0116,0.0357,0.0,"(1, 512)","(1, 128)",dp_stress
173,stress_layer_19,Linear,MM,256,512,128,0.0658,0.1176,0.0,"(1, 512)","(1, 128)",dp_stress
173,stress_layer_20,Linear,MM,256,512,128,0.0458,0.0213,0.0,"(1, 512)","(1, 128)",dp_stress
173,stress_layer_21,Linear,MM,256,512,128,0.0079,0.0331,0.0,"(1, 512)","(1, 128)",dp_stress
173,stress_layer_22,Linear,MM,256,512,128,0.0003,0.0878,0.0,"(1, 512)","(1, 128)",dp_stress
173,stress_layer_23,Linear,MM,256,512,128,0.6103,0.3548,0.75,"(1, 512)","(1, 128)",dp_stress
173,stress_layer_24,Linear,MM,256,512,128,0.0984,0.0549,0.0,"(1, 512)","(1, 128)",dp_stress
173,stress_layer_25,Linear,MM,256,512,128,0.0759,0.1416,0.0,"(1, 512)","(1, 128)",dp_stress
173,stress_layer_26,Linear,MM,256,512,128,0.0255,0.1327,0.0,"(1, 512)","(1, 128)",dp_stress
173,stress_layer_27,Linear,MM,256,512,128,0.0136,0.1464,0.0,"(1, 512)","(1, 128)",dp_stress
173,stress_layer_28,Linear,MM,256,512,128,0.0594,0.0623,0.0,"(1, 512)","(1, 128)",dp_stress
173,stress_layer_29,Linear,MM,256,512,128,0.5759,0.4083,0.75,"(1, 512)","(1, 128)",dp_stress
173,stress_layer_30,Linear,MM,256,512,128,0.0908,0.0137,0.0,"(1, 512)","(1, 128)",dp_stress
173,stress_layer_31,Linear,MM,256,512,128,0.0994,0.0936,0.0,"(1, 512)","(1, 128)",dp_stress
173,stress_layer_32,Linear,MM,256,512,128,0.0779,0.0087,0.0,"(1, 512)","(1, 128)",dp_stress
173,stress_layer_33,Linear,MM,256,512,128,0.021,0.0887,0.0,"(1, 512)","(1, 128)",dp_stress
173,stress_layer_34,Linear,MM,256,512,128,0.0094,0.132,0.0,"(1, 512)","(1, 128)",dp_stress
173,stress_layer_35,Linear,MM,256,512,128,0.5271,0.4821,0.75,"(1, 512)","(1, 128)",dp_stress
173,stress_layer_36,Linear,MM,256,512,128,0.0331,0.0997,0.0,"(1, 512)","(1, 128)",dp_stress
173,stress_layer_37,Linear,MM,256,512,128,0.0648,0.0914,0.0,"(1, 512)","(1, 128)",dp_stress
173,stress_layer_38,Linear,MM,256,512,128,0.0819,0.021,0.0,"(1, 512)","(1, 128)",dp_stress
173,stress_layer_39,Linear,MM,256,512,128,0.0643,0.1182,0.0,"(1, 512)","(1, 128)",dp_stress
174,stress_layer_0,Linear,MM,256,512,128,0.0142,0.0845,0.0,"(1, 512)","(1, 128)",dp_stress
174,stress_layer_1,Linear,MM,256,512,128,0.0447,0.0503,0.0,"(1, 512)","(1, 128)",dp_stress
174,stress_layer_2,Linear,MM,256,512,128,0.0768,0.042,0.0,"(1, 512)","(1, 128)",dp_stress
174,stress_layer_3,Linear,MM,256,512,128,0.0132,0.01,0.0,"(1, 512)","(1, 128)",dp_stress
174,stress_layer_4,Linear,MM,256,512,128,0.0182,0.1336,0.0,"(1, 512)","(1, 128)",dp_stress
174,stress_layer_5,Linear,MM,256,512,128,0.5668,0.3153,0.75,"(1, 512)","(1, 128)",dp_stress
174,stress_layer_6,Linear,MM,256,512,128,0.0574,0.071,0.0,"(1, 512)","(1, 128)",dp_stress
174,stress_layer_7,Linear,MM,256,512,128,0.0948,0.0798,0.0,"(1, 512)","(1, 128)",dp_stress
174,stress_layer_8,Linear,MM,256,512,128,0.044,0.0817,0.0,"(1, 512)","(1, 128)",dp_stress
174,stress_layer_9,Linear,MM,256,512,128,0.0756,0.0865,0.0,"(1, 512)","(1, 128)",dp_stress
174,stress_layer_10,Linear,MM,256,512,128,0.0097,0.1392,0.0,"(1, 512)","(1, 128)",dp_stress
174,stress_layer_11,Linear,MM,256,512,128,0.6457,0.4572,0.75,"(1, 512)","(1, 128)",dp_stress
174,stress_layer_12,Linear,MM,256,512,128,0.0632,0.0085,0.0,"(1, 512)","(1, 128)",dp_stress
174,stress_layer_13,Linear,MM,256,512,128,0.094,0.1062,0.0,"(1, 512)","(1, 128)",dp_stress
174,stress_layer_14,Linear,MM,256,512,128,0.0469,0.0304,0.0,"(1, 512)","(1, 128)",dp_stress
174,stress_layer_15,Linear,MM,256,512,128,0.0056,0.0388,0.0,"(1, 512)","(1, 128)",dp_stress
174,stress_layer_16,Linear,MM,256,512,128,0.0415,0.1382,0.0,"(1, 512)","(1, 128)",dp_stress
174,stress_layer_17,Linear,MM,256,512,128,0.561,0.3056,0.75,"(1, 512)","(1, 128)",dp_stress
174,stress_layer_18,Linear,MM,256,512,128,0.0852,0.0089,0.0,"(1, 512)","(1, 128)",dp_stress
174,stress_layer_19,Linear,MM,256,512,128,0.0732,0.1019,0.0,"(1, 512)","(1, 128)",dp_stress
174,stress_layer_20,Linear,MM,256,512,128,0.0125,0.0019,0.0,"(1, 512)","(1, 128)",dp_stress
174,stress_layer_21,Linear,MM,256,512,128,0.0055,0.0779,0.0,"(1, 512)","(1, 128)",dp_stress
174,stress_layer_22,Linear,MM,256,512,128,0.0883,0.001,0.0,"(1, 512)","(1, 128)",dp_stress
174,stress_layer_23,Linear,MM,256,512,128,0.5916,0.3208,0.75,"(1, 512)","(1, 128)",dp_stress
174,stress_layer_24,Linear,MM,256,512,128,0.082,0.1456,0.0,"(1, 512)","(1, 128)",dp_stress
174,stress_layer_25,Linear,MM,256,512,128,0.0982,0.0881,0.0,"(1, 512)","(1, 128)",dp_stress
174,stress_layer_26,Linear,MM,256,512,128,0.0968,0.1391,0.0,"(1, 512)","(1, 128)",dp_stress
174,stress_layer_27,Linear,MM,256,512,128,0.015,0.1,0.0,"(1, 512)","(1, 128)",dp_stress
174,stress_layer_28,Linear,MM,256,512,128,0.0354,0.1001,0.0,"(1, 512)","(1, 128)",dp_stress
174,stress_layer_29,Linear,MM,256,512,128,0.6239,0.4324,0.75,"(1, 512)","(1, 128)",dp_stress
174,stress_layer_30,Linear,MM,256,512,128,0.0648,0.1417,0.0,"(1, 512)","(1, 128)",dp_stress
174,stress_layer_31,Linear,MM,256,512,128,0.0316,0.0867,0.0,"(1, 512)","(1, 128)",dp_stress
174,stress_layer_32,Linear,MM,256,512,128,0.0849,0.0859,0.0,"(1, 512)","(1, 128)",dp_stress
174,stress_layer_33,Linear,MM,256,512,128,0.0202,0.032,0.0,"(1, 512)","(1, 128)",dp_stress
174,stress_layer_34,Linear,MM,256,512,128,0.0407,0.0911,0.0,"(1, 512)","(1, 128)",dp_stress
174,stress_layer_35,Linear,MM,256,512,128,0.658,0.3876,0.75,"(1, 512)","(1, 128)",dp_stress
174,stress_layer_36,Linear,MM,256,512,128,0.0934,0.0768,0.0,"(1, 512)","(1, 128)",dp_stress
174,stress_layer_37,Linear,MM,256,512,128,0.0902,0.0075,0.0,"(1, 512)","(1, 128)",dp_stress
174,stress_layer_38,Linear,MM,256,512,128,0.0698,0.1439,0.0,"(1, 512)","(1, 128)",dp_stress
174,stress_layer_39,Linear,MM,256,512,128,0.0754,0.0711,0.0,"(1, 512)","(1, 128)",dp_stress
175,stress_layer_0,Linear,MM,256,512,128,0.0395,0.0503,0.0,"(1, 512)","(1, 128)",dp_stress
175,stress_layer_1,Linear,MM,256,512,128,0.0668,0.0904,0.0,"(1, 512)","(1, 128)",dp_stress
175,stress_layer_2,Linear,MM,256,512,128,0.0766,0.0955,0.0,"(1, 512)","(1, 128)",dp_stress
175,stress_layer_3,Linear,MM,256,512,128,0.0177,0.0372,0.0,"(1, 512)","(1, 128)",dp_stress
175,stress_layer_4,Linear,MM,256,512,128,0.045,0.0663,0.0,"(1, 512)","(1, 128)",dp_stress
175,stress_layer_5,Linear,MM,256,512,128,0.509,0.4163,0.75,"(1, 512)","(1, 128)",dp_stress
175,stress_layer_6,Linear,MM,256,512,128,0.0019,0.0221,0.0,"(1, 512)","(1, 128)",dp_stress
175,stress_layer_7,Linear,MM,256,512,128,0.0078,0.0773,0.0,"(1, 512)","(1, 128)",dp_stress
175,stress_layer_8,Linear,MM,256,512,128,0.0588,0.111,0.0,"(1, 512)","(1, 128)",dp_stress
175,stress_layer_9,Linear,MM,256,512,128,0.0652,0.1467,0.0,"(1, 512)","(1, 128)",dp_stress
175,stress_layer_10,Linear,MM,256,512,128,0.0135,0.0101,0.0,"(1, 512)","(1, 128)",dp_stress
175,stress_layer_11,Linear,MM,256,512,128,0.5864,0.3121,0.75,"(1, 512)","(1, 128)",dp_stress
175,stress_layer_12,Linear,MM,256,512,128,0.0157,0.1234,0.0,"(1, 512)","(1, 128)",dp_stress
175,stress_layer_13,Linear,MM,256,512,128,0.0435,0.0826,0.0,"(1, 512)","(1, 128)",dp_stress
175,stress_layer_14,Linear,MM,256,512,128,0.0389,0.0832,0.0,"(1, 512)","(1, 128)",dp_stress
175,stress_layer_15,Linear,MM,256,512,128,0.0436,0.0105,0.0,"(1, 512)","(1, 128)",dp_stress
175,stress_layer_16,Linear,MM,256,512,128,0.0253,0.0268,0.0,"(1, 512)","(1, 128)",dp_stress
175,stress_layer_17,Linear,MM,256,512,128,0.6811,0.3704,0.75,"(1, 512)","(1, 128)",dp_stress
175,stress_layer_18,Linear,MM,256,512,128,0.0617,0.0834,0.0,"(1, 512)","(1, 128)",dp_stress
175,stress_layer_19,Linear,MM,256,512,128,0.0629,0.0921,0.0,"(1, 512)","(1, 128)",dp_stress
175,stress_layer_20,Linear,MM,256,512,128,0.0433,0.1292,0.0,"(1, 512)","(1, 128)",dp_stress
175,stress_layer_21,Linear,MM,256,512,128,0.096,0.0169,0.0,"(1, 512)","(1, 128)",dp_stress
175,stress_layer_22,Linear,MM,256,512,128,0.0439,0.0595,0.0,"(1, 512)","(1, 128)",dp_stress
175,stress_layer_23,Linear,MM,256,512,128,0.6774,0.3608,0.75,"(1, 512)","(1, 128)",dp_stress
175,stress_layer_24,Linear,MM,256,512,128,0.0617,0.0037,0.0,"(1, 512)","(1, 128)",dp_stress
175,stress_layer_25,Linear,MM,256,512,128,0.0876,0.1158,0.0,"(1, 512)","(1, 128)",dp_stress
175,stress_layer_26,Linear,MM,256,512,128,0.0998,0.0531,0.0,"(1, 512)","(1, 128)",dp_stress
175,stress_layer_27,Linear,MM,256,512,128,0.0316,0.0664,0.0,"(1, 512)","(1, 128)",dp_stress
175,stress_layer_28,Linear,MM,256,512,128,0.068,0.1491,0.0,"(1, 512)","(1, 128)",dp_stress
175,stress_layer_29,Linear,MM,256,512,128,0.6844,0.4007,0.75,"(1, 512)","(1, 128)",dp_stress
175,stress_layer_30,Linear,MM,256,512,128,0.0062,0.0368,0.0,"(1, 512)","(1, 128)",dp_stress
175,stress_layer_31,Linear,MM,256,512,128,0.038,0.0107,0.0,"(1, 512)","(1, 128)",dp_stress
175,stress_layer_32,Linear,MM,256,512,128,0.0972,0.1282,0.0,"(1, 512)","(1, 128)",dp_stress
175,stress_layer_33,Linear,MM,256,512,128,0.0652,0.1191,0.0,"(1, 512)","(1, 128)",dp_stress
175,stress_layer_34,Linear,MM,256,512,128,0.036,0.0891,0.0,"(1, 512)","(1, 128)",dp_stress
175,stress_layer_35,Linear,MM,256,512,128,0.6113,0.42,0.75,"(1, 512)","(1, 128)",dp_stress
175,stress_layer_36,Linear,MM,256,512,128,0.0592,0.1377,0.0,"(1, 512)","(1, 128)",dp_stress
175,stress_layer_37,Linear,MM,256,512,128,0.0154,0.0272,0.0,"(1, 512)","(1, 128)",dp_stress
175,stress_layer_38,Linear,MM,256,512,128,0.0604,0.1432,0.0,"(1, 512)","(1, 128)",dp_stress
175,stress_layer_39,Linear,MM,256,512,128,0.0688,0.0254,0.0,"(1, 512)","(1, 128)",dp_stress
176,stress_layer_0,Linear,MM,256,512,128,0.0878,0.0063,0.0,"(1, 512)","(1, 128)",dp_stress
176,stress_layer_1,Linear,MM,256,512,128,0.0831,0.0288,0.0,"(1, 512)","(1, 128)",dp_stress
176,stress_layer_2,Linear,MM,256,512,128,0.0578,0.0677,0.0,"(1, 512)","(1, 128)",dp_stress
176,stress_layer_3,Linear,MM,256,512,128,0.0176,0.0509,0.0,"(1, 512)","(1, 128)",dp_stress
176,stress_layer_4,Linear,MM,256,512,128,0.0159,0.0122,0.0,"(1, 512)","(1, 128)",dp_stress
176,stress_layer_5,Linear,MM,256,512,128,0.6299,0.4578,0.75,"(1, 512)","(1, 128)",dp_stress
176,stress_layer_6,Linear,MM,256,512,128,0.0611,0.1115,0.0,"(1, 512)","(1, 128)",dp_stress
176,stress_layer_7,Linear,MM,256,512,128,0.0154,0.0972,0.0,"(1, 512)","(1, 128)",dp_stress
176,stress_layer_8,Linear,MM,256,512,128,0.0698,0.0654,0.0,"(1, 512)","(1, 128)",dp_stress
176,stress_layer_9,Linear,MM,256,512,128,0.0118,0.0894,0.0,"(1, 512)","(1, 128)",dp_stress
176,stress_layer_10,Linear,MM,256,512,128,0.042,0.0929,0.0,"(1, 512)","(1, 128)",dp_stress
176,stress_layer_11,Linear,MM,256,512,128,0.5036,0.439,0.75,"(1, 512)","(1, 128)",dp_stress
176,stress_layer_12,Linear,MM,256,512,128,0.0765,0.0495,0.0,"(1, 512)","(1, 128)",dp_stress
176,stress_layer_13,Linear,MM,256,512,128,0.0869,0.0635,0.0,"(1, 512)","(1, 128)",dp_stress
176,stress_layer_14,Linear,MM,256,512,128,0.0973,0.0245,0.0,"(1, 512)","(1, 128)",dp_stress
176,stress_layer_15,Linear,MM,256,512,128,0.0671,0.1303,0.0,"(1, 512)","(1, 128)",dp_stress
176,stress_layer_16,Linear,MM,256,512,128,0.0588,0.1024,0.0,"(1, 512)","(1, 128)",dp_stress
176,stress_layer_17,Linear,MM,256,512,128,0.5814,0.4166,0.75,"(1, 512)","(1, 128)",dp_stress
176,stress_layer_18,Linear,MM,256,512,128,0.0932,0.0319,0.0,"(1, 512)","(1, 128)",dp_stress
176,stress_layer_19,Linear,MM,256,512,128,0.0055,0.0905,0.0,"(1, 512)","(1, 128)",dp_stress
176,stress_layer_20,Linear,MM,256,512,128,0.0247,0.1168,0.0,"(1, 512)","(1, 128)",dp_stress
176,stress_layer_21,Linear,MM,256,512,128,0.0128,0.0202,0.0,"(1, 512)","(1, 128)",dp_stress
176,stress_layer_22,Linear,MM,256,512,128,0.0332,0.0955,0.0,"(1, 512)","(1, 128)",dp_stress
176,stress_layer_23,Linear,MM,256,512,128,0.5541,0.3771,0.75,"(1, 512)","(1, 128)",dp_stress
176,stress_layer_24,Linear,MM,256,512,128,0.0855,0.0342,0.0,"(1, 512)","(1, 128)",dp_stress
176,stress_layer_25,Linear,MM,256,512,128,0.0213,0.0051,0.0,"(1, 512)","(1, 128)",dp_stress
176,stress_layer_26,Linear,MM,256,512,128,0.0183,0.0047,0.0,"(1, 512)","(1, 128)",dp_stress
176,stress_layer_27,Linear,MM,256,512,128,0.0434,0.0236,0.0,"(1, 512)","(1, 128)",dp_stress
176,stress_layer_28,Linear,MM,256,512,128,0.0997,0.0812,0.0,"(1, 512)","(1, 128)",dp_stress
176,stress_layer_29,Linear,MM,256,512,128,0.6873,0.4244,0.75,"(1, 512)","(1, 128)",dp_stress
176,stress_layer_30,Linear,MM,256,512,128,0.0161,0.0814,0.0,"(1, 512)","(1, 128)",dp_stress
176,stress_layer_31,Linear,MM,256,512,128,0.0851,0.0492,0.0,"(1, 512)","(1, 128)",dp_stress
176,stress_layer_32,Linear,MM,256,512,128,0.0621,0.0936,0.0,"(1, 512)","(1, 128)",dp_stress
176,stress_layer_33,Linear,MM,256,512,128,0.0987,0.1053,0.0,"(1, 512)","(1, 128)",dp_stress
176,stress_layer_34,Linear,MM,256,512,128,0.0596,0.1377,0.0,"(1, 512)","(1, 128)",dp_stress
176,stress_layer_35,Linear,MM,256,512,128,0.6763,0.3789,0.75,"(1, 512)","(1, 128)",dp_stress
176,stress_layer_36,Linear,MM,256,512,128,0.0867,0.1212,0.0,"(1, 512)","(1, 128)",dp_stress
176,stress_layer_37,Linear,MM,256,512,128,0.0453,0.0603,0.0,"(1, 512)","(1, 128)",dp_stress
176,stress_layer_38,Linear,MM,256,512,128,0.027,0.0233,0.0,"(1, 512)","(1, 128)",dp_stress
176,stress_layer_39,Linear,MM,256,512,128,0.0593,0.0269,0.0,"(1, 512)","(1, 128)",dp_stress
177,stress_layer_0,Linear,MM,256,512,128,0.0855,0.0072,0.0,"(1, 512)","(1, 128)",dp_stress
177,stress_layer_1,Linear,MM,256,512,128,0.0532,0.0053,0.0,"(1, 512)","(1, 128)",dp_stress
177,stress_layer_2,Linear,MM,256,512,128,0.0763,0.0781,0.0,"(1, 512)","(1, 128)",dp_stress
177,stress_layer_3,Linear,MM,256,512,128,0.0027,0.0265,0.0,"(1, 512)","(1, 128)",dp_stress
177,stress_layer_4,Linear,MM,256,512,128,0.072,0.0366,0.0,"(1, 512)","(1, 128)",dp_stress
177,stress_layer_5,Linear,MM,256,512,128,0.5102,0.3044,0.75,"(1, 512)","(1, 128)",dp_stress
177,stress_layer_6,Linear,MM,256,512,128,0.0095,0.0731,0.0,"(1, 512)","(1, 128)",dp_stress
177,stress_layer_7,Linear,MM,256,512,128,0.0267,0.0751,0.0,"(1, 512)","(1, 128)",dp_stress
177,stress_layer_8,Linear,MM,256,512,128,0.0642,0.1342,0.0,"(1, 512)","(1, 128)",dp_stress
177,stress_layer_9,Linear,MM,256,512,128,0.0933,0.1102,0.0,"(1, 512)","(1, 128)",dp_stress
177,stress_layer_10,Linear,MM,256,512,128,0.0287,0.14,0.0,"(1, 512)","(1, 128)",dp_stress
177,stress_layer_11,Linear,MM,256,512,128,0.6491,0.3878,0.75,"(1, 512)","(1, 128)",dp_stress
177,stress_layer_12,Linear,MM,256,512,128,0.0512,0.1495,0.0,"(1, 512)","(1, 128)",dp_stress
177,stress_layer_13,Linear,MM,256,512,128,0.0542,0.1428,0.0,"(1, 512)","(1, 128)",dp_stress
177,stress_layer_14,Linear,MM,256,512,128,0.0091,0.1312,0.0,"(1, 512)","(1, 128)",dp_stress
177,stress_layer_15,Linear,MM,256,512,128,0.0376,0.064,0.0,"(1, 512)","(1, 128)",dp_stress
177,stress_layer_16,Linear,MM,256,512,128,0.0612,0.1255,0.0,"(1, 512)","(1, 128)",dp_stress
177,stress_layer_17,Linear,MM,256,512,128,0.5615,0.4282,0.75,"(1, 512)","(1, 128)",dp_stress
177,stress_layer_18,Linear,MM,256,512,128,0.0755,0.0071,0.0,"(1, 512)","(1, 128)",dp_stress
177,stress_layer_19,Linear,MM,256,512,128,0.0464,0.0584,0.0,"(1, 512)","(1, 128)",dp_stress
177,stress_layer_20,Linear,MM,256,512,128,0.088,0.0845,0.0,"(1, 512)","(1, 128)",dp_stress
177,stress_layer_21,Linear,MM,256,512,128,0.057,0.1088,0.0,"(1, 512)","(1, 128)",dp_stress
177,stress_layer_22,Linear,MM,256,512,128,0.0785,0.0274,0.0,"(1, 512)","(1, 128)",dp_stress
177,stress_layer_23,Linear,MM,256,512,128,0.6055,0.4377,0.75,"(1, 512)","(1, 128)",dp_stress
177,stress_layer_24,Linear,MM,256,512,128,0.0244,0.0972,0.0,"(1, 512)","(1, 128)",dp_stress
177,stress_layer_25,Linear,MM,256,512,128,0.0151,0.0004,0.0,"(1, 512)","(1, 128)",dp_stress
177,stress_layer_26,Linear,MM,256,512,128,0.0295,0.0896,0.0,"(1, 512)","(1, 128)",dp_stress
177,stress_layer_27,Linear,MM,256,512,128,0.0425,0.0558,0.0,"(1, 512)","(1, 128)",dp_stress
177,stress_layer_28,Linear,MM,256,512,128,0.059,0.0312,0.0,"(1, 512)","(1, 128)",dp_stress
177,stress_layer_29,Linear,MM,256,512,128,0.595,0.3213,0.75,"(1, 512)","(1, 128)",dp_stress
177,stress_layer_30,Linear,MM,256,512,128,0.042,0.0379,0.0,"(1, 512)","(1, 128)",dp_stress
177,stress_layer_31,Linear,MM,256,512,128,0.0631,0.1319,0.0,"(1, 512)","(1, 128)",dp_stress
177,stress_layer_32,Linear,MM,256,512,128,0.0451,0.0242,0.0,"(1, 512)","(1, 128)",dp_stress
177,stress_layer_33,Linear,MM,256,512,128,0.0081,0.0655,0.0,"(1, 512)","(1, 128)",dp_stress
177,stress_layer_34,Linear,MM,256,512,128,0.0916,0.1397,0.0,"(1, 512)","(1, 128)",dp_stress
177,stress_layer_35,Linear,MM,256,512,128,0.6133,0.4918,0.75,"(1, 512)","(1, 128)",dp_stress
177,stress_layer_36,Linear,MM,256,512,128,0.0767,0.0819,0.0,"(1, 512)","(1, 128)",dp_stress
177,stress_layer_37,Linear,MM,256,512,128,0.0611,0.1015,0.0,"(1, 512)","(1, 128)",dp_stress
177,stress_layer_38,Linear,MM,256,512,128,0.0375,0.0368,0.0,"(1, 512)","(1, 128)",dp_stress
177,stress_layer_39,Linear,MM,256,512,128,0.0989,0.1299,0.0,"(1, 512)","(1, 128)",dp_stress
178,stress_layer_0,Linear,MM,256,512,128,0.0004,0.126,0.0,"(1, 512)","(1, 128)",dp_stress
178,stress_layer_1,Linear,MM,256,512,128,0.0803,0.1162,0.0,"(1, 512)","(1, 128)",dp_stress
178,stress_layer_2,Linear,MM,256,512,128,0.0805,0.1295,0.0,"(1, 512)","(1, 128)",dp_stress
178,stress_layer_3,Linear,MM,256,512,128,0.0832,0.1144,0.0,"(1, 512)","(1, 128)",dp_stress
178,stress_layer_4,Linear,MM,256,512,128,0.0062,0.0979,0.0,"(1, 512)","(1, 128)",dp_stress
178,stress_layer_5,Linear,MM,256,512,128,0.5904,0.46,0.75,"(1, 512)","(1, 128)",dp_stress
178,stress_layer_6,Linear,MM,256,512,128,0.0066,0.1188,0.0,"(1, 512)","(1, 128)",dp_stress
178,stress_layer_7,Linear,MM,256,512,128,0.0822,0.0187,0.0,"(1, 512)","(1, 128)",dp_stress
178,stress_layer_8,Linear,MM,256,512,128,0.0558,0.0108,0.0,"(1, 512)","(1, 128)",dp_stress
178,stress_layer_9,Linear,MM,256,512,128,0.0575,0.1109,0.0,"(1, 512)","(1, 128)",dp_stress
178,stress_layer_10,Linear,MM,256,512,128,0.0076,0.1444,0.0,"(1, 512)","(1, 128)",dp_stress
178,stress_layer_11,Linear,MM,256,512,128,0.6533,0.4449,0.75,"(1, 512)","(1, 128)",dp_stress
178,stress_layer_12,Linear,MM,256,512,128,0.0753,0.1175,0.0,"(1, 512)","(1, 128)",dp_stress
178,stress_layer_13,Linear,MM,256,512,128,0.0971,0.109,0.0,"(1, 512)","(1, 128)",dp_stress
178,stress_layer_14,Linear,MM,256,512,128,0.0467,0.0066,0.0,"(1, 512)","(1, 128)",dp_stress
178,stress_layer_15,Linear,MM,256,512,128,0.0282,0.0145,0.0,"(1, 512)","(1, 128)",dp_stress
178,stress_layer_16,Linear,MM,256,512,128,0.0628,0.0949,0.0,"(1, 512)","(1, 128)",dp_stress
178,stress_layer_17,Linear,MM,256,512,128,0.5509,0.4011,0.75,"(1, 512)","(1, 128)",dp_stress
178,stress_layer_18,Linear,MM,256,512,128,0.0891,0.1366,0.0,"(1, 512)","(1, 128)",dp_stress
178,stress_layer_19,Linear,MM,256,512,128,0.0471,0.0111,0.0,"(1, 512)","(1, 128)",dp_stress
178,stress_layer_20,Linear,MM,256,512,128,0.0842,0.0111,0.0,"(1, 512)","(1, 128)",dp_stress
178,stress_layer_21,Linear,MM,256,512,128,0.0875,0.0978,0.0,"(1, 512)","(1, 128)",dp_stress
178,stress_layer_22,Linear,MM,256,512,128,0.0256,0.1148,0.0,"(1, 512)","(1, 128)",dp_stress
178,stress_layer_23,Linear,MM,256,512,128,0.5743,0.4418,0.75,"(1, 512)","(1, 128)",dp_stress
178,stress_layer_24,Linear,MM,256,512,128,0.0304,0.1332,0.0,"(1, 512)","(1, 128)",dp_stress
178,stress_layer_25,Linear,MM,256,512,128,0.0479,0.1461,0.0,"(1, 512)","(1, 128)",dp_stress
178,stress_layer_26,Linear,MM,256,512,128,0.0459,0.0113,0.0,"(1, 512)","(1, 128)",dp_stress
178,stress_layer_27,Linear,MM,256,512,128,0.0687,0.1155,0.0,"(1, 512)","(1, 128)",dp_stress
178,stress_layer_28,Linear,MM,256,512,128,0.031,0.0906,0.0,"(1, 512)","(1, 128)",dp_stress
178,stress_layer_29,Linear,MM,256,512,128,0.6293,0.4394,0.75,"(1, 512)","(1, 128)",dp_stress
178,stress_layer_30,Linear,MM,256,512,128,0.0126,0.0939,0.0,"(1, 512)","(1, 128)",dp_stress
178,stress_layer_31,Linear,MM,256,512,128,0.0115,0.1364,0.0,"(1, 512)","(1, 128)",dp_stress
178,stress_layer_32,Linear,MM,256,512,128,0.0609,0.0221,0.0,"(1, 512)","(1, 128)",dp_stress
178,stress_layer_33,Linear,MM,256,512,128,0.0921,0.0646,0.0,"(1, 512)","(1, 128)",dp_stress
178,stress_layer_34,Linear,MM,256,512,128,0.0036,0.0872,0.0,"(1, 512)","(1, 128)",dp_stress
178,stress_layer_35,Linear,MM,256,512,128,0.5432,0.4229,0.75,"(1, 512)","(1, 128)",dp_stress
178,stress_layer_36,Linear,MM,256,512,128,0.0497,0.0178,0.0,"(1, 512)","(1, 128)",dp_stress
178,stress_layer_37,Linear,MM,256,512,128,0.099,0.0862,0.0,"(1, 512)","(1, 128)",dp_stress
178,stress_layer_38,Linear,MM,256,512,128,0.0906,0.0867,0.0,"(1, 512)","(1, 128)",dp_stress
178,stress_layer_39,Linear,MM,256,512,128,0.085,0.0709,0.0,"(1, 512)","(1, 128)",dp_stress
179,stress_layer_0,Linear,MM,256,512,128,0.0869,0.0201,0.0,"(1, 512)","(1, 128)",dp_stress
179,stress_layer_1,Linear,MM,256,512,128,0.0665,0.0239,0.0,"(1, 512)","(1, 128)",dp_stress
179,stress_layer_2,Linear,MM,256,512,128,0.0102,0.061,0.0,"(1, 512)","(1, 128)",dp_stress
179,stress_layer_3,Linear,MM,256,512,128,0.0702,0.0863,0.0,"(1, 512)","(1, 128)",dp_stress
179,stress_layer_4,Linear,MM,256,512,128,0.0355,0.1318,0.0,"(1, 512)","(1, 128)",dp_stress
179,stress_layer_5,Linear,MM,256,512,128,0.6097,0.4227,0.75,"(1, 512)","(1, 128)",dp_stress
179,stress_layer_6,Linear,MM,256,512,128,0.0579,0.0589,0.0,"(1, 512)","(1, 128)",dp_stress
179,stress_layer_7,Linear,MM,256,512,128,0.071,0.0409,0.0,"(1, 512)","(1, 128)",dp_stress
179,stress_layer_8,Linear,MM,256,512,128,0.0776,0.0587,0.0,"(1, 512)","(1, 128)",dp_stress
179,stress_layer_9,Linear,MM,256,512,128,0.0824,0.0578,0.0,"(1, 512)","(1, 128)",dp_stress
179,stress_layer_10,Linear,MM,256,512,128,0.0577,0.1261,0.0,"(1, 512)","(1, 128)",dp_stress
179,stress_layer_11,Linear,MM,256,512,128,0.6259,0.3953,0.75,"(1, 512)","(1, 128)",dp_stress
179,stress_layer_12,Linear,MM,256,512,128,0.0392,0.0205,0.0,"(1, 512)","(1, 128)",dp_stress
179,stress_layer_13,Linear,MM,256,512,128,0.0973,0.0712,0.0,"(1, 512)","(1, 128)",dp_stress
179,stress_layer_14,Linear,MM,256,512,128,0.0917,0.0507,0.0,"(1, 512)","(1, 128)",dp_stress
179,stress_layer_15,Linear,MM,256,512,128,0.0572,0.1122,0.0,"(1, 512)","(1, 128)",dp_stress
179,stress_layer_16,Linear,MM,256,512,128,0.0088,0.105,0.0,"(1, 512)","(1, 128)",dp_stress
179,stress_layer_17,Linear,MM,256,512,128,0.5359,0.3227,0.75,"(1, 512)","(1, 128)",dp_stress
179,stress_layer_18,Linear,MM,256,512,128,0.079,0.0142,0.0,"(1, 512)","(1, 128)",dp_stress
179,stress_layer_19,Linear,MM,256,512,128,0.0018,0.0271,0.0,"(1, 512)","(1, 128)",dp_stress
179,stress_layer_20,Linear,MM,256,512,128,0.0053,0.1307,0.0,"(1, 512)","(1, 128)",dp_stress
179,stress_layer_21,Linear,MM,256,512,128,0.0284,0.1217,0.0,"(1, 512)","(1, 128)",dp_stress
179,stress_layer_22,Linear,MM,256,512,128,0.0992,0.0243,0.0,"(1, 512)","(1, 128)",dp_stress
179,stress_layer_23,Linear,MM,256,512,128,0.6988,0.3015,0.75,"(1, 512)","(1, 128)",dp_stress
179,stress_layer_24,Linear,MM,256,512,128,0.0986,0.0469,0.0,"(1, 512)","(1, 128)",dp_stress
179,stress_layer_25,Linear,MM,256,512,128,0.0226,0.0589,0.0,"(1, 512)","(1, 128)",dp_stress
179,stress_layer_26,Linear,MM,256,512,128,0.0237,0.0799,0.0,"(1, 512)","(1, 128)",dp_stress
179,stress_layer_27,Linear,MM,256,512,128,0.0437,0.1041,0.0,"(1, 512)","(1, 128)",dp_stress
179,stress_layer_28,Linear,MM,256,512,128,0.031,0.0125,0.0,"(1, 512)","(1, 128)",dp_stress
179,stress_layer_29,Linear,MM,256,512,128,0.6933,0.4001,0.75,"(1, 512)","(1, 128)",dp_stress
179,stress_layer_30,Linear,MM,256,512,128,0.0238,0.074,0.0,"(1, 512)","(1, 128)",dp_stress
179,stress_layer_31,Linear,MM,256,512,128,0.0606,0.0129,0.0,"(1, 512)","(1, 128)",dp_stress
179,stress_layer_32,Linear,MM,256,512,128,0.0322,0.0876,0.0,"(1, 512)","(1, 128)",dp_stress
179,stress_layer_33,Linear,MM,256,512,128,0.071,0.0907,0.0,"(1, 512)","(1, 128)",dp_stress
179,stress_layer_34,Linear,MM,256,512,128,0.0531,0.0,0.0,"(1, 512)","(1, 128)",dp_stress
179,stress_layer_35,Linear,MM,256,512,128,0.6649,0.3949,0.75,"(1, 512)","(1, 128)",dp_stress
179,stress_layer_36,Linear,MM,256,512,128,0.0989,0.0551,0.0,"(1, 512)","(1, 128)",dp_stress
179,stress_layer_37,Linear,MM,256,512,128,0.0478,0.1075,0.0,"(1, 512)","(1, 128)",dp_stress
179,stress_layer_38,Linear,MM,256,512,128,0.0417,0.0387,0.0,"(1, 512)","(1, 128)",dp_stress
179,stress_layer_39,Linear,MM,256,512,128,0.0034,0.1022,0.0,"(1, 512)","(1, 128)",dp_stress
180,stress_layer_0,Linear,MM,256,512,128,0.0803,0.0362,0.0,"(1, 512)","(1, 128)",dp_stress
180,stress_layer_1,Linear,MM,256,512,128,0.0661,0.0365,0.0,"(1, 512)","(1, 128)",dp_stress
180,stress_layer_2,Linear,MM,256,512,128,0.0772,0.0379,0.0,"(1, 512)","(1, 128)",dp_stress
180,stress_layer_3,Linear,MM,256,512,128,0.0567,0.149,0.0,"(1, 512)","(1, 128)",dp_stress
180,stress_layer_4,Linear,MM,256,512,128,0.0506,0.1167,0.0,"(1, 512)","(1, 128)",dp_stress
180,stress_layer_5,Linear,MM,256,512,128,0.5711,0.3167,0.75,"(1, 512)","(1, 128)",dp_stress
180,stress_layer_6,Linear,MM,256,512,128,0.0039,0.1133,0.0,"(1, 512)","(1, 128)",dp_stress
180,stress_layer_7,Linear,MM,256,512,128,0.0478,0.0933,0.0,"(1, 512)","(1, 128)",dp_stress
180,stress_layer_8,Linear,MM,256,512,128,0.0909,0.0192,0.0,"(1, 512)","(1, 128)",dp_stress
180,stress_layer_9,Linear,MM,256,512,128,0.0421,0.036,0.0,"(1, 512)","(1, 128)",dp_stress
180,stress_layer_10,Linear,MM,256,512,128,0.003,0.1148,0.0,"(1, 512)","(1, 128)",dp_stress
180,stress_layer_11,Linear,MM,256,512,128,0.5641,0.4331,0.75,"(1, 512)","(1, 128)",dp_stress
180,stress_layer_12,Linear,MM,256,512,128,0.072,0.1421,0.0,"(1, 512)","(1, 128)",dp_stress
180,stress_layer_13,Linear,MM,256,512,128,0.0806,0.0809,0.0,"(1, 512)","(1, 128)",dp_stress
180,stress_layer_14,Linear,MM,256,512,128,0.0604,0.0512,0.0,"(1, 512)","(1, 128)",dp_stress
180,stress_layer_15,Linear,MM,256,512,128,0.0948,0.066,0.0,"(1, 512)","(1, 128)",dp_stress
180,stress_layer_16,Linear,MM,256,512,128,0.0553,0.0582,0.0,"(1, 512)","(1, 128)",dp_stress
180,stress_layer_17,Linear,MM,256,512,128,0.5234,0.4899,0.75,"(1, 512)","(1, 128)",dp_stress
180,stress_layer_18,Linear,MM,256,512,128,0.0217,0.1312,0.0,"(1, 512)","(1, 128)",dp_stress
180,stress_layer_19,Linear,MM,256,512,128,0.0535,0.1047,0.0,"(1, 512)","(1, 128)",dp_stress
180,stress_layer_20,Linear,MM,256,512,128,0.0508,0.0765,0.0,"(1, 512)","(1, 128)",dp_stress
180,stress_layer_21,Linear,MM,256,512,128,0.0016,0.0831,0.0,"(1, 512)","(1, 128)",dp_stress
180,stress_layer_22,Linear,MM,256,512,128,0.019,0.046,0.0,"(1, 512)","(1, 128)",dp_stress
180,stress_layer_23,Linear,MM,256,512,128,0.6536,0.393,0.75,"(1, 512)","(1, 128)",dp_stress
180,stress_layer_24,Linear,MM,256,512,128,0.0031,0.0095,0.0,"(1, 512)","(1, 128)",dp_stress
180,stress_layer_25,Linear,MM,256,512,128,0.0068,0.1377,0.0,"(1, 512)","(1, 128)",dp_stress
180,stress_layer_26,Linear,MM,256,512,128,0.0286,0.0918,0.0,"(1, 512)","(1, 128)",dp_stress
180,stress_layer_27,Linear,MM,256,512,128,0.0456,0.0876,0.0,"(1, 512)","(1, 128)",dp_stress
180,stress_layer_28,Linear,MM,256,512,128,0.0916,0.1035,0.0,"(1, 512)","(1, 128)",dp_stress
180,stress_layer_29,Linear,MM,256,512,128,0.6146,0.3265,0.75,"(1, 512)","(1, 128)",dp_stress
180,stress_layer_30,Linear,MM,256,512,128,0.005,0.1018,0.0,"(1, 512)","(1, 128)",dp_stress
180,stress_layer_31,Linear,MM,256,512,128,0.0223,0.0443,0.0,"(1, 512)","(1, 128)",dp_stress
180,stress_layer_32,Linear,MM,256,512,128,0.03,0.0286,0.0,"(1, 512)","(1, 128)",dp_stress
180,stress_layer_33,Linear,MM,256,512,128,0.0293,0.0614,0.0,"(1, 512)","(1, 128)",dp_stress
180,stress_layer_34,Linear,MM,256,512,128,0.0144,0.1299,0.0,"(1, 512)","(1, 128)",dp_stress
180,stress_layer_35,Linear,MM,256,512,128,0.5905,0.4914,0.75,"(1, 512)","(1, 128)",dp_stress
180,stress_layer_36,Linear,MM,256,512,128,0.0512,0.0684,0.0,"(1, 512)","(1, 128)",dp_stress
180,stress_layer_37,Linear,MM,256,512,128,0.0312,0.1037,0.0,"(1, 512)","(1, 128)",dp_stress
180,stress_layer_38,Linear,MM,256,512,128,0.0866,0.0342,0.0,"(1, 512)","(1, 128)",dp_stress
180,stress_layer_39,Linear,MM,256,512,128,0.0209,0.0844,0.0,"(1, 512)","(1, 128)",dp_stress
181,stress_layer_0,Linear,MM,256,512,128,0.0041,0.0125,0.0,"(1, 512)","(1, 128)",dp_stress
181,stress_layer_1,Linear,MM,256,512,128,0.0734,0.1424,0.0,"(1, 512)","(1, 128)",dp_stress
181,stress_layer_2,Linear,MM,256,512,128,0.0959,0.0919,0.0,"(1, 512)","(1, 128)",dp_stress
181,stress_layer_3,Linear,MM,256,512,128,0.0689,0.0485,0.0,"(1, 512)","(1, 128)",dp_stress
181,stress_layer_4,Linear,MM,256,512,128,0.0606,0.0863,0.0,"(1, 512)","(1, 128)",dp_stress
181,stress_layer_5,Linear,MM,256,512,128,0.6512,0.4072,0.75,"(1, 512)","(1, 128)",dp_stress
181,stress_layer_6,Linear,MM,256,512,128,0.0353,0.1088,0.0,"(1, 512)","(1, 128)",dp_stress
181,stress_layer_7,Linear,MM,256,512,128,0.0816,0.0277,0.0,"(1, 512)","(1, 128)",dp_stress
181,stress_layer_8,Linear,MM,256,512,128,0.0392,0.0248,0.0,"(1, 512)","(1, 128)",dp_stress
181,stress_layer_9,Linear,MM,256,512,128,0.0861,0.1395,0.0,"(1, 512)","(1, 128)",dp_stress
181,stress_layer_10,Linear,MM,256,512,128,0.0676,0.0301,0.0,"(1, 512)","(1, 128)",dp_stress
181,stress_layer_11,Linear,MM,256,512,128,0.6968,0.4419,0.75,"(1, 512)","(1, 128)",dp_stress
181,stress_layer_12,Linear,MM,256,512,128,0.044,0.1312,0.0,"(1, 512)","(1, 128)",dp_stress
181,stress_layer_13,Linear,MM,256,512,128,0.0295,0.0503,0.0,"(1, 512)","(1, 128)",dp_stress
181,stress_layer_14,Linear,MM,256,512,128,0.0727,0.0202,0.0,"(1, 512)","(1, 128)",dp_stress
181,stress_layer_15,Linear,MM,256,512,128,0.0545,0.1491,0.0,"(1, 512)","(1, 128)",dp_stress
181,stress_layer_16,Linear,MM,256,512,128,0.0008,0.0094,0.0,"(1, 512)","(1, 128)",dp_stress
181,stress_layer_17,Linear,MM,256,512,128,0.6218,0.4602,0.75,"(1, 512)","(1, 128)",dp_stress
181,stress_layer_18,Linear,MM,256,512,128,0.0023,0.057,0.0,"(1, 512)","(1, 128)",dp_stress
181,stress_layer_19,Linear,MM,256,512,128,0.0033,0.1129,0.0,"(1, 512)","(1, 128)",dp_stress
181,stress_layer_20,Linear,MM,256,512,128,0.0276,0.1388,0.0,"(1, 512)","(1, 128)",dp_stress
181,stress_layer_21,Linear,MM,256,512,128,0.0663,0.106,0.0,"(1, 512)","(1, 128)",dp_stress
181,stress_layer_22,Linear,MM,256,512,128,0.0522,0.1109,0.0,"(1, 512)","(1, 128)",dp_stress
181,stress_layer_23,Linear,MM,256,512,128,0.6723,0.4241,0.75,"(1, 512)","(1, 128)",dp_stress
181,stress_layer_24,Linear,MM,256,512,128,0.0311,0.0628,0.0,"(1, 512)","(1, 128)",dp_stress
181,stress_layer_25,Linear,MM,256,512,128,0.0078,0.1128,0.0,"(1, 512)","(1, 128)",dp_stress
181,stress_layer_26,Linear,MM,256,512,128,0.0726,0.1223,0.0,"(1, 512)","(1, 128)",dp_stress
181,stress_layer_27,Linear,MM,256,512,128,0.0112,0.0655,0.0,"(1, 512)","(1, 128)",dp_stress
181,stress_layer_28,Linear,MM,256,512,128,0.0507,0.0124,0.0,"(1, 512)","(1, 128)",dp_stress
181,stress_layer_29,Linear,MM,256,512,128,0.6217,0.3778,0.75,"(1, 512)","(1, 128)",dp_stress
181,stress_layer_30,Linear,MM,256,512,128,0.0205,0.0551,0.0,"(1, 512)","(1, 128)",dp_stress
181,stress_layer_31,Linear,MM,256,512,128,0.0459,0.1151,0.0,"(1, 512)","(1, 128)",dp_stress
181,stress_layer_32,Linear,MM,256,512,128,0.0542,0.0118,0.0,"(1, 512)","(1, 128)",dp_stress
181,stress_layer_33,Linear,MM,256,512,128,0.0159,0.1273,0.0,"(1, 512)","(1, 128)",dp_stress
181,stress_layer_34,Linear,MM,256,512,128,0.0806,0.037,0.0,"(1, 512)","(1, 128)",dp_stress
181,stress_layer_35,Linear,MM,256,512,128,0.661,0.3767,0.75,"(1, 512)","(1, 128)",dp_stress
181,stress_layer_36,Linear,MM,256,512,128,0.0231,0.0632,0.0,"(1, 512)","(1, 128)",dp_stress
181,stress_layer_37,Linear,MM,256,512,128,0.0551,0.1385,0.0,"(1, 512)","(1, 128)",dp_stress
181,stress_layer_38,Linear,MM,256,512,128,0.0592,0.087,0.0,"(1, 512)","(1, 128)",dp_stress
181,stress_layer_39,Linear,MM,256,512,128,0.0352,0.1164,0.0,"(1, 512)","(1, 128)",dp_stress
182,stress_layer_0,Linear,MM,256,512,128,0.0639,0.02,0.0,"(1, 512)","(1, 128)",dp_stress
182,stress_layer_1,Linear,MM,256,512,128,0.039,0.1043,0.0,"(1, 512)","(1, 128)",dp_stress
182,stress_layer_2,Linear,MM,256,512,128,0.089,0.1185,0.0,"(1, 512)","(1, 128)",dp_stress
182,stress_layer_3,Linear,MM,256,512,128,0.0192,0.1208,0.0,"(1, 512)","(1, 128)",dp_stress
182,stress_layer_4,Linear,MM,256,512,128,0.0028,0.0869,0.0,"(1, 512)","(1, 128)",dp_stress
182,stress_layer_5,Linear,MM,256,512,128,0.6402,0.3974,0.75,"(1, 512)","(1, 128)",dp_stress
182,stress_layer_6,Linear,MM,256,512,128,0.0573,0.1291,0.0,"(1, 512)","(1, 128)",dp_stress
182,stress_layer_7,Linear,MM,256,512,128,0.0447,0.0862,0.0,"(1, 512)","(1, 128)",dp_stress
182,stress_layer_8,Linear,MM,256,512,128,0.0173,0.0311,0.0,"(1, 512)","(1, 128)",dp_stress
182,stress_layer_9,Linear,MM,256,512,128,0.006,0.0272,0.0,"(1, 512)","(1, 128)",dp_stress
182,stress_layer_10,Linear,MM,256,512,128,0.0054,0.0745,0.0,"(1, 512)","(1, 128)",dp_stress
182,stress_layer_11,Linear,MM,256,512,128,0.6324,0.4952,0.75,"(1, 512)","(1, 128)",dp_stress
182,stress_layer_12,Linear,MM,256,512,128,0.0279,0.0767,0.0,"(1, 512)","(1, 128)",dp_stress
182,stress_layer_13,Linear,MM,256,512,128,0.0578,0.0311,0.0,"(1, 512)","(1, 128)",dp_stress
182,stress_layer_14,Linear,MM,256,512,128,0.0714,0.0269,0.0,"(1, 512)","(1, 128)",dp_stress
182,stress_layer_15,Linear,MM,256,512,128,0.0031,0.0623,0.0,"(1, 512)","(1, 128)",dp_stress
182,stress_layer_16,Linear,MM,256,512,128,0.0088,0.0957,0.0,"(1, 512)","(1, 128)",dp_stress
182,stress_layer_17,Linear,MM,256,512,128,0.5974,0.3565,0.75,"(1, 512)","(1, 128)",dp_stress
182,stress_layer_18,Linear,MM,256,512,128,0.0992,0.0993,0.0,"(1, 512)","(1, 128)",dp_stress
182,stress_layer_19,Linear,MM,256,512,128,0.0565,0.0971,0.0,"(1, 512)","(1, 128)",dp_stress
182,stress_layer_20,Linear,MM,256,512,128,0.0716,0.031,0.0,"(1, 512)","(1, 128)",dp_stress
182,stress_layer_21,Linear,MM,256,512,128,0.0197,0.0932,0.0,"(1, 512)","(1, 128)",dp_stress
182,stress_layer_22,Linear,MM,256,512,128,0.0347,0.0306,0.0,"(1, 512)","(1, 128)",dp_stress
182,stress_layer_23,Linear,MM,256,512,128,0.6286,0.3865,0.75,"(1, 512)","(1, 128)",dp_stress
182,stress_layer_24,Linear,MM,256,512,128,0.0135,0.0851,0.0,"(1, 512)","(1, 128)",dp_stress
182,stress_layer_25,Linear,MM,256,512,128,0.0031,0.1319,0.0,"(1, 512)","(1, 128)",dp_stress
182,stress_layer_26,Linear,MM,256,512,128,0.0955,0.0388,0.0,"(1, 512)","(1, 128)",dp_stress
182,stress_layer_27,Linear,MM,256,512,128,0.0667,0.076,0.0,"(1, 512)","(1, 128)",dp_stress
182,stress_layer_28,Linear,MM,256,512,128,0.046,0.0953,0.0,"(1, 512)","(1, 128)",dp_stress
182,stress_layer_29,Linear,MM,256,512,128,0.5006,0.4539,0.75,"(1, 512)","(1, 128)",dp_stress
182,stress_layer_30,Linear,MM,256,512,128,0.0595,0.0504,0.0,"(1, 512)","(1, 128)",dp_stress
182,stress_layer_31,Linear,MM,256,512,128,0.0157,0.1073,0.0,"(1, 512)","(1, 128)",dp_stress
182,stress_layer_32,Linear,MM,256,512,128,0.0885,0.1326,0.0,"(1, 512)","(1, 128)",dp_stress
182,stress_layer_33,Linear,MM,256,512,128,0.0157,0.1369,0.0,"(1, 512)","(1, 128)",dp_stress
182,stress_layer_34,Linear,MM,256,512,128,0.0549,0.0026,0.0,"(1, 512)","(1, 128)",dp_stress
182,stress_layer_35,Linear,MM,256,512,128,0.6716,0.4305,0.75,"(1, 512)","(1, 128)",dp_stress
182,stress_layer_36,Linear,MM,256,512,128,0.0986,0.0858,0.0,"(1, 512)","(1, 128)",dp_stress
182,stress_layer_37,Linear,MM,256,512,128,0.0631,0.0827,0.0,"(1, 512)","(1, 128)",dp_stress
182,stress_layer_38,Linear,MM,256,512,128,0.0756,0.0023,0.0,"(1, 512)","(1, 128)",dp_stress
182,stress_layer_39,Linear,MM,256,512,128,0.0925,0.0814,0.0,"(1, 512)","(1, 128)",dp_stress
183,stress_layer_0,Linear,MM,256,512,128,0.0859,0.1058,0.0,"(1, 512)","(1, 128)",dp_stress
183,stress_layer_1,Linear,MM,256,512,128,0.0331,0.0532,0.0,"(1, 512)","(1, 128)",dp_stress
183,stress_layer_2,Linear,MM,256,512,128,0.0314,0.0145,0.0,"(1, 512)","(1, 128)",dp_stress
183,stress_layer_3,Linear,MM,256,512,128,0.0909,0.1478,0.0,"(1, 512)","(1, 128)",dp_stress
183,stress_layer_4,Linear,MM,256,512,128,0.0146,0.0598,0.0,"(1, 512)","(1, 128)",dp_stress
183,stress_layer_5,Linear,MM,256,512,128,0.6128,0.4368,0.75,"(1, 512)","(1, 128)",dp_stress
183,stress_layer_6,Linear,MM,256,512,128,0.0165,0.1445,0.0,"(1, 512)","(1, 128)",dp_stress
183,stress_layer_7,Linear,MM,256,512,128,0.083,0.0381,0.0,"(1, 512)","(1, 128)",dp_stress
183,stress_layer_8,Linear,MM,256,512,128,0.0687,0.0914,0.0,"(1, 512)","(1, 128)",dp_stress
183,stress_layer_9,Linear,MM,256,512,128,0.0574,0.1199,0.0,"(1, 512)","(1, 128)",dp_stress
183,stress_layer_10,Linear,MM,256,512,128,0.0099,0.0501,0.0,"(1, 512)","(1, 128)",dp_stress
183,stress_layer_11,Linear,MM,256,512,128,0.6265,0.3479,0.75,"(1, 512)","(1, 128)",dp_stress
183,stress_layer_12,Linear,MM,256,512,128,0.007,0.0968,0.0,"(1, 512)","(1, 128)",dp_stress
183,stress_layer_13,Linear,MM,256,512,128,0.0147,0.078,0.0,"(1, 512)","(1, 128)",dp_stress
183,stress_layer_14,Linear,MM,256,512,128,0.0088,0.0742,0.0,"(1, 512)","(1, 128)",dp_stress
183,stress_layer_15,Linear,MM,256,512,128,0.0814,0.1426,0.0,"(1, 512)","(1, 128)",dp_stress
183,stress_layer_16,Linear,MM,256,512,128,0.0067,0.022,0.0,"(1, 512)","(1, 128)",dp_stress
183,stress_layer_17,Linear,MM,256,512,128,0.5743,0.316,0.75,"(1, 512)","(1, 128)",dp_stress
183,stress_layer_18,Linear,MM,256,512,128,0.0521,0.0072,0.0,"(1, 512)","(1, 128)",dp_stress
183,stress_layer_19,Linear,MM,256,512,128,0.0996,0.0766,0.0,"(1, 512)","(1, 128)",dp_stress
183,stress_layer_20,Linear,MM,256,512,128,0.0136,0.1438,0.0,"(1, 512)","(1, 128)",dp_stress
183,stress_layer_21,Linear,MM,256,512,128,0.0007,0.1357,0.0,"(1, 512)","(1, 128)",dp_stress
183,stress_layer_22,Linear,MM,256,512,128,0.0885,0.1466,0.0,"(1, 512)","(1, 128)",dp_stress
183,stress_layer_23,Linear,MM,256,512,128,0.6094,0.3012,0.75,"(1, 512)","(1, 128)",dp_stress
183,stress_layer_24,Linear,MM,256,512,128,0.0098,0.1151,0.0,"(1, 512)","(1, 128)",dp_stress
183,stress_layer_25,Linear,MM,256,512,128,0.0856,0.0767,0.0,"(1, 512)","(1, 128)",dp_stress
183,stress_layer_26,Linear,MM,256,512,128,0.0627,0.0782,0.0,"(1, 512)","(1, 128)",dp_stress
183,stress_layer_27,Linear,MM,256,512,128,0.0648,0.0016,0.0,"(1, 512)","(1, 128)",dp_stress
183,stress_layer_28,Linear,MM,256,512,128,0.0536,0.034,0.0,"(1, 512)","(1, 128)",dp_stress
183,stress_layer_29,Linear,MM,256,512,128,0.6372,0.4366,0.75,"(1, 512)","(1, 128)",dp_stress
183,stress_layer_30,Linear,MM,256,512,128,0.0218,0.1299,0.0,"(1, 512)","(1, 128)",dp_stress
183,stress_layer_31,Linear,MM,256,512,128,0.0232,0.1224,0.0,"(1, 512)","(1, 128)",dp_stress
183,stress_layer_32,Linear,MM,256,512,128,0.0568,0.0989,0.0,"(1, 512)","(1, 128)",dp_stress
183,stress_layer_33,Linear,MM,256,512,128,0.0816,0.1021,0.0,"(1, 512)","(1, 128)",dp_stress
183,stress_layer_34,Linear,MM,256,512,128,0.0492,0.065,0.0,"(1, 512)","(1, 128)",dp_stress
183,stress_layer_35,Linear,MM,256,512,128,0.667,0.3324,0.75,"(1, 512)","(1, 128)",dp_stress
183,stress_layer_36,Linear,MM,256,512,128,0.0442,0.1194,0.0,"(1, 512)","(1, 128)",dp_stress
183,stress_layer_37,Linear,MM,256,512,128,0.0508,0.1114,0.0,"(1, 512)","(1, 128)",dp_stress
183,stress_layer_38,Linear,MM,256,512,128,0.0434,0.0289,0.0,"(1, 512)","(1, 128)",dp_stress
183,stress_layer_39,Linear,MM,256,512,128,0.0408,0.0909,0.0,"(1, 512)","(1, 128)",dp_stress
184,stress_layer_0,Linear,MM,256,512,128,0.0699,0.133,0.0,"(1, 512)","(1, 128)",dp_stress
184,stress_layer_1,Linear,MM,256,512,128,0.0537,0.1108,0.0,"(1, 512)","(1, 128)",dp_stress
184,stress_layer_2,Linear,MM,256,512,128,0.0197,0.0856,0.0,"(1, 512)","(1, 128)",dp_stress
184,stress_layer_3,Linear,MM,256,512,128,0.0181,0.071,0.0,"(1, 512)","(1, 128)",dp_stress
184,stress_layer_4,Linear,MM,256,512,128,0.0276,0.0231,0.0,"(1, 512)","(1, 128)",dp_stress
184,stress_layer_5,Linear,MM,256,512,128,0.6924,0.4062,0.75,"(1, 512)","(1, 128)",dp_stress
184,stress_layer_6,Linear,MM,256,512,128,0.0439,0.1217,0.0,"(1, 512)","(1, 128)",dp_stress
184,stress_layer_7,Linear,MM,256,512,128,0.0435,0.1394,0.0,"(1, 512)","(1, 128)",dp_stress
184,stress_layer_8,Linear,MM,256,512,128,0.0948,0.011,0.0,"(1, 512)","(1, 128)",dp_stress
184,stress_layer_9,Linear,MM,256,512,128,0.0263,0.1416,0.0,"(1, 512)","(1, 128)",dp_stress
184,stress_layer_10,Linear,MM,256,512,128,0.0499,0.0569,0.0,"(1, 512)","(1, 128)",dp_stress
184,stress_layer_11,Linear,MM,256,512,128,0.5803,0.3747,0.75,"(1, 512)","(1, 128)",dp_stress
184,stress_layer_12,Linear,MM,256,512,128,0.0128,0.1065,0.0,"(1, 512)","(1, 128)",dp_stress
184,stress_layer_13,Linear,MM,256,512,128,0.0371,0.0292,0.0,"(1, 512)","(1, 128)",dp_stress
184,stress_layer_14,Linear,MM,256,512,128,0.0773,0.1246,0.0,"(1, 512)","(1, 128)",dp_stress
184,stress_layer_15,Linear,MM,256,512,128,0.0174,0.1082,0.0,"(1, 512)","(1, 128)",dp_stress
184,stress_layer_16,Linear,MM,256,512,128,0.0796,0.0537,0.0,"(1, 512)","(1, 128)",dp_stress
184,stress_layer_17,Linear,MM,256,512,128,0.6939,0.4708,0.75,"(1, 512)","(1, 128)",dp_stress
184,stress_layer_18,Linear,MM,256,512,128,0.0144,0.0542,0.0,"(1, 512)","(1, 128)",dp_stress
184,stress_layer_19,Linear,MM,256,512,128,0.0134,0.0459,0.0,"(1, 512)","(1, 128)",dp_stress
184,stress_layer_20,Linear,MM,256,512,128,0.0766,0.0261,0.0,"(1, 512)","(1, 128)",dp_stress
184,stress_layer_21,Linear,MM,256,512,128,0.0636,0.047,0.0,"(1, 512)","(1, 128)",dp_stress
184,stress_layer_22,Linear,MM,256,512,128,0.0014,0.0673,0.0,"(1, 512)","(1, 128)",dp_stress
184,stress_layer_23,Linear,MM,256,512,128,0.659,0.3537,0.75,"(1, 512)","(1, 128)",dp_stress
184,stress_layer_24,Linear,MM,256,512,128,0.0613,0.1456,0.0,"(1, 512)","(1, 128)",dp_stress
184,stress_layer_25,Linear,MM,256,512,128,0.0823,0.0533,0.0,"(1, 512)","(1, 128)",dp_stress
184,stress_layer_26,Linear,MM,256,512,128,0.0704,0.1017,0.0,"(1, 512)","(1, 128)",dp_stress
184,stress_layer_27,Linear,MM,256,512,128,0.0134,0.0164,0.0,"(1, 512)","(1, 128)",dp_stress
184,stress_layer_28,Linear,MM,256,512,128,0.0796,0.0671,0.0,"(1, 512)","(1, 128)",dp_stress
184,stress_layer_29,Linear,MM,256,512,128,0.523,0.4034,0.75,"(1, 512)","(1, 128)",dp_stress
184,stress_layer_30,Linear,MM,256,512,128,0.0218,0.1497,0.0,"(1, 512)","(1, 128)",dp_stress
184,stress_layer_31,Linear,MM,256,512,128,0.0051,0.0702,0.0,"(1, 512)","(1, 128)",dp_stress
184,stress_layer_32,Linear,MM,256,512,128,0.0996,0.0147,0.0,"(1, 512)","(1, 128)",dp_stress
184,stress_layer_33,Linear,MM,256,512,128,0.0718,0.059,0.0,"(1, 512)","(1, 128)",dp_stress
184,stress_layer_34,Linear,MM,256,512,128,0.0182,0.0817,0.0,"(1, 512)","(1, 128)",dp_stress
184,stress_layer_35,Linear,MM,256,512,128,0.5859,0.3532,0.75,"(1, 512)","(1, 128)",dp_stress
184,stress_layer_36,Linear,MM,256,512,128,0.0857,0.0141,0.0,"(1, 512)","(1, 128)",dp_stress
184,stress_layer_37,Linear,MM,256,512,128,0.0438,0.0916,0.0,"(1, 512)","(1, 128)",dp_stress
184,stress_layer_38,Linear,MM,256,512,128,0.0197,0.0639,0.0,"(1, 512)","(1, 128)",dp_stress
184,stress_layer_39,Linear,MM,256,512,128,0.0203,0.0339,0.0,"(1, 512)","(1, 128)",dp_stress
185,stress_layer_0,Linear,MM,256,512,128,0.0719,0.0408,0.0,"(1, 512)","(1, 128)",dp_stress
185,stress_layer_1,Linear,MM,256,512,128,0.0538,0.0583,0.0,"(1, 512)","(1, 128)",dp_stress
185,stress_layer_2,Linear,MM,256,512,128,0.0524,0.0993,0.0,"(1, 512)","(1, 128)",dp_stress
185,stress_layer_3,Linear,MM,256,512,128,0.0427,0.0615,0.0,"(1, 512)","(1, 128)",dp_stress
185,stress_layer_4,Linear,MM,256,512,128,0.0512,0.0238,0.0,"(1, 512)","(1, 128)",dp_stress
185,stress_layer_5,Linear,MM,256,512,128,0.6981,0.458,0.75,"(1, 512)","(1, 128)",dp_stress
185,stress_layer_6,Linear,MM,256,512,128,0.0504,0.0208,0.0,"(1, 512)","(1, 128)",dp_stress
185,stress_layer_7,Linear,MM,256,512,128,0.0177,0.1415,0.0,"(1, 512)","(1, 128)",dp_stress
185,stress_layer_8,Linear,MM,256,512,128,0.0038,0.0097,0.0,"(1, 512)","(1, 128)",dp_stress
185,stress_layer_9,Linear,MM,256,512,128,0.007,0.0921,0.0,"(1, 512)","(1, 128)",dp_stress
185,stress_layer_10,Linear,MM,256,512,128,0.0258,0.0612,0.0,"(1, 512)","(1, 128)",dp_stress
185,stress_layer_11,Linear,MM,256,512,128,0.6904,0.3673,0.75,"(1, 512)","(1, 128)",dp_stress
185,stress_layer_12,Linear,MM,256,512,128,0.0481,0.1091,0.0,"(1, 512)","(1, 128)",dp_stress
185,stress_layer_13,Linear,MM,256,512,128,0.0252,0.0712,0.0,"(1, 512)","(1, 128)",dp_stress
185,stress_layer_14,Linear,MM,256,512,128,0.0632,0.0301,0.0,"(1, 512)","(1, 128)",dp_stress
185,stress_layer_15,Linear,MM,256,512,128,0.005,0.0232,0.0,"(1, 512)","(1, 128)",dp_stress
185,stress_layer_16,Linear,MM,256,512,128,0.0463,0.0604,0.0,"(1, 512)","(1, 128)",dp_stress
185,stress_layer_17,Linear,MM,256,512,128,0.6852,0.4145,0.75,"(1, 512)","(1, 128)",dp_stress
185,stress_layer_18,Linear,MM,256,512,128,0.0884,0.1053,0.0,"(1, 512)","(1, 128)",dp_stress
185,stress_layer_19,Linear,MM,256,512,128,0.0455,0.0901,0.0,"(1, 512)","(1, 128)",dp_stress
185,stress_layer_20,Linear,MM,256,512,128,0.0267,0.0686,0.0,"(1, 512)","(1, 128)",dp_stress
185,stress_layer_21,Linear,MM,256,512,128,0.0128,0.0716,0.0,"(1, 512)","(1, 128)",dp_stress
185,stress_layer_22,Linear,MM,256,512,128,0.052,0.0643,0.0,"(1, 512)","(1, 128)",dp_stress
185,stress_layer_23,Linear,MM,256,512,128,0.557,0.3495,0.75,"(1, 512)","(1, 128)",dp_stress
185,stress_layer_24,Linear,MM,256,512,128,0.0019,0.0641,0.0,"(1, 512)","(1, 128)",dp_stress
185,stress_layer_25,Linear,MM,256,512,128,0.0475,0.1278,0.0,"(1, 512)","(1, 128)",dp_stress
185,stress_layer_26,Linear,MM,256,512,128,0.0529,0.1471,0.0,"(1, 512)","(1, 128)",dp_stress
185,stress_layer_27,Linear,MM,256,512,128,0.0469,0.0226,0.0,"(1, 512)","(1, 128)",dp_stress
185,stress_layer_28,Linear,MM,256,512,128,0.032,0.0748,0.0,"(1, 512)","(1, 128)",dp_stress
185,stress_layer_29,Linear,MM,256,512,128,0.5434,0.4388,0.75,"(1, 512)","(1, 128)",dp_stress
185,stress_layer_30,Linear,MM,256,512,128,0.0568,0.076,0.0,"(1, 512)","(1, 128)",dp_stress
185,stress_layer_31,Linear,MM,256,512,128,0.0893,0.094,0.0,"(1, 512)","(1, 128)",dp_stress
185,stress_layer_32,Linear,MM,256,512,128,0.0533,0.1237,0.0,"(1, 512)","(1, 128)",dp_stress
185,stress_layer_33,Linear,MM,256,512,128,0.0468,0.0346,0.0,"(1, 512)","(1, 128)",dp_stress
185,stress_layer_34,Linear,MM,256,512,128,0.0595,0.1462,0.0,"(1, 512)","(1, 128)",dp_stress
185,stress_layer_35,Linear,MM,256,512,128,0.5802,0.4207,0.75,"(1, 512)","(1, 128)",dp_stress
185,stress_layer_36,Linear,MM,256,512,128,0.0407,0.1219,0.0,"(1, 512)","(1, 128)",dp_stress
185,stress_layer_37,Linear,MM,256,512,128,0.0888,0.0071,0.0,"(1, 512)","(1, 128)",dp_stress
185,stress_layer_38,Linear,MM,256,512,128,0.0803,0.0769,0.0,"(1, 512)","(1, 128)",dp_stress
185,stress_layer_39,Linear,MM,256,512,128,0.0136,0.0456,0.0,"(1, 512)","(1, 128)",dp_stress
186,stress_layer_0,Linear,MM,256,512,128,0.0808,0.0657,0.0,"(1, 512)","(1, 128)",dp_stress
186,stress_layer_1,Linear,MM,256,512,128,0.0808,0.0959,0.0,"(1, 512)","(1, 128)",dp_stress
186,stress_layer_2,Linear,MM,256,512,128,0.0562,0.14,0.0,"(1, 512)","(1, 128)",dp_stress
186,stress_layer_3,Linear,MM,256,512,128,0.0017,0.1256,0.0,"(1, 512)","(1, 128)",dp_stress
186,stress_layer_4,Linear,MM,256,512,128,0.0143,0.124,0.0,"(1, 512)","(1, 128)",dp_stress
186,stress_layer_5,Linear,MM,256,512,128,0.5339,0.3855,0.75,"(1, 512)","(1, 128)",dp_stress
186,stress_layer_6,Linear,MM,256,512,128,0.0219,0.0007,0.0,"(1, 512)","(1, 128)",dp_stress
186,stress_layer_7,Linear,MM,256,512,128,0.0348,0.1411,0.0,"(1, 512)","(1, 128)",dp_stress
186,stress_layer_8,Linear,MM,256,512,128,0.0642,0.0919,0.0,"(1, 512)","(1, 128)",dp_stress
186,stress_layer_9,Linear,MM,256,512,128,0.0024,0.1307,0.0,"(1, 512)","(1, 128)",dp_stress
186,stress_layer_10,Linear,MM,256,512,128,0.03,0.0235,0.0,"(1, 512)","(1, 128)",dp_stress
186,stress_layer_11,Linear,MM,256,512,128,0.5832,0.4007,0.75,"(1, 512)","(1, 128)",dp_stress
186,stress_layer_12,Linear,MM,256,512,128,0.0754,0.1257,0.0,"(1, 512)","(1, 128)",dp_stress
186,stress_layer_13,Linear,MM,256,512,128,0.0333,0.1428,0.0,"(1, 512)","(1, 128)",dp_stress
186,stress_layer_14,Linear,MM,256,512,128,0.0444,0.0045,0.0,"(1, 512)","(1, 128)",dp_stress
186,stress_layer_15,Linear,MM,256,512,128,0.0403,0.1352,0.0,"(1, 512)","(1, 128)",dp_stress
186,stress_layer_16,Linear,MM,256,512,128,0.0565,0.1338,0.0,"(1, 512)","(1, 128)",dp_stress
186,stress_layer_17,Linear,MM,256,512,128,0.5512,0.3069,0.75,"(1, 512)","(1, 128)",dp_stress
186,stress_layer_18,Linear,MM,256,512,128,0.0832,0.0333,0.0,"(1, 512)","(1, 128)",dp_stress
186,stress_layer_19,Linear,MM,256,512,128,0.0021,0.0546,0.0,"(1, 512)","(1, 128)",dp_stress
186,stress_layer_20,Linear,MM,256,512,128,0.0528,0.0864,0.0,"(1, 512)","(1, 128)",dp_stress
186,stress_layer_21,Linear,MM,256,512,128,0.0537,0.0614,0.0,"(1, 512)","(1, 128)",dp_stress
186,stress_layer_22,Linear,MM,256,512,128,0.0613,0.0296,0.0,"(1, 512)","(1, 128)",dp_stress
186,stress_layer_23,Linear,MM,256,512,128,0.5616,0.4155,0.75,"(1, 512)","(1, 128)",dp_stress
186,stress_layer_24,Linear,MM,256,512,128,0.0552,0.1003,0.0,"(1, 512)","(1, 128)",dp_stress
186,stress_layer_25,Linear,MM,256,512,128,0.0605,0.0725,0.0,"(1, 512)","(1, 128)",dp_stress
186,stress_layer_26,Linear,MM,256,512,128,0.0697,0.0663,0.0,"(1, 512)","(1, 128)",dp_stress
186,stress_layer_27,Linear,MM,256,512,128,0.0993,0.0791,0.0,"(1, 512)","(1, 128)",dp_stress
186,stress_layer_28,Linear,MM,256,512,128,0.0972,0.1136,0.0,"(1, 512)","(1, 128)",dp_stress
186,stress_layer_29,Linear,MM,256,512,128,0.6755,0.4075,0.75,"(1, 512)","(1, 128)",dp_stress
186,stress_layer_30,Linear,MM,256,512,128,0.0169,0.0352,0.0,"(1, 512)","(1, 128)",dp_stress
186,stress_layer_31,Linear,MM,256,512,128,0.0112,0.1207,0.0,"(1, 512)","(1, 128)",dp_stress
186,stress_layer_32,Linear,MM,256,512,128,0.0895,0.1094,0.0,"(1, 512)","(1, 128)",dp_stress
186,stress_layer_33,Linear,MM,256,512,128,0.035,0.0652,0.0,"(1, 512)","(1, 128)",dp_stress
186,stress_layer_34,Linear,MM,256,512,128,0.0746,0.0627,0.0,"(1, 512)","(1, 128)",dp_stress
186,stress_layer_35,Linear,MM,256,512,128,0.6793,0.3366,0.75,"(1, 512)","(1, 128)",dp_stress
186,stress_layer_36,Linear,MM,256,512,128,0.0139,0.0085,0.0,"(1, 512)","(1, 128)",dp_stress
186,stress_layer_37,Linear,MM,256,512,128,0.0968,0.0466,0.0,"(1, 512)","(1, 128)",dp_stress
186,stress_layer_38,Linear,MM,256,512,128,0.0742,0.1214,0.0,"(1, 512)","(1, 128)",dp_stress
186,stress_layer_39,Linear,MM,256,512,128,0.0682,0.0093,0.0,"(1, 512)","(1, 128)",dp_stress
187,stress_layer_0,Linear,MM,256,512,128,0.0839,0.0499,0.0,"(1, 512)","(1, 128)",dp_stress
187,stress_layer_1,Linear,MM,256,512,128,0.0548,0.092,0.0,"(1, 512)","(1, 128)",dp_stress
187,stress_layer_2,Linear,MM,256,512,128,0.0612,0.1143,0.0,"(1, 512)","(1, 128)",dp_stress
187,stress_layer_3,Linear,MM,256,512,128,0.0359,0.1389,0.0,"(1, 512)","(1, 128)",dp_stress
187,stress_layer_4,Linear,MM,256,512,128,0.0902,0.0244,0.0,"(1, 512)","(1, 128)",dp_stress
187,stress_layer_5,Linear,MM,256,512,128,0.5628,0.3088,0.75,"(1, 512)","(1, 128)",dp_stress
187,stress_layer_6,Linear,MM,256,512,128,0.0216,0.0232,0.0,"(1, 512)","(1, 128)",dp_stress
187,stress_layer_7,Linear,MM,256,512,128,0.0229,0.0843,0.0,"(1, 512)","(1, 128)",dp_stress
187,stress_layer_8,Linear,MM,256,512,128,0.0449,0.0957,0.0,"(1, 512)","(1, 128)",dp_stress
187,stress_layer_9,Linear,MM,256,512,128,0.0528,0.0959,0.0,"(1, 512)","(1, 128)",dp_stress
187,stress_layer_10,Linear,MM,256,512,128,0.0896,0.0269,0.0,"(1, 512)","(1, 128)",dp_stress
187,stress_layer_11,Linear,MM,256,512,128,0.6372,0.4627,0.75,"(1, 512)","(1, 128)",dp_stress
187,stress_layer_12,Linear,MM,256,512,128,0.0462,0.1007,0.0,"(1, 512)","(1, 128)",dp_stress
187,stress_layer_13,Linear,MM,256,512,128,0.0276,0.1115,0.0,"(1, 512)","(1, 128)",dp_stress
187,stress_layer_14,Linear,MM,256,512,128,0.0559,0.1283,0.0,"(1, 512)","(1, 128)",dp_stress
187,stress_layer_15,Linear,MM,256,512,128,0.0533,0.1445,0.0,"(1, 512)","(1, 128)",dp_stress
187,stress_layer_16,Linear,MM,256,512,128,0.0922,0.1067,0.0,"(1, 512)","(1, 128)",dp_stress
187,stress_layer_17,Linear,MM,256,512,128,0.525,0.4818,0.75,"(1, 512)","(1, 128)",dp_stress
187,stress_layer_18,Linear,MM,256,512,128,0.0978,0.0509,0.0,"(1, 512)","(1, 128)",dp_stress
187,stress_layer_19,Linear,MM,256,512,128,0.0813,0.0581,0.0,"(1, 512)","(1, 128)",dp_stress
187,stress_layer_20,Linear,MM,256,512,128,0.0065,0.0334,0.0,"(1, 512)","(1, 128)",dp_stress
187,stress_layer_21,Linear,MM,256,512,128,0.0266,0.071,0.0,"(1, 512)","(1, 128)",dp_stress
187,stress_layer_22,Linear,MM,256,512,128,0.0029,0.0448,0.0,"(1, 512)","(1, 128)",dp_stress
187,stress_layer_23,Linear,MM,256,512,128,0.6117,0.3931,0.75,"(1, 512)","(1, 128)",dp_stress
187,stress_layer_24,Linear,MM,256,512,128,0.0111,0.0814,0.0,"(1, 512)","(1, 128)",dp_stress
187,stress_layer_25,Linear,MM,256,512,128,0.0563,0.0465,0.0,"(1, 512)","(1, 128)",dp_stress
187,stress_layer_26,Linear,MM,256,512,128,0.0213,0.1019,0.0,"(1, 512)","(1, 128)",dp_stress
187,stress_layer_27,Linear,MM,256,512,128,0.0808,0.104,0.0,"(1, 512)","(1, 128)",dp_stress
187,stress_layer_28,Linear,MM,256,512,128,0.0086,0.0166,0.0,"(1, 512)","(1, 128)",dp_stress
187,stress_layer_29,Linear,MM,256,512,128,0.5354,0.4352,0.75,"(1, 512)","(1, 128)",dp_stress
187,stress_layer_30,Linear,MM,256,512,128,0.0911,0.1423,0.0,"(1, 512)","(1, 128)",dp_stress
187,stress_layer_31,Linear,MM,256,512,128,0.0104,0.0554,0.0,"(1, 512)","(1, 128)",dp_stress
187,stress_layer_32,Linear,MM,256,512,128,0.0154,0.1457,0.0,"(1, 512)","(1, 128)",dp_stress
187,stress_layer_33,Linear,MM,256,512,128,0.0105,0.0988,0.0,"(1, 512)","(1, 128)",dp_stress
187,stress_layer_34,Linear,MM,256,512,128,0.0382,0.0528,0.0,"(1, 512)","(1, 128)",dp_stress
187,stress_layer_35,Linear,MM,256,512,128,0.5079,0.392,0.75,"(1, 512)","(1, 128)",dp_stress
187,stress_layer_36,Linear,MM,256,512,128,0.0841,0.1122,0.0,"(1, 512)","(1, 128)",dp_stress
187,stress_layer_37,Linear,MM,256,512,128,0.0859,0.0446,0.0,"(1, 512)","(1, 128)",dp_stress
187,stress_layer_38,Linear,MM,256,512,128,0.0949,0.1462,0.0,"(1, 512)","(1, 128)",dp_stress
187,stress_layer_39,Linear,MM,256,512,128,0.0995,0.0803,0.0,"(1, 512)","(1, 128)",dp_stress
188,stress_layer_0,Linear,MM,256,512,128,0.0876,0.0454,0.0,"(1, 512)","(1, 128)",dp_stress
188,stress_layer_1,Linear,MM,256,512,128,0.057,0.0533,0.0,"(1, 512)","(1, 128)",dp_stress
188,stress_layer_2,Linear,MM,256,512,128,0.0841,0.1238,0.0,"(1, 512)","(1, 128)",dp_stress
188,stress_layer_3,Linear,MM,256,512,128,0.0868,0.0334,0.0,"(1, 512)","(1, 128)",dp_stress
188,stress_layer_4,Linear,MM,256,512,128,0.0458,0.0656,0.0,"(1, 512)","(1, 128)",dp_stress
188,stress_layer_5,Linear,MM,256,512,128,0.6166,0.3921,0.75,"(1, 512)","(1, 128)",dp_stress
188,stress_layer_6,Linear,MM,256,512,128,0.0402,0.0981,0.0,"(1, 512)","(1, 128)",dp_stress
188,stress_layer_7,Linear,MM,256,512,128,0.0597,0.04,0.0,"(1, 512)","(1, 128)",dp_stress
188,stress_layer_8,Linear,MM,256,512,128,0.045,0.0625,0.0,"(1, 512)","(1, 128)",dp_stress
188,stress_layer_9,Linear,MM,256,512,128,0.0273,0.1479,0.0,"(1, 512)","(1, 128)",dp_stress
188,stress_layer_10,Linear,MM,256,512,128,0.0152,0.0232,0.0,"(1, 512)","(1, 128)",dp_stress
188,stress_layer_11,Linear,MM,256,512,128,0.6639,0.3647,0.75,"(1, 512)","(1, 128)",dp_stress
188,stress_layer_12,Linear,MM,256,512,128,0.0144,0.119,0.0,"(1, 512)","(1, 128)",dp_stress
188,stress_layer_13,Linear,MM,256,512,128,0.0167,0.1343,0.0,"(1, 512)","(1, 128)",dp_stress
188,stress_layer_14,Linear,MM,256,512,128,0.0311,0.0858,0.0,"(1, 512)","(1, 128)",dp_stress
188,stress_layer_15,Linear,MM,256,512,128,0.082,0.0477,0.0,"(1, 512)","(1, 128)",dp_stress
188,stress_layer_16,Linear,MM,256,512,128,0.0572,0.1164,0.0,"(1, 512)","(1, 128)",dp_stress
188,stress_layer_17,Linear,MM,256,512,128,0.5197,0.4851,0.75,"(1, 512)","(1, 128)",dp_stress
188,stress_layer_18,Linear,MM,256,512,128,0.0728,0.1034,0.0,"(1, 512)","(1, 128)",dp_stress
188,stress_layer_19,Linear,MM,256,512,128,0.0513,0.1163,0.0,"(1, 512)","(1, 128)",dp_stress
188,stress_layer_20,Linear,MM,256,512,128,0.0293,0.1051,0.0,"(1, 512)","(1, 128)",dp_stress
188,stress_layer_21,Linear,MM,256,512,128,0.0354,0.03,0.0,"(1, 512)","(1, 128)",dp_stress
188,stress_layer_22,Linear,MM,256,512,128,0.0423,0.0287,0.0,"(1, 512)","(1, 128)",dp_stress
188,stress_layer_23,Linear,MM,256,512,128,0.6922,0.4831,0.75,"(1, 512)","(1, 128)",dp_stress
188,stress_layer_24,Linear,MM,256,512,128,0.036,0.0598,0.0,"(1, 512)","(1, 128)",dp_stress
188,stress_layer_25,Linear,MM,256,512,128,0.0171,0.0896,0.0,"(1, 512)","(1, 128)",dp_stress
188,stress_layer_26,Linear,MM,256,512,128,0.0401,0.1114,0.0,"(1, 512)","(1, 128)",dp_stress
188,stress_layer_27,Linear,MM,256,512,128,0.0745,0.0998,0.0,"(1, 512)","(1, 128)",dp_stress
188,stress_layer_28,Linear,MM,256,512,128,0.0125,0.1001,0.0,"(1, 512)","(1, 128)",dp_stress
188,stress_layer_29,Linear,MM,256,512,128,0.5147,0.3901,0.75,"(1, 512)","(1, 128)",dp_stress
188,stress_layer_30,Linear,MM,256,512,128,0.0122,0.0041,0.0,"(1, 512)","(1, 128)",dp_stress
188,stress_layer_31,Linear,MM,256,512,128,0.0311,0.0548,0.0,"(1, 512)","(1, 128)",dp_stress
188,stress_layer_32,Linear,MM,256,512,128,0.0101,0.0742,0.0,"(1, 512)","(1, 128)",dp_stress
188,stress_layer_33,Linear,MM,256,512,128,0.0127,0.0202,0.0,"(1, 512)","(1, 128)",dp_stress
188,stress_layer_34,Linear,MM,256,512,128,0.0007,0.1333,0.0,"(1, 512)","(1, 128)",dp_stress
188,stress_layer_35,Linear,MM,256,512,128,0.6253,0.3403,0.75,"(1, 512)","(1, 128)",dp_stress
188,stress_layer_36,Linear,MM,256,512,128,0.0266,0.0542,0.0,"(1, 512)","(1, 128)",dp_stress
188,stress_layer_37,Linear,MM,256,512,128,0.0774,0.1155,0.0,"(1, 512)","(1, 128)",dp_stress
188,stress_layer_38,Linear,MM,256,512,128,0.0075,0.0958,0.0,"(1, 512)","(1, 128)",dp_stress
188,stress_layer_39,Linear,MM,256,512,128,0.0538,0.0502,0.0,"(1, 512)","(1, 128)",dp_stress
189,stress_layer_0,Linear,MM,256,512,128,0.0964,0.0745,0.0,"(1, 512)","(1, 128)",dp_stress
189,stress_layer_1,Linear,MM,256,512,128,0.0145,0.1494,0.0,"(1, 512)","(1, 128)",dp_stress
189,stress_layer_2,Linear,MM,256,512,128,0.0062,0.0469,0.0,"(1, 512)","(1, 128)",dp_stress
189,stress_layer_3,Linear,MM,256,512,128,0.0363,0.1423,0.0,"(1, 512)","(1, 128)",dp_stress
189,stress_layer_4,Linear,MM,256,512,128,0.0616,0.0454,0.0,"(1, 512)","(1, 128)",dp_stress
189,stress_layer_5,Linear,MM,256,512,128,0.5068,0.4651,0.75,"(1, 512)","(1, 128)",dp_stress
189,stress_layer_6,Linear,MM,256,512,128,0.0801,0.1005,0.0,"(1, 512)","(1, 128)",dp_stress
189,stress_layer_7,Linear,MM,256,512,128,0.03,0.0672,0.0,"(1, 512)","(1, 128)",dp_stress
189,stress_layer_8,Linear,MM,256,512,128,0.005,0.1243,0.0,"(1, 512)","(1, 128)",dp_stress
189,stress_layer_9,Linear,MM,256,512,128,0.0886,0.0751,0.0,"(1, 512)","(1, 128)",dp_stress
189,stress_layer_10,Linear,MM,256,512,128,0.0811,0.1158,0.0,"(1, 512)","(1, 128)",dp_stress
189,stress_layer_11,Linear,MM,256,512,128,0.5242,0.4012,0.75,"(1, 512)","(1, 128)",dp_stress
189,stress_layer_12,Linear,MM,256,512,128,0.0706,0.1415,0.0,"(1, 512)","(1, 128)",dp_stress
189,stress_layer_13,Linear,MM,256,512,128,0.0233,0.1047,0.0,"(1, 512)","(1, 128)",dp_stress
189,stress_layer_14,Linear,MM,256,512,128,0.0953,0.1177,0.0,"(1, 512)","(1, 128)",dp_stress
189,stress_layer_15,Linear,MM,256,512,128,0.0767,0.0423,0.0,"(1, 512)","(1, 128)",dp_stress
189,stress_layer_16,Linear,MM,256,512,128,0.0629,0.0855,0.0,"(1, 512)","(1, 128)",dp_stress
189,stress_layer_17,Linear,MM,256,512,128,0.6396,0.4757,0.75,"(1, 512)","(1, 128)",dp_stress
189,stress_layer_18,Linear,MM,256,512,128,0.0827,0.0884,0.0,"(1, 512)","(1, 128)",dp_stress
189,stress_layer_19,Linear,MM,256,512,128,0.0099,0.0938,0.0,"(1, 512)","(1, 128)",dp_stress
189,stress_layer_20,Linear,MM,256,512,128,0.0748,0.0908,0.0,"(1, 512)","(1, 128)",dp_stress
189,stress_layer_21,Linear,MM,256,512,128,0.0531,0.0172,0.0,"(1, 512)","(1, 128)",dp_stress
189,stress_layer_22,Linear,MM,256,512,128,0.0786,0.0912,0.0,"(1, 512)","(1, 128)",dp_stress
189,stress_layer_23,Linear,MM,256,512,128,0.6361,0.3113,0.75,"(1, 512)","(1, 128)",dp_stress
189,stress_layer_24,Linear,MM,256,512,128,0.0917,0.0391,0.0,"(1, 512)","(1, 128)",dp_stress
189,stress_layer_25,Linear,MM,256,512,128,0.0132,0.0235,0.0,"(1, 512)","(1, 128)",dp_stress
189,stress_layer_26,Linear,MM,256,512,128,0.0306,0.1342,0.0,"(1, 512)","(1, 128)",dp_stress
189,stress_layer_27,Linear,MM,256,512,128,0.055,0.0331,0.0,"(1, 512)","(1, 128)",dp_stress
189,stress_layer_28,Linear,MM,256,512,128,0.011,0.1411,0.0,"(1, 512)","(1, 128)",dp_stress
189,stress_layer_29,Linear,MM,256,512,128,0.5082,0.4166,0.75,"(1, 512)","(1, 128)",dp_stress
189,stress_layer_30,Linear,MM,256,512,128,0.079,0.0879,0.0,"(1, 512)","(1, 128)",dp_stress
189,stress_layer_31,Linear,MM,256,512,128,0.0416,0.0233,0.0,"(1, 512)","(1, 128)",dp_stress
189,stress_layer_32,Linear,MM,256,512,128,0.0309,0.1372,0.0,"(1, 512)","(1, 128)",dp_stress
189,stress_layer_33,Linear,MM,256,512,128,0.0821,0.067,0.0,"(1, 512)","(1, 128)",dp_stress
189,stress_layer_34,Linear,MM,256,512,128,0.0025,0.0558,0.0,"(1, 512)","(1, 128)",dp_stress
189,stress_layer_35,Linear,MM,256,512,128,0.6975,0.3927,0.75,"(1, 512)","(1, 128)",dp_stress
189,stress_layer_36,Linear,MM,256,512,128,0.0367,0.0616,0.0,"(1, 512)","(1, 128)",dp_stress
189,stress_layer_37,Linear,MM,256,512,128,0.0856,0.0597,0.0,"(1, 512)","(1, 128)",dp_stress
189,stress_layer_38,Linear,MM,256,512,128,0.0039,0.0092,0.0,"(1, 512)","(1, 128)",dp_stress
189,stress_layer_39,Linear,MM,256,512,128,0.082,0.0644,0.0,"(1, 512)","(1, 128)",dp_stress
190,stress_layer_0,Linear,MM,256,512,128,0.0767,0.0143,0.0,"(1, 512)","(1, 128)",dp_stress
190,stress_layer_1,Linear,MM,256,512,128,0.0442,0.041,0.0,"(1, 512)","(1, 128)",dp_stress
190,stress_layer_2,Linear,MM,256,512,128,0.0119,0.021,0.0,"(1, 512)","(1, 128)",dp_stress
190,stress_layer_3,Linear,MM,256,512,128,0.0063,0.1207,0.0,"(1, 512)","(1, 128)",dp_stress
190,stress_layer_4,Linear,MM,256,512,128,0.0136,0.0868,0.0,"(1, 512)","(1, 128)",dp_stress
190,stress_layer_5,Linear,MM,256,512,128,0.554,0.404,0.75,"(1, 512)","(1, 128)",dp_stress
190,stress_layer_6,Linear,MM,256,512,128,0.0391,0.084,0.0,"(1, 512)","(1, 128)",dp_stress
190,stress_layer_7,Linear,MM,256,512,128,0.0487,0.0657,0.0,"(1, 512)","(1, 128)",dp_stress
190,stress_layer_8,Linear,MM,256,512,128,0.0045,0.1491,0.0,"(1, 512)","(1, 128)",dp_stress
190,stress_layer_9,Linear,MM,256,512,128,0.0809,0.1397,0.0,"(1, 512)","(1, 128)",dp_stress
190,stress_layer_10,Linear,MM,256,512,128,0.0797,0.0554,0.0,"(1, 512)","(1, 128)",dp_stress
190,stress_layer_11,Linear,MM,256,512,128,0.5464,0.4731,0.75,"(1, 512)","(1, 128)",dp_stress
190,stress_layer_12,Linear,MM,256,512,128,0.0644,0.1482,0.0,"(1, 512)","(1, 128)",dp_stress
190,stress_layer_13,Linear,MM,256,512,128,0.0875,0.1375,0.0,"(1, 512)","(1, 128)",dp_stress
190,stress_layer_14,Linear,MM,256,512,128,0.0496,0.0803,0.0,"(1, 512)","(1, 128)",dp_stress
190,stress_layer_15,Linear,MM,256,512,128,0.056,0.1297,0.0,"(1, 512)","(1, 128)",dp_stress
190,stress_layer_16,Linear,MM,256,512,128,0.014,0.1223,0.0,"(1, 512)","(1, 128)",dp_stress
190,stress_layer_17,Linear,MM,256,512,128,0.6671,0.4888,0.75,"(1, 512)","(1, 128)",dp_stress
190,stress_layer_18,Linear,MM,256,512,128,0.0557,0.0175,0.0,"(1, 512)","(1, 128)",dp_stress
190,stress_layer_19,Linear,MM,256,512,128,0.0493,0.0656,0.0,"(1, 512)","(1, 128)",dp_stress
190,stress_layer_20,Linear,MM,256,512,128,0.0065,0.1406,0.0,"(1, 512)","(1, 128)",dp_stress
190,stress_layer_21,Linear,MM,256,512,128,0.055,0.0353,0.0,"(1, 512)","(1, 128)",dp_stress
190,stress_layer_22,Linear,MM,256,512,128,0.0784,0.1374,0.0,"(1, 512)","(1, 128)",dp_stress
190,stress_layer_23,Linear,MM,256,512,128,0.6056,0.496,0.75,"(1, 512)","(1, 128)",dp_stress
190,stress_layer_24,Linear,MM,256,512,128,0.045,0.1473,0.0,"(1, 512)","(1, 128)",dp_stress
190,stress_layer_25,Linear,MM,256,512,128,0.0226,0.1112,0.0,"(1, 512)","(1, 128)",dp_stress
190,stress_layer_26,Linear,MM,256,512,128,0.0501,0.1196,0.0,"(1, 512)","(1, 128)",dp_stress
190,stress_layer_27,Linear,MM,256,512,128,0.0834,0.1234,0.0,"(1, 512)","(1, 128)",dp_stress
190,stress_layer_28,Linear,MM,256,512,128,0.0313,0.0668,0.0,"(1, 512)","(1, 128)",dp_stress
190,stress_layer_29,Linear,MM,256,512,128,0.6155,0.3757,0.75,"(1, 512)","(1, 128)",dp_stress
190,stress_layer_30,Linear,MM,256,512,128,0.0548,0.0093,0.0,"(1, 512)","(1, 128)",dp_stress
190,stress_layer_31,Linear,MM,256,512,128,0.0092,0.1164,0.0,"(1, 512)","(1, 128)",dp_stress
190,stress_layer_32,Linear,MM,256,512,128,0.0902,0.0012,0.0,"(1, 512)","(1, 128)",dp_stress
190,stress_layer_33,Linear,MM,256,512,128,0.0938,0.0035,0.0,"(1, 512)","(1, 128)",dp_stress
190,stress_layer_34,Linear,MM,256,512,128,0.0135,0.0822,0.0,"(1, 512)","(1, 128)",dp_stress
190,stress_layer_35,Linear,MM,256,512,128,0.6839,0.3921,0.75,"(1, 512)","(1, 128)",dp_stress
190,stress_layer_36,Linear,MM,256,512,128,0.0843,0.1465,0.0,"(1, 512)","(1, 128)",dp_stress
190,stress_layer_37,Linear,MM,256,512,128,0.0654,0.1428,0.0,"(1, 512)","(1, 128)",dp_stress
190,stress_layer_38,Linear,MM,256,512,128,0.0438,0.1339,0.0,"(1, 512)","(1, 128)",dp_stress
190,stress_layer_39,Linear,MM,256,512,128,0.063,0.1078,0.0,"(1, 512)","(1, 128)",dp_stress
191,stress_layer_0,Linear,MM,256,512,128,0.0388,0.1142,0.0,"(1, 512)","(1, 128)",dp_stress
191,stress_layer_1,Linear,MM,256,512,128,0.0245,0.0564,0.0,"(1, 512)","(1, 128)",dp_stress
191,stress_layer_2,Linear,MM,256,512,128,0.0687,0.1196,0.0,"(1, 512)","(1, 128)",dp_stress
191,stress_layer_3,Linear,MM,256,512,128,0.0718,0.0172,0.0,"(1, 512)","(1, 128)",dp_stress
191,stress_layer_4,Linear,MM,256,512,128,0.0639,0.0083,0.0,"(1, 512)","(1, 128)",dp_stress
191,stress_layer_5,Linear,MM,256,512,128,0.6783,0.4652,0.75,"(1, 512)","(1, 128)",dp_stress
191,stress_layer_6,Linear,MM,256,512,128,0.0707,0.1039,0.0,"(1, 512)","(1, 128)",dp_stress
191,stress_layer_7,Linear,MM,256,512,128,0.0675,0.095,0.0,"(1, 512)","(1, 128)",dp_stress
191,stress_layer_8,Linear,MM,256,512,128,0.0564,0.0373,0.0,"(1, 512)","(1, 128)",dp_stress
191,stress_layer_9,Linear,MM,256,512,128,0.0531,0.1388,0.0,"(1, 512)","(1, 128)",dp_stress
191,stress_layer_10,Linear,MM,256,512,128,0.0647,0.0709,0.0,"(1, 512)","(1, 128)",dp_stress
191,stress_layer_11,Linear,MM,256,512,128,0.5626,0.4679,0.75,"(1, 512)","(1, 128)",dp_stress
191,stress_layer_12,Linear,MM,256,512,128,0.0734,0.0515,0.0,"(1, 512)","(1, 128)",dp_stress
191,stress_layer_13,Linear,MM,256,512,128,0.0212,0.108,0.0,"(1, 512)","(1, 128)",dp_stress
191,stress_layer_14,Linear,MM,256,512,128,0.0208,0.0051,0.0,"(1, 512)","(1, 128)",dp_stress
191,stress_layer_15,Linear,MM,256,512,128,0.0331,0.0882,0.0,"(1, 512)","(1, 128)",dp_stress
191,stress_layer_16,Linear,MM,256,512,128,0.0547,0.1182,0.0,"(1, 512)","(1, 128)",dp_stress
191,stress_layer_17,Linear,MM,256,512,128,0.6982,0.3743,0.75,"(1, 512)","(1, 128)",dp_stress
191,stress_layer_18,Linear,MM,256,512,128,0.0916,0.0892,0.0,"(1, 512)","(1, 128)",dp_stress
191,stress_layer_19,Linear,MM,256,512,128,0.017,0.0773,0.0,"(1, 512)","(1, 128)",dp_stress
191,stress_layer_20,Linear,MM,256,512,128,0.0999,0.0619,0.0,"(1, 512)","(1, 128)",dp_stress
191,stress_layer_21,Linear,MM,256,512,128,0.0409,0.0136,0.0,"(1, 512)","(1, 128)",dp_stress
191,stress_layer_22,Linear,MM,256,512,128,0.0426,0.1353,0.0,"(1, 512)","(1, 128)",dp_stress
191,stress_layer_23,Linear,MM,256,512,128,0.6335,0.3893,0.75,"(1, 512)","(1, 128)",dp_stress
191,stress_layer_24,Linear,MM,256,512,128,0.0965,0.0155,0.0,"(1, 512)","(1, 128)",dp_stress
191,stress_layer_25,Linear,MM,256,512,128,0.0581,0.0729,0.0,"(1, 512)","(1, 128)",dp_stress
191,stress_layer_26,Linear,MM,256,512,128,0.0457,0.0518,0.0,"(1, 512)","(1, 128)",dp_stress
191,stress_layer_27,Linear,MM,256,512,128,0.0252,0.1097,0.0,"(1, 512)","(1, 128)",dp_stress
191,stress_layer_28,Linear,MM,256,512,128,0.051,0.0584,0.0,"(1, 512)","(1, 128)",dp_stress
191,stress_layer_29,Linear,MM,256,512,128,0.5237,0.4032,0.75,"(1, 512)","(1, 128)",dp_stress
191,stress_layer_30,Linear,MM,256,512,128,0.0396,0.1207,0.0,"(1, 512)","(1, 128)",dp_stress
191,stress_layer_31,Linear,MM,256,512,128,0.0143,0.0968,0.0,"(1, 512)","(1, 128)",dp_stress
191,stress_layer_32,Linear,MM,256,512,128,0.0711,0.03,0.0,"(1, 512)","(1, 128)",dp_stress
191,stress_layer_33,Linear,MM,256,512,128,0.0824,0.0593,0.0,"(1, 512)","(1, 128)",dp_stress
191,stress_layer_34,Linear,MM,256,512,128,0.0794,0.0966,0.0,"(1, 512)","(1, 128)",dp_stress
191,stress_layer_35,Linear,MM,256,512,128,0.6763,0.451,0.75,"(1, 512)","(1, 128)",dp_stress
191,stress_layer_36,Linear,MM,256,512,128,0.0805,0.0162,0.0,"(1, 512)","(1, 128)",dp_stress
191,stress_layer_37,Linear,MM,256,512,128,0.0839,0.1026,0.0,"(1, 512)","(1, 128)",dp_stress
191,stress_layer_38,Linear,MM,256,512,128,0.0228,0.1301,0.0,"(1, 512)","(1, 128)",dp_stress
191,stress_layer_39,Linear,MM,256,512,128,0.0217,0.0711,0.0,"(1, 512)","(1, 128)",dp_stress
192,stress_layer_0,Linear,MM,256,512,128,0.0513,0.0976,0.0,"(1, 512)","(1, 128)",dp_stress
192,stress_layer_1,Linear,MM,256,512,128,0.0051,0.0066,0.0,"(1, 512)","(1, 128)",dp_stress
192,stress_layer_2,Linear,MM,256,512,128,0.0438,0.0678,0.0,"(1, 512)","(1, 128)",dp_stress
192,stress_layer_3,Linear,MM,256,512,128,0.0988,0.0635,0.0,"(1, 512)","(1, 128)",dp_stress
192,stress_layer_4,Linear,MM,256,512,128,0.0757,0.0396,0.0,"(1, 512)","(1, 128)",dp_stress
192,stress_layer_5,Linear,MM,256,512,128,0.6478,0.4178,0.75,"(1, 512)","(1, 128)",dp_stress
192,stress_layer_6,Linear,MM,256,512,128,0.0102,0.0733,0.0,"(1, 512)","(1, 128)",dp_stress
192,stress_layer_7,Linear,MM,256,512,128,0.0824,0.0327,0.0,"(1, 512)","(1, 128)",dp_stress
192,stress_layer_8,Linear,MM,256,512,128,0.0525,0.0573,0.0,"(1, 512)","(1, 128)",dp_stress
192,stress_layer_9,Linear,MM,256,512,128,0.0331,0.0008,0.0,"(1, 512)","(1, 128)",dp_stress
192,stress_layer_10,Linear,MM,256,512,128,0.0184,0.0199,0.0,"(1, 512)","(1, 128)",dp_stress
192,stress_layer_11,Linear,MM,256,512,128,0.6499,0.348,0.75,"(1, 512)","(1, 128)",dp_stress
192,stress_layer_12,Linear,MM,256,512,128,0.0408,0.0554,0.0,"(1, 512)","(1, 128)",dp_stress
192,stress_layer_13,Linear,MM,256,512,128,0.0065,0.0532,0.0,"(1, 512)","(1, 128)",dp_stress
192,stress_layer_14,Linear,MM,256,512,128,0.0704,0.0663,0.0,"(1, 512)","(1, 128)",dp_stress
192,stress_layer_15,Linear,MM,256,512,128,0.0002,0.0368,0.0,"(1, 512)","(1, 128)",dp_stress
192,stress_layer_16,Linear,MM,256,512,128,0.0154,0.0739,0.0,"(1, 512)","(1, 128)",dp_stress
192,stress_layer_17,Linear,MM,256,512,128,0.544,0.3456,0.75,"(1, 512)","(1, 128)",dp_stress
192,stress_layer_18,Linear,MM,256,512,128,0.0361,0.0751,0.0,"(1, 512)","(1, 128)",dp_stress
192,stress_layer_19,Linear,MM,256,512,128,0.0164,0.0424,0.0,"(1, 512)","(1, 128)",dp_stress
192,stress_layer_20,Linear,MM,256,512,128,0.0964,0.0809,0.0,"(1, 512)","(1, 128)",dp_stress
192,stress_layer_21,Linear,MM,256,512,128,0.0513,0.0346,0.0,"(1, 512)","(1, 128)",dp_stress
192,stress_layer_22,Linear,MM,256,512,128,0.0775,0.08,0.0,"(1, 512)","(1, 128)",dp_stress
192,stress_layer_23,Linear,MM,256,512,128,0.6951,0.4799,0.75,"(1, 512)","(1, 128)",dp_stress
192,stress_layer_24,Linear,MM,256,512,128,0.0196,0.0044,0.0,"(1, 512)","(1, 128)",dp_stress
192,stress_layer_25,Linear,MM,256,512,128,0.0628,0.0087,0.0,"(1, 512)","(1, 128)",dp_stress
192,stress_layer_26,Linear,MM,256,512,128,0.0376,0.0353,0.0,"(1, 512)","(1, 128)",dp_stress
192,stress_layer_27,Linear,MM,256,512,128,0.0027,0.0226,0.0,"(1, 512)","(1, 128)",dp_stress
192,stress_layer_28,Linear,MM,256,512,128,0.0681,0.0354,0.0,"(1, 512)","(1, 128)",dp_stress
192,stress_layer_29,Linear,MM,256,512,128,0.549,0.4627,0.75,"(1, 512)","(1, 128)",dp_stress
192,stress_layer_30,Linear,MM,256,512,128,0.0776,0.1352,0.0,"(1, 512)","(1, 128)",dp_stress
192,stress_layer_31,Linear,MM,256,512,128,0.0784,0.1088,0.0,"(1, 512)","(1, 128)",dp_stress
192,stress_layer_32,Linear,MM,256,512,128,0.0584,0.0995,0.0,"(1, 512)","(1, 128)",dp_stress
192,stress_layer_33,Linear,MM,256,512,128,0.0607,0.0238,0.0,"(1, 512)","(1, 128)",dp_stress
192,stress_layer_34,Linear,MM,256,512,128,0.0416,0.0947,0.0,"(1, 512)","(1, 128)",dp_stress
192,stress_layer_35,Linear,MM,256,512,128,0.5103,0.3652,0.75,"(1, 512)","(1, 128)",dp_stress
192,stress_layer_36,Linear,MM,256,512,128,0.0173,0.0379,0.0,"(1, 512)","(1, 128)",dp_stress
192,stress_layer_37,Linear,MM,256,512,128,0.0217,0.0648,0.0,"(1, 512)","(1, 128)",dp_stress
192,stress_layer_38,Linear,MM,256,512,128,0.0157,0.1135,0.0,"(1, 512)","(1, 128)",dp_stress
192,stress_layer_39,Linear,MM,256,512,128,0.0938,0.0238,0.0,"(1, 512)","(1, 128)",dp_stress
193,stress_layer_0,Linear,MM,256,512,128,0.0374,0.0442,0.0,"(1, 512)","(1, 128)",dp_stress
193,stress_layer_1,Linear,MM,256,512,128,0.0318,0.072,0.0,"(1, 512)","(1, 128)",dp_stress
193,stress_layer_2,Linear,MM,256,512,128,0.0844,0.1077,0.0,"(1, 512)","(1, 128)",dp_stress
193,stress_layer_3,Linear,MM,256,512,128,0.0139,0.0814,0.0,"(1, 512)","(1, 128)",dp_stress
193,stress_layer_4,Linear,MM,256,512,128,0.07,0.1418,0.0,"(1, 512)","(1, 128)",dp_stress
193,stress_layer_5,Linear,MM,256,512,128,0.6859,0.4967,0.75,"(1, 512)","(1, 128)",dp_stress
193,stress_layer_6,Linear,MM,256,512,128,0.0099,0.1051,0.0,"(1, 512)","(1, 128)",dp_stress
193,stress_layer_7,Linear,MM,256,512,128,0.0065,0.0519,0.0,"(1, 512)","(1, 128)",dp_stress
193,stress_layer_8,Linear,MM,256,512,128,0.0384,0.0567,0.0,"(1, 512)","(1, 128)",dp_stress
193,stress_layer_9,Linear,MM,256,512,128,0.0362,0.0553,0.0,"(1, 512)","(1, 128)",dp_stress
193,stress_layer_10,Linear,MM,256,512,128,0.0615,0.0305,0.0,"(1, 512)","(1, 128)",dp_stress
193,stress_layer_11,Linear,MM,256,512,128,0.5984,0.3489,0.75,"(1, 512)","(1, 128)",dp_stress
193,stress_layer_12,Linear,MM,256,512,128,0.0059,0.0844,0.0,"(1, 512)","(1, 128)",dp_stress
193,stress_layer_13,Linear,MM,256,512,128,0.0896,0.1244,0.0,"(1, 512)","(1, 128)",dp_stress
193,stress_layer_14,Linear,MM,256,512,128,0.01,0.1156,0.0,"(1, 512)","(1, 128)",dp_stress
193,stress_layer_15,Linear,MM,256,512,128,0.0314,0.0623,0.0,"(1, 512)","(1, 128)",dp_stress
193,stress_layer_16,Linear,MM,256,512,128,0.0821,0.0959,0.0,"(1, 512)","(1, 128)",dp_stress
193,stress_layer_17,Linear,MM,256,512,128,0.65,0.4565,0.75,"(1, 512)","(1, 128)",dp_stress
193,stress_layer_18,Linear,MM,256,512,128,0.0556,0.0443,0.0,"(1, 512)","(1, 128)",dp_stress
193,stress_layer_19,Linear,MM,256,512,128,0.0397,0.1479,0.0,"(1, 512)","(1, 128)",dp_stress
193,stress_layer_20,Linear,MM,256,512,128,0.0752,0.0296,0.0,"(1, 512)","(1, 128)",dp_stress
193,stress_layer_21,Linear,MM,256,512,128,0.0474,0.0711,0.0,"(1, 512)","(1, 128)",dp_stress
193,stress_layer_22,Linear,MM,256,512,128,0.0146,0.0258,0.0,"(1, 512)","(1, 128)",dp_stress
193,stress_layer_23,Linear,MM,256,512,128,0.6304,0.332,0.75,"(1, 512)","(1, 128)",dp_stress
193,stress_layer_24,Linear,MM,256,512,128,0.0548,0.0191,0.0,"(1, 512)","(1, 128)",dp_stress
193,stress_layer_25,Linear,MM,256,512,128,0.0309,0.0882,0.0,"(1, 512)","(1, 128)",dp_stress
193,stress_layer_26,Linear,MM,256,512,128,0.0868,0.0105,0.0,"(1, 512)","(1, 128)",dp_stress
193,stress_layer_27,Linear,MM,256,512,128,0.0188,0.0518,0.0,"(1, 512)","(1, 128)",dp_stress
193,stress_layer_28,Linear,MM,256,512,128,0.0258,0.1261,0.0,"(1, 512)","(1, 128)",dp_stress
193,stress_layer_29,Linear,MM,256,512,128,0.5081,0.3937,0.75,"(1, 512)","(1, 128)",dp_stress
193,stress_layer_30,Linear,MM,256,512,128,0.0385,0.1494,0.0,"(1, 512)","(1, 128)",dp_stress
193,stress_layer_31,Linear,MM,256,512,128,0.0169,0.0243,0.0,"(1, 512)","(1, 128)",dp_stress
193,stress_layer_32,Linear,MM,256,512,128,0.0362,0.0595,0.0,"(1, 512)","(1, 128)",dp_stress
193,stress_layer_33,Linear,MM,256,512,128,0.0003,0.1416,0.0,"(1, 512)","(1, 128)",dp_stress
193,stress_layer_34,Linear,MM,256,512,128,0.0127,0.0429,0.0,"(1, 512)","(1, 128)",dp_stress
193,stress_layer_35,Linear,MM,256,512,128,0.6368,0.4956,0.75,"(1, 512)","(1, 128)",dp_stress
193,stress_layer_36,Linear,MM,256,512,128,0.0457,0.005,0.0,"(1, 512)","(1, 128)",dp_stress
193,stress_layer_37,Linear,MM,256,512,128,0.0231,0.0106,0.0,"(1, 512)","(1, 128)",dp_stress
193,stress_layer_38,Linear,MM,256,512,128,0.0402,0.0614,0.0,"(1, 512)","(1, 128)",dp_stress
193,stress_layer_39,Linear,MM,256,512,128,0.073,0.0929,0.0,"(1, 512)","(1, 128)",dp_stress
194,stress_layer_0,Linear,MM,256,512,128,0.0109,0.0283,0.0,"(1, 512)","(1, 128)",dp_stress
194,stress_layer_1,Linear,MM,256,512,128,0.0187,0.0702,0.0,"(1, 512)","(1, 128)",dp_stress
194,stress_layer_2,Linear,MM,256,512,128,0.0489,0.1047,0.0,"(1, 512)","(1, 128)",dp_stress
194,stress_layer_3,Linear,MM,256,512,128,0.0059,0.1483,0.0,"(1, 512)","(1, 128)",dp_stress
194,stress_layer_4,Linear,MM,256,512,128,0.0404,0.0248,0.0,"(1, 512)","(1, 128)",dp_stress
194,stress_layer_5,Linear,MM,256,512,128,0.6738,0.3672,0.75,"(1, 512)","(1, 128)",dp_stress
194,stress_layer_6,Linear,MM,256,512,128,0.0365,0.1452,0.0,"(1, 512)","(1, 128)",dp_stress
194,stress_layer_7,Linear,MM,256,512,128,0.0952,0.0943,0.0,"(1, 512)","(1, 128)",dp_stress
194,stress_layer_8,Linear,MM,256,512,128,0.0932,0.113,0.0,"(1, 512)","(1, 128)",dp_stress
194,stress_layer_9,Linear,MM,256,512,128,0.0309,0.0968,0.0,"(1, 512)","(1, 128)",dp_stress
194,stress_layer_10,Linear,MM,256,512,128,0.0105,0.0688,0.0,"(1, 512)","(1, 128)",dp_stress
194,stress_layer_11,Linear,MM,256,512,128,0.5527,0.3156,0.75,"(1, 512)","(1, 128)",dp_stress
194,stress_layer_12,Linear,MM,256,512,128,0.0388,0.0482,0.0,"(1, 512)","(1, 128)",dp_stress
194,stress_layer_13,Linear,MM,256,512,128,0.0471,0.1109,0.0,"(1, 512)","(1, 128)",dp_stress
194,stress_layer_14,Linear,MM,256,512,128,0.0783,0.083,0.0,"(1, 512)","(1, 128)",dp_stress
194,stress_layer_15,Linear,MM,256,512,128,0.0443,0.1309,0.0,"(1, 512)","(1, 128)",dp_stress
194,stress_layer_16,Linear,MM,256,512,128,0.0799,0.1132,0.0,"(1, 512)","(1, 128)",dp_stress
194,stress_layer_17,Linear,MM,256,512,128,0.692,0.414,0.75,"(1, 512)","(1, 128)",dp_stress
194,stress_layer_18,Linear,MM,256,512,128,0.0356,0.0694,0.0,"(1, 512)","(1, 128)",dp_stress
194,stress_layer_19,Linear,MM,256,512,128,0.089,0.0728,0.0,"(1, 512)","(1, 128)",dp_stress
194,stress_layer_20,Linear,MM,256,512,128,0.0324,0.1207,0.0,"(1, 512)","(1, 128)",dp_stress
194,stress_layer_21,Linear,MM,256,512,128,0.098,0.0903,0.0,"(1, 512)","(1, 128)",dp_stress
194,stress_layer_22,Linear,MM,256,512,128,0.068,0.0288,0.0,"(1, 512)","(1, 128)",dp_stress
194,stress_layer_23,Linear,MM,256,512,128,0.6501,0.3303,0.75,"(1, 512)","(1, 128)",dp_stress
194,stress_layer_24,Linear,MM,256,512,128,0.0728,0.0218,0.0,"(1, 512)","(1, 128)",dp_stress
194,stress_layer_25,Linear,MM,256,512,128,0.0886,0.1156,0.0,"(1, 512)","(1, 128)",dp_stress
194,stress_layer_26,Linear,MM,256,512,128,0.0145,0.0114,0.0,"(1, 512)","(1, 128)",dp_stress
194,stress_layer_27,Linear,MM,256,512,128,0.0593,0.1046,0.0,"(1, 512)","(1, 128)",dp_stress
194,stress_layer_28,Linear,MM,256,512,128,0.068,0.0332,0.0,"(1, 512)","(1, 128)",dp_stress
194,stress_layer_29,Linear,MM,256,512,128,0.6872,0.3887,0.75,"(1, 512)","(1, 128)",dp_stress
194,stress_layer_30,Linear,MM,256,512,128,0.0828,0.0616,0.0,"(1, 512)","(1, 128)",dp_stress
194,stress_layer_31,Linear,MM,256,512,128,0.0833,0.0061,0.0,"(1, 512)","(1, 128)",dp_stress
194,stress_layer_32,Linear,MM,256,512,128,0.0528,0.111,0.0,"(1, 512)","(1, 128)",dp_stress
194,stress_layer_33,Linear,MM,256,512,128,0.0239,0.1473,0.0,"(1, 512)","(1, 128)",dp_stress
194,stress_layer_34,Linear,MM,256,512,128,0.0878,0.0167,0.0,"(1, 512)","(1, 128)",dp_stress
194,stress_layer_35,Linear,MM,256,512,128,0.5215,0.3502,0.75,"(1, 512)","(1, 128)",dp_stress
194,stress_layer_36,Linear,MM,256,512,128,0.0683,0.0452,0.0,"(1, 512)","(1, 128)",dp_stress
194,stress_layer_37,Linear,MM,256,512,128,0.0725,0.0985,0.0,"(1, 512)","(1, 128)",dp_stress
194,stress_layer_38,Linear,MM,256,512,128,0.0119,0.1058,0.0,"(1, 512)","(1, 128)",dp_stress
194,stress_layer_39,Linear,MM,256,512,128,0.0264,0.1432,0.0,"(1, 512)","(1, 128)",dp_stress
195,stress_layer_0,Linear,MM,256,512,128,0.0719,0.0736,0.0,"(1, 512)","(1, 128)",dp_stress
195,stress_layer_1,Linear,MM,256,512,128,0.0473,0.062,0.0,"(1, 512)","(1, 128)",dp_stress
195,stress_layer_2,Linear,MM,256,512,128,0.0212,0.1276,0.0,"(1, 512)","(1, 128)",dp_stress
195,stress_layer_3,Linear,MM,256,512,128,0.0861,0.0813,0.0,"(1, 512)","(1, 128)",dp_stress
195,stress_layer_4,Linear,MM,256,512,128,0.0858,0.1378,0.0,"(1, 512)","(1, 128)",dp_stress
195,stress_layer_5,Linear,MM,256,512,128,0.5116,0.4974,0.75,"(1, 512)","(1, 128)",dp_stress
195,stress_layer_6,Linear,MM,256,512,128,0.0152,0.0556,0.0,"(1, 512)","(1, 128)",dp_stress
195,stress_layer_7,Linear,MM,256,512,128,0.0731,0.0176,0.0,"(1, 512)","(1, 128)",dp_stress
195,stress_layer_8,Linear,MM,256,512,128,0.0753,0.0552,0.0,"(1, 512)","(1, 128)",dp_stress
195,stress_layer_9,Linear,MM,256,512,128,0.044,0.0507,0.0,"(1, 512)","(1, 128)",dp_stress
195,stress_layer_10,Linear,MM,256,512,128,0.0696,0.0001,0.0,"(1, 512)","(1, 128)",dp_stress
195,stress_layer_11,Linear,MM,256,512,128,0.6406,0.4638,0.75,"(1, 512)","(1, 128)",dp_stress
195,stress_layer_12,Linear,MM,256,512,128,0.0905,0.0547,0.0,"(1, 512)","(1, 128)",dp_stress
195,stress_layer_13,Linear,MM,256,512,128,0.0967,0.1447,0.0,"(1, 512)","(1, 128)",dp_stress
195,stress_layer_14,Linear,MM,256,512,128,0.0595,0.016,0.0,"(1, 512)","(1, 128)",dp_stress
195,stress_layer_15,Linear,MM,256,512,128,0.0467,0.0305,0.0,"(1, 512)","(1, 128)",dp_stress
195,stress_layer_16,Linear,MM,256,512,128,0.0762,0.0581,0.0,"(1, 512)","(1, 128)",dp_stress
195,stress_layer_17,Linear,MM,256,512,128,0.5465,0.4149,0.75,"(1, 512)","(1, 128)",dp_stress
195,stress_layer_18,Linear,MM,256,512,128,0.0066,0.0039,0.0,"(1, 512)","(1, 128)",dp_stress
195,stress_layer_19,Linear,MM,256,512,128,0.082,0.0796,0.0,"(1, 512)","(1, 128)",dp_stress
195,stress_layer_20,Linear,MM,256,512,128,0.0909,0.1204,0.0,"(1, 512)","(1, 128)",dp_stress
195,stress_layer_21,Linear,MM,256,512,128,0.0468,0.0036,0.0,"(1, 512)","(1, 128)",dp_stress
195,stress_layer_22,Linear,MM,256,512,128,0.0009,0.0047,0.0,"(1, 512)","(1, 128)",dp_stress
195,stress_layer_23,Linear,MM,256,512,128,0.6935,0.4271,0.75,"(1, 512)","(1, 128)",dp_stress
195,stress_layer_24,Linear,MM,256,512,128,0.0234,0.0421,0.0,"(1, 512)","(1, 128)",dp_stress
195,stress_layer_25,Linear,MM,256,512,128,0.0137,0.0428,0.0,"(1, 512)","(1, 128)",dp_stress
195,stress_layer_26,Linear,MM,256,512,128,0.0969,0.0572,0.0,"(1, 512)","(1, 128)",dp_stress
195,stress_layer_27,Linear,MM,256,512,128,0.0531,0.0069,0.0,"(1, 512)","(1, 128)",dp_stress
195,stress_layer_28,Linear,MM,256,512,128,0.0933,0.1025,0.0,"(1, 512)","(1, 128)",dp_stress
195,stress_layer_29,Linear,MM,256,512,128,0.6627,0.3803,0.75,"(1, 512)","(1, 128)",dp_stress
195,stress_layer_30,Linear,MM,256,512,128,0.0209,0.0444,0.0,"(1, 512)","(1, 128)",dp_stress
195,stress_layer_31,Linear,MM,256,512,128,0.0902,0.0908,0.0,"(1, 512)","(1, 128)",dp_stress
195,stress_layer_32,Linear,MM,256,512,128,0.0544,0.1253,0.0,"(1, 512)","(1, 128)",dp_stress
195,stress_layer_33,Linear,MM,256,512,128,0.0652,0.0713,0.0,"(1, 512)","(1, 128)",dp_stress
195,stress_layer_34,Linear,MM,256,512,128,0.0232,0.0828,0.0,"(1, 512)","(1, 128)",dp_stress
195,stress_layer_35,Linear,MM,256,512,128,0.675,0.3563,0.75,"(1, 512)","(1, 128)",dp_stress
195,stress_layer_36,Linear,MM,256,512,128,0.0246,0.0009,0.0,"(1, 512)","(1, 128)",dp_stress
195,stress_layer_37,Linear,MM,256,512,128,0.0017,0.0442,0.0,"(1, 512)","(1, 128)",dp_stress
195,stress_layer_38,Linear,MM,256,512,128,0.0648,0.0203,0.0,"(1, 512)","(1, 128)",dp_stress
195,stress_layer_39,Linear,MM,256,512,128,0.0501,0.0197,0.0,"(1, 512)","(1, 128)",dp_stress
196,stress_layer_0,Linear,MM,256,512,128,0.0439,0.0242,0.0,"(1, 512)","(1, 128)",dp_stress
196,stress_layer_1,Linear,MM,256,512,128,0.0791,0.0453,0.0,"(1, 512)","(1, 128)",dp_stress
196,stress_layer_2,Linear,MM,256,512,128,0.084,0.1195,0.0,"(1, 512)","(1, 128)",dp_stress
196,stress_layer_3,Linear,MM,256,512,128,0.0228,0.044,0.0,"(1, 512)","(1, 128)",dp_stress
196,stress_layer_4,Linear,MM,256,512,128,0.0515,0.0863,0.0,"(1, 512)","(1, 128)",dp_stress
196,stress_layer_5,Linear,MM,256,512,128,0.6025,0.4702,0.75,"(1, 512)","(1, 128)",dp_stress
196,stress_layer_6,Linear,MM,256,512,128,0.0255,0.062,0.0,"(1, 512)","(1, 128)",dp_stress
196,stress_layer_7,Linear,MM,256,512,128,0.0608,0.0485,0.0,"(1, 512)","(1, 128)",dp_stress
196,stress_layer_8,Linear,MM,256,512,128,0.0956,0.0429,0.0,"(1, 512)","(1, 128)",dp_stress
196,stress_layer_9,Linear,MM,256,512,128,0.0043,0.0658,0.0,"(1, 512)","(1, 128)",dp_stress
196,stress_layer_10,Linear,MM,256,512,128,0.0304,0.0035,0.0,"(1, 512)","(1, 128)",dp_stress
196,stress_layer_11,Linear,MM,256,512,128,0.5102,0.3012,0.75,"(1, 512)","(1, 128)",dp_stress
196,stress_layer_12,Linear,MM,256,512,128,0.0069,0.0747,0.0,"(1, 512)","(1, 128)",dp_stress
196,stress_layer_13,Linear,MM,256,512,128,0.0985,0.0679,0.0,"(1, 512)","(1, 128)",dp_stress
196,stress_layer_14,Linear,MM,256,512,128,0.0771,0.1258,0.0,"(1, 512)","(1, 128)",dp_stress
196,stress_layer_15,Linear,MM,256,512,128,0.0998,0.0733,0.0,"(1, 512)","(1, 128)",dp_stress
196,stress_layer_16,Linear,MM,256,512,128,0.0326,0.0459,0.0,"(1, 512)","(1, 128)",dp_stress
196,stress_layer_17,Linear,MM,256,512,128,0.5671,0.37,0.75,"(1, 512)","(1, 128)",dp_stress
196,stress_layer_18,Linear,MM,256,512,128,0.0832,0.1201,0.0,"(1, 512)","(1, 128)",dp_stress
196,stress_layer_19,Linear,MM,256,512,128,0.0115,0.1279,0.0,"(1, 512)","(1, 128)",dp_stress
196,stress_layer_20,Linear,MM,256,512,128,0.0849,0.0614,0.0,"(1, 512)","(1, 128)",dp_stress
196,stress_layer_21,Linear,MM,256,512,128,0.0557,0.0737,0.0,"(1, 512)","(1, 128)",dp_stress
196,stress_layer_22,Linear,MM,256,512,128,0.0252,0.0811,0.0,"(1, 512)","(1, 128)",dp_stress
196,stress_layer_23,Linear,MM,256,512,128,0.616,0.3177,0.75,"(1, 512)","(1, 128)",dp_stress
196,stress_layer_24,Linear,MM,256,512,128,0.0834,0.1163,0.0,"(1, 512)","(1, 128)",dp_stress
196,stress_layer_25,Linear,MM,256,512,128,0.0574,0.0463,0.0,"(1, 512)","(1, 128)",dp_stress
196,stress_layer_26,Linear,MM,256,512,128,0.0069,0.0403,0.0,"(1, 512)","(1, 128)",dp_stress
196,stress_layer_27,Linear,MM,256,512,128,0.0879,0.1111,0.0,"(1, 512)","(1, 128)",dp_stress
196,stress_layer_28,Linear,MM,256,512,128,0.0008,0.0833,0.0,"(1, 512)","(1, 128)",dp_stress
196,stress_layer_29,Linear,MM,256,512,128,0.569,0.3194,0.75,"(1, 512)","(1, 128)",dp_stress
196,stress_layer_30,Linear,MM,256,512,128,0.0373,0.1095,0.0,"(1, 512)","(1, 128)",dp_stress
196,stress_layer_31,Linear,MM,256,512,128,0.0054,0.1068,0.0,"(1, 512)","(1, 128)",dp_stress
196,stress_layer_32,Linear,MM,256,512,128,0.0714,0.1136,0.0,"(1, 512)","(1, 128)",dp_stress
196,stress_layer_33,Linear,MM,256,512,128,0.0261,0.0892,0.0,"(1, 512)","(1, 128)",dp_stress
196,stress_layer_34,Linear,MM,256,512,128,0.0217,0.0289,0.0,"(1, 512)","(1, 128)",dp_stress
196,stress_layer_35,Linear,MM,256,512,128,0.6238,0.4937,0.75,"(1, 512)","(1, 128)",dp_stress
196,stress_layer_36,Linear,MM,256,512,128,0.0814,0.1086,0.0,"(1, 512)","(1, 128)",dp_stress
196,stress_layer_37,Linear,MM,256,512,128,0.0193,0.1103,0.0,"(1, 512)","(1, 128)",dp_stress
196,stress_layer_38,Linear,MM,256,512,128,0.0636,0.0757,0.0,"(1, 512)","(1, 128)",dp_stress
196,stress_layer_39,Linear,MM,256,512,128,0.0672,0.096,0.0,"(1, 512)","(1, 128)",dp_stress
197,stress_layer_0,Linear,MM,256,512,128,0.0651,0.0565,0.0,"(1, 512)","(1, 128)",dp_stress
197,stress_layer_1,Linear,MM,256,512,128,0.0865,0.0305,0.0,"(1, 512)","(1, 128)",dp_stress
197,stress_layer_2,Linear,MM,256,512,128,0.0216,0.0283,0.0,"(1, 512)","(1, 128)",dp_stress
197,stress_layer_3,Linear,MM,256,512,128,0.0297,0.0972,0.0,"(1, 512)","(1, 128)",dp_stress
197,stress_layer_4,Linear,MM,256,512,128,0.0597,0.1203,0.0,"(1, 512)","(1, 128)",dp_stress
197,stress_layer_5,Linear,MM,256,512,128,0.6689,0.4218,0.75,"(1, 512)","(1, 128)",dp_stress
197,stress_layer_6,Linear,MM,256,512,128,0.0058,0.0501,0.0,"(1, 512)","(1, 128)",dp_stress
197,stress_layer_7,Linear,MM,256,512,128,0.0428,0.11,0.0,"(1, 512)","(1, 128)",dp_stress
197,stress_layer_8,Linear,MM,256,512,128,0.0491,0.0033,0.0,"(1, 512)","(1, 128)",dp_stress
197,stress_layer_9,Linear,MM,256,512,128,0.0117,0.0687,0.0,"(1, 512)","(1, 128)",dp_stress
197,stress_layer_10,Linear,MM,256,512,128,0.0541,0.1066,0.0,"(1, 512)","(1, 128)",dp_stress
197,stress_layer_11,Linear,MM,256,512,128,0.597,0.4295,0.75,"(1, 512)","(1, 128)",dp_stress
197,stress_layer_12,Linear,MM,256,512,128,0.0396,0.0072,0.0,"(1, 512)","(1, 128)",dp_stress
197,stress_layer_13,Linear,MM,256,512,128,0.0888,0.0722,0.0,"(1, 512)","(1, 128)",dp_stress
197,stress_layer_14,Linear,MM,256,512,128,0.0672,0.1351,0.0,"(1, 512)","(1, 128)",dp_stress
197,stress_layer_15,Linear,MM,256,512,128,0.0209,0.1302,0.0,"(1, 512)","(1, 128)",dp_stress
197,stress_layer_16,Linear,MM,256,512,128,0.0634,0.1173,0.0,"(1, 512)","(1, 128)",dp_stress
197,stress_layer_17,Linear,MM,256,512,128,0.6939,0.4028,0.75,"(1, 512)","(1, 128)",dp_stress
197,stress_layer_18,Linear,MM,256,512,128,0.0106,0.0501,0.0,"(1, 512)","(1, 128)",dp_stress
197,stress_layer_19,Linear,MM,256,512,128,0.0574,0.0158,0.0,"(1, 512)","(1, 128)",dp_stress
197,stress_layer_20,Linear,MM,256,512,128,0.0623,0.1059,0.0,"(1, 512)","(1, 128)",dp_stress
197,stress_layer_21,Linear,MM,256,512,128,0.0588,0.0044,0.0,"(1, 512)","(1, 128)",dp_stress
197,stress_layer_22,Linear,MM,256,512,128,0.0423,0.0431,0.0,"(1, 512)","(1, 128)",dp_stress
197,stress_layer_23,Linear,MM,256,512,128,0.5019,0.3368,0.75,"(1, 512)","(1, 128)",dp_stress
197,stress_layer_24,Linear,MM,256,512,128,0.0885,0.1302,0.0,"(1, 512)","(1, 128)",dp_stress
197,stress_layer_25,Linear,MM,256,512,128,0.0179,0.1456,0.0,"(1, 512)","(1, 128)",dp_stress
197,stress_layer_26,Linear,MM,256,512,128,0.0555,0.0819,0.0,"(1, 512)","(1, 128)",dp_stress
197,stress_layer_27,Linear,MM,256,512,128,0.0083,0.0379,0.0,"(1, 512)","(1, 128)",dp_stress
197,stress_layer_28,Linear,MM,256,512,128,0.0618,0.06,0.0,"(1, 512)","(1, 128)",dp_stress
197,stress_layer_29,Linear,MM,256,512,128,0.5969,0.3411,0.75,"(1, 512)","(1, 128)",dp_stress
197,stress_layer_30,Linear,MM,256,512,128,0.0814,0.1045,0.0,"(1, 512)","(1, 128)",dp_stress
197,stress_layer_31,Linear,MM,256,512,128,0.0689,0.039,0.0,"(1, 512)","(1, 128)",dp_stress
197,stress_layer_32,Linear,MM,256,512,128,0.0802,0.0614,0.0,"(1, 512)","(1, 128)",dp_stress
197,stress_layer_33,Linear,MM,256,512,128,0.0792,0.0256,0.0,"(1, 512)","(1, 128)",dp_stress
197,stress_layer_34,Linear,MM,256,512,128,0.0554,0.0276,0.0,"(1, 512)","(1, 128)",dp_stress
197,stress_layer_35,Linear,MM,256,512,128,0.6755,0.4103,0.75,"(1, 512)","(1, 128)",dp_stress
197,stress_layer_36,Linear,MM,256,512,128,0.0029,0.1336,0.0,"(1, 512)","(1, 128)",dp_stress
197,stress_layer_37,Linear,MM,256,512,128,0.0004,0.1311,0.0,"(1, 512)","(1, 128)",dp_stress
197,stress_layer_38,Linear,MM,256,512,128,0.0146,0.0253,0.0,"(1, 512)","(1, 128)",dp_stress
197,stress_layer_39,Linear,MM,256,512,128,0.058,0.0543,0.0,"(1, 512)","(1, 128)",dp_stress
198,stress_layer_0,Linear,MM,256,512,128,0.015,0.0579,0.0,"(1, 512)","(1, 128)",dp_stress
198,stress_layer_1,Linear,MM,256,512,128,0.0391,0.1439,0.0,"(1, 512)","(1, 128)",dp_stress
198,stress_layer_2,Linear,MM,256,512,128,0.0677,0.1354,0.0,"(1, 512)","(1, 128)",dp_stress
198,stress_layer_3,Linear,MM,256,512,128,0.0921,0.0298,0.0,"(1, 512)","(1, 128)",dp_stress
198,stress_layer_4,Linear,MM,256,512,128,0.0987,0.0413,0.0,"(1, 512)","(1, 128)",dp_stress
198,stress_layer_5,Linear,MM,256,512,128,0.5124,0.4738,0.75,"(1, 512)","(1, 128)",dp_stress
198,stress_layer_6,Linear,MM,256,512,128,0.041,0.1401,0.0,"(1, 512)","(1, 128)",dp_stress
198,stress_layer_7,Linear,MM,256,512,128,0.0945,0.0253,0.0,"(1, 512)","(1, 128)",dp_stress
198,stress_layer_8,Linear,MM,256,512,128,0.0804,0.0118,0.0,"(1, 512)","(1, 128)",dp_stress
198,stress_layer_9,Linear,MM,256,512,128,0.0326,0.0144,0.0,"(1, 512)","(1, 128)",dp_stress
198,stress_layer_10,Linear,MM,256,512,128,0.0942,0.0375,0.0,"(1, 512)","(1, 128)",dp_stress
198,stress_layer_11,Linear,MM,256,512,128,0.6971,0.3121,0.75,"(1, 512)","(1, 128)",dp_stress
198,stress_layer_12,Linear,MM,256,512,128,0.0103,0.1218,0.0,"(1, 512)","(1, 128)",dp_stress
198,stress_layer_13,Linear,MM,256,512,128,0.055,0.0048,0.0,"(1, 512)","(1, 128)",dp_stress
198,stress_layer_14,Linear,MM,256,512,128,0.0146,0.0949,0.0,"(1, 512)","(1, 128)",dp_stress
198,stress_layer_15,Linear,MM,256,512,128,0.056,0.0043,0.0,"(1, 512)","(1, 128)",dp_stress
198,stress_layer_16,Linear,MM,256,512,128,0.0379,0.037,0.0,"(1, 512)","(1, 128)",dp_stress
198,stress_layer_17,Linear,MM,256,512,128,0.5944,0.3924,0.75,"(1, 512)","(1, 128)",dp_stress
198,stress_layer_18,Linear,MM,256,512,128,0.0391,0.1465,0.0,"(1, 512)","(1, 128)",dp_stress
198,stress_layer_19,Linear,MM,256,512,128,0.0141,0.1456,0.0,"(1, 512)","(1, 128)",dp_stress
198,stress_layer_20,Linear,MM,256,512,128,0.0353,0.0905,0.0,"(1, 512)","(1, 128)",dp_stress
198,stress_layer_21,Linear,MM,256,512,128,0.0925,0.0166,0.0,"(1, 512)","(1, 128)",dp_stress
198,stress_layer_22,Linear,MM,256,512,128,0.026,0.0186,0.0,"(1, 512)","(1, 128)",dp_stress
198,stress_layer_23,Linear,MM,256,512,128,0.6458,0.4907,0.75,"(1, 512)","(1, 128)",dp_stress
198,stress_layer_24,Linear,MM,256,512,128,0.0619,0.1405,0.0,"(1, 512)","(1, 128)",dp_stress
198,stress_layer_25,Linear,MM,256,512,128,0.0154,0.09,0.0,"(1, 512)","(1, 128)",dp_stress
198,stress_layer_26,Linear,MM,256,512,128,0.0942,0.0354,0.0,"(1, 512)","(1, 128)",dp_stress
198,stress_layer_27,Linear,MM,256,512,128,0.0764,0.1309,0.0,"(1, 512)","(1, 128)",dp_stress
198,stress_layer_28,Linear,MM,256,512,128,0.0702,0.1009,0.0,"(1, 512)","(1, 128)",dp_stress
198,stress_layer_29,Linear,MM,256,512,128,0.5799,0.4887,0.75,"(1, 512)","(1, 128)",dp_stress
198,stress_layer_30,Linear,MM,256,512,128,0.0392,0.1016,0.0,"(1, 512)","(1, 128)",dp_stress
198,stress_layer_31,Linear,MM,256,512,128,0.0159,0.03,0.0,"(1, 512)","(1, 128)",dp_stress
198,stress_layer_32,Linear,MM,256,512,128,0.0003,0.0379,0.0,"(1, 512)","(1, 128)",dp_stress
198,stress_layer_33,Linear,MM,256,512,128,0.055,0.0049,0.0,"(1, 512)","(1, 128)",dp_stress
198,stress_layer_34,Linear,MM,256,512,128,0.0946,0.0068,0.0,"(1, 512)","(1, 128)",dp_stress
198,stress_layer_35,Linear,MM,256,512,128,0.6132,0.4785,0.75,"(1, 512)","(1, 128)",dp_stress
198,stress_layer_36,Linear,MM,256,512,128,0.0132,0.0873,0.0,"(1, 512)","(1, 128)",dp_stress
198,stress_layer_37,Linear,MM,256,512,128,0.0267,0.1056,0.0,"(1, 512)","(1, 128)",dp_stress
198,stress_layer_38,Linear,MM,256,512,128,0.0261,0.1469,0.0,"(1, 512)","(1, 128)",dp_stress
198,stress_layer_39,Linear,MM,256,512,128,0.0481,0.0492,0.0,"(1, 512)","(1, 128)",dp_stress
199,stress_layer_0,Linear,MM,256,512,128,0.0407,0.0048,0.0,"(1, 512)","(1, 128)",dp_stress
199,stress_layer_1,Linear,MM,256,512,128,0.0059,0.1159,0.0,"(1, 512)","(1, 128)",dp_stress
199,stress_layer_2,Linear,MM,256,512,128,0.0737,0.1475,0.0,"(1, 512)","(1, 128)",dp_stress
199,stress_layer_3,Linear,MM,256,512,128,0.0452,0.0989,0.0,"(1, 512)","(1, 128)",dp_stress
199,stress_layer_4,Linear,MM,256,512,128,0.0343,0.1183,0.0,"(1, 512)","(1, 128)",dp_stress
199,stress_layer_5,Linear,MM,256,512,128,0.6554,0.3316,0.75,"(1, 512)","(1, 128)",dp_stress
199,stress_layer_6,Linear,MM,256,512,128,0.0626,0.0671,0.0,"(1, 512)","(1, 128)",dp_stress
199,stress_layer_7,Linear,MM,256,512,128,0.0876,0.0235,0.0,"(1, 512)","(1, 128)",dp_stress
199,stress_layer_8,Linear,MM,256,512,128,0.0043,0.0907,0.0,"(1, 512)","(1, 128)",dp_stress
199,stress_layer_9,Linear,MM,256,512,128,0.0837,0.1429,0.0,"(1, 512)","(1, 128)",dp_stress
199,stress_layer_10,Linear,MM,256,512,128,0.0237,0.0642,0.0,"(1, 512)","(1, 128)",dp_stress
199,stress_layer_11,Linear,MM,256,512,128,0.6203,0.4661,0.75,"(1, 512)","(1, 128)",dp_stress
199,stress_layer_12,Linear,MM,256,512,128,0.0624,0.0243,0.0,"(1, 512)","(1, 128)",dp_stress
199,stress_layer_13,Linear,MM,256,512,128,0.0579,0.0784,0.0,"(1, 512)","(1, 128)",dp_stress
199,stress_layer_14,Linear,MM,256,512,128,0.0646,0.0289,0.0,"(1, 512)","(1, 128)",dp_stress
199,stress_layer_15,Linear,MM,256,512,128,0.0428,0.0124,0.0,"(1, 512)","(1, 128)",dp_stress
199,stress_layer_16,Linear,MM,256,512,128,0.0603,0.0889,0.0,"(1, 512)","(1, 128)",dp_stress
199,stress_layer_17,Linear,MM,256,512,128,0.5034,0.3546,0.75,"(1, 512)","(1, 128)",dp_stress
199,stress_layer_18,Linear,MM,256,512,128,0.0184,0.0394,0.0,"(1, 512)","(1, 128)",dp_stress
199,stress_layer_19,Linear,MM,256,512,128,0.0012,0.0051,0.0,"(1, 512)","(1, 128)",dp_stress
199,stress_layer_20,Linear,MM,256,512,128,0.0089,0.0278,0.0,"(1, 512)","(1, 128)",dp_stress
199,stress_layer_21,Linear,MM,256,512,128,0.0367,0.0833,0.0,"(1, 512)","(1, 128)",dp_stress
199,stress_layer_22,Linear,MM,256,512,128,0.0424,0.0945,0.0,"(1, 512)","(1, 128)",dp_stress
199,stress_layer_23,Linear,MM,256,512,128,0.6543,0.3103,0.75,"(1, 512)","(1, 128)",dp_stress
199,stress_layer_24,Linear,MM,256,512,128,0.0072,0.0013,0.0,"(1, 512)","(1, 128)",dp_stress
199,stress_layer_25,Linear,MM,256,512,128,0.0779,0.0728,0.0,"(1, 512)","(1, 128)",dp_stress
199,stress_layer_26,Linear,MM,256,512,128,0.0134,0.0849,0.0,"(1, 512)","(1, 128)",dp_stress
199,stress_layer_27,Linear,MM,256,512,128,0.0044,0.028,0.0,"(1, 512)","(1, 128)",dp_stress
199,stress_layer_28,Linear,MM,256,512,128,0.08,0.1145,0.0,"(1, 512)","(1, 128)",dp_stress
199,stress_layer_29,Linear,MM,256,512,128,0.555,0.3505,0.75,"(1, 512)","(1, 128)",dp_stress
199,stress_layer_30,Linear,MM,256,512,128,0.0419,0.018,0.0,"(1, 512)","(1, 128)",dp_stress
199,stress_layer_31,Linear,MM,256,512,128,0.003,0.0508,0.0,"(1, 512)","(1, 128)",dp_stress
199,stress_layer_32,Linear,MM,256,512,128,0.0598,0.0427,0.0,"(1, 512)","(1, 128)",dp_stress
199,stress_layer_33,Linear,MM,256,512,128,0.0842,0.1161,0.0,"(1, 512)","(1, 128)",dp_stress
199,stress_layer_34,Linear,MM,256,512,128,0.0269,0.0437,0.0,"(1, 512)","(1, 128)",dp_stress
199,stress_layer_35,Linear,MM,256,512,128,0.66,0.3847,0.75,"(1, 512)","(1, 128)",dp_stress
199,stress_layer_36,Linear,MM,256,512,128,0.0326,0.0154,0.0,"(1, 512)","(1, 128)",dp_stress
199,stress_layer_37,Linear,MM,256,512,128,0.0453,0.0077,0.0,"(1, 512)","(1, 128)",dp_stress
199,stress_layer_38,Linear,MM,256,512,128,0.0135,0.143,0.0,"(1, 512)","(1, 128)",dp_stress
199,stress_layer_39,Linear,MM,256,512,128,0.0023,0.0833,0.0,"(1, 512)","(1, 128)",dp_stress
