input_idx,layer_name,layer_type,op_type,M,K,P,input_sparsity,output_sparsity,weight_sparsity,input_shape,output_shape,model_name
0,gcn.aggregate_1,Linear,MM,2048,2048,128,0.9045,0.0286,0.0057,"(1, 2048)","(1, 128)",gcn_synthetic
0,gcn.transform_1,Linear,MM,2048,128,256,0.1439,0.4269,-0.0301,"(1, 128)","(1, 256)",gcn_synthetic
0,gcn.aggregate_2,Linear,MM,2048,2048,256,0.9471,0.0685,-0.0485,"(1, 2048)","(1, 256)",gcn_synthetic
0,gcn.transform_2,Linear,MM,2048,256,128,0.403,0.5187,0.2914,"(1, 256)","(1, 128)",gcn_synthetic
0,gcn.aggregate_3,Linear,MM,2048,2048,128,0.9395,0.006,0.0298,"(1, 2048)","(1, 128)",gcn_synthetic
0,gcn.transform_3,Linear,MM,2048,128,64,0.0365,0.3526,0.4872,"(1, 128)","(1, 64)",gcn_synthetic
0,gcn.aggregate_4,Linear,MM,2048,2048,64,0.8797,0.0532,0.0201,"(1, 2048)","(1, 64)",gcn_synthetic
0,gcn.output,Linear,MM,2048,64,7,0.5173,0.0611,0.7077,"(1, 64)","(1, 7)",gcn_synthetic
1,gcn.aggregate_1,Linear,MM,2048,2048,128,0.9084,0.0323,-0.0251,"(1, 2048)","(1, 128)",gcn_synthetic
1,gcn.transform_1,Linear,MM,2048,128,256,0.0587,0.4893,-0.0128,"(1, 128)","(1, 256)",gcn_synthetic
1,gcn.aggregate_2,Linear,MM,2048,2048,256,0.8138,0.0434,-0.0051,"(1, 2048)","(1, 256)",gcn_synthetic
1,gcn.transform_2,Linear,MM,2048,256,128,0.4277,0.3937,0.244,"(1, 256)","(1, 128)",gcn_synthetic
1,gcn.aggregate_3,Linear,MM,2048,2048,128,0.9384,0.0893,0.0001,"(1, 2048)","(1, 128)",gcn_synthetic
1,gcn.transform_3,Linear,MM,2048,128,64,0.1248,0.3347,0.5138,"(1, 128)","(1, 64)",gcn_synthetic
1,gcn.aggregate_4,Linear,MM,2048,2048,64,0.8476,0.0415,-0.0078,"(1, 2048)","(1, 64)",gcn_synthetic
1,gcn.output,Linear,MM,2048,64,7,0.4449,0.0986,0.7115,"(1, 64)","(1, 7)",gcn_synthetic
2,gcn.aggregate_1,Linear,MM,2048,2048,128,0.8779,0.0613,0.0196,"(1, 2048)","(1, 128)",gcn_synthetic
2,gcn.transform_1,Linear,MM,2048,128,256,0.0686,0.3912,0.0448,"(1, 128)","(1, 256)",gcn_synthetic
2,gcn.aggregate_2,Linear,MM,2048,2048,256,0.8626,0.0681,0.0006,"(1, 2048)","(1, 256)",gcn_synthetic
2,gcn.transform_2,Linear,MM,2048,256,128,0.5008,0.4758,0.3214,"(1, 256)","(1, 128)",gcn_synthetic
2,gcn.aggregate_3,Linear,MM,2048,2048,128,0.9562,0.0675,-0.0155,"(1, 2048)","(1, 128)",gcn_synthetic
2,gcn.transform_3,Linear,MM,2048,128,64,0.0388,0.4717,0.5159,"(1, 128)","(1, 64)",gcn_synthetic
2,gcn.aggregate_4,Linear,MM,2048,2048,64,0.8144,0.0885,0.0283,"(1, 2048)","(1, 64)",gcn_synthetic
2,gcn.output,Linear,MM,2048,64,7,0.3048,0.0594,0.7161,"(1, 64)","(1, 7)",gcn_synthetic
3,gcn.aggregate_1,Linear,MM,2048,2048,128,0.8835,0.0159,0.0094,"(1, 2048)","(1, 128)",gcn_synthetic
3,gcn.transform_1,Linear,MM,2048,128,256,0.0638,0.5076,-0.0166,"(1, 128)","(1, 256)",gcn_synthetic
3,gcn.aggregate_2,Linear,MM,2048,2048,256,0.8832,0.0389,-0.0081,"(1, 2048)","(1, 256)",gcn_synthetic
3,gcn.transform_2,Linear,MM,2048,256,128,0.3914,0.4195,0.2975,"(1, 256)","(1, 128)",gcn_synthetic
3,gcn.aggregate_3,Linear,MM,2048,2048,128,0.9634,0.0995,0.0251,"(1, 2048)","(1, 128)",gcn_synthetic
3,gcn.transform_3,Linear,MM,2048,128,64,0.1186,0.5075,0.4862,"(1, 128)","(1, 64)",gcn_synthetic
3,gcn.aggregate_4,Linear,MM,2048,2048,64,0.8227,0.0399,-0.0146,"(1, 2048)","(1, 64)",gcn_synthetic
3,gcn.output,Linear,MM,2048,64,7,0.4539,0.0667,0.6757,"(1, 64)","(1, 7)",gcn_synthetic
4,gcn.aggregate_1,Linear,MM,2048,2048,128,0.8159,0.0131,0.023,"(1, 2048)","(1, 128)",gcn_synthetic
4,gcn.transform_1,Linear,MM,2048,128,256,0.1693,0.466,-0.0253,"(1, 128)","(1, 256)",gcn_synthetic
4,gcn.aggregate_2,Linear,MM,2048,2048,256,0.9282,0.0385,-0.0217,"(1, 2048)","(1, 256)",gcn_synthetic
4,gcn.transform_2,Linear,MM,2048,256,128,0.3513,0.5487,0.2727,"(1, 256)","(1, 128)",gcn_synthetic
4,gcn.aggregate_3,Linear,MM,2048,2048,128,0.9305,0.0552,0.0142,"(1, 2048)","(1, 128)",gcn_synthetic
4,gcn.transform_3,Linear,MM,2048,128,64,0.0005,0.5965,0.552,"(1, 128)","(1, 64)",gcn_synthetic
4,gcn.aggregate_4,Linear,MM,2048,2048,64,0.9358,0.0208,0.0036,"(1, 2048)","(1, 64)",gcn_synthetic
4,gcn.output,Linear,MM,2048,64,7,0.5706,0.0984,0.6628,"(1, 64)","(1, 7)",gcn_synthetic
5,gcn.aggregate_1,Linear,MM,2048,2048,128,0.8386,0.0564,-0.0086,"(1, 2048)","(1, 128)",gcn_synthetic
5,gcn.transform_1,Linear,MM,2048,128,256,0.1462,0.3483,0.0249,"(1, 128)","(1, 256)",gcn_synthetic
5,gcn.aggregate_2,Linear,MM,2048,2048,256,0.8901,0.0866,-0.0274,"(1, 2048)","(1, 256)",gcn_synthetic
5,gcn.transform_2,Linear,MM,2048,256,128,0.4352,0.4643,0.2934,"(1, 256)","(1, 128)",gcn_synthetic
5,gcn.aggregate_3,Linear,MM,2048,2048,128,0.9084,0.0297,0.0024,"(1, 2048)","(1, 128)",gcn_synthetic
5,gcn.transform_3,Linear,MM,2048,128,64,0.0915,0.5261,0.515,"(1, 128)","(1, 64)",gcn_synthetic
5,gcn.aggregate_4,Linear,MM,2048,2048,64,0.9113,0.0049,0.0162,"(1, 2048)","(1, 64)",gcn_synthetic
5,gcn.output,Linear,MM,2048,64,7,0.3498,0.0781,0.71,"(1, 64)","(1, 7)",gcn_synthetic
6,gcn.aggregate_1,Linear,MM,2048,2048,128,0.843,0.0306,-0.0151,"(1, 2048)","(1, 128)",gcn_synthetic
6,gcn.transform_1,Linear,MM,2048,128,256,0.133,0.5664,0.0064,"(1, 128)","(1, 256)",gcn_synthetic
6,gcn.aggregate_2,Linear,MM,2048,2048,256,0.9044,0.044,0.0304,"(1, 2048)","(1, 256)",gcn_synthetic
6,gcn.transform_2,Linear,MM,2048,256,128,0.4697,0.3255,0.2929,"(1, 256)","(1, 128)",gcn_synthetic
6,gcn.aggregate_3,Linear,MM,2048,2048,128,0.9524,0.0815,0.0111,"(1, 2048)","(1, 128)",gcn_synthetic
6,gcn.transform_3,Linear,MM,2048,128,64,0.1501,0.4722,0.4958,"(1, 128)","(1, 64)",gcn_synthetic
6,gcn.aggregate_4,Linear,MM,2048,2048,64,0.9127,0.0079,0.0051,"(1, 2048)","(1, 64)",gcn_synthetic
6,gcn.output,Linear,MM,2048,64,7,0.573,0.0129,0.7057,"(1, 64)","(1, 7)",gcn_synthetic
7,gcn.aggregate_1,Linear,MM,2048,2048,128,0.8123,0.0138,-0.0282,"(1, 2048)","(1, 128)",gcn_synthetic
7,gcn.transform_1,Linear,MM,2048,128,256,0.1124,0.3367,-0.0375,"(1, 128)","(1, 256)",gcn_synthetic
7,gcn.aggregate_2,Linear,MM,2048,2048,256,0.8302,0.0812,0.0275,"(1, 2048)","(1, 256)",gcn_synthetic
7,gcn.transform_2,Linear,MM,2048,256,128,0.3022,0.4655,0.2971,"(1, 256)","(1, 128)",gcn_synthetic
7,gcn.aggregate_3,Linear,MM,2048,2048,128,0.9839,0.0582,0.0133,"(1, 2048)","(1, 128)",gcn_synthetic
7,gcn.transform_3,Linear,MM,2048,128,64,0.0758,0.5005,0.482,"(1, 128)","(1, 64)",gcn_synthetic
7,gcn.aggregate_4,Linear,MM,2048,2048,64,0.8044,0.0636,-0.021,"(1, 2048)","(1, 64)",gcn_synthetic
7,gcn.output,Linear,MM,2048,64,7,0.4628,0.0067,0.6985,"(1, 64)","(1, 7)",gcn_synthetic
8,gcn.aggregate_1,Linear,MM,2048,2048,128,0.898,0.0996,0.0081,"(1, 2048)","(1, 128)",gcn_synthetic
8,gcn.transform_1,Linear,MM,2048,128,256,0.0205,0.51,0.0294,"(1, 128)","(1, 256)",gcn_synthetic
8,gcn.aggregate_2,Linear,MM,2048,2048,256,0.8992,0.0049,0.0019,"(1, 2048)","(1, 256)",gcn_synthetic
8,gcn.transform_2,Linear,MM,2048,256,128,0.4278,0.5365,0.3292,"(1, 256)","(1, 128)",gcn_synthetic
8,gcn.aggregate_3,Linear,MM,2048,2048,128,0.937,0.0481,-0.011,"(1, 2048)","(1, 128)",gcn_synthetic
8,gcn.transform_3,Linear,MM,2048,128,64,0.1691,0.3561,0.4804,"(1, 128)","(1, 64)",gcn_synthetic
8,gcn.aggregate_4,Linear,MM,2048,2048,64,0.8626,0.0989,0.004,"(1, 2048)","(1, 64)",gcn_synthetic
8,gcn.output,Linear,MM,2048,64,7,0.5755,0.0091,0.6975,"(1, 64)","(1, 7)",gcn_synthetic
9,gcn.aggregate_1,Linear,MM,2048,2048,128,0.8695,0.0502,-0.0054,"(1, 2048)","(1, 128)",gcn_synthetic
9,gcn.transform_1,Linear,MM,2048,128,256,0.0483,0.3287,-0.0022,"(1, 128)","(1, 256)",gcn_synthetic
9,gcn.aggregate_2,Linear,MM,2048,2048,256,0.8357,0.0808,0.044,"(1, 2048)","(1, 256)",gcn_synthetic
9,gcn.transform_2,Linear,MM,2048,256,128,0.3017,0.4455,0.3138,"(1, 256)","(1, 128)",gcn_synthetic
9,gcn.aggregate_3,Linear,MM,2048,2048,128,0.9889,0.0375,-0.0017,"(1, 2048)","(1, 128)",gcn_synthetic
9,gcn.transform_3,Linear,MM,2048,128,64,0.1926,0.4025,0.4817,"(1, 128)","(1, 64)",gcn_synthetic
9,gcn.aggregate_4,Linear,MM,2048,2048,64,0.9198,0.0799,-0.0055,"(1, 2048)","(1, 64)",gcn_synthetic
9,gcn.output,Linear,MM,2048,64,7,0.5147,0.0411,0.6717,"(1, 64)","(1, 7)",gcn_synthetic
10,gcn.aggregate_1,Linear,MM,2048,2048,128,0.8287,0.0967,0.0179,"(1, 2048)","(1, 128)",gcn_synthetic
10,gcn.transform_1,Linear,MM,2048,128,256,0.005,0.3801,0.0074,"(1, 128)","(1, 256)",gcn_synthetic
10,gcn.aggregate_2,Linear,MM,2048,2048,256,0.8753,0.0067,-0.0251,"(1, 2048)","(1, 256)",gcn_synthetic
10,gcn.transform_2,Linear,MM,2048,256,128,0.3316,0.3697,0.289,"(1, 256)","(1, 128)",gcn_synthetic
10,gcn.aggregate_3,Linear,MM,2048,2048,128,0.9271,0.0634,-0.0173,"(1, 2048)","(1, 128)",gcn_synthetic
10,gcn.transform_3,Linear,MM,2048,128,64,0.0012,0.4097,0.4725,"(1, 128)","(1, 64)",gcn_synthetic
10,gcn.aggregate_4,Linear,MM,2048,2048,64,0.8801,0.0162,-0.032,"(1, 2048)","(1, 64)",gcn_synthetic
10,gcn.output,Linear,MM,2048,64,7,0.4896,0.0026,0.7151,"(1, 64)","(1, 7)",gcn_synthetic
11,gcn.aggregate_1,Linear,MM,2048,2048,128,0.9331,0.0016,0.0065,"(1, 2048)","(1, 128)",gcn_synthetic
11,gcn.transform_1,Linear,MM,2048,128,256,0.0092,0.5133,-0.0087,"(1, 128)","(1, 256)",gcn_synthetic
11,gcn.aggregate_2,Linear,MM,2048,2048,256,0.9457,0.0872,0.0206,"(1, 2048)","(1, 256)",gcn_synthetic
11,gcn.transform_2,Linear,MM,2048,256,128,0.4068,0.5789,0.2961,"(1, 256)","(1, 128)",gcn_synthetic
11,gcn.aggregate_3,Linear,MM,2048,2048,128,0.9134,0.094,0.0058,"(1, 2048)","(1, 128)",gcn_synthetic
11,gcn.transform_3,Linear,MM,2048,128,64,0.0248,0.4789,0.5056,"(1, 128)","(1, 64)",gcn_synthetic
11,gcn.aggregate_4,Linear,MM,2048,2048,64,0.8025,0.0721,0.0087,"(1, 2048)","(1, 64)",gcn_synthetic
11,gcn.output,Linear,MM,2048,64,7,0.4091,0.054,0.6936,"(1, 64)","(1, 7)",gcn_synthetic
12,gcn.aggregate_1,Linear,MM,2048,2048,128,0.8852,0.0225,0.0373,"(1, 2048)","(1, 128)",gcn_synthetic
12,gcn.transform_1,Linear,MM,2048,128,256,0.0596,0.4256,0.0167,"(1, 128)","(1, 256)",gcn_synthetic
12,gcn.aggregate_2,Linear,MM,2048,2048,256,0.868,0.0932,0.0118,"(1, 2048)","(1, 256)",gcn_synthetic
12,gcn.transform_2,Linear,MM,2048,256,128,0.4668,0.4502,0.3023,"(1, 256)","(1, 128)",gcn_synthetic
12,gcn.aggregate_3,Linear,MM,2048,2048,128,0.9003,0.0481,-0.0024,"(1, 2048)","(1, 128)",gcn_synthetic
12,gcn.transform_3,Linear,MM,2048,128,64,0.0745,0.5571,0.4883,"(1, 128)","(1, 64)",gcn_synthetic
12,gcn.aggregate_4,Linear,MM,2048,2048,64,0.804,0.092,0.0127,"(1, 2048)","(1, 64)",gcn_synthetic
12,gcn.output,Linear,MM,2048,64,7,0.4823,0.0812,0.7057,"(1, 64)","(1, 7)",gcn_synthetic
13,gcn.aggregate_1,Linear,MM,2048,2048,128,0.8503,0.035,0.0282,"(1, 2048)","(1, 128)",gcn_synthetic
13,gcn.transform_1,Linear,MM,2048,128,256,0.0739,0.3727,-0.0122,"(1, 128)","(1, 256)",gcn_synthetic
13,gcn.aggregate_2,Linear,MM,2048,2048,256,0.9407,0.0908,0.0253,"(1, 2048)","(1, 256)",gcn_synthetic
13,gcn.transform_2,Linear,MM,2048,256,128,0.3822,0.3618,0.2716,"(1, 256)","(1, 128)",gcn_synthetic
13,gcn.aggregate_3,Linear,MM,2048,2048,128,0.9303,0.0327,-0.0304,"(1, 2048)","(1, 128)",gcn_synthetic
13,gcn.transform_3,Linear,MM,2048,128,64,0.0235,0.3903,0.4908,"(1, 128)","(1, 64)",gcn_synthetic
13,gcn.aggregate_4,Linear,MM,2048,2048,64,0.8218,0.0092,-0.0331,"(1, 2048)","(1, 64)",gcn_synthetic
13,gcn.output,Linear,MM,2048,64,7,0.4694,0.0191,0.7251,"(1, 64)","(1, 7)",gcn_synthetic
14,gcn.aggregate_1,Linear,MM,2048,2048,128,0.9015,0.0216,0.0191,"(1, 2048)","(1, 128)",gcn_synthetic
14,gcn.transform_1,Linear,MM,2048,128,256,0.1119,0.4005,-0.0176,"(1, 128)","(1, 256)",gcn_synthetic
14,gcn.aggregate_2,Linear,MM,2048,2048,256,0.8814,0.0694,0.0032,"(1, 2048)","(1, 256)",gcn_synthetic
14,gcn.transform_2,Linear,MM,2048,256,128,0.3698,0.524,0.3164,"(1, 256)","(1, 128)",gcn_synthetic
14,gcn.aggregate_3,Linear,MM,2048,2048,128,0.97,0.02,-0.0029,"(1, 2048)","(1, 128)",gcn_synthetic
14,gcn.transform_3,Linear,MM,2048,128,64,0.156,0.3712,0.5263,"(1, 128)","(1, 64)",gcn_synthetic
14,gcn.aggregate_4,Linear,MM,2048,2048,64,0.8499,0.0954,0.0235,"(1, 2048)","(1, 64)",gcn_synthetic
14,gcn.output,Linear,MM,2048,64,7,0.5065,0.0204,0.7136,"(1, 64)","(1, 7)",gcn_synthetic
15,gcn.aggregate_1,Linear,MM,2048,2048,128,0.8706,0.0809,-0.005,"(1, 2048)","(1, 128)",gcn_synthetic
15,gcn.transform_1,Linear,MM,2048,128,256,0.1889,0.4474,-0.0134,"(1, 128)","(1, 256)",gcn_synthetic
15,gcn.aggregate_2,Linear,MM,2048,2048,256,0.8405,0.036,-0.0075,"(1, 2048)","(1, 256)",gcn_synthetic
15,gcn.transform_2,Linear,MM,2048,256,128,0.3654,0.5537,0.2724,"(1, 256)","(1, 128)",gcn_synthetic
15,gcn.aggregate_3,Linear,MM,2048,2048,128,0.9411,0.028,-0.0039,"(1, 2048)","(1, 128)",gcn_synthetic
15,gcn.transform_3,Linear,MM,2048,128,64,0.1819,0.313,0.509,"(1, 128)","(1, 64)",gcn_synthetic
15,gcn.aggregate_4,Linear,MM,2048,2048,64,0.9061,0.0484,-0.0104,"(1, 2048)","(1, 64)",gcn_synthetic
15,gcn.output,Linear,MM,2048,64,7,0.3122,0.0333,0.6988,"(1, 64)","(1, 7)",gcn_synthetic
16,gcn.aggregate_1,Linear,MM,2048,2048,128,0.9421,0.0618,0.0268,"(1, 2048)","(1, 128)",gcn_synthetic
16,gcn.transform_1,Linear,MM,2048,128,256,0.0412,0.3495,-0.0314,"(1, 128)","(1, 256)",gcn_synthetic
16,gcn.aggregate_2,Linear,MM,2048,2048,256,0.8543,0.0863,-0.0379,"(1, 2048)","(1, 256)",gcn_synthetic
16,gcn.transform_2,Linear,MM,2048,256,128,0.5851,0.5448,0.3018,"(1, 256)","(1, 128)",gcn_synthetic
16,gcn.aggregate_3,Linear,MM,2048,2048,128,0.9291,0.0972,-0.0007,"(1, 2048)","(1, 128)",gcn_synthetic
16,gcn.transform_3,Linear,MM,2048,128,64,0.1312,0.4217,0.5036,"(1, 128)","(1, 64)",gcn_synthetic
16,gcn.aggregate_4,Linear,MM,2048,2048,64,0.8386,0.0083,-0.018,"(1, 2048)","(1, 64)",gcn_synthetic
16,gcn.output,Linear,MM,2048,64,7,0.4196,0.0185,0.6814,"(1, 64)","(1, 7)",gcn_synthetic
17,gcn.aggregate_1,Linear,MM,2048,2048,128,0.9431,0.0103,-0.0192,"(1, 2048)","(1, 128)",gcn_synthetic
17,gcn.transform_1,Linear,MM,2048,128,256,0.0847,0.4116,0.0411,"(1, 128)","(1, 256)",gcn_synthetic
17,gcn.aggregate_2,Linear,MM,2048,2048,256,0.9302,0.028,-0.0083,"(1, 2048)","(1, 256)",gcn_synthetic
17,gcn.transform_2,Linear,MM,2048,256,128,0.457,0.3327,0.3135,"(1, 256)","(1, 128)",gcn_synthetic
17,gcn.aggregate_3,Linear,MM,2048,2048,128,0.9084,0.0837,0.0349,"(1, 2048)","(1, 128)",gcn_synthetic
17,gcn.transform_3,Linear,MM,2048,128,64,0.1886,0.3735,0.4806,"(1, 128)","(1, 64)",gcn_synthetic
17,gcn.aggregate_4,Linear,MM,2048,2048,64,0.802,0.0024,0.0084,"(1, 2048)","(1, 64)",gcn_synthetic
17,gcn.output,Linear,MM,2048,64,7,0.4402,0.0375,0.7041,"(1, 64)","(1, 7)",gcn_synthetic
18,gcn.aggregate_1,Linear,MM,2048,2048,128,0.8814,0.0859,-0.0242,"(1, 2048)","(1, 128)",gcn_synthetic
18,gcn.transform_1,Linear,MM,2048,128,256,0.1549,0.3404,0.0138,"(1, 128)","(1, 256)",gcn_synthetic
18,gcn.aggregate_2,Linear,MM,2048,2048,256,0.8248,0.0613,0.0158,"(1, 2048)","(1, 256)",gcn_synthetic
18,gcn.transform_2,Linear,MM,2048,256,128,0.4049,0.3832,0.2798,"(1, 256)","(1, 128)",gcn_synthetic
18,gcn.aggregate_3,Linear,MM,2048,2048,128,0.9899,0.0041,-0.0069,"(1, 2048)","(1, 128)",gcn_synthetic
18,gcn.transform_3,Linear,MM,2048,128,64,0.152,0.369,0.5022,"(1, 128)","(1, 64)",gcn_synthetic
18,gcn.aggregate_4,Linear,MM,2048,2048,64,0.8135,0.0648,0.0178,"(1, 2048)","(1, 64)",gcn_synthetic
18,gcn.output,Linear,MM,2048,64,7,0.3156,0.0294,0.7232,"(1, 64)","(1, 7)",gcn_synthetic
19,gcn.aggregate_1,Linear,MM,2048,2048,128,0.8677,0.0287,-0.0058,"(1, 2048)","(1, 128)",gcn_synthetic
19,gcn.transform_1,Linear,MM,2048,128,256,0.1224,0.5965,0.0049,"(1, 128)","(1, 256)",gcn_synthetic
19,gcn.aggregate_2,Linear,MM,2048,2048,256,0.9354,0.0222,0.0307,"(1, 2048)","(1, 256)",gcn_synthetic
19,gcn.transform_2,Linear,MM,2048,256,128,0.3638,0.4177,0.2894,"(1, 256)","(1, 128)",gcn_synthetic
19,gcn.aggregate_3,Linear,MM,2048,2048,128,0.9766,0.0128,-0.0002,"(1, 2048)","(1, 128)",gcn_synthetic
19,gcn.transform_3,Linear,MM,2048,128,64,0.0852,0.3917,0.5195,"(1, 128)","(1, 64)",gcn_synthetic
19,gcn.aggregate_4,Linear,MM,2048,2048,64,0.9375,0.0518,0.0077,"(1, 2048)","(1, 64)",gcn_synthetic
19,gcn.output,Linear,MM,2048,64,7,0.5767,0.0303,0.7065,"(1, 64)","(1, 7)",gcn_synthetic
20,gcn.aggregate_1,Linear,MM,2048,2048,128,0.851,0.0595,0.0146,"(1, 2048)","(1, 128)",gcn_synthetic
20,gcn.transform_1,Linear,MM,2048,128,256,0.0795,0.4433,-0.002,"(1, 128)","(1, 256)",gcn_synthetic
20,gcn.aggregate_2,Linear,MM,2048,2048,256,0.8926,0.0405,-0.0138,"(1, 2048)","(1, 256)",gcn_synthetic
20,gcn.transform_2,Linear,MM,2048,256,128,0.3443,0.3853,0.2783,"(1, 256)","(1, 128)",gcn_synthetic
20,gcn.aggregate_3,Linear,MM,2048,2048,128,0.9701,0.0523,-0.0117,"(1, 2048)","(1, 128)",gcn_synthetic
20,gcn.transform_3,Linear,MM,2048,128,64,0.1322,0.4135,0.5031,"(1, 128)","(1, 64)",gcn_synthetic
20,gcn.aggregate_4,Linear,MM,2048,2048,64,0.8204,0.0564,0.0181,"(1, 2048)","(1, 64)",gcn_synthetic
20,gcn.output,Linear,MM,2048,64,7,0.3743,0.0525,0.724,"(1, 64)","(1, 7)",gcn_synthetic
21,gcn.aggregate_1,Linear,MM,2048,2048,128,0.8806,0.0717,0.0234,"(1, 2048)","(1, 128)",gcn_synthetic
21,gcn.transform_1,Linear,MM,2048,128,256,0.1256,0.3115,-0.011,"(1, 128)","(1, 256)",gcn_synthetic
21,gcn.aggregate_2,Linear,MM,2048,2048,256,0.882,0.0862,-0.0251,"(1, 2048)","(1, 256)",gcn_synthetic
21,gcn.transform_2,Linear,MM,2048,256,128,0.4531,0.5271,0.3052,"(1, 256)","(1, 128)",gcn_synthetic
21,gcn.aggregate_3,Linear,MM,2048,2048,128,0.9099,0.0817,0.0026,"(1, 2048)","(1, 128)",gcn_synthetic
21,gcn.transform_3,Linear,MM,2048,128,64,0.0771,0.3746,0.4747,"(1, 128)","(1, 64)",gcn_synthetic
21,gcn.aggregate_4,Linear,MM,2048,2048,64,0.8971,0.0037,0.0033,"(1, 2048)","(1, 64)",gcn_synthetic
21,gcn.output,Linear,MM,2048,64,7,0.5627,0.0521,0.732,"(1, 64)","(1, 7)",gcn_synthetic
22,gcn.aggregate_1,Linear,MM,2048,2048,128,0.8053,0.0144,-0.0008,"(1, 2048)","(1, 128)",gcn_synthetic
22,gcn.transform_1,Linear,MM,2048,128,256,0.0884,0.3955,0.029,"(1, 128)","(1, 256)",gcn_synthetic
22,gcn.aggregate_2,Linear,MM,2048,2048,256,0.8427,0.0966,0.0197,"(1, 2048)","(1, 256)",gcn_synthetic
22,gcn.transform_2,Linear,MM,2048,256,128,0.4944,0.5575,0.2966,"(1, 256)","(1, 128)",gcn_synthetic
22,gcn.aggregate_3,Linear,MM,2048,2048,128,0.9767,0.0956,0.0189,"(1, 2048)","(1, 128)",gcn_synthetic
22,gcn.transform_3,Linear,MM,2048,128,64,0.1466,0.4816,0.5123,"(1, 128)","(1, 64)",gcn_synthetic
22,gcn.aggregate_4,Linear,MM,2048,2048,64,0.9076,0.0716,0.0004,"(1, 2048)","(1, 64)",gcn_synthetic
22,gcn.output,Linear,MM,2048,64,7,0.5378,0.0243,0.6884,"(1, 64)","(1, 7)",gcn_synthetic
23,gcn.aggregate_1,Linear,MM,2048,2048,128,0.8698,0.0435,-0.0193,"(1, 2048)","(1, 128)",gcn_synthetic
23,gcn.transform_1,Linear,MM,2048,128,256,0.1051,0.4339,-0.005,"(1, 128)","(1, 256)",gcn_synthetic
23,gcn.aggregate_2,Linear,MM,2048,2048,256,0.8995,0.0549,0.0212,"(1, 2048)","(1, 256)",gcn_synthetic
23,gcn.transform_2,Linear,MM,2048,256,128,0.588,0.563,0.3206,"(1, 256)","(1, 128)",gcn_synthetic
23,gcn.aggregate_3,Linear,MM,2048,2048,128,0.9421,0.0626,-0.0301,"(1, 2048)","(1, 128)",gcn_synthetic
23,gcn.transform_3,Linear,MM,2048,128,64,0.0753,0.3312,0.4954,"(1, 128)","(1, 64)",gcn_synthetic
23,gcn.aggregate_4,Linear,MM,2048,2048,64,0.9,0.0192,0.0103,"(1, 2048)","(1, 64)",gcn_synthetic
23,gcn.output,Linear,MM,2048,64,7,0.3095,0.0152,0.6995,"(1, 64)","(1, 7)",gcn_synthetic
24,gcn.aggregate_1,Linear,MM,2048,2048,128,0.8448,0.0942,0.015,"(1, 2048)","(1, 128)",gcn_synthetic
24,gcn.transform_1,Linear,MM,2048,128,256,0.1761,0.4174,0.0014,"(1, 128)","(1, 256)",gcn_synthetic
24,gcn.aggregate_2,Linear,MM,2048,2048,256,0.8985,0.0647,-0.0198,"(1, 2048)","(1, 256)",gcn_synthetic
24,gcn.transform_2,Linear,MM,2048,256,128,0.44,0.379,0.2893,"(1, 256)","(1, 128)",gcn_synthetic
24,gcn.aggregate_3,Linear,MM,2048,2048,128,0.932,0.0954,0.0386,"(1, 2048)","(1, 128)",gcn_synthetic
24,gcn.transform_3,Linear,MM,2048,128,64,0.0672,0.5988,0.4919,"(1, 128)","(1, 64)",gcn_synthetic
24,gcn.aggregate_4,Linear,MM,2048,2048,64,0.8988,0.0196,0.003,"(1, 2048)","(1, 64)",gcn_synthetic
24,gcn.output,Linear,MM,2048,64,7,0.3051,0.0226,0.711,"(1, 64)","(1, 7)",gcn_synthetic
25,gcn.aggregate_1,Linear,MM,2048,2048,128,0.9202,0.0875,-0.0424,"(1, 2048)","(1, 128)",gcn_synthetic
25,gcn.transform_1,Linear,MM,2048,128,256,0.0548,0.3351,-0.0145,"(1, 128)","(1, 256)",gcn_synthetic
25,gcn.aggregate_2,Linear,MM,2048,2048,256,0.8174,0.0953,-0.009,"(1, 2048)","(1, 256)",gcn_synthetic
25,gcn.transform_2,Linear,MM,2048,256,128,0.3621,0.4967,0.3083,"(1, 256)","(1, 128)",gcn_synthetic
25,gcn.aggregate_3,Linear,MM,2048,2048,128,0.9688,0.081,0.0093,"(1, 2048)","(1, 128)",gcn_synthetic
25,gcn.transform_3,Linear,MM,2048,128,64,0.1175,0.5902,0.4716,"(1, 128)","(1, 64)",gcn_synthetic
25,gcn.aggregate_4,Linear,MM,2048,2048,64,0.8987,0.0585,0.0318,"(1, 2048)","(1, 64)",gcn_synthetic
25,gcn.output,Linear,MM,2048,64,7,0.3318,0.0002,0.7023,"(1, 64)","(1, 7)",gcn_synthetic
26,gcn.aggregate_1,Linear,MM,2048,2048,128,0.9429,0.0499,-0.0223,"(1, 2048)","(1, 128)",gcn_synthetic
26,gcn.transform_1,Linear,MM,2048,128,256,0.1608,0.4147,-0.029,"(1, 128)","(1, 256)",gcn_synthetic
26,gcn.aggregate_2,Linear,MM,2048,2048,256,0.9155,0.044,-0.0558,"(1, 2048)","(1, 256)",gcn_synthetic
26,gcn.transform_2,Linear,MM,2048,256,128,0.3793,0.5831,0.2683,"(1, 256)","(1, 128)",gcn_synthetic
26,gcn.aggregate_3,Linear,MM,2048,2048,128,0.9815,0.0444,-0.0014,"(1, 2048)","(1, 128)",gcn_synthetic
26,gcn.transform_3,Linear,MM,2048,128,64,0.0543,0.4453,0.4981,"(1, 128)","(1, 64)",gcn_synthetic
26,gcn.aggregate_4,Linear,MM,2048,2048,64,0.8508,0.0774,0.0218,"(1, 2048)","(1, 64)",gcn_synthetic
26,gcn.output,Linear,MM,2048,64,7,0.5987,0.022,0.6986,"(1, 64)","(1, 7)",gcn_synthetic
27,gcn.aggregate_1,Linear,MM,2048,2048,128,0.8918,0.0848,-0.0021,"(1, 2048)","(1, 128)",gcn_synthetic
27,gcn.transform_1,Linear,MM,2048,128,256,0.1454,0.3045,0.0045,"(1, 128)","(1, 256)",gcn_synthetic
27,gcn.aggregate_2,Linear,MM,2048,2048,256,0.9319,0.0064,-0.0295,"(1, 2048)","(1, 256)",gcn_synthetic
27,gcn.transform_2,Linear,MM,2048,256,128,0.4784,0.4872,0.3001,"(1, 256)","(1, 128)",gcn_synthetic
27,gcn.aggregate_3,Linear,MM,2048,2048,128,0.9601,0.0173,0.005,"(1, 2048)","(1, 128)",gcn_synthetic
27,gcn.transform_3,Linear,MM,2048,128,64,0.0087,0.5052,0.5163,"(1, 128)","(1, 64)",gcn_synthetic
27,gcn.aggregate_4,Linear,MM,2048,2048,64,0.8294,0.0027,0.0266,"(1, 2048)","(1, 64)",gcn_synthetic
27,gcn.output,Linear,MM,2048,64,7,0.558,0.0104,0.7043,"(1, 64)","(1, 7)",gcn_synthetic
28,gcn.aggregate_1,Linear,MM,2048,2048,128,0.8995,0.071,-0.0065,"(1, 2048)","(1, 128)",gcn_synthetic
28,gcn.transform_1,Linear,MM,2048,128,256,0.1039,0.5083,-0.0033,"(1, 128)","(1, 256)",gcn_synthetic
28,gcn.aggregate_2,Linear,MM,2048,2048,256,0.8367,0.0339,0.0195,"(1, 2048)","(1, 256)",gcn_synthetic
28,gcn.transform_2,Linear,MM,2048,256,128,0.5242,0.3629,0.3032,"(1, 256)","(1, 128)",gcn_synthetic
28,gcn.aggregate_3,Linear,MM,2048,2048,128,0.9227,0.0524,0.0118,"(1, 2048)","(1, 128)",gcn_synthetic
28,gcn.transform_3,Linear,MM,2048,128,64,0.1003,0.4791,0.5267,"(1, 128)","(1, 64)",gcn_synthetic
28,gcn.aggregate_4,Linear,MM,2048,2048,64,0.9134,0.0537,0.0034,"(1, 2048)","(1, 64)",gcn_synthetic
28,gcn.output,Linear,MM,2048,64,7,0.3739,0.0385,0.7055,"(1, 64)","(1, 7)",gcn_synthetic
29,gcn.aggregate_1,Linear,MM,2048,2048,128,0.842,0.0658,0.0228,"(1, 2048)","(1, 128)",gcn_synthetic
29,gcn.transform_1,Linear,MM,2048,128,256,0.0227,0.5326,-0.0158,"(1, 128)","(1, 256)",gcn_synthetic
29,gcn.aggregate_2,Linear,MM,2048,2048,256,0.8879,0.0835,0.0392,"(1, 2048)","(1, 256)",gcn_synthetic
29,gcn.transform_2,Linear,MM,2048,256,128,0.4663,0.5927,0.2783,"(1, 256)","(1, 128)",gcn_synthetic
29,gcn.aggregate_3,Linear,MM,2048,2048,128,0.968,0.0545,0.0117,"(1, 2048)","(1, 128)",gcn_synthetic
29,gcn.transform_3,Linear,MM,2048,128,64,0.1873,0.3671,0.477,"(1, 128)","(1, 64)",gcn_synthetic
29,gcn.aggregate_4,Linear,MM,2048,2048,64,0.8339,0.0852,-0.0095,"(1, 2048)","(1, 64)",gcn_synthetic
29,gcn.output,Linear,MM,2048,64,7,0.3795,0.0127,0.7209,"(1, 64)","(1, 7)",gcn_synthetic
30,gcn.aggregate_1,Linear,MM,2048,2048,128,0.9482,0.0835,0.0006,"(1, 2048)","(1, 128)",gcn_synthetic
30,gcn.transform_1,Linear,MM,2048,128,256,0.0229,0.3158,0.0189,"(1, 128)","(1, 256)",gcn_synthetic
30,gcn.aggregate_2,Linear,MM,2048,2048,256,0.8496,0.092,-0.0054,"(1, 2048)","(1, 256)",gcn_synthetic
30,gcn.transform_2,Linear,MM,2048,256,128,0.3739,0.3616,0.2768,"(1, 256)","(1, 128)",gcn_synthetic
30,gcn.aggregate_3,Linear,MM,2048,2048,128,0.9616,0.0486,-0.0135,"(1, 2048)","(1, 128)",gcn_synthetic
30,gcn.transform_3,Linear,MM,2048,128,64,0.109,0.4041,0.4941,"(1, 128)","(1, 64)",gcn_synthetic
30,gcn.aggregate_4,Linear,MM,2048,2048,64,0.8587,0.0311,0.0208,"(1, 2048)","(1, 64)",gcn_synthetic
30,gcn.output,Linear,MM,2048,64,7,0.3042,0.0848,0.6579,"(1, 64)","(1, 7)",gcn_synthetic
31,gcn.aggregate_1,Linear,MM,2048,2048,128,0.9383,0.0551,0.0305,"(1, 2048)","(1, 128)",gcn_synthetic
31,gcn.transform_1,Linear,MM,2048,128,256,0.138,0.4303,-0.0184,"(1, 128)","(1, 256)",gcn_synthetic
31,gcn.aggregate_2,Linear,MM,2048,2048,256,0.8299,0.0967,-0.0005,"(1, 2048)","(1, 256)",gcn_synthetic
31,gcn.transform_2,Linear,MM,2048,256,128,0.3662,0.3882,0.2853,"(1, 256)","(1, 128)",gcn_synthetic
31,gcn.aggregate_3,Linear,MM,2048,2048,128,0.9746,0.0367,0.0178,"(1, 2048)","(1, 128)",gcn_synthetic
31,gcn.transform_3,Linear,MM,2048,128,64,0.0162,0.517,0.4765,"(1, 128)","(1, 64)",gcn_synthetic
31,gcn.aggregate_4,Linear,MM,2048,2048,64,0.8625,0.0918,0.0074,"(1, 2048)","(1, 64)",gcn_synthetic
31,gcn.output,Linear,MM,2048,64,7,0.451,0.0349,0.6968,"(1, 64)","(1, 7)",gcn_synthetic
32,gcn.aggregate_1,Linear,MM,2048,2048,128,0.8971,0.025,-0.0136,"(1, 2048)","(1, 128)",gcn_synthetic
32,gcn.transform_1,Linear,MM,2048,128,256,0.192,0.4479,-0.0121,"(1, 128)","(1, 256)",gcn_synthetic
32,gcn.aggregate_2,Linear,MM,2048,2048,256,0.9127,0.0474,0.033,"(1, 2048)","(1, 256)",gcn_synthetic
32,gcn.transform_2,Linear,MM,2048,256,128,0.594,0.5005,0.3343,"(1, 256)","(1, 128)",gcn_synthetic
32,gcn.aggregate_3,Linear,MM,2048,2048,128,0.9216,0.0015,-0.0047,"(1, 2048)","(1, 128)",gcn_synthetic
32,gcn.transform_3,Linear,MM,2048,128,64,0.0787,0.5437,0.4704,"(1, 128)","(1, 64)",gcn_synthetic
32,gcn.aggregate_4,Linear,MM,2048,2048,64,0.9178,0.0089,0.0008,"(1, 2048)","(1, 64)",gcn_synthetic
32,gcn.output,Linear,MM,2048,64,7,0.4789,0.0405,0.7126,"(1, 64)","(1, 7)",gcn_synthetic
33,gcn.aggregate_1,Linear,MM,2048,2048,128,0.8974,0.0871,0.0178,"(1, 2048)","(1, 128)",gcn_synthetic
33,gcn.transform_1,Linear,MM,2048,128,256,0.009,0.5018,0.0111,"(1, 128)","(1, 256)",gcn_synthetic
33,gcn.aggregate_2,Linear,MM,2048,2048,256,0.8982,0.0102,0.0072,"(1, 2048)","(1, 256)",gcn_synthetic
33,gcn.transform_2,Linear,MM,2048,256,128,0.3295,0.4783,0.3217,"(1, 256)","(1, 128)",gcn_synthetic
33,gcn.aggregate_3,Linear,MM,2048,2048,128,0.9431,0.0233,-0.0005,"(1, 2048)","(1, 128)",gcn_synthetic
33,gcn.transform_3,Linear,MM,2048,128,64,0.124,0.3988,0.498,"(1, 128)","(1, 64)",gcn_synthetic
33,gcn.aggregate_4,Linear,MM,2048,2048,64,0.8461,0.0751,0.0161,"(1, 2048)","(1, 64)",gcn_synthetic
33,gcn.output,Linear,MM,2048,64,7,0.3304,0.0516,0.7191,"(1, 64)","(1, 7)",gcn_synthetic
34,gcn.aggregate_1,Linear,MM,2048,2048,128,0.8837,0.0745,-0.005,"(1, 2048)","(1, 128)",gcn_synthetic
34,gcn.transform_1,Linear,MM,2048,128,256,0.0857,0.5198,0.0155,"(1, 128)","(1, 256)",gcn_synthetic
34,gcn.aggregate_2,Linear,MM,2048,2048,256,0.8994,0.0558,-0.0223,"(1, 2048)","(1, 256)",gcn_synthetic
34,gcn.transform_2,Linear,MM,2048,256,128,0.3551,0.3245,0.289,"(1, 256)","(1, 128)",gcn_synthetic
34,gcn.aggregate_3,Linear,MM,2048,2048,128,0.9073,0.0846,-0.012,"(1, 2048)","(1, 128)",gcn_synthetic
34,gcn.transform_3,Linear,MM,2048,128,64,0.1793,0.367,0.4968,"(1, 128)","(1, 64)",gcn_synthetic
34,gcn.aggregate_4,Linear,MM,2048,2048,64,0.8402,0.0194,0.006,"(1, 2048)","(1, 64)",gcn_synthetic
34,gcn.output,Linear,MM,2048,64,7,0.5004,0.0859,0.7031,"(1, 64)","(1, 7)",gcn_synthetic
35,gcn.aggregate_1,Linear,MM,2048,2048,128,0.8364,0.0674,-0.0077,"(1, 2048)","(1, 128)",gcn_synthetic
35,gcn.transform_1,Linear,MM,2048,128,256,0.1741,0.5083,0.037,"(1, 128)","(1, 256)",gcn_synthetic
35,gcn.aggregate_2,Linear,MM,2048,2048,256,0.9342,0.0753,-0.0046,"(1, 2048)","(1, 256)",gcn_synthetic
35,gcn.transform_2,Linear,MM,2048,256,128,0.4361,0.3065,0.3714,"(1, 256)","(1, 128)",gcn_synthetic
35,gcn.aggregate_3,Linear,MM,2048,2048,128,0.9482,0.0423,-0.011,"(1, 2048)","(1, 128)",gcn_synthetic
35,gcn.transform_3,Linear,MM,2048,128,64,0.1973,0.4134,0.4988,"(1, 128)","(1, 64)",gcn_synthetic
35,gcn.aggregate_4,Linear,MM,2048,2048,64,0.8573,0.0051,-0.0057,"(1, 2048)","(1, 64)",gcn_synthetic
35,gcn.output,Linear,MM,2048,64,7,0.309,0.0339,0.6991,"(1, 64)","(1, 7)",gcn_synthetic
36,gcn.aggregate_1,Linear,MM,2048,2048,128,0.9231,0.0459,0.0176,"(1, 2048)","(1, 128)",gcn_synthetic
36,gcn.transform_1,Linear,MM,2048,128,256,0.1509,0.4055,0.0177,"(1, 128)","(1, 256)",gcn_synthetic
36,gcn.aggregate_2,Linear,MM,2048,2048,256,0.8528,0.0802,0.0305,"(1, 2048)","(1, 256)",gcn_synthetic
36,gcn.transform_2,Linear,MM,2048,256,128,0.4743,0.4093,0.2863,"(1, 256)","(1, 128)",gcn_synthetic
36,gcn.aggregate_3,Linear,MM,2048,2048,128,0.9072,0.0116,-0.0024,"(1, 2048)","(1, 128)",gcn_synthetic
36,gcn.transform_3,Linear,MM,2048,128,64,0.1988,0.4092,0.5195,"(1, 128)","(1, 64)",gcn_synthetic
36,gcn.aggregate_4,Linear,MM,2048,2048,64,0.8375,0.0351,0.0246,"(1, 2048)","(1, 64)",gcn_synthetic
36,gcn.output,Linear,MM,2048,64,7,0.3038,0.0763,0.6719,"(1, 64)","(1, 7)",gcn_synthetic
37,gcn.aggregate_1,Linear,MM,2048,2048,128,0.8625,0.0432,-0.0559,"(1, 2048)","(1, 128)",gcn_synthetic
37,gcn.transform_1,Linear,MM,2048,128,256,0.0995,0.4038,-0.0208,"(1, 128)","(1, 256)",gcn_synthetic
37,gcn.aggregate_2,Linear,MM,2048,2048,256,0.868,0.0405,0.0466,"(1, 2048)","(1, 256)",gcn_synthetic
37,gcn.transform_2,Linear,MM,2048,256,128,0.3723,0.4525,0.3069,"(1, 256)","(1, 128)",gcn_synthetic
37,gcn.aggregate_3,Linear,MM,2048,2048,128,0.9535,0.0017,-0.0321,"(1, 2048)","(1, 128)",gcn_synthetic
37,gcn.transform_3,Linear,MM,2048,128,64,0.0809,0.548,0.5025,"(1, 128)","(1, 64)",gcn_synthetic
37,gcn.aggregate_4,Linear,MM,2048,2048,64,0.8489,0.0483,-0.028,"(1, 2048)","(1, 64)",gcn_synthetic
37,gcn.output,Linear,MM,2048,64,7,0.3617,0.0291,0.7212,"(1, 64)","(1, 7)",gcn_synthetic
38,gcn.aggregate_1,Linear,MM,2048,2048,128,0.9432,0.0087,-0.0139,"(1, 2048)","(1, 128)",gcn_synthetic
38,gcn.transform_1,Linear,MM,2048,128,256,0.1077,0.3438,-0.0011,"(1, 128)","(1, 256)",gcn_synthetic
38,gcn.aggregate_2,Linear,MM,2048,2048,256,0.8951,0.0264,-0.0211,"(1, 2048)","(1, 256)",gcn_synthetic
38,gcn.transform_2,Linear,MM,2048,256,128,0.3013,0.3885,0.3264,"(1, 256)","(1, 128)",gcn_synthetic
38,gcn.aggregate_3,Linear,MM,2048,2048,128,0.9074,0.0495,0.0182,"(1, 2048)","(1, 128)",gcn_synthetic
38,gcn.transform_3,Linear,MM,2048,128,64,0.1,0.3108,0.4725,"(1, 128)","(1, 64)",gcn_synthetic
38,gcn.aggregate_4,Linear,MM,2048,2048,64,0.8478,0.0489,-0.0184,"(1, 2048)","(1, 64)",gcn_synthetic
38,gcn.output,Linear,MM,2048,64,7,0.495,0.0344,0.7034,"(1, 64)","(1, 7)",gcn_synthetic
39,gcn.aggregate_1,Linear,MM,2048,2048,128,0.8274,0.0805,-0.0044,"(1, 2048)","(1, 128)",gcn_synthetic
39,gcn.transform_1,Linear,MM,2048,128,256,0.0022,0.417,0.0372,"(1, 128)","(1, 256)",gcn_synthetic
39,gcn.aggregate_2,Linear,MM,2048,2048,256,0.8969,0.0859,-0.0283,"(1, 2048)","(1, 256)",gcn_synthetic
39,gcn.transform_2,Linear,MM,2048,256,128,0.4342,0.562,0.3326,"(1, 256)","(1, 128)",gcn_synthetic
39,gcn.aggregate_3,Linear,MM,2048,2048,128,0.9316,0.0065,-0.024,"(1, 2048)","(1, 128)",gcn_synthetic
39,gcn.transform_3,Linear,MM,2048,128,64,0.009,0.3513,0.4906,"(1, 128)","(1, 64)",gcn_synthetic
39,gcn.aggregate_4,Linear,MM,2048,2048,64,0.8486,0.0574,-0.0063,"(1, 2048)","(1, 64)",gcn_synthetic
39,gcn.output,Linear,MM,2048,64,7,0.5809,0.0236,0.7023,"(1, 64)","(1, 7)",gcn_synthetic
40,gcn.aggregate_1,Linear,MM,2048,2048,128,0.8224,0.0531,-0.0236,"(1, 2048)","(1, 128)",gcn_synthetic
40,gcn.transform_1,Linear,MM,2048,128,256,0.1339,0.3883,0.0218,"(1, 128)","(1, 256)",gcn_synthetic
40,gcn.aggregate_2,Linear,MM,2048,2048,256,0.9353,0.0881,-0.0096,"(1, 2048)","(1, 256)",gcn_synthetic
40,gcn.transform_2,Linear,MM,2048,256,128,0.5234,0.3133,0.3216,"(1, 256)","(1, 128)",gcn_synthetic
40,gcn.aggregate_3,Linear,MM,2048,2048,128,0.9188,0.0071,-0.0084,"(1, 2048)","(1, 128)",gcn_synthetic
40,gcn.transform_3,Linear,MM,2048,128,64,0.0983,0.5748,0.4767,"(1, 128)","(1, 64)",gcn_synthetic
40,gcn.aggregate_4,Linear,MM,2048,2048,64,0.8941,0.0706,-0.0046,"(1, 2048)","(1, 64)",gcn_synthetic
40,gcn.output,Linear,MM,2048,64,7,0.5975,0.056,0.691,"(1, 64)","(1, 7)",gcn_synthetic
41,gcn.aggregate_1,Linear,MM,2048,2048,128,0.9182,0.0032,-0.0176,"(1, 2048)","(1, 128)",gcn_synthetic
41,gcn.transform_1,Linear,MM,2048,128,256,0.1984,0.5606,0.0168,"(1, 128)","(1, 256)",gcn_synthetic
41,gcn.aggregate_2,Linear,MM,2048,2048,256,0.8247,0.0185,-0.0108,"(1, 2048)","(1, 256)",gcn_synthetic
41,gcn.transform_2,Linear,MM,2048,256,128,0.4754,0.32,0.3046,"(1, 256)","(1, 128)",gcn_synthetic
41,gcn.aggregate_3,Linear,MM,2048,2048,128,0.9199,0.0948,0.0553,"(1, 2048)","(1, 128)",gcn_synthetic
41,gcn.transform_3,Linear,MM,2048,128,64,0.0539,0.432,0.4989,"(1, 128)","(1, 64)",gcn_synthetic
41,gcn.aggregate_4,Linear,MM,2048,2048,64,0.82,0.0517,-0.0075,"(1, 2048)","(1, 64)",gcn_synthetic
41,gcn.output,Linear,MM,2048,64,7,0.4564,0.0266,0.703,"(1, 64)","(1, 7)",gcn_synthetic
42,gcn.aggregate_1,Linear,MM,2048,2048,128,0.8282,0.0573,-0.0078,"(1, 2048)","(1, 128)",gcn_synthetic
42,gcn.transform_1,Linear,MM,2048,128,256,0.0278,0.3379,-0.0366,"(1, 128)","(1, 256)",gcn_synthetic
42,gcn.aggregate_2,Linear,MM,2048,2048,256,0.816,0.0072,0.0315,"(1, 2048)","(1, 256)",gcn_synthetic
42,gcn.transform_2,Linear,MM,2048,256,128,0.5377,0.5874,0.3066,"(1, 256)","(1, 128)",gcn_synthetic
42,gcn.aggregate_3,Linear,MM,2048,2048,128,0.9152,0.0136,0.0226,"(1, 2048)","(1, 128)",gcn_synthetic
42,gcn.transform_3,Linear,MM,2048,128,64,0.1534,0.4675,0.4981,"(1, 128)","(1, 64)",gcn_synthetic
42,gcn.aggregate_4,Linear,MM,2048,2048,64,0.8235,0.0391,-0.0165,"(1, 2048)","(1, 64)",gcn_synthetic
42,gcn.output,Linear,MM,2048,64,7,0.3117,0.0584,0.7286,"(1, 64)","(1, 7)",gcn_synthetic
43,gcn.aggregate_1,Linear,MM,2048,2048,128,0.908,0.0715,-0.0095,"(1, 2048)","(1, 128)",gcn_synthetic
43,gcn.transform_1,Linear,MM,2048,128,256,0.0818,0.4261,-0.0194,"(1, 128)","(1, 256)",gcn_synthetic
43,gcn.aggregate_2,Linear,MM,2048,2048,256,0.8171,0.0386,0.0372,"(1, 2048)","(1, 256)",gcn_synthetic
43,gcn.transform_2,Linear,MM,2048,256,128,0.4708,0.4215,0.3012,"(1, 256)","(1, 128)",gcn_synthetic
43,gcn.aggregate_3,Linear,MM,2048,2048,128,0.9835,0.0598,0.0136,"(1, 2048)","(1, 128)",gcn_synthetic
43,gcn.transform_3,Linear,MM,2048,128,64,0.1982,0.3663,0.5059,"(1, 128)","(1, 64)",gcn_synthetic
43,gcn.aggregate_4,Linear,MM,2048,2048,64,0.9037,0.0919,-0.0221,"(1, 2048)","(1, 64)",gcn_synthetic
43,gcn.output,Linear,MM,2048,64,7,0.3118,0.0828,0.7073,"(1, 64)","(1, 7)",gcn_synthetic
44,gcn.aggregate_1,Linear,MM,2048,2048,128,0.8209,0.094,0.0205,"(1, 2048)","(1, 128)",gcn_synthetic
44,gcn.transform_1,Linear,MM,2048,128,256,0.1537,0.5559,-0.0042,"(1, 128)","(1, 256)",gcn_synthetic
44,gcn.aggregate_2,Linear,MM,2048,2048,256,0.8705,0.0714,-0.0058,"(1, 2048)","(1, 256)",gcn_synthetic
44,gcn.transform_2,Linear,MM,2048,256,128,0.3697,0.3004,0.2977,"(1, 256)","(1, 128)",gcn_synthetic
44,gcn.aggregate_3,Linear,MM,2048,2048,128,0.9327,0.0494,-0.0129,"(1, 2048)","(1, 128)",gcn_synthetic
44,gcn.transform_3,Linear,MM,2048,128,64,0.0148,0.4487,0.506,"(1, 128)","(1, 64)",gcn_synthetic
44,gcn.aggregate_4,Linear,MM,2048,2048,64,0.9077,0.0977,-0.0133,"(1, 2048)","(1, 64)",gcn_synthetic
44,gcn.output,Linear,MM,2048,64,7,0.3206,0.0208,0.6929,"(1, 64)","(1, 7)",gcn_synthetic
45,gcn.aggregate_1,Linear,MM,2048,2048,128,0.815,0.0003,-0.016,"(1, 2048)","(1, 128)",gcn_synthetic
45,gcn.transform_1,Linear,MM,2048,128,256,0.0036,0.4064,-0.0103,"(1, 128)","(1, 256)",gcn_synthetic
45,gcn.aggregate_2,Linear,MM,2048,2048,256,0.9239,0.0304,0.0203,"(1, 2048)","(1, 256)",gcn_synthetic
45,gcn.transform_2,Linear,MM,2048,256,128,0.3077,0.5885,0.3187,"(1, 256)","(1, 128)",gcn_synthetic
45,gcn.aggregate_3,Linear,MM,2048,2048,128,0.9125,0.0717,0.0192,"(1, 2048)","(1, 128)",gcn_synthetic
45,gcn.transform_3,Linear,MM,2048,128,64,0.199,0.358,0.4937,"(1, 128)","(1, 64)",gcn_synthetic
45,gcn.aggregate_4,Linear,MM,2048,2048,64,0.9229,0.0506,0.0017,"(1, 2048)","(1, 64)",gcn_synthetic
45,gcn.output,Linear,MM,2048,64,7,0.478,0.023,0.7049,"(1, 64)","(1, 7)",gcn_synthetic
46,gcn.aggregate_1,Linear,MM,2048,2048,128,0.9078,0.0288,-0.0037,"(1, 2048)","(1, 128)",gcn_synthetic
46,gcn.transform_1,Linear,MM,2048,128,256,0.1848,0.5328,-0.0447,"(1, 128)","(1, 256)",gcn_synthetic
46,gcn.aggregate_2,Linear,MM,2048,2048,256,0.8365,0.0097,0.0097,"(1, 2048)","(1, 256)",gcn_synthetic
46,gcn.transform_2,Linear,MM,2048,256,128,0.5575,0.4152,0.3134,"(1, 256)","(1, 128)",gcn_synthetic
46,gcn.aggregate_3,Linear,MM,2048,2048,128,0.9443,0.0465,-0.0222,"(1, 2048)","(1, 128)",gcn_synthetic
46,gcn.transform_3,Linear,MM,2048,128,64,0.1437,0.5259,0.4749,"(1, 128)","(1, 64)",gcn_synthetic
46,gcn.aggregate_4,Linear,MM,2048,2048,64,0.9296,0.0845,-0.0155,"(1, 2048)","(1, 64)",gcn_synthetic
46,gcn.output,Linear,MM,2048,64,7,0.513,0.0973,0.7236,"(1, 64)","(1, 7)",gcn_synthetic
47,gcn.aggregate_1,Linear,MM,2048,2048,128,0.9374,0.0971,0.002,"(1, 2048)","(1, 128)",gcn_synthetic
47,gcn.transform_1,Linear,MM,2048,128,256,0.0431,0.374,-0.0084,"(1, 128)","(1, 256)",gcn_synthetic
47,gcn.aggregate_2,Linear,MM,2048,2048,256,0.9266,0.075,0.0048,"(1, 2048)","(1, 256)",gcn_synthetic
47,gcn.transform_2,Linear,MM,2048,256,128,0.3565,0.3011,0.259,"(1, 256)","(1, 128)",gcn_synthetic
47,gcn.aggregate_3,Linear,MM,2048,2048,128,0.981,0.071,-0.0134,"(1, 2048)","(1, 128)",gcn_synthetic
47,gcn.transform_3,Linear,MM,2048,128,64,0.0842,0.414,0.5009,"(1, 128)","(1, 64)",gcn_synthetic
47,gcn.aggregate_4,Linear,MM,2048,2048,64,0.8257,0.0156,0.007,"(1, 2048)","(1, 64)",gcn_synthetic
47,gcn.output,Linear,MM,2048,64,7,0.3374,0.0239,0.6763,"(1, 64)","(1, 7)",gcn_synthetic
48,gcn.aggregate_1,Linear,MM,2048,2048,128,0.9419,0.0219,0.0106,"(1, 2048)","(1, 128)",gcn_synthetic
48,gcn.transform_1,Linear,MM,2048,128,256,0.0826,0.4786,0.0284,"(1, 128)","(1, 256)",gcn_synthetic
48,gcn.aggregate_2,Linear,MM,2048,2048,256,0.82,0.0484,-0.0013,"(1, 2048)","(1, 256)",gcn_synthetic
48,gcn.transform_2,Linear,MM,2048,256,128,0.3729,0.5783,0.3085,"(1, 256)","(1, 128)",gcn_synthetic
48,gcn.aggregate_3,Linear,MM,2048,2048,128,0.955,0.0728,-0.0055,"(1, 2048)","(1, 128)",gcn_synthetic
48,gcn.transform_3,Linear,MM,2048,128,64,0.1511,0.5936,0.5005,"(1, 128)","(1, 64)",gcn_synthetic
48,gcn.aggregate_4,Linear,MM,2048,2048,64,0.9074,0.0809,-0.0085,"(1, 2048)","(1, 64)",gcn_synthetic
48,gcn.output,Linear,MM,2048,64,7,0.4628,0.0152,0.6645,"(1, 64)","(1, 7)",gcn_synthetic
49,gcn.aggregate_1,Linear,MM,2048,2048,128,0.8721,0.0277,-0.0091,"(1, 2048)","(1, 128)",gcn_synthetic
49,gcn.transform_1,Linear,MM,2048,128,256,0.0163,0.303,0.02,"(1, 128)","(1, 256)",gcn_synthetic
49,gcn.aggregate_2,Linear,MM,2048,2048,256,0.9291,0.0859,-0.0264,"(1, 2048)","(1, 256)",gcn_synthetic
49,gcn.transform_2,Linear,MM,2048,256,128,0.5583,0.3784,0.2614,"(1, 256)","(1, 128)",gcn_synthetic
49,gcn.aggregate_3,Linear,MM,2048,2048,128,0.9272,0.0733,0.0094,"(1, 2048)","(1, 128)",gcn_synthetic
49,gcn.transform_3,Linear,MM,2048,128,64,0.1484,0.3541,0.4778,"(1, 128)","(1, 64)",gcn_synthetic
49,gcn.aggregate_4,Linear,MM,2048,2048,64,0.8333,0.07,0.0095,"(1, 2048)","(1, 64)",gcn_synthetic
49,gcn.output,Linear,MM,2048,64,7,0.344,0.0437,0.6626,"(1, 64)","(1, 7)",gcn_synthetic
50,gcn.aggregate_1,Linear,MM,2048,2048,128,0.8392,0.0349,0.0111,"(1, 2048)","(1, 128)",gcn_synthetic
50,gcn.transform_1,Linear,MM,2048,128,256,0.1409,0.3371,0.0111,"(1, 128)","(1, 256)",gcn_synthetic
50,gcn.aggregate_2,Linear,MM,2048,2048,256,0.8426,0.0939,0.0432,"(1, 2048)","(1, 256)",gcn_synthetic
50,gcn.transform_2,Linear,MM,2048,256,128,0.3055,0.4554,0.2832,"(1, 256)","(1, 128)",gcn_synthetic
50,gcn.aggregate_3,Linear,MM,2048,2048,128,0.962,0.0059,-0.0059,"(1, 2048)","(1, 128)",gcn_synthetic
50,gcn.transform_3,Linear,MM,2048,128,64,0.1889,0.3746,0.4828,"(1, 128)","(1, 64)",gcn_synthetic
50,gcn.aggregate_4,Linear,MM,2048,2048,64,0.8032,0.0809,0.0025,"(1, 2048)","(1, 64)",gcn_synthetic
50,gcn.output,Linear,MM,2048,64,7,0.5679,0.0179,0.7236,"(1, 64)","(1, 7)",gcn_synthetic
51,gcn.aggregate_1,Linear,MM,2048,2048,128,0.8412,0.002,0.0189,"(1, 2048)","(1, 128)",gcn_synthetic
51,gcn.transform_1,Linear,MM,2048,128,256,0.1213,0.3241,0.0041,"(1, 128)","(1, 256)",gcn_synthetic
51,gcn.aggregate_2,Linear,MM,2048,2048,256,0.904,0.0676,0.0072,"(1, 2048)","(1, 256)",gcn_synthetic
51,gcn.transform_2,Linear,MM,2048,256,128,0.5737,0.4175,0.2927,"(1, 256)","(1, 128)",gcn_synthetic
51,gcn.aggregate_3,Linear,MM,2048,2048,128,0.9278,0.0575,0.0132,"(1, 2048)","(1, 128)",gcn_synthetic
51,gcn.transform_3,Linear,MM,2048,128,64,0.1914,0.5449,0.5142,"(1, 128)","(1, 64)",gcn_synthetic
51,gcn.aggregate_4,Linear,MM,2048,2048,64,0.8402,0.0231,-0.0151,"(1, 2048)","(1, 64)",gcn_synthetic
51,gcn.output,Linear,MM,2048,64,7,0.3625,0.0935,0.6864,"(1, 64)","(1, 7)",gcn_synthetic
52,gcn.aggregate_1,Linear,MM,2048,2048,128,0.9427,0.009,-0.0283,"(1, 2048)","(1, 128)",gcn_synthetic
52,gcn.transform_1,Linear,MM,2048,128,256,0.0924,0.3221,0.0063,"(1, 128)","(1, 256)",gcn_synthetic
52,gcn.aggregate_2,Linear,MM,2048,2048,256,0.9473,0.014,-0.01,"(1, 2048)","(1, 256)",gcn_synthetic
52,gcn.transform_2,Linear,MM,2048,256,128,0.477,0.3388,0.3051,"(1, 256)","(1, 128)",gcn_synthetic
52,gcn.aggregate_3,Linear,MM,2048,2048,128,0.978,0.0673,0.0394,"(1, 2048)","(1, 128)",gcn_synthetic
52,gcn.transform_3,Linear,MM,2048,128,64,0.0217,0.5031,0.4582,"(1, 128)","(1, 64)",gcn_synthetic
52,gcn.aggregate_4,Linear,MM,2048,2048,64,0.885,0.0348,0.0266,"(1, 2048)","(1, 64)",gcn_synthetic
52,gcn.output,Linear,MM,2048,64,7,0.4069,0.0973,0.6922,"(1, 64)","(1, 7)",gcn_synthetic
53,gcn.aggregate_1,Linear,MM,2048,2048,128,0.9377,0.0078,0.0087,"(1, 2048)","(1, 128)",gcn_synthetic
53,gcn.transform_1,Linear,MM,2048,128,256,0.0111,0.5866,0.0176,"(1, 128)","(1, 256)",gcn_synthetic
53,gcn.aggregate_2,Linear,MM,2048,2048,256,0.925,0.0833,0.0252,"(1, 2048)","(1, 256)",gcn_synthetic
53,gcn.transform_2,Linear,MM,2048,256,128,0.3819,0.5265,0.2967,"(1, 256)","(1, 128)",gcn_synthetic
53,gcn.aggregate_3,Linear,MM,2048,2048,128,0.9724,0.0081,0.0321,"(1, 2048)","(1, 128)",gcn_synthetic
53,gcn.transform_3,Linear,MM,2048,128,64,0.0692,0.4412,0.5148,"(1, 128)","(1, 64)",gcn_synthetic
53,gcn.aggregate_4,Linear,MM,2048,2048,64,0.8221,0.05,0.006,"(1, 2048)","(1, 64)",gcn_synthetic
53,gcn.output,Linear,MM,2048,64,7,0.34,0.083,0.729,"(1, 64)","(1, 7)",gcn_synthetic
54,gcn.aggregate_1,Linear,MM,2048,2048,128,0.9107,0.0037,0.0068,"(1, 2048)","(1, 128)",gcn_synthetic
54,gcn.transform_1,Linear,MM,2048,128,256,0.1025,0.4136,0.0057,"(1, 128)","(1, 256)",gcn_synthetic
54,gcn.aggregate_2,Linear,MM,2048,2048,256,0.8125,0.0828,0.0124,"(1, 2048)","(1, 256)",gcn_synthetic
54,gcn.transform_2,Linear,MM,2048,256,128,0.4348,0.5666,0.2948,"(1, 256)","(1, 128)",gcn_synthetic
54,gcn.aggregate_3,Linear,MM,2048,2048,128,0.908,0.0846,0.0153,"(1, 2048)","(1, 128)",gcn_synthetic
54,gcn.transform_3,Linear,MM,2048,128,64,0.0612,0.4471,0.5455,"(1, 128)","(1, 64)",gcn_synthetic
54,gcn.aggregate_4,Linear,MM,2048,2048,64,0.841,0.0456,0.0122,"(1, 2048)","(1, 64)",gcn_synthetic
54,gcn.output,Linear,MM,2048,64,7,0.5042,0.0892,0.7262,"(1, 64)","(1, 7)",gcn_synthetic
55,gcn.aggregate_1,Linear,MM,2048,2048,128,0.8079,0.0199,-0.0129,"(1, 2048)","(1, 128)",gcn_synthetic
55,gcn.transform_1,Linear,MM,2048,128,256,0.13,0.5693,0.0315,"(1, 128)","(1, 256)",gcn_synthetic
55,gcn.aggregate_2,Linear,MM,2048,2048,256,0.9104,0.0933,0.009,"(1, 2048)","(1, 256)",gcn_synthetic
55,gcn.transform_2,Linear,MM,2048,256,128,0.5108,0.3023,0.2877,"(1, 256)","(1, 128)",gcn_synthetic
55,gcn.aggregate_3,Linear,MM,2048,2048,128,0.9039,0.0034,0.0305,"(1, 2048)","(1, 128)",gcn_synthetic
55,gcn.transform_3,Linear,MM,2048,128,64,0.0811,0.301,0.503,"(1, 128)","(1, 64)",gcn_synthetic
55,gcn.aggregate_4,Linear,MM,2048,2048,64,0.8262,0.0949,0.012,"(1, 2048)","(1, 64)",gcn_synthetic
55,gcn.output,Linear,MM,2048,64,7,0.4111,0.0521,0.6913,"(1, 64)","(1, 7)",gcn_synthetic
56,gcn.aggregate_1,Linear,MM,2048,2048,128,0.8735,0.0134,-0.0264,"(1, 2048)","(1, 128)",gcn_synthetic
56,gcn.transform_1,Linear,MM,2048,128,256,0.1098,0.3789,0.0488,"(1, 128)","(1, 256)",gcn_synthetic
56,gcn.aggregate_2,Linear,MM,2048,2048,256,0.885,0.0728,-0.0062,"(1, 2048)","(1, 256)",gcn_synthetic
56,gcn.transform_2,Linear,MM,2048,256,128,0.3627,0.5235,0.289,"(1, 256)","(1, 128)",gcn_synthetic
56,gcn.aggregate_3,Linear,MM,2048,2048,128,0.9842,0.0425,-0.0062,"(1, 2048)","(1, 128)",gcn_synthetic
56,gcn.transform_3,Linear,MM,2048,128,64,0.0263,0.4153,0.5018,"(1, 128)","(1, 64)",gcn_synthetic
56,gcn.aggregate_4,Linear,MM,2048,2048,64,0.8997,0.064,-0.0063,"(1, 2048)","(1, 64)",gcn_synthetic
56,gcn.output,Linear,MM,2048,64,7,0.5814,0.0355,0.6947,"(1, 64)","(1, 7)",gcn_synthetic
57,gcn.aggregate_1,Linear,MM,2048,2048,128,0.8691,0.0095,0.0053,"(1, 2048)","(1, 128)",gcn_synthetic
57,gcn.transform_1,Linear,MM,2048,128,256,0.102,0.4294,0.0128,"(1, 128)","(1, 256)",gcn_synthetic
57,gcn.aggregate_2,Linear,MM,2048,2048,256,0.8077,0.0214,0.0069,"(1, 2048)","(1, 256)",gcn_synthetic
57,gcn.transform_2,Linear,MM,2048,256,128,0.3582,0.3568,0.3202,"(1, 256)","(1, 128)",gcn_synthetic
57,gcn.aggregate_3,Linear,MM,2048,2048,128,0.9315,0.0615,0.0326,"(1, 2048)","(1, 128)",gcn_synthetic
57,gcn.transform_3,Linear,MM,2048,128,64,0.1738,0.5584,0.5511,"(1, 128)","(1, 64)",gcn_synthetic
57,gcn.aggregate_4,Linear,MM,2048,2048,64,0.9268,0.0702,-0.0298,"(1, 2048)","(1, 64)",gcn_synthetic
57,gcn.output,Linear,MM,2048,64,7,0.5867,0.0045,0.6861,"(1, 64)","(1, 7)",gcn_synthetic
58,gcn.aggregate_1,Linear,MM,2048,2048,128,0.8928,0.0846,-0.0036,"(1, 2048)","(1, 128)",gcn_synthetic
58,gcn.transform_1,Linear,MM,2048,128,256,0.0541,0.5692,0.0047,"(1, 128)","(1, 256)",gcn_synthetic
58,gcn.aggregate_2,Linear,MM,2048,2048,256,0.8164,0.0188,-0.021,"(1, 2048)","(1, 256)",gcn_synthetic
58,gcn.transform_2,Linear,MM,2048,256,128,0.4718,0.4727,0.3065,"(1, 256)","(1, 128)",gcn_synthetic
58,gcn.aggregate_3,Linear,MM,2048,2048,128,0.9537,0.0251,0.0135,"(1, 2048)","(1, 128)",gcn_synthetic
58,gcn.transform_3,Linear,MM,2048,128,64,0.0586,0.4047,0.4918,"(1, 128)","(1, 64)",gcn_synthetic
58,gcn.aggregate_4,Linear,MM,2048,2048,64,0.9178,0.0137,-0.0032,"(1, 2048)","(1, 64)",gcn_synthetic
58,gcn.output,Linear,MM,2048,64,7,0.3389,0.008,0.6878,"(1, 64)","(1, 7)",gcn_synthetic
59,gcn.aggregate_1,Linear,MM,2048,2048,128,0.8883,0.0184,0.0213,"(1, 2048)","(1, 128)",gcn_synthetic
59,gcn.transform_1,Linear,MM,2048,128,256,0.0186,0.5982,-0.0185,"(1, 128)","(1, 256)",gcn_synthetic
59,gcn.aggregate_2,Linear,MM,2048,2048,256,0.8463,0.0546,-0.0131,"(1, 2048)","(1, 256)",gcn_synthetic
59,gcn.transform_2,Linear,MM,2048,256,128,0.4023,0.3619,0.3146,"(1, 256)","(1, 128)",gcn_synthetic
59,gcn.aggregate_3,Linear,MM,2048,2048,128,0.9341,0.0735,-0.0171,"(1, 2048)","(1, 128)",gcn_synthetic
59,gcn.transform_3,Linear,MM,2048,128,64,0.0954,0.5065,0.5115,"(1, 128)","(1, 64)",gcn_synthetic
59,gcn.aggregate_4,Linear,MM,2048,2048,64,0.9107,0.0636,0.0065,"(1, 2048)","(1, 64)",gcn_synthetic
59,gcn.output,Linear,MM,2048,64,7,0.3865,0.037,0.6946,"(1, 64)","(1, 7)",gcn_synthetic
60,gcn.aggregate_1,Linear,MM,2048,2048,128,0.8838,0.0859,0.0267,"(1, 2048)","(1, 128)",gcn_synthetic
60,gcn.transform_1,Linear,MM,2048,128,256,0.0433,0.4058,0.0198,"(1, 128)","(1, 256)",gcn_synthetic
60,gcn.aggregate_2,Linear,MM,2048,2048,256,0.8205,0.0737,0.0075,"(1, 2048)","(1, 256)",gcn_synthetic
60,gcn.transform_2,Linear,MM,2048,256,128,0.43,0.3276,0.2854,"(1, 256)","(1, 128)",gcn_synthetic
60,gcn.aggregate_3,Linear,MM,2048,2048,128,0.99,0.0724,0.0187,"(1, 2048)","(1, 128)",gcn_synthetic
60,gcn.transform_3,Linear,MM,2048,128,64,0.0651,0.5001,0.5061,"(1, 128)","(1, 64)",gcn_synthetic
60,gcn.aggregate_4,Linear,MM,2048,2048,64,0.8702,0.0124,0.0433,"(1, 2048)","(1, 64)",gcn_synthetic
60,gcn.output,Linear,MM,2048,64,7,0.442,0.0125,0.7135,"(1, 64)","(1, 7)",gcn_synthetic
61,gcn.aggregate_1,Linear,MM,2048,2048,128,0.8113,0.0665,0.0123,"(1, 2048)","(1, 128)",gcn_synthetic
61,gcn.transform_1,Linear,MM,2048,128,256,0.164,0.4272,-0.0031,"(1, 128)","(1, 256)",gcn_synthetic
61,gcn.aggregate_2,Linear,MM,2048,2048,256,0.8609,0.0333,-0.0163,"(1, 2048)","(1, 256)",gcn_synthetic
61,gcn.transform_2,Linear,MM,2048,256,128,0.5189,0.3472,0.283,"(1, 256)","(1, 128)",gcn_synthetic
61,gcn.aggregate_3,Linear,MM,2048,2048,128,0.9623,0.073,-0.0204,"(1, 2048)","(1, 128)",gcn_synthetic
61,gcn.transform_3,Linear,MM,2048,128,64,0.1439,0.5741,0.4979,"(1, 128)","(1, 64)",gcn_synthetic
61,gcn.aggregate_4,Linear,MM,2048,2048,64,0.8549,0.0759,0.0031,"(1, 2048)","(1, 64)",gcn_synthetic
61,gcn.output,Linear,MM,2048,64,7,0.5493,0.0921,0.6921,"(1, 64)","(1, 7)",gcn_synthetic
62,gcn.aggregate_1,Linear,MM,2048,2048,128,0.8212,0.0583,-0.0186,"(1, 2048)","(1, 128)",gcn_synthetic
62,gcn.transform_1,Linear,MM,2048,128,256,0.1477,0.424,-0.0146,"(1, 128)","(1, 256)",gcn_synthetic
62,gcn.aggregate_2,Linear,MM,2048,2048,256,0.8657,0.0844,0.0035,"(1, 2048)","(1, 256)",gcn_synthetic
62,gcn.transform_2,Linear,MM,2048,256,128,0.5483,0.3396,0.2681,"(1, 256)","(1, 128)",gcn_synthetic
62,gcn.aggregate_3,Linear,MM,2048,2048,128,0.9537,0.0837,0.0087,"(1, 2048)","(1, 128)",gcn_synthetic
62,gcn.transform_3,Linear,MM,2048,128,64,0.0065,0.5074,0.506,"(1, 128)","(1, 64)",gcn_synthetic
62,gcn.aggregate_4,Linear,MM,2048,2048,64,0.8306,0.0557,-0.0083,"(1, 2048)","(1, 64)",gcn_synthetic
62,gcn.output,Linear,MM,2048,64,7,0.5113,0.084,0.7287,"(1, 64)","(1, 7)",gcn_synthetic
63,gcn.aggregate_1,Linear,MM,2048,2048,128,0.9419,0.0545,-0.0189,"(1, 2048)","(1, 128)",gcn_synthetic
63,gcn.transform_1,Linear,MM,2048,128,256,0.1731,0.3721,-0.0316,"(1, 128)","(1, 256)",gcn_synthetic
63,gcn.aggregate_2,Linear,MM,2048,2048,256,0.9325,0.0058,0.0022,"(1, 2048)","(1, 256)",gcn_synthetic
63,gcn.transform_2,Linear,MM,2048,256,128,0.4684,0.5942,0.3203,"(1, 256)","(1, 128)",gcn_synthetic
63,gcn.aggregate_3,Linear,MM,2048,2048,128,0.9856,0.0799,0.0265,"(1, 2048)","(1, 128)",gcn_synthetic
63,gcn.transform_3,Linear,MM,2048,128,64,0.0267,0.4402,0.5226,"(1, 128)","(1, 64)",gcn_synthetic
63,gcn.aggregate_4,Linear,MM,2048,2048,64,0.8644,0.0102,-0.0073,"(1, 2048)","(1, 64)",gcn_synthetic
63,gcn.output,Linear,MM,2048,64,7,0.4472,0.0254,0.7332,"(1, 64)","(1, 7)",gcn_synthetic
64,gcn.aggregate_1,Linear,MM,2048,2048,128,0.8811,0.0127,0.0076,"(1, 2048)","(1, 128)",gcn_synthetic
64,gcn.transform_1,Linear,MM,2048,128,256,0.0055,0.5748,-0.0081,"(1, 128)","(1, 256)",gcn_synthetic
64,gcn.aggregate_2,Linear,MM,2048,2048,256,0.8507,0.0932,-0.0036,"(1, 2048)","(1, 256)",gcn_synthetic
64,gcn.transform_2,Linear,MM,2048,256,128,0.478,0.5813,0.2916,"(1, 256)","(1, 128)",gcn_synthetic
64,gcn.aggregate_3,Linear,MM,2048,2048,128,0.9081,0.0809,0.0315,"(1, 2048)","(1, 128)",gcn_synthetic
64,gcn.transform_3,Linear,MM,2048,128,64,0.1985,0.3963,0.5254,"(1, 128)","(1, 64)",gcn_synthetic
64,gcn.aggregate_4,Linear,MM,2048,2048,64,0.854,0.0536,-0.0297,"(1, 2048)","(1, 64)",gcn_synthetic
64,gcn.output,Linear,MM,2048,64,7,0.5119,0.0082,0.7197,"(1, 64)","(1, 7)",gcn_synthetic
65,gcn.aggregate_1,Linear,MM,2048,2048,128,0.8292,0.0013,-0.0126,"(1, 2048)","(1, 128)",gcn_synthetic
65,gcn.transform_1,Linear,MM,2048,128,256,0.0568,0.5014,0.0104,"(1, 128)","(1, 256)",gcn_synthetic
65,gcn.aggregate_2,Linear,MM,2048,2048,256,0.8464,0.0407,0.0047,"(1, 2048)","(1, 256)",gcn_synthetic
65,gcn.transform_2,Linear,MM,2048,256,128,0.5608,0.3719,0.2667,"(1, 256)","(1, 128)",gcn_synthetic
65,gcn.aggregate_3,Linear,MM,2048,2048,128,0.9477,0.0665,0.0251,"(1, 2048)","(1, 128)",gcn_synthetic
65,gcn.transform_3,Linear,MM,2048,128,64,0.0456,0.5697,0.5052,"(1, 128)","(1, 64)",gcn_synthetic
65,gcn.aggregate_4,Linear,MM,2048,2048,64,0.9237,0.0394,0.0075,"(1, 2048)","(1, 64)",gcn_synthetic
65,gcn.output,Linear,MM,2048,64,7,0.3845,0.0115,0.7067,"(1, 64)","(1, 7)",gcn_synthetic
66,gcn.aggregate_1,Linear,MM,2048,2048,128,0.8151,0.0881,0.0413,"(1, 2048)","(1, 128)",gcn_synthetic
66,gcn.transform_1,Linear,MM,2048,128,256,0.078,0.5341,-0.0014,"(1, 128)","(1, 256)",gcn_synthetic
66,gcn.aggregate_2,Linear,MM,2048,2048,256,0.9236,0.0893,0.016,"(1, 2048)","(1, 256)",gcn_synthetic
66,gcn.transform_2,Linear,MM,2048,256,128,0.5601,0.3815,0.3058,"(1, 256)","(1, 128)",gcn_synthetic
66,gcn.aggregate_3,Linear,MM,2048,2048,128,0.953,0.0262,0.0157,"(1, 2048)","(1, 128)",gcn_synthetic
66,gcn.transform_3,Linear,MM,2048,128,64,0.0966,0.5474,0.5055,"(1, 128)","(1, 64)",gcn_synthetic
66,gcn.aggregate_4,Linear,MM,2048,2048,64,0.8026,0.0867,-0.003,"(1, 2048)","(1, 64)",gcn_synthetic
66,gcn.output,Linear,MM,2048,64,7,0.5129,0.0819,0.7071,"(1, 64)","(1, 7)",gcn_synthetic
67,gcn.aggregate_1,Linear,MM,2048,2048,128,0.8186,0.0414,0.0133,"(1, 2048)","(1, 128)",gcn_synthetic
67,gcn.transform_1,Linear,MM,2048,128,256,0.0812,0.3,-0.0158,"(1, 128)","(1, 256)",gcn_synthetic
67,gcn.aggregate_2,Linear,MM,2048,2048,256,0.8394,0.0203,0.0012,"(1, 2048)","(1, 256)",gcn_synthetic
67,gcn.transform_2,Linear,MM,2048,256,128,0.4011,0.3657,0.2841,"(1, 256)","(1, 128)",gcn_synthetic
67,gcn.aggregate_3,Linear,MM,2048,2048,128,0.9843,0.0324,0.0013,"(1, 2048)","(1, 128)",gcn_synthetic
67,gcn.transform_3,Linear,MM,2048,128,64,0.1785,0.5334,0.4784,"(1, 128)","(1, 64)",gcn_synthetic
67,gcn.aggregate_4,Linear,MM,2048,2048,64,0.8222,0.0299,-0.0159,"(1, 2048)","(1, 64)",gcn_synthetic
67,gcn.output,Linear,MM,2048,64,7,0.4365,0.0612,0.6894,"(1, 64)","(1, 7)",gcn_synthetic
68,gcn.aggregate_1,Linear,MM,2048,2048,128,0.8238,0.0025,0.0053,"(1, 2048)","(1, 128)",gcn_synthetic
68,gcn.transform_1,Linear,MM,2048,128,256,0.0327,0.3777,-0.0143,"(1, 128)","(1, 256)",gcn_synthetic
68,gcn.aggregate_2,Linear,MM,2048,2048,256,0.9014,0.0871,-0.0026,"(1, 2048)","(1, 256)",gcn_synthetic
68,gcn.transform_2,Linear,MM,2048,256,128,0.3679,0.5217,0.3101,"(1, 256)","(1, 128)",gcn_synthetic
68,gcn.aggregate_3,Linear,MM,2048,2048,128,0.9641,0.0974,0.0109,"(1, 2048)","(1, 128)",gcn_synthetic
68,gcn.transform_3,Linear,MM,2048,128,64,0.1991,0.3695,0.4856,"(1, 128)","(1, 64)",gcn_synthetic
68,gcn.aggregate_4,Linear,MM,2048,2048,64,0.9113,0.0774,0.0081,"(1, 2048)","(1, 64)",gcn_synthetic
68,gcn.output,Linear,MM,2048,64,7,0.3209,0.0229,0.6958,"(1, 64)","(1, 7)",gcn_synthetic
69,gcn.aggregate_1,Linear,MM,2048,2048,128,0.8442,0.009,0.0154,"(1, 2048)","(1, 128)",gcn_synthetic
69,gcn.transform_1,Linear,MM,2048,128,256,0.0534,0.452,-0.0136,"(1, 128)","(1, 256)",gcn_synthetic
69,gcn.aggregate_2,Linear,MM,2048,2048,256,0.8203,0.0592,-0.0264,"(1, 2048)","(1, 256)",gcn_synthetic
69,gcn.transform_2,Linear,MM,2048,256,128,0.3224,0.5105,0.3104,"(1, 256)","(1, 128)",gcn_synthetic
69,gcn.aggregate_3,Linear,MM,2048,2048,128,0.957,0.0482,-0.0039,"(1, 2048)","(1, 128)",gcn_synthetic
69,gcn.transform_3,Linear,MM,2048,128,64,0.1998,0.413,0.496,"(1, 128)","(1, 64)",gcn_synthetic
69,gcn.aggregate_4,Linear,MM,2048,2048,64,0.8839,0.0945,0.0197,"(1, 2048)","(1, 64)",gcn_synthetic
69,gcn.output,Linear,MM,2048,64,7,0.5122,0.0856,0.7055,"(1, 64)","(1, 7)",gcn_synthetic
70,gcn.aggregate_1,Linear,MM,2048,2048,128,0.8705,0.0949,0.0045,"(1, 2048)","(1, 128)",gcn_synthetic
70,gcn.transform_1,Linear,MM,2048,128,256,0.0471,0.4856,-0.0054,"(1, 128)","(1, 256)",gcn_synthetic
70,gcn.aggregate_2,Linear,MM,2048,2048,256,0.9164,0.0701,0.0148,"(1, 2048)","(1, 256)",gcn_synthetic
70,gcn.transform_2,Linear,MM,2048,256,128,0.3485,0.516,0.2979,"(1, 256)","(1, 128)",gcn_synthetic
70,gcn.aggregate_3,Linear,MM,2048,2048,128,0.9228,0.0688,0.0119,"(1, 2048)","(1, 128)",gcn_synthetic
70,gcn.transform_3,Linear,MM,2048,128,64,0.0325,0.5421,0.5107,"(1, 128)","(1, 64)",gcn_synthetic
70,gcn.aggregate_4,Linear,MM,2048,2048,64,0.8492,0.0571,0.0155,"(1, 2048)","(1, 64)",gcn_synthetic
70,gcn.output,Linear,MM,2048,64,7,0.4711,0.0869,0.7038,"(1, 64)","(1, 7)",gcn_synthetic
71,gcn.aggregate_1,Linear,MM,2048,2048,128,0.8632,0.0653,0.0122,"(1, 2048)","(1, 128)",gcn_synthetic
71,gcn.transform_1,Linear,MM,2048,128,256,0.1856,0.4282,-0.0177,"(1, 128)","(1, 256)",gcn_synthetic
71,gcn.aggregate_2,Linear,MM,2048,2048,256,0.8971,0.0544,-0.007,"(1, 2048)","(1, 256)",gcn_synthetic
71,gcn.transform_2,Linear,MM,2048,256,128,0.3273,0.4055,0.3257,"(1, 256)","(1, 128)",gcn_synthetic
71,gcn.aggregate_3,Linear,MM,2048,2048,128,0.9473,0.0244,-0.0104,"(1, 2048)","(1, 128)",gcn_synthetic
71,gcn.transform_3,Linear,MM,2048,128,64,0.041,0.3519,0.517,"(1, 128)","(1, 64)",gcn_synthetic
71,gcn.aggregate_4,Linear,MM,2048,2048,64,0.9089,0.0547,-0.0218,"(1, 2048)","(1, 64)",gcn_synthetic
71,gcn.output,Linear,MM,2048,64,7,0.42,0.0896,0.7204,"(1, 64)","(1, 7)",gcn_synthetic
72,gcn.aggregate_1,Linear,MM,2048,2048,128,0.8496,0.0903,0.0474,"(1, 2048)","(1, 128)",gcn_synthetic
72,gcn.transform_1,Linear,MM,2048,128,256,0.0025,0.405,-0.0022,"(1, 128)","(1, 256)",gcn_synthetic
72,gcn.aggregate_2,Linear,MM,2048,2048,256,0.8042,0.0616,-0.0339,"(1, 2048)","(1, 256)",gcn_synthetic
72,gcn.transform_2,Linear,MM,2048,256,128,0.5333,0.4629,0.2947,"(1, 256)","(1, 128)",gcn_synthetic
72,gcn.aggregate_3,Linear,MM,2048,2048,128,0.9299,0.0935,0.0012,"(1, 2048)","(1, 128)",gcn_synthetic
72,gcn.transform_3,Linear,MM,2048,128,64,0.1751,0.3874,0.5065,"(1, 128)","(1, 64)",gcn_synthetic
72,gcn.aggregate_4,Linear,MM,2048,2048,64,0.807,0.0013,0.0325,"(1, 2048)","(1, 64)",gcn_synthetic
72,gcn.output,Linear,MM,2048,64,7,0.5005,0.0732,0.6927,"(1, 64)","(1, 7)",gcn_synthetic
73,gcn.aggregate_1,Linear,MM,2048,2048,128,0.8892,0.0954,0.0068,"(1, 2048)","(1, 128)",gcn_synthetic
73,gcn.transform_1,Linear,MM,2048,128,256,0.1963,0.3011,-0.0043,"(1, 128)","(1, 256)",gcn_synthetic
73,gcn.aggregate_2,Linear,MM,2048,2048,256,0.8647,0.0676,0.0227,"(1, 2048)","(1, 256)",gcn_synthetic
73,gcn.transform_2,Linear,MM,2048,256,128,0.5779,0.5706,0.331,"(1, 256)","(1, 128)",gcn_synthetic
73,gcn.aggregate_3,Linear,MM,2048,2048,128,0.9751,0.0407,0.0029,"(1, 2048)","(1, 128)",gcn_synthetic
73,gcn.transform_3,Linear,MM,2048,128,64,0.048,0.4464,0.5012,"(1, 128)","(1, 64)",gcn_synthetic
73,gcn.aggregate_4,Linear,MM,2048,2048,64,0.9136,0.0598,-0.0141,"(1, 2048)","(1, 64)",gcn_synthetic
73,gcn.output,Linear,MM,2048,64,7,0.3392,0.0471,0.7169,"(1, 64)","(1, 7)",gcn_synthetic
74,gcn.aggregate_1,Linear,MM,2048,2048,128,0.8997,0.0598,-0.0159,"(1, 2048)","(1, 128)",gcn_synthetic
74,gcn.transform_1,Linear,MM,2048,128,256,0.0983,0.3607,0.0043,"(1, 128)","(1, 256)",gcn_synthetic
74,gcn.aggregate_2,Linear,MM,2048,2048,256,0.9066,0.0558,0.0312,"(1, 2048)","(1, 256)",gcn_synthetic
74,gcn.transform_2,Linear,MM,2048,256,128,0.3919,0.325,0.3328,"(1, 256)","(1, 128)",gcn_synthetic
74,gcn.aggregate_3,Linear,MM,2048,2048,128,0.9372,0.0298,-0.029,"(1, 2048)","(1, 128)",gcn_synthetic
74,gcn.transform_3,Linear,MM,2048,128,64,0.0447,0.3975,0.5073,"(1, 128)","(1, 64)",gcn_synthetic
74,gcn.aggregate_4,Linear,MM,2048,2048,64,0.826,0.0402,0.0062,"(1, 2048)","(1, 64)",gcn_synthetic
74,gcn.output,Linear,MM,2048,64,7,0.3325,0.0331,0.7057,"(1, 64)","(1, 7)",gcn_synthetic
75,gcn.aggregate_1,Linear,MM,2048,2048,128,0.892,0.0227,0.0046,"(1, 2048)","(1, 128)",gcn_synthetic
75,gcn.transform_1,Linear,MM,2048,128,256,0.0441,0.332,0.0093,"(1, 128)","(1, 256)",gcn_synthetic
75,gcn.aggregate_2,Linear,MM,2048,2048,256,0.8111,0.0188,0.0288,"(1, 2048)","(1, 256)",gcn_synthetic
75,gcn.transform_2,Linear,MM,2048,256,128,0.3423,0.3109,0.288,"(1, 256)","(1, 128)",gcn_synthetic
75,gcn.aggregate_3,Linear,MM,2048,2048,128,0.9803,0.0335,0.0061,"(1, 2048)","(1, 128)",gcn_synthetic
75,gcn.transform_3,Linear,MM,2048,128,64,0.084,0.3886,0.4591,"(1, 128)","(1, 64)",gcn_synthetic
75,gcn.aggregate_4,Linear,MM,2048,2048,64,0.9073,0.0792,0.0104,"(1, 2048)","(1, 64)",gcn_synthetic
75,gcn.output,Linear,MM,2048,64,7,0.5071,0.0193,0.7126,"(1, 64)","(1, 7)",gcn_synthetic
76,gcn.aggregate_1,Linear,MM,2048,2048,128,0.9097,0.0275,-0.0102,"(1, 2048)","(1, 128)",gcn_synthetic
76,gcn.transform_1,Linear,MM,2048,128,256,0.0846,0.4179,0.0056,"(1, 128)","(1, 256)",gcn_synthetic
76,gcn.aggregate_2,Linear,MM,2048,2048,256,0.8055,0.0884,0.0218,"(1, 2048)","(1, 256)",gcn_synthetic
76,gcn.transform_2,Linear,MM,2048,256,128,0.4997,0.4029,0.3138,"(1, 256)","(1, 128)",gcn_synthetic
76,gcn.aggregate_3,Linear,MM,2048,2048,128,0.9456,0.0129,-0.0096,"(1, 2048)","(1, 128)",gcn_synthetic
76,gcn.transform_3,Linear,MM,2048,128,64,0.1287,0.4799,0.4815,"(1, 128)","(1, 64)",gcn_synthetic
76,gcn.aggregate_4,Linear,MM,2048,2048,64,0.9163,0.0532,-0.0056,"(1, 2048)","(1, 64)",gcn_synthetic
76,gcn.output,Linear,MM,2048,64,7,0.58,0.0846,0.7022,"(1, 64)","(1, 7)",gcn_synthetic
77,gcn.aggregate_1,Linear,MM,2048,2048,128,0.9405,0.0174,0.0026,"(1, 2048)","(1, 128)",gcn_synthetic
77,gcn.transform_1,Linear,MM,2048,128,256,0.1677,0.5215,-0.0231,"(1, 128)","(1, 256)",gcn_synthetic
77,gcn.aggregate_2,Linear,MM,2048,2048,256,0.8388,0.0475,0.0074,"(1, 2048)","(1, 256)",gcn_synthetic
77,gcn.transform_2,Linear,MM,2048,256,128,0.4703,0.3249,0.2697,"(1, 256)","(1, 128)",gcn_synthetic
77,gcn.aggregate_3,Linear,MM,2048,2048,128,0.957,0.0097,-0.0045,"(1, 2048)","(1, 128)",gcn_synthetic
77,gcn.transform_3,Linear,MM,2048,128,64,0.1876,0.4876,0.4674,"(1, 128)","(1, 64)",gcn_synthetic
77,gcn.aggregate_4,Linear,MM,2048,2048,64,0.8559,0.0852,-0.0012,"(1, 2048)","(1, 64)",gcn_synthetic
77,gcn.output,Linear,MM,2048,64,7,0.4697,0.0586,0.6701,"(1, 64)","(1, 7)",gcn_synthetic
78,gcn.aggregate_1,Linear,MM,2048,2048,128,0.8026,0.0377,-0.0586,"(1, 2048)","(1, 128)",gcn_synthetic
78,gcn.transform_1,Linear,MM,2048,128,256,0.1644,0.5169,0.0207,"(1, 128)","(1, 256)",gcn_synthetic
78,gcn.aggregate_2,Linear,MM,2048,2048,256,0.9398,0.0224,-0.0081,"(1, 2048)","(1, 256)",gcn_synthetic
78,gcn.transform_2,Linear,MM,2048,256,128,0.4969,0.3755,0.2906,"(1, 256)","(1, 128)",gcn_synthetic
78,gcn.aggregate_3,Linear,MM,2048,2048,128,0.9598,0.0683,0.0037,"(1, 2048)","(1, 128)",gcn_synthetic
78,gcn.transform_3,Linear,MM,2048,128,64,0.0628,0.3663,0.4935,"(1, 128)","(1, 64)",gcn_synthetic
78,gcn.aggregate_4,Linear,MM,2048,2048,64,0.8388,0.0896,0.0328,"(1, 2048)","(1, 64)",gcn_synthetic
78,gcn.output,Linear,MM,2048,64,7,0.3651,0.036,0.723,"(1, 64)","(1, 7)",gcn_synthetic
79,gcn.aggregate_1,Linear,MM,2048,2048,128,0.9216,0.034,-0.0105,"(1, 2048)","(1, 128)",gcn_synthetic
79,gcn.transform_1,Linear,MM,2048,128,256,0.1465,0.335,0.0109,"(1, 128)","(1, 256)",gcn_synthetic
79,gcn.aggregate_2,Linear,MM,2048,2048,256,0.9234,0.0673,0.0287,"(1, 2048)","(1, 256)",gcn_synthetic
79,gcn.transform_2,Linear,MM,2048,256,128,0.4128,0.316,0.3262,"(1, 256)","(1, 128)",gcn_synthetic
79,gcn.aggregate_3,Linear,MM,2048,2048,128,0.9388,0.0157,0.0005,"(1, 2048)","(1, 128)",gcn_synthetic
79,gcn.transform_3,Linear,MM,2048,128,64,0.1646,0.4027,0.4919,"(1, 128)","(1, 64)",gcn_synthetic
79,gcn.aggregate_4,Linear,MM,2048,2048,64,0.8986,0.0858,-0.0256,"(1, 2048)","(1, 64)",gcn_synthetic
79,gcn.output,Linear,MM,2048,64,7,0.54,0.0412,0.704,"(1, 64)","(1, 7)",gcn_synthetic
80,gcn.aggregate_1,Linear,MM,2048,2048,128,0.8659,0.0304,-0.0117,"(1, 2048)","(1, 128)",gcn_synthetic
80,gcn.transform_1,Linear,MM,2048,128,256,0.0815,0.4613,-0.0093,"(1, 128)","(1, 256)",gcn_synthetic
80,gcn.aggregate_2,Linear,MM,2048,2048,256,0.9351,0.0402,0.0196,"(1, 2048)","(1, 256)",gcn_synthetic
80,gcn.transform_2,Linear,MM,2048,256,128,0.5089,0.3344,0.289,"(1, 256)","(1, 128)",gcn_synthetic
80,gcn.aggregate_3,Linear,MM,2048,2048,128,0.9637,0.0951,-0.076,"(1, 2048)","(1, 128)",gcn_synthetic
80,gcn.transform_3,Linear,MM,2048,128,64,0.1447,0.36,0.4775,"(1, 128)","(1, 64)",gcn_synthetic
80,gcn.aggregate_4,Linear,MM,2048,2048,64,0.8551,0.0317,-0.0031,"(1, 2048)","(1, 64)",gcn_synthetic
80,gcn.output,Linear,MM,2048,64,7,0.3823,0.0871,0.6742,"(1, 64)","(1, 7)",gcn_synthetic
81,gcn.aggregate_1,Linear,MM,2048,2048,128,0.8655,0.0685,-0.0115,"(1, 2048)","(1, 128)",gcn_synthetic
81,gcn.transform_1,Linear,MM,2048,128,256,0.1465,0.4197,0.0161,"(1, 128)","(1, 256)",gcn_synthetic
81,gcn.aggregate_2,Linear,MM,2048,2048,256,0.8382,0.089,-0.0032,"(1, 2048)","(1, 256)",gcn_synthetic
81,gcn.transform_2,Linear,MM,2048,256,128,0.3542,0.5705,0.357,"(1, 256)","(1, 128)",gcn_synthetic
81,gcn.aggregate_3,Linear,MM,2048,2048,128,0.9574,0.0948,-0.0027,"(1, 2048)","(1, 128)",gcn_synthetic
81,gcn.transform_3,Linear,MM,2048,128,64,0.0934,0.367,0.5207,"(1, 128)","(1, 64)",gcn_synthetic
81,gcn.aggregate_4,Linear,MM,2048,2048,64,0.8733,0.0439,0.017,"(1, 2048)","(1, 64)",gcn_synthetic
81,gcn.output,Linear,MM,2048,64,7,0.5397,0.0783,0.7276,"(1, 64)","(1, 7)",gcn_synthetic
82,gcn.aggregate_1,Linear,MM,2048,2048,128,0.8632,0.0301,0.0295,"(1, 2048)","(1, 128)",gcn_synthetic
82,gcn.transform_1,Linear,MM,2048,128,256,0.0165,0.4289,-0.0105,"(1, 128)","(1, 256)",gcn_synthetic
82,gcn.aggregate_2,Linear,MM,2048,2048,256,0.8493,0.016,-0.0132,"(1, 2048)","(1, 256)",gcn_synthetic
82,gcn.transform_2,Linear,MM,2048,256,128,0.5619,0.4737,0.3192,"(1, 256)","(1, 128)",gcn_synthetic
82,gcn.aggregate_3,Linear,MM,2048,2048,128,0.9724,0.0999,-0.0277,"(1, 2048)","(1, 128)",gcn_synthetic
82,gcn.transform_3,Linear,MM,2048,128,64,0.062,0.5918,0.5245,"(1, 128)","(1, 64)",gcn_synthetic
82,gcn.aggregate_4,Linear,MM,2048,2048,64,0.9072,0.0503,-0.0011,"(1, 2048)","(1, 64)",gcn_synthetic
82,gcn.output,Linear,MM,2048,64,7,0.5286,0.0975,0.6701,"(1, 64)","(1, 7)",gcn_synthetic
83,gcn.aggregate_1,Linear,MM,2048,2048,128,0.9009,0.0025,0.0257,"(1, 2048)","(1, 128)",gcn_synthetic
83,gcn.transform_1,Linear,MM,2048,128,256,0.1021,0.4032,-0.0027,"(1, 128)","(1, 256)",gcn_synthetic
83,gcn.aggregate_2,Linear,MM,2048,2048,256,0.9292,0.0578,-0.0717,"(1, 2048)","(1, 256)",gcn_synthetic
83,gcn.transform_2,Linear,MM,2048,256,128,0.5044,0.4366,0.323,"(1, 256)","(1, 128)",gcn_synthetic
83,gcn.aggregate_3,Linear,MM,2048,2048,128,0.951,0.0289,0.0082,"(1, 2048)","(1, 128)",gcn_synthetic
83,gcn.transform_3,Linear,MM,2048,128,64,0.0638,0.3377,0.4916,"(1, 128)","(1, 64)",gcn_synthetic
83,gcn.aggregate_4,Linear,MM,2048,2048,64,0.8276,0.0413,0.0199,"(1, 2048)","(1, 64)",gcn_synthetic
83,gcn.output,Linear,MM,2048,64,7,0.405,0.0586,0.6782,"(1, 64)","(1, 7)",gcn_synthetic
84,gcn.aggregate_1,Linear,MM,2048,2048,128,0.8251,0.0137,-0.0003,"(1, 2048)","(1, 128)",gcn_synthetic
84,gcn.transform_1,Linear,MM,2048,128,256,0.0141,0.3931,0.0191,"(1, 128)","(1, 256)",gcn_synthetic
84,gcn.aggregate_2,Linear,MM,2048,2048,256,0.9322,0.0423,-0.0241,"(1, 2048)","(1, 256)",gcn_synthetic
84,gcn.transform_2,Linear,MM,2048,256,128,0.4648,0.4357,0.2796,"(1, 256)","(1, 128)",gcn_synthetic
84,gcn.aggregate_3,Linear,MM,2048,2048,128,0.9337,0.0423,-0.0162,"(1, 2048)","(1, 128)",gcn_synthetic
84,gcn.transform_3,Linear,MM,2048,128,64,0.0404,0.3115,0.4878,"(1, 128)","(1, 64)",gcn_synthetic
84,gcn.aggregate_4,Linear,MM,2048,2048,64,0.9418,0.0957,0.0293,"(1, 2048)","(1, 64)",gcn_synthetic
84,gcn.output,Linear,MM,2048,64,7,0.5478,0.0021,0.6907,"(1, 64)","(1, 7)",gcn_synthetic
85,gcn.aggregate_1,Linear,MM,2048,2048,128,0.8425,0.0535,0.0042,"(1, 2048)","(1, 128)",gcn_synthetic
85,gcn.transform_1,Linear,MM,2048,128,256,0.0219,0.4017,-0.033,"(1, 128)","(1, 256)",gcn_synthetic
85,gcn.aggregate_2,Linear,MM,2048,2048,256,0.8185,0.0912,0.0012,"(1, 2048)","(1, 256)",gcn_synthetic
85,gcn.transform_2,Linear,MM,2048,256,128,0.405,0.397,0.3127,"(1, 256)","(1, 128)",gcn_synthetic
85,gcn.aggregate_3,Linear,MM,2048,2048,128,0.9831,0.0619,0.0283,"(1, 2048)","(1, 128)",gcn_synthetic
85,gcn.transform_3,Linear,MM,2048,128,64,0.1071,0.3654,0.4906,"(1, 128)","(1, 64)",gcn_synthetic
85,gcn.aggregate_4,Linear,MM,2048,2048,64,0.8358,0.0275,0.0282,"(1, 2048)","(1, 64)",gcn_synthetic
85,gcn.output,Linear,MM,2048,64,7,0.334,0.0972,0.7124,"(1, 64)","(1, 7)",gcn_synthetic
86,gcn.aggregate_1,Linear,MM,2048,2048,128,0.8733,0.0062,-0.0017,"(1, 2048)","(1, 128)",gcn_synthetic
86,gcn.transform_1,Linear,MM,2048,128,256,0.0619,0.4378,0.0033,"(1, 128)","(1, 256)",gcn_synthetic
86,gcn.aggregate_2,Linear,MM,2048,2048,256,0.8487,0.0178,0.0006,"(1, 2048)","(1, 256)",gcn_synthetic
86,gcn.transform_2,Linear,MM,2048,256,128,0.3212,0.513,0.2784,"(1, 256)","(1, 128)",gcn_synthetic
86,gcn.aggregate_3,Linear,MM,2048,2048,128,0.9308,0.0993,-0.0152,"(1, 2048)","(1, 128)",gcn_synthetic
86,gcn.transform_3,Linear,MM,2048,128,64,0.1626,0.5489,0.4746,"(1, 128)","(1, 64)",gcn_synthetic
86,gcn.aggregate_4,Linear,MM,2048,2048,64,0.9085,0.0826,0.0125,"(1, 2048)","(1, 64)",gcn_synthetic
86,gcn.output,Linear,MM,2048,64,7,0.4394,0.0276,0.7076,"(1, 64)","(1, 7)",gcn_synthetic
87,gcn.aggregate_1,Linear,MM,2048,2048,128,0.8944,0.0365,-0.0003,"(1, 2048)","(1, 128)",gcn_synthetic
87,gcn.transform_1,Linear,MM,2048,128,256,0.0932,0.3357,0.0254,"(1, 128)","(1, 256)",gcn_synthetic
87,gcn.aggregate_2,Linear,MM,2048,2048,256,0.8189,0.0798,0.0038,"(1, 2048)","(1, 256)",gcn_synthetic
87,gcn.transform_2,Linear,MM,2048,256,128,0.4312,0.4426,0.3296,"(1, 256)","(1, 128)",gcn_synthetic
87,gcn.aggregate_3,Linear,MM,2048,2048,128,0.9642,0.0002,0.032,"(1, 2048)","(1, 128)",gcn_synthetic
87,gcn.transform_3,Linear,MM,2048,128,64,0.133,0.5351,0.4842,"(1, 128)","(1, 64)",gcn_synthetic
87,gcn.aggregate_4,Linear,MM,2048,2048,64,0.9371,0.0264,-0.0228,"(1, 2048)","(1, 64)",gcn_synthetic
87,gcn.output,Linear,MM,2048,64,7,0.5911,0.0757,0.7017,"(1, 64)","(1, 7)",gcn_synthetic
88,gcn.aggregate_1,Linear,MM,2048,2048,128,0.8281,0.074,-0.0076,"(1, 2048)","(1, 128)",gcn_synthetic
88,gcn.transform_1,Linear,MM,2048,128,256,0.0998,0.5468,0.0063,"(1, 128)","(1, 256)",gcn_synthetic
88,gcn.aggregate_2,Linear,MM,2048,2048,256,0.8521,0.005,0.0232,"(1, 2048)","(1, 256)",gcn_synthetic
88,gcn.transform_2,Linear,MM,2048,256,128,0.3301,0.3931,0.2872,"(1, 256)","(1, 128)",gcn_synthetic
88,gcn.aggregate_3,Linear,MM,2048,2048,128,0.9768,0.0162,0.0207,"(1, 2048)","(1, 128)",gcn_synthetic
88,gcn.transform_3,Linear,MM,2048,128,64,0.0356,0.5102,0.4575,"(1, 128)","(1, 64)",gcn_synthetic
88,gcn.aggregate_4,Linear,MM,2048,2048,64,0.9172,0.0635,0.0199,"(1, 2048)","(1, 64)",gcn_synthetic
88,gcn.output,Linear,MM,2048,64,7,0.3744,0.0723,0.7032,"(1, 64)","(1, 7)",gcn_synthetic
89,gcn.aggregate_1,Linear,MM,2048,2048,128,0.917,0.0487,-0.0158,"(1, 2048)","(1, 128)",gcn_synthetic
89,gcn.transform_1,Linear,MM,2048,128,256,0.0553,0.323,0.0039,"(1, 128)","(1, 256)",gcn_synthetic
89,gcn.aggregate_2,Linear,MM,2048,2048,256,0.8359,0.0893,-0.0001,"(1, 2048)","(1, 256)",gcn_synthetic
89,gcn.transform_2,Linear,MM,2048,256,128,0.4568,0.3857,0.2899,"(1, 256)","(1, 128)",gcn_synthetic
89,gcn.aggregate_3,Linear,MM,2048,2048,128,0.9703,0.059,-0.0026,"(1, 2048)","(1, 128)",gcn_synthetic
89,gcn.transform_3,Linear,MM,2048,128,64,0.0047,0.3054,0.4721,"(1, 128)","(1, 64)",gcn_synthetic
89,gcn.aggregate_4,Linear,MM,2048,2048,64,0.9102,0.0172,-0.0017,"(1, 2048)","(1, 64)",gcn_synthetic
89,gcn.output,Linear,MM,2048,64,7,0.5096,0.0462,0.7056,"(1, 64)","(1, 7)",gcn_synthetic
90,gcn.aggregate_1,Linear,MM,2048,2048,128,0.8614,0.0668,0.0182,"(1, 2048)","(1, 128)",gcn_synthetic
90,gcn.transform_1,Linear,MM,2048,128,256,0.0169,0.452,0.0061,"(1, 128)","(1, 256)",gcn_synthetic
90,gcn.aggregate_2,Linear,MM,2048,2048,256,0.8912,0.065,-0.0291,"(1, 2048)","(1, 256)",gcn_synthetic
90,gcn.transform_2,Linear,MM,2048,256,128,0.3093,0.514,0.3277,"(1, 256)","(1, 128)",gcn_synthetic
90,gcn.aggregate_3,Linear,MM,2048,2048,128,0.9039,0.0471,-0.0195,"(1, 2048)","(1, 128)",gcn_synthetic
90,gcn.transform_3,Linear,MM,2048,128,64,0.0056,0.3278,0.5189,"(1, 128)","(1, 64)",gcn_synthetic
90,gcn.aggregate_4,Linear,MM,2048,2048,64,0.8209,0.0665,-0.0162,"(1, 2048)","(1, 64)",gcn_synthetic
90,gcn.output,Linear,MM,2048,64,7,0.3518,0.0032,0.6922,"(1, 64)","(1, 7)",gcn_synthetic
91,gcn.aggregate_1,Linear,MM,2048,2048,128,0.9236,0.0076,-0.0103,"(1, 2048)","(1, 128)",gcn_synthetic
91,gcn.transform_1,Linear,MM,2048,128,256,0.0046,0.5105,0.0106,"(1, 128)","(1, 256)",gcn_synthetic
91,gcn.aggregate_2,Linear,MM,2048,2048,256,0.8004,0.0298,0.0076,"(1, 2048)","(1, 256)",gcn_synthetic
91,gcn.transform_2,Linear,MM,2048,256,128,0.5916,0.3734,0.2873,"(1, 256)","(1, 128)",gcn_synthetic
91,gcn.aggregate_3,Linear,MM,2048,2048,128,0.9359,0.0374,0.0174,"(1, 2048)","(1, 128)",gcn_synthetic
91,gcn.transform_3,Linear,MM,2048,128,64,0.0543,0.4543,0.4801,"(1, 128)","(1, 64)",gcn_synthetic
91,gcn.aggregate_4,Linear,MM,2048,2048,64,0.8195,0.0848,0.0079,"(1, 2048)","(1, 64)",gcn_synthetic
91,gcn.output,Linear,MM,2048,64,7,0.4842,0.0224,0.7384,"(1, 64)","(1, 7)",gcn_synthetic
92,gcn.aggregate_1,Linear,MM,2048,2048,128,0.9266,0.0122,0.0054,"(1, 2048)","(1, 128)",gcn_synthetic
92,gcn.transform_1,Linear,MM,2048,128,256,0.1881,0.3864,0.0184,"(1, 128)","(1, 256)",gcn_synthetic
92,gcn.aggregate_2,Linear,MM,2048,2048,256,0.9403,0.0638,-0.0168,"(1, 2048)","(1, 256)",gcn_synthetic
92,gcn.transform_2,Linear,MM,2048,256,128,0.5244,0.5016,0.3038,"(1, 256)","(1, 128)",gcn_synthetic
92,gcn.aggregate_3,Linear,MM,2048,2048,128,0.9169,0.0637,-0.0311,"(1, 2048)","(1, 128)",gcn_synthetic
92,gcn.transform_3,Linear,MM,2048,128,64,0.1415,0.3754,0.5082,"(1, 128)","(1, 64)",gcn_synthetic
92,gcn.aggregate_4,Linear,MM,2048,2048,64,0.9297,0.0396,0.0425,"(1, 2048)","(1, 64)",gcn_synthetic
92,gcn.output,Linear,MM,2048,64,7,0.5649,0.0456,0.6988,"(1, 64)","(1, 7)",gcn_synthetic
93,gcn.aggregate_1,Linear,MM,2048,2048,128,0.8982,0.0597,0.0039,"(1, 2048)","(1, 128)",gcn_synthetic
93,gcn.transform_1,Linear,MM,2048,128,256,0.0093,0.4517,-0.0127,"(1, 128)","(1, 256)",gcn_synthetic
93,gcn.aggregate_2,Linear,MM,2048,2048,256,0.816,0.0609,0.018,"(1, 2048)","(1, 256)",gcn_synthetic
93,gcn.transform_2,Linear,MM,2048,256,128,0.477,0.5968,0.3139,"(1, 256)","(1, 128)",gcn_synthetic
93,gcn.aggregate_3,Linear,MM,2048,2048,128,0.9324,0.0011,-0.0039,"(1, 2048)","(1, 128)",gcn_synthetic
93,gcn.transform_3,Linear,MM,2048,128,64,0.1085,0.5541,0.5262,"(1, 128)","(1, 64)",gcn_synthetic
93,gcn.aggregate_4,Linear,MM,2048,2048,64,0.8393,0.0327,0.0058,"(1, 2048)","(1, 64)",gcn_synthetic
93,gcn.output,Linear,MM,2048,64,7,0.3639,0.0853,0.6872,"(1, 64)","(1, 7)",gcn_synthetic
94,gcn.aggregate_1,Linear,MM,2048,2048,128,0.8915,0.0911,0.02,"(1, 2048)","(1, 128)",gcn_synthetic
94,gcn.transform_1,Linear,MM,2048,128,256,0.1287,0.4456,-0.0447,"(1, 128)","(1, 256)",gcn_synthetic
94,gcn.aggregate_2,Linear,MM,2048,2048,256,0.8792,0.0417,0.0084,"(1, 2048)","(1, 256)",gcn_synthetic
94,gcn.transform_2,Linear,MM,2048,256,128,0.317,0.5684,0.3257,"(1, 256)","(1, 128)",gcn_synthetic
94,gcn.aggregate_3,Linear,MM,2048,2048,128,0.907,0.0782,-0.0035,"(1, 2048)","(1, 128)",gcn_synthetic
94,gcn.transform_3,Linear,MM,2048,128,64,0.1109,0.5513,0.5238,"(1, 128)","(1, 64)",gcn_synthetic
94,gcn.aggregate_4,Linear,MM,2048,2048,64,0.9456,0.0018,-0.0233,"(1, 2048)","(1, 64)",gcn_synthetic
94,gcn.output,Linear,MM,2048,64,7,0.4335,0.0111,0.7183,"(1, 64)","(1, 7)",gcn_synthetic
95,gcn.aggregate_1,Linear,MM,2048,2048,128,0.8043,0.0732,0.0189,"(1, 2048)","(1, 128)",gcn_synthetic
95,gcn.transform_1,Linear,MM,2048,128,256,0.1769,0.386,0.0218,"(1, 128)","(1, 256)",gcn_synthetic
95,gcn.aggregate_2,Linear,MM,2048,2048,256,0.8635,0.0251,0.0294,"(1, 2048)","(1, 256)",gcn_synthetic
95,gcn.transform_2,Linear,MM,2048,256,128,0.4223,0.5805,0.3269,"(1, 256)","(1, 128)",gcn_synthetic
95,gcn.aggregate_3,Linear,MM,2048,2048,128,0.944,0.0918,0.0034,"(1, 2048)","(1, 128)",gcn_synthetic
95,gcn.transform_3,Linear,MM,2048,128,64,0.1515,0.3674,0.5018,"(1, 128)","(1, 64)",gcn_synthetic
95,gcn.aggregate_4,Linear,MM,2048,2048,64,0.9034,0.0238,-0.0192,"(1, 2048)","(1, 64)",gcn_synthetic
95,gcn.output,Linear,MM,2048,64,7,0.4489,0.0434,0.6856,"(1, 64)","(1, 7)",gcn_synthetic
96,gcn.aggregate_1,Linear,MM,2048,2048,128,0.9361,0.0593,0.0262,"(1, 2048)","(1, 128)",gcn_synthetic
96,gcn.transform_1,Linear,MM,2048,128,256,0.0683,0.5509,-0.0298,"(1, 128)","(1, 256)",gcn_synthetic
96,gcn.aggregate_2,Linear,MM,2048,2048,256,0.8134,0.0219,-0.009,"(1, 2048)","(1, 256)",gcn_synthetic
96,gcn.transform_2,Linear,MM,2048,256,128,0.568,0.4906,0.2822,"(1, 256)","(1, 128)",gcn_synthetic
96,gcn.aggregate_3,Linear,MM,2048,2048,128,0.9445,0.0164,-0.0126,"(1, 2048)","(1, 128)",gcn_synthetic
96,gcn.transform_3,Linear,MM,2048,128,64,0.1506,0.4748,0.5219,"(1, 128)","(1, 64)",gcn_synthetic
96,gcn.aggregate_4,Linear,MM,2048,2048,64,0.8925,0.0325,0.0033,"(1, 2048)","(1, 64)",gcn_synthetic
96,gcn.output,Linear,MM,2048,64,7,0.523,0.0576,0.6855,"(1, 64)","(1, 7)",gcn_synthetic
97,gcn.aggregate_1,Linear,MM,2048,2048,128,0.8902,0.0697,-0.0198,"(1, 2048)","(1, 128)",gcn_synthetic
97,gcn.transform_1,Linear,MM,2048,128,256,0.0541,0.3135,0.0062,"(1, 128)","(1, 256)",gcn_synthetic
97,gcn.aggregate_2,Linear,MM,2048,2048,256,0.8323,0.0012,0.0068,"(1, 2048)","(1, 256)",gcn_synthetic
97,gcn.transform_2,Linear,MM,2048,256,128,0.464,0.3017,0.3248,"(1, 256)","(1, 128)",gcn_synthetic
97,gcn.aggregate_3,Linear,MM,2048,2048,128,0.9765,0.0,-0.0131,"(1, 2048)","(1, 128)",gcn_synthetic
97,gcn.transform_3,Linear,MM,2048,128,64,0.164,0.3387,0.5134,"(1, 128)","(1, 64)",gcn_synthetic
97,gcn.aggregate_4,Linear,MM,2048,2048,64,0.8821,0.0029,-0.0216,"(1, 2048)","(1, 64)",gcn_synthetic
97,gcn.output,Linear,MM,2048,64,7,0.5418,0.0236,0.7032,"(1, 64)","(1, 7)",gcn_synthetic
98,gcn.aggregate_1,Linear,MM,2048,2048,128,0.8174,0.003,0.0369,"(1, 2048)","(1, 128)",gcn_synthetic
98,gcn.transform_1,Linear,MM,2048,128,256,0.179,0.3185,0.0169,"(1, 128)","(1, 256)",gcn_synthetic
98,gcn.aggregate_2,Linear,MM,2048,2048,256,0.8588,0.0163,-0.0322,"(1, 2048)","(1, 256)",gcn_synthetic
98,gcn.transform_2,Linear,MM,2048,256,128,0.4233,0.4106,0.3003,"(1, 256)","(1, 128)",gcn_synthetic
98,gcn.aggregate_3,Linear,MM,2048,2048,128,0.9621,0.0742,-0.0304,"(1, 2048)","(1, 128)",gcn_synthetic
98,gcn.transform_3,Linear,MM,2048,128,64,0.1589,0.5544,0.4911,"(1, 128)","(1, 64)",gcn_synthetic
98,gcn.aggregate_4,Linear,MM,2048,2048,64,0.881,0.025,-0.0122,"(1, 2048)","(1, 64)",gcn_synthetic
98,gcn.output,Linear,MM,2048,64,7,0.5756,0.0267,0.724,"(1, 64)","(1, 7)",gcn_synthetic
99,gcn.aggregate_1,Linear,MM,2048,2048,128,0.941,0.0428,-0.0154,"(1, 2048)","(1, 128)",gcn_synthetic
99,gcn.transform_1,Linear,MM,2048,128,256,0.125,0.4747,0.0134,"(1, 128)","(1, 256)",gcn_synthetic
99,gcn.aggregate_2,Linear,MM,2048,2048,256,0.863,0.0735,0.0115,"(1, 2048)","(1, 256)",gcn_synthetic
99,gcn.transform_2,Linear,MM,2048,256,128,0.5439,0.5236,0.3161,"(1, 256)","(1, 128)",gcn_synthetic
99,gcn.aggregate_3,Linear,MM,2048,2048,128,0.9135,0.0772,0.0041,"(1, 2048)","(1, 128)",gcn_synthetic
99,gcn.transform_3,Linear,MM,2048,128,64,0.0353,0.4909,0.5169,"(1, 128)","(1, 64)",gcn_synthetic
99,gcn.aggregate_4,Linear,MM,2048,2048,64,0.8499,0.0142,-0.0041,"(1, 2048)","(1, 64)",gcn_synthetic
99,gcn.output,Linear,MM,2048,64,7,0.5887,0.0772,0.7031,"(1, 64)","(1, 7)",gcn_synthetic
100,gcn.aggregate_1,Linear,MM,2048,2048,128,0.9068,0.0239,-0.0372,"(1, 2048)","(1, 128)",gcn_synthetic
100,gcn.transform_1,Linear,MM,2048,128,256,0.1665,0.5284,0.0106,"(1, 128)","(1, 256)",gcn_synthetic
100,gcn.aggregate_2,Linear,MM,2048,2048,256,0.8732,0.0472,-0.0071,"(1, 2048)","(1, 256)",gcn_synthetic
100,gcn.transform_2,Linear,MM,2048,256,128,0.5362,0.5939,0.3034,"(1, 256)","(1, 128)",gcn_synthetic
100,gcn.aggregate_3,Linear,MM,2048,2048,128,0.9071,0.0458,0.0257,"(1, 2048)","(1, 128)",gcn_synthetic
100,gcn.transform_3,Linear,MM,2048,128,64,0.03,0.408,0.5065,"(1, 128)","(1, 64)",gcn_synthetic
100,gcn.aggregate_4,Linear,MM,2048,2048,64,0.9253,0.0518,0.0007,"(1, 2048)","(1, 64)",gcn_synthetic
100,gcn.output,Linear,MM,2048,64,7,0.5808,0.074,0.6994,"(1, 64)","(1, 7)",gcn_synthetic
101,gcn.aggregate_1,Linear,MM,2048,2048,128,0.946,0.0927,-0.0047,"(1, 2048)","(1, 128)",gcn_synthetic
101,gcn.transform_1,Linear,MM,2048,128,256,0.1194,0.5197,-0.0195,"(1, 128)","(1, 256)",gcn_synthetic
101,gcn.aggregate_2,Linear,MM,2048,2048,256,0.8803,0.0649,-0.0046,"(1, 2048)","(1, 256)",gcn_synthetic
101,gcn.transform_2,Linear,MM,2048,256,128,0.3021,0.4956,0.2811,"(1, 256)","(1, 128)",gcn_synthetic
101,gcn.aggregate_3,Linear,MM,2048,2048,128,0.9148,0.0404,0.042,"(1, 2048)","(1, 128)",gcn_synthetic
101,gcn.transform_3,Linear,MM,2048,128,64,0.1526,0.5145,0.4997,"(1, 128)","(1, 64)",gcn_synthetic
101,gcn.aggregate_4,Linear,MM,2048,2048,64,0.8852,0.0529,-0.0019,"(1, 2048)","(1, 64)",gcn_synthetic
101,gcn.output,Linear,MM,2048,64,7,0.5765,0.0593,0.6964,"(1, 64)","(1, 7)",gcn_synthetic
102,gcn.aggregate_1,Linear,MM,2048,2048,128,0.8202,0.0071,0.0036,"(1, 2048)","(1, 128)",gcn_synthetic
102,gcn.transform_1,Linear,MM,2048,128,256,0.0444,0.3729,-0.0054,"(1, 128)","(1, 256)",gcn_synthetic
102,gcn.aggregate_2,Linear,MM,2048,2048,256,0.8196,0.06,-0.0363,"(1, 2048)","(1, 256)",gcn_synthetic
102,gcn.transform_2,Linear,MM,2048,256,128,0.4974,0.5333,0.3023,"(1, 256)","(1, 128)",gcn_synthetic
102,gcn.aggregate_3,Linear,MM,2048,2048,128,0.9882,0.0479,-0.0329,"(1, 2048)","(1, 128)",gcn_synthetic
102,gcn.transform_3,Linear,MM,2048,128,64,0.1569,0.5917,0.4862,"(1, 128)","(1, 64)",gcn_synthetic
102,gcn.aggregate_4,Linear,MM,2048,2048,64,0.8901,0.0642,-0.0142,"(1, 2048)","(1, 64)",gcn_synthetic
102,gcn.output,Linear,MM,2048,64,7,0.3661,0.0256,0.7351,"(1, 64)","(1, 7)",gcn_synthetic
103,gcn.aggregate_1,Linear,MM,2048,2048,128,0.8926,0.0638,-0.0118,"(1, 2048)","(1, 128)",gcn_synthetic
103,gcn.transform_1,Linear,MM,2048,128,256,0.1754,0.3733,-0.001,"(1, 128)","(1, 256)",gcn_synthetic
103,gcn.aggregate_2,Linear,MM,2048,2048,256,0.8872,0.0739,-0.0023,"(1, 2048)","(1, 256)",gcn_synthetic
103,gcn.transform_2,Linear,MM,2048,256,128,0.3004,0.3142,0.2731,"(1, 256)","(1, 128)",gcn_synthetic
103,gcn.aggregate_3,Linear,MM,2048,2048,128,0.9225,0.0659,-0.0037,"(1, 2048)","(1, 128)",gcn_synthetic
103,gcn.transform_3,Linear,MM,2048,128,64,0.005,0.3878,0.5192,"(1, 128)","(1, 64)",gcn_synthetic
103,gcn.aggregate_4,Linear,MM,2048,2048,64,0.9436,0.0111,0.0162,"(1, 2048)","(1, 64)",gcn_synthetic
103,gcn.output,Linear,MM,2048,64,7,0.477,0.0931,0.7168,"(1, 64)","(1, 7)",gcn_synthetic
104,gcn.aggregate_1,Linear,MM,2048,2048,128,0.8963,0.0967,0.0097,"(1, 2048)","(1, 128)",gcn_synthetic
104,gcn.transform_1,Linear,MM,2048,128,256,0.1902,0.4851,0.0107,"(1, 128)","(1, 256)",gcn_synthetic
104,gcn.aggregate_2,Linear,MM,2048,2048,256,0.8484,0.0104,0.0046,"(1, 2048)","(1, 256)",gcn_synthetic
104,gcn.transform_2,Linear,MM,2048,256,128,0.4156,0.5849,0.3385,"(1, 256)","(1, 128)",gcn_synthetic
104,gcn.aggregate_3,Linear,MM,2048,2048,128,0.9821,0.0378,-0.0019,"(1, 2048)","(1, 128)",gcn_synthetic
104,gcn.transform_3,Linear,MM,2048,128,64,0.0412,0.4862,0.5127,"(1, 128)","(1, 64)",gcn_synthetic
104,gcn.aggregate_4,Linear,MM,2048,2048,64,0.8141,0.0153,0.0095,"(1, 2048)","(1, 64)",gcn_synthetic
104,gcn.output,Linear,MM,2048,64,7,0.3722,0.0747,0.7093,"(1, 64)","(1, 7)",gcn_synthetic
105,gcn.aggregate_1,Linear,MM,2048,2048,128,0.946,0.0958,0.0219,"(1, 2048)","(1, 128)",gcn_synthetic
105,gcn.transform_1,Linear,MM,2048,128,256,0.1114,0.4694,-0.0033,"(1, 128)","(1, 256)",gcn_synthetic
105,gcn.aggregate_2,Linear,MM,2048,2048,256,0.8359,0.0384,0.0139,"(1, 2048)","(1, 256)",gcn_synthetic
105,gcn.transform_2,Linear,MM,2048,256,128,0.4922,0.5413,0.2836,"(1, 256)","(1, 128)",gcn_synthetic
105,gcn.aggregate_3,Linear,MM,2048,2048,128,0.9558,0.0277,0.0027,"(1, 2048)","(1, 128)",gcn_synthetic
105,gcn.transform_3,Linear,MM,2048,128,64,0.0953,0.5333,0.5082,"(1, 128)","(1, 64)",gcn_synthetic
105,gcn.aggregate_4,Linear,MM,2048,2048,64,0.8382,0.0811,-0.0115,"(1, 2048)","(1, 64)",gcn_synthetic
105,gcn.output,Linear,MM,2048,64,7,0.5349,0.0191,0.6956,"(1, 64)","(1, 7)",gcn_synthetic
106,gcn.aggregate_1,Linear,MM,2048,2048,128,0.8966,0.027,-0.0152,"(1, 2048)","(1, 128)",gcn_synthetic
106,gcn.transform_1,Linear,MM,2048,128,256,0.1248,0.3576,0.0076,"(1, 128)","(1, 256)",gcn_synthetic
106,gcn.aggregate_2,Linear,MM,2048,2048,256,0.8755,0.0873,0.031,"(1, 2048)","(1, 256)",gcn_synthetic
106,gcn.transform_2,Linear,MM,2048,256,128,0.3439,0.4971,0.2972,"(1, 256)","(1, 128)",gcn_synthetic
106,gcn.aggregate_3,Linear,MM,2048,2048,128,0.9137,0.0769,-0.0144,"(1, 2048)","(1, 128)",gcn_synthetic
106,gcn.transform_3,Linear,MM,2048,128,64,0.094,0.3505,0.5316,"(1, 128)","(1, 64)",gcn_synthetic
106,gcn.aggregate_4,Linear,MM,2048,2048,64,0.8953,0.0913,-0.0369,"(1, 2048)","(1, 64)",gcn_synthetic
106,gcn.output,Linear,MM,2048,64,7,0.4228,0.0218,0.7121,"(1, 64)","(1, 7)",gcn_synthetic
107,gcn.aggregate_1,Linear,MM,2048,2048,128,0.8663,0.0495,-0.0021,"(1, 2048)","(1, 128)",gcn_synthetic
107,gcn.transform_1,Linear,MM,2048,128,256,0.1725,0.35,0.0133,"(1, 128)","(1, 256)",gcn_synthetic
107,gcn.aggregate_2,Linear,MM,2048,2048,256,0.8818,0.0591,0.0012,"(1, 2048)","(1, 256)",gcn_synthetic
107,gcn.transform_2,Linear,MM,2048,256,128,0.5301,0.3519,0.3517,"(1, 256)","(1, 128)",gcn_synthetic
107,gcn.aggregate_3,Linear,MM,2048,2048,128,0.9061,0.0143,-0.0315,"(1, 2048)","(1, 128)",gcn_synthetic
107,gcn.transform_3,Linear,MM,2048,128,64,0.1477,0.3189,0.508,"(1, 128)","(1, 64)",gcn_synthetic
107,gcn.aggregate_4,Linear,MM,2048,2048,64,0.9363,0.0952,0.0074,"(1, 2048)","(1, 64)",gcn_synthetic
107,gcn.output,Linear,MM,2048,64,7,0.4135,0.016,0.7056,"(1, 64)","(1, 7)",gcn_synthetic
108,gcn.aggregate_1,Linear,MM,2048,2048,128,0.83,0.0501,0.0161,"(1, 2048)","(1, 128)",gcn_synthetic
108,gcn.transform_1,Linear,MM,2048,128,256,0.021,0.5182,0.0377,"(1, 128)","(1, 256)",gcn_synthetic
108,gcn.aggregate_2,Linear,MM,2048,2048,256,0.9183,0.003,-0.046,"(1, 2048)","(1, 256)",gcn_synthetic
108,gcn.transform_2,Linear,MM,2048,256,128,0.3202,0.353,0.2696,"(1, 256)","(1, 128)",gcn_synthetic
108,gcn.aggregate_3,Linear,MM,2048,2048,128,0.9733,0.0585,-0.0044,"(1, 2048)","(1, 128)",gcn_synthetic
108,gcn.transform_3,Linear,MM,2048,128,64,0.1709,0.3307,0.4703,"(1, 128)","(1, 64)",gcn_synthetic
108,gcn.aggregate_4,Linear,MM,2048,2048,64,0.9433,0.0141,-0.0174,"(1, 2048)","(1, 64)",gcn_synthetic
108,gcn.output,Linear,MM,2048,64,7,0.4409,0.0311,0.6886,"(1, 64)","(1, 7)",gcn_synthetic
109,gcn.aggregate_1,Linear,MM,2048,2048,128,0.9483,0.0015,0.0178,"(1, 2048)","(1, 128)",gcn_synthetic
109,gcn.transform_1,Linear,MM,2048,128,256,0.068,0.4367,-0.0336,"(1, 128)","(1, 256)",gcn_synthetic
109,gcn.aggregate_2,Linear,MM,2048,2048,256,0.8638,0.0086,0.0204,"(1, 2048)","(1, 256)",gcn_synthetic
109,gcn.transform_2,Linear,MM,2048,256,128,0.4583,0.3449,0.3091,"(1, 256)","(1, 128)",gcn_synthetic
109,gcn.aggregate_3,Linear,MM,2048,2048,128,0.9433,0.0014,-0.004,"(1, 2048)","(1, 128)",gcn_synthetic
109,gcn.transform_3,Linear,MM,2048,128,64,0.1805,0.4752,0.5063,"(1, 128)","(1, 64)",gcn_synthetic
109,gcn.aggregate_4,Linear,MM,2048,2048,64,0.9475,0.0849,0.0023,"(1, 2048)","(1, 64)",gcn_synthetic
109,gcn.output,Linear,MM,2048,64,7,0.5266,0.059,0.7338,"(1, 64)","(1, 7)",gcn_synthetic
110,gcn.aggregate_1,Linear,MM,2048,2048,128,0.8348,0.0787,0.0249,"(1, 2048)","(1, 128)",gcn_synthetic
110,gcn.transform_1,Linear,MM,2048,128,256,0.0088,0.3629,0.0237,"(1, 128)","(1, 256)",gcn_synthetic
110,gcn.aggregate_2,Linear,MM,2048,2048,256,0.8733,0.0442,0.0289,"(1, 2048)","(1, 256)",gcn_synthetic
110,gcn.transform_2,Linear,MM,2048,256,128,0.4871,0.3869,0.3211,"(1, 256)","(1, 128)",gcn_synthetic
110,gcn.aggregate_3,Linear,MM,2048,2048,128,0.9515,0.0704,-0.0295,"(1, 2048)","(1, 128)",gcn_synthetic
110,gcn.transform_3,Linear,MM,2048,128,64,0.055,0.5754,0.4843,"(1, 128)","(1, 64)",gcn_synthetic
110,gcn.aggregate_4,Linear,MM,2048,2048,64,0.8967,0.0752,0.0393,"(1, 2048)","(1, 64)",gcn_synthetic
110,gcn.output,Linear,MM,2048,64,7,0.383,0.0893,0.7204,"(1, 64)","(1, 7)",gcn_synthetic
111,gcn.aggregate_1,Linear,MM,2048,2048,128,0.8752,0.0805,-0.0205,"(1, 2048)","(1, 128)",gcn_synthetic
111,gcn.transform_1,Linear,MM,2048,128,256,0.0224,0.4392,0.001,"(1, 128)","(1, 256)",gcn_synthetic
111,gcn.aggregate_2,Linear,MM,2048,2048,256,0.8645,0.0913,0.0079,"(1, 2048)","(1, 256)",gcn_synthetic
111,gcn.transform_2,Linear,MM,2048,256,128,0.5754,0.4233,0.2844,"(1, 256)","(1, 128)",gcn_synthetic
111,gcn.aggregate_3,Linear,MM,2048,2048,128,0.9796,0.0144,-0.0049,"(1, 2048)","(1, 128)",gcn_synthetic
111,gcn.transform_3,Linear,MM,2048,128,64,0.1042,0.4939,0.4927,"(1, 128)","(1, 64)",gcn_synthetic
111,gcn.aggregate_4,Linear,MM,2048,2048,64,0.9157,0.0767,0.0019,"(1, 2048)","(1, 64)",gcn_synthetic
111,gcn.output,Linear,MM,2048,64,7,0.5082,0.037,0.7106,"(1, 64)","(1, 7)",gcn_synthetic
112,gcn.aggregate_1,Linear,MM,2048,2048,128,0.8826,0.0832,0.0001,"(1, 2048)","(1, 128)",gcn_synthetic
112,gcn.transform_1,Linear,MM,2048,128,256,0.0818,0.5599,-0.0248,"(1, 128)","(1, 256)",gcn_synthetic
112,gcn.aggregate_2,Linear,MM,2048,2048,256,0.8196,0.0892,0.0122,"(1, 2048)","(1, 256)",gcn_synthetic
112,gcn.transform_2,Linear,MM,2048,256,128,0.414,0.5798,0.2712,"(1, 256)","(1, 128)",gcn_synthetic
112,gcn.aggregate_3,Linear,MM,2048,2048,128,0.9178,0.0503,0.0136,"(1, 2048)","(1, 128)",gcn_synthetic
112,gcn.transform_3,Linear,MM,2048,128,64,0.0542,0.586,0.4877,"(1, 128)","(1, 64)",gcn_synthetic
112,gcn.aggregate_4,Linear,MM,2048,2048,64,0.9387,0.0475,-0.0017,"(1, 2048)","(1, 64)",gcn_synthetic
112,gcn.output,Linear,MM,2048,64,7,0.4812,0.0111,0.7397,"(1, 64)","(1, 7)",gcn_synthetic
113,gcn.aggregate_1,Linear,MM,2048,2048,128,0.8236,0.0639,0.0017,"(1, 2048)","(1, 128)",gcn_synthetic
113,gcn.transform_1,Linear,MM,2048,128,256,0.184,0.5127,-0.0039,"(1, 128)","(1, 256)",gcn_synthetic
113,gcn.aggregate_2,Linear,MM,2048,2048,256,0.8841,0.0794,0.0109,"(1, 2048)","(1, 256)",gcn_synthetic
113,gcn.transform_2,Linear,MM,2048,256,128,0.3591,0.3023,0.33,"(1, 256)","(1, 128)",gcn_synthetic
113,gcn.aggregate_3,Linear,MM,2048,2048,128,0.9412,0.0241,0.0008,"(1, 2048)","(1, 128)",gcn_synthetic
113,gcn.transform_3,Linear,MM,2048,128,64,0.0751,0.4512,0.4689,"(1, 128)","(1, 64)",gcn_synthetic
113,gcn.aggregate_4,Linear,MM,2048,2048,64,0.8404,0.061,-0.025,"(1, 2048)","(1, 64)",gcn_synthetic
113,gcn.output,Linear,MM,2048,64,7,0.4702,0.0445,0.7105,"(1, 64)","(1, 7)",gcn_synthetic
114,gcn.aggregate_1,Linear,MM,2048,2048,128,0.9454,0.0722,0.0023,"(1, 2048)","(1, 128)",gcn_synthetic
114,gcn.transform_1,Linear,MM,2048,128,256,0.0954,0.5541,-0.0019,"(1, 128)","(1, 256)",gcn_synthetic
114,gcn.aggregate_2,Linear,MM,2048,2048,256,0.9246,0.0017,0.0048,"(1, 2048)","(1, 256)",gcn_synthetic
114,gcn.transform_2,Linear,MM,2048,256,128,0.5309,0.3406,0.2969,"(1, 256)","(1, 128)",gcn_synthetic
114,gcn.aggregate_3,Linear,MM,2048,2048,128,0.9191,0.0619,-0.0176,"(1, 2048)","(1, 128)",gcn_synthetic
114,gcn.transform_3,Linear,MM,2048,128,64,0.1967,0.4376,0.4868,"(1, 128)","(1, 64)",gcn_synthetic
114,gcn.aggregate_4,Linear,MM,2048,2048,64,0.8779,0.0652,-0.0035,"(1, 2048)","(1, 64)",gcn_synthetic
114,gcn.output,Linear,MM,2048,64,7,0.5716,0.0943,0.6857,"(1, 64)","(1, 7)",gcn_synthetic
115,gcn.aggregate_1,Linear,MM,2048,2048,128,0.8743,0.0892,0.0068,"(1, 2048)","(1, 128)",gcn_synthetic
115,gcn.transform_1,Linear,MM,2048,128,256,0.1574,0.5491,-0.0,"(1, 128)","(1, 256)",gcn_synthetic
115,gcn.aggregate_2,Linear,MM,2048,2048,256,0.828,0.0004,0.0075,"(1, 2048)","(1, 256)",gcn_synthetic
115,gcn.transform_2,Linear,MM,2048,256,128,0.5902,0.4843,0.3001,"(1, 256)","(1, 128)",gcn_synthetic
115,gcn.aggregate_3,Linear,MM,2048,2048,128,0.9166,0.0009,-0.0385,"(1, 2048)","(1, 128)",gcn_synthetic
115,gcn.transform_3,Linear,MM,2048,128,64,0.0674,0.55,0.4993,"(1, 128)","(1, 64)",gcn_synthetic
115,gcn.aggregate_4,Linear,MM,2048,2048,64,0.8134,0.0091,-0.0418,"(1, 2048)","(1, 64)",gcn_synthetic
115,gcn.output,Linear,MM,2048,64,7,0.3192,0.0546,0.6723,"(1, 64)","(1, 7)",gcn_synthetic
116,gcn.aggregate_1,Linear,MM,2048,2048,128,0.8648,0.0993,-0.0094,"(1, 2048)","(1, 128)",gcn_synthetic
116,gcn.transform_1,Linear,MM,2048,128,256,0.1329,0.59,-0.0183,"(1, 128)","(1, 256)",gcn_synthetic
116,gcn.aggregate_2,Linear,MM,2048,2048,256,0.9362,0.0442,0.004,"(1, 2048)","(1, 256)",gcn_synthetic
116,gcn.transform_2,Linear,MM,2048,256,128,0.4253,0.307,0.2881,"(1, 256)","(1, 128)",gcn_synthetic
116,gcn.aggregate_3,Linear,MM,2048,2048,128,0.9736,0.0529,0.0338,"(1, 2048)","(1, 128)",gcn_synthetic
116,gcn.transform_3,Linear,MM,2048,128,64,0.1716,0.5797,0.4906,"(1, 128)","(1, 64)",gcn_synthetic
116,gcn.aggregate_4,Linear,MM,2048,2048,64,0.8497,0.0184,0.0084,"(1, 2048)","(1, 64)",gcn_synthetic
116,gcn.output,Linear,MM,2048,64,7,0.3434,0.0341,0.7167,"(1, 64)","(1, 7)",gcn_synthetic
117,gcn.aggregate_1,Linear,MM,2048,2048,128,0.9309,0.0729,0.0207,"(1, 2048)","(1, 128)",gcn_synthetic
117,gcn.transform_1,Linear,MM,2048,128,256,0.051,0.4648,-0.0128,"(1, 128)","(1, 256)",gcn_synthetic
117,gcn.aggregate_2,Linear,MM,2048,2048,256,0.94,0.0436,0.0297,"(1, 2048)","(1, 256)",gcn_synthetic
117,gcn.transform_2,Linear,MM,2048,256,128,0.3611,0.4347,0.306,"(1, 256)","(1, 128)",gcn_synthetic
117,gcn.aggregate_3,Linear,MM,2048,2048,128,0.9828,0.0652,0.0203,"(1, 2048)","(1, 128)",gcn_synthetic
117,gcn.transform_3,Linear,MM,2048,128,64,0.1985,0.5029,0.5049,"(1, 128)","(1, 64)",gcn_synthetic
117,gcn.aggregate_4,Linear,MM,2048,2048,64,0.9027,0.0181,0.0338,"(1, 2048)","(1, 64)",gcn_synthetic
117,gcn.output,Linear,MM,2048,64,7,0.4028,0.0117,0.6948,"(1, 64)","(1, 7)",gcn_synthetic
118,gcn.aggregate_1,Linear,MM,2048,2048,128,0.8031,0.0669,-0.0003,"(1, 2048)","(1, 128)",gcn_synthetic
118,gcn.transform_1,Linear,MM,2048,128,256,0.1765,0.5472,-0.0105,"(1, 128)","(1, 256)",gcn_synthetic
118,gcn.aggregate_2,Linear,MM,2048,2048,256,0.9079,0.086,-0.0067,"(1, 2048)","(1, 256)",gcn_synthetic
118,gcn.transform_2,Linear,MM,2048,256,128,0.4665,0.3709,0.2996,"(1, 256)","(1, 128)",gcn_synthetic
118,gcn.aggregate_3,Linear,MM,2048,2048,128,0.9397,0.0204,-0.0092,"(1, 2048)","(1, 128)",gcn_synthetic
118,gcn.transform_3,Linear,MM,2048,128,64,0.0653,0.3046,0.5093,"(1, 128)","(1, 64)",gcn_synthetic
118,gcn.aggregate_4,Linear,MM,2048,2048,64,0.8464,0.0026,-0.0089,"(1, 2048)","(1, 64)",gcn_synthetic
118,gcn.output,Linear,MM,2048,64,7,0.4165,0.0607,0.6991,"(1, 64)","(1, 7)",gcn_synthetic
119,gcn.aggregate_1,Linear,MM,2048,2048,128,0.9365,0.0554,-0.0126,"(1, 2048)","(1, 128)",gcn_synthetic
119,gcn.transform_1,Linear,MM,2048,128,256,0.0749,0.4181,0.0004,"(1, 128)","(1, 256)",gcn_synthetic
119,gcn.aggregate_2,Linear,MM,2048,2048,256,0.8486,0.0889,-0.0263,"(1, 2048)","(1, 256)",gcn_synthetic
119,gcn.transform_2,Linear,MM,2048,256,128,0.5355,0.5438,0.2905,"(1, 256)","(1, 128)",gcn_synthetic
119,gcn.aggregate_3,Linear,MM,2048,2048,128,0.9311,0.0821,-0.0125,"(1, 2048)","(1, 128)",gcn_synthetic
119,gcn.transform_3,Linear,MM,2048,128,64,0.0736,0.5556,0.5066,"(1, 128)","(1, 64)",gcn_synthetic
119,gcn.aggregate_4,Linear,MM,2048,2048,64,0.8559,0.0865,0.0407,"(1, 2048)","(1, 64)",gcn_synthetic
119,gcn.output,Linear,MM,2048,64,7,0.4168,0.0613,0.6656,"(1, 64)","(1, 7)",gcn_synthetic
120,gcn.aggregate_1,Linear,MM,2048,2048,128,0.8786,0.0843,-0.0091,"(1, 2048)","(1, 128)",gcn_synthetic
120,gcn.transform_1,Linear,MM,2048,128,256,0.1425,0.3632,-0.0182,"(1, 128)","(1, 256)",gcn_synthetic
120,gcn.aggregate_2,Linear,MM,2048,2048,256,0.8483,0.0935,-0.0005,"(1, 2048)","(1, 256)",gcn_synthetic
120,gcn.transform_2,Linear,MM,2048,256,128,0.5714,0.4318,0.2826,"(1, 256)","(1, 128)",gcn_synthetic
120,gcn.aggregate_3,Linear,MM,2048,2048,128,0.962,0.017,-0.0092,"(1, 2048)","(1, 128)",gcn_synthetic
120,gcn.transform_3,Linear,MM,2048,128,64,0.0628,0.4932,0.4694,"(1, 128)","(1, 64)",gcn_synthetic
120,gcn.aggregate_4,Linear,MM,2048,2048,64,0.924,0.0358,-0.0157,"(1, 2048)","(1, 64)",gcn_synthetic
120,gcn.output,Linear,MM,2048,64,7,0.4209,0.0036,0.7189,"(1, 64)","(1, 7)",gcn_synthetic
121,gcn.aggregate_1,Linear,MM,2048,2048,128,0.8217,0.0112,0.0377,"(1, 2048)","(1, 128)",gcn_synthetic
121,gcn.transform_1,Linear,MM,2048,128,256,0.0111,0.4676,0.0227,"(1, 128)","(1, 256)",gcn_synthetic
121,gcn.aggregate_2,Linear,MM,2048,2048,256,0.913,0.0504,0.0434,"(1, 2048)","(1, 256)",gcn_synthetic
121,gcn.transform_2,Linear,MM,2048,256,128,0.4147,0.4823,0.2876,"(1, 256)","(1, 128)",gcn_synthetic
121,gcn.aggregate_3,Linear,MM,2048,2048,128,0.9832,0.0855,0.0118,"(1, 2048)","(1, 128)",gcn_synthetic
121,gcn.transform_3,Linear,MM,2048,128,64,0.0599,0.5251,0.5075,"(1, 128)","(1, 64)",gcn_synthetic
121,gcn.aggregate_4,Linear,MM,2048,2048,64,0.8437,0.0516,-0.0126,"(1, 2048)","(1, 64)",gcn_synthetic
121,gcn.output,Linear,MM,2048,64,7,0.4711,0.0505,0.6997,"(1, 64)","(1, 7)",gcn_synthetic
122,gcn.aggregate_1,Linear,MM,2048,2048,128,0.8779,0.0032,-0.023,"(1, 2048)","(1, 128)",gcn_synthetic
122,gcn.transform_1,Linear,MM,2048,128,256,0.1473,0.5203,-0.0377,"(1, 128)","(1, 256)",gcn_synthetic
122,gcn.aggregate_2,Linear,MM,2048,2048,256,0.8572,0.0404,-0.0127,"(1, 2048)","(1, 256)",gcn_synthetic
122,gcn.transform_2,Linear,MM,2048,256,128,0.482,0.3802,0.3333,"(1, 256)","(1, 128)",gcn_synthetic
122,gcn.aggregate_3,Linear,MM,2048,2048,128,0.9048,0.0694,-0.0121,"(1, 2048)","(1, 128)",gcn_synthetic
122,gcn.transform_3,Linear,MM,2048,128,64,0.0049,0.3007,0.5049,"(1, 128)","(1, 64)",gcn_synthetic
122,gcn.aggregate_4,Linear,MM,2048,2048,64,0.8195,0.0212,-0.0042,"(1, 2048)","(1, 64)",gcn_synthetic
122,gcn.output,Linear,MM,2048,64,7,0.4957,0.097,0.7222,"(1, 64)","(1, 7)",gcn_synthetic
123,gcn.aggregate_1,Linear,MM,2048,2048,128,0.8663,0.0799,0.0287,"(1, 2048)","(1, 128)",gcn_synthetic
123,gcn.transform_1,Linear,MM,2048,128,256,0.0528,0.5663,-0.0135,"(1, 128)","(1, 256)",gcn_synthetic
123,gcn.aggregate_2,Linear,MM,2048,2048,256,0.8078,0.0452,-0.0059,"(1, 2048)","(1, 256)",gcn_synthetic
123,gcn.transform_2,Linear,MM,2048,256,128,0.3408,0.5033,0.286,"(1, 256)","(1, 128)",gcn_synthetic
123,gcn.aggregate_3,Linear,MM,2048,2048,128,0.9553,0.0526,-0.0311,"(1, 2048)","(1, 128)",gcn_synthetic
123,gcn.transform_3,Linear,MM,2048,128,64,0.141,0.3682,0.4526,"(1, 128)","(1, 64)",gcn_synthetic
123,gcn.aggregate_4,Linear,MM,2048,2048,64,0.9133,0.0185,0.019,"(1, 2048)","(1, 64)",gcn_synthetic
123,gcn.output,Linear,MM,2048,64,7,0.4183,0.0541,0.695,"(1, 64)","(1, 7)",gcn_synthetic
124,gcn.aggregate_1,Linear,MM,2048,2048,128,0.9122,0.0759,-0.002,"(1, 2048)","(1, 128)",gcn_synthetic
124,gcn.transform_1,Linear,MM,2048,128,256,0.1187,0.471,0.0201,"(1, 128)","(1, 256)",gcn_synthetic
124,gcn.aggregate_2,Linear,MM,2048,2048,256,0.8758,0.0695,-0.0028,"(1, 2048)","(1, 256)",gcn_synthetic
124,gcn.transform_2,Linear,MM,2048,256,128,0.4556,0.4285,0.2984,"(1, 256)","(1, 128)",gcn_synthetic
124,gcn.aggregate_3,Linear,MM,2048,2048,128,0.9474,0.0613,-0.0284,"(1, 2048)","(1, 128)",gcn_synthetic
124,gcn.transform_3,Linear,MM,2048,128,64,0.1351,0.4201,0.4801,"(1, 128)","(1, 64)",gcn_synthetic
124,gcn.aggregate_4,Linear,MM,2048,2048,64,0.925,0.0762,0.0071,"(1, 2048)","(1, 64)",gcn_synthetic
124,gcn.output,Linear,MM,2048,64,7,0.5125,0.0211,0.6778,"(1, 64)","(1, 7)",gcn_synthetic
125,gcn.aggregate_1,Linear,MM,2048,2048,128,0.8036,0.0862,0.0017,"(1, 2048)","(1, 128)",gcn_synthetic
125,gcn.transform_1,Linear,MM,2048,128,256,0.1454,0.4878,-0.0372,"(1, 128)","(1, 256)",gcn_synthetic
125,gcn.aggregate_2,Linear,MM,2048,2048,256,0.8019,0.051,0.0273,"(1, 2048)","(1, 256)",gcn_synthetic
125,gcn.transform_2,Linear,MM,2048,256,128,0.3798,0.422,0.2961,"(1, 256)","(1, 128)",gcn_synthetic
125,gcn.aggregate_3,Linear,MM,2048,2048,128,0.9621,0.045,0.0233,"(1, 2048)","(1, 128)",gcn_synthetic
125,gcn.transform_3,Linear,MM,2048,128,64,0.1818,0.3366,0.5024,"(1, 128)","(1, 64)",gcn_synthetic
125,gcn.aggregate_4,Linear,MM,2048,2048,64,0.9337,0.0498,0.002,"(1, 2048)","(1, 64)",gcn_synthetic
125,gcn.output,Linear,MM,2048,64,7,0.5644,0.0813,0.6747,"(1, 64)","(1, 7)",gcn_synthetic
126,gcn.aggregate_1,Linear,MM,2048,2048,128,0.9452,0.0834,0.0003,"(1, 2048)","(1, 128)",gcn_synthetic
126,gcn.transform_1,Linear,MM,2048,128,256,0.1193,0.321,0.0051,"(1, 128)","(1, 256)",gcn_synthetic
126,gcn.aggregate_2,Linear,MM,2048,2048,256,0.8591,0.0316,-0.0049,"(1, 2048)","(1, 256)",gcn_synthetic
126,gcn.transform_2,Linear,MM,2048,256,128,0.5658,0.3718,0.3121,"(1, 256)","(1, 128)",gcn_synthetic
126,gcn.aggregate_3,Linear,MM,2048,2048,128,0.9524,0.0535,-0.0059,"(1, 2048)","(1, 128)",gcn_synthetic
126,gcn.transform_3,Linear,MM,2048,128,64,0.1972,0.4783,0.4871,"(1, 128)","(1, 64)",gcn_synthetic
126,gcn.aggregate_4,Linear,MM,2048,2048,64,0.924,0.0719,-0.0056,"(1, 2048)","(1, 64)",gcn_synthetic
126,gcn.output,Linear,MM,2048,64,7,0.3663,0.0072,0.7145,"(1, 64)","(1, 7)",gcn_synthetic
127,gcn.aggregate_1,Linear,MM,2048,2048,128,0.9263,0.0523,-0.0056,"(1, 2048)","(1, 128)",gcn_synthetic
127,gcn.transform_1,Linear,MM,2048,128,256,0.1693,0.4748,0.0028,"(1, 128)","(1, 256)",gcn_synthetic
127,gcn.aggregate_2,Linear,MM,2048,2048,256,0.8177,0.0498,-0.0339,"(1, 2048)","(1, 256)",gcn_synthetic
127,gcn.transform_2,Linear,MM,2048,256,128,0.5133,0.4744,0.3207,"(1, 256)","(1, 128)",gcn_synthetic
127,gcn.aggregate_3,Linear,MM,2048,2048,128,0.9756,0.0863,0.0036,"(1, 2048)","(1, 128)",gcn_synthetic
127,gcn.transform_3,Linear,MM,2048,128,64,0.1445,0.3428,0.4893,"(1, 128)","(1, 64)",gcn_synthetic
127,gcn.aggregate_4,Linear,MM,2048,2048,64,0.9325,0.0856,0.0236,"(1, 2048)","(1, 64)",gcn_synthetic
127,gcn.output,Linear,MM,2048,64,7,0.5396,0.0162,0.7121,"(1, 64)","(1, 7)",gcn_synthetic
128,gcn.aggregate_1,Linear,MM,2048,2048,128,0.8094,0.0637,-0.0245,"(1, 2048)","(1, 128)",gcn_synthetic
128,gcn.transform_1,Linear,MM,2048,128,256,0.026,0.5578,-0.0166,"(1, 128)","(1, 256)",gcn_synthetic
128,gcn.aggregate_2,Linear,MM,2048,2048,256,0.8857,0.0837,-0.0122,"(1, 2048)","(1, 256)",gcn_synthetic
128,gcn.transform_2,Linear,MM,2048,256,128,0.3659,0.5452,0.3015,"(1, 256)","(1, 128)",gcn_synthetic
128,gcn.aggregate_3,Linear,MM,2048,2048,128,0.9172,0.0912,-0.0153,"(1, 2048)","(1, 128)",gcn_synthetic
128,gcn.transform_3,Linear,MM,2048,128,64,0.1324,0.54,0.4645,"(1, 128)","(1, 64)",gcn_synthetic
128,gcn.aggregate_4,Linear,MM,2048,2048,64,0.9148,0.0816,-0.0406,"(1, 2048)","(1, 64)",gcn_synthetic
128,gcn.output,Linear,MM,2048,64,7,0.3645,0.0959,0.7022,"(1, 64)","(1, 7)",gcn_synthetic
129,gcn.aggregate_1,Linear,MM,2048,2048,128,0.8861,0.0969,-0.047,"(1, 2048)","(1, 128)",gcn_synthetic
129,gcn.transform_1,Linear,MM,2048,128,256,0.1223,0.5979,-0.0025,"(1, 128)","(1, 256)",gcn_synthetic
129,gcn.aggregate_2,Linear,MM,2048,2048,256,0.9297,0.041,-0.0021,"(1, 2048)","(1, 256)",gcn_synthetic
129,gcn.transform_2,Linear,MM,2048,256,128,0.5276,0.3005,0.2896,"(1, 256)","(1, 128)",gcn_synthetic
129,gcn.aggregate_3,Linear,MM,2048,2048,128,0.9749,0.026,0.0135,"(1, 2048)","(1, 128)",gcn_synthetic
129,gcn.transform_3,Linear,MM,2048,128,64,0.0748,0.4435,0.4957,"(1, 128)","(1, 64)",gcn_synthetic
129,gcn.aggregate_4,Linear,MM,2048,2048,64,0.8666,0.0363,-0.0029,"(1, 2048)","(1, 64)",gcn_synthetic
129,gcn.output,Linear,MM,2048,64,7,0.4479,0.0218,0.6842,"(1, 64)","(1, 7)",gcn_synthetic
130,gcn.aggregate_1,Linear,MM,2048,2048,128,0.9238,0.0495,-0.0072,"(1, 2048)","(1, 128)",gcn_synthetic
130,gcn.transform_1,Linear,MM,2048,128,256,0.1156,0.4436,-0.0047,"(1, 128)","(1, 256)",gcn_synthetic
130,gcn.aggregate_2,Linear,MM,2048,2048,256,0.9073,0.0988,0.0129,"(1, 2048)","(1, 256)",gcn_synthetic
130,gcn.transform_2,Linear,MM,2048,256,128,0.4295,0.4186,0.2834,"(1, 256)","(1, 128)",gcn_synthetic
130,gcn.aggregate_3,Linear,MM,2048,2048,128,0.926,0.0358,-0.0024,"(1, 2048)","(1, 128)",gcn_synthetic
130,gcn.transform_3,Linear,MM,2048,128,64,0.1175,0.3839,0.4797,"(1, 128)","(1, 64)",gcn_synthetic
130,gcn.aggregate_4,Linear,MM,2048,2048,64,0.8681,0.0472,0.0187,"(1, 2048)","(1, 64)",gcn_synthetic
130,gcn.output,Linear,MM,2048,64,7,0.583,0.0526,0.7358,"(1, 64)","(1, 7)",gcn_synthetic
131,gcn.aggregate_1,Linear,MM,2048,2048,128,0.8911,0.0531,-0.0198,"(1, 2048)","(1, 128)",gcn_synthetic
131,gcn.transform_1,Linear,MM,2048,128,256,0.0033,0.3666,-0.0091,"(1, 128)","(1, 256)",gcn_synthetic
131,gcn.aggregate_2,Linear,MM,2048,2048,256,0.8837,0.0027,-0.0041,"(1, 2048)","(1, 256)",gcn_synthetic
131,gcn.transform_2,Linear,MM,2048,256,128,0.506,0.454,0.2984,"(1, 256)","(1, 128)",gcn_synthetic
131,gcn.aggregate_3,Linear,MM,2048,2048,128,0.9803,0.063,0.0134,"(1, 2048)","(1, 128)",gcn_synthetic
131,gcn.transform_3,Linear,MM,2048,128,64,0.1793,0.4106,0.5071,"(1, 128)","(1, 64)",gcn_synthetic
131,gcn.aggregate_4,Linear,MM,2048,2048,64,0.8877,0.0404,0.0134,"(1, 2048)","(1, 64)",gcn_synthetic
131,gcn.output,Linear,MM,2048,64,7,0.5979,0.0472,0.702,"(1, 64)","(1, 7)",gcn_synthetic
132,gcn.aggregate_1,Linear,MM,2048,2048,128,0.8097,0.096,0.0163,"(1, 2048)","(1, 128)",gcn_synthetic
132,gcn.transform_1,Linear,MM,2048,128,256,0.1235,0.4781,0.0093,"(1, 128)","(1, 256)",gcn_synthetic
132,gcn.aggregate_2,Linear,MM,2048,2048,256,0.8493,0.0626,-0.0104,"(1, 2048)","(1, 256)",gcn_synthetic
132,gcn.transform_2,Linear,MM,2048,256,128,0.4382,0.4927,0.3195,"(1, 256)","(1, 128)",gcn_synthetic
132,gcn.aggregate_3,Linear,MM,2048,2048,128,0.9703,0.0638,0.0021,"(1, 2048)","(1, 128)",gcn_synthetic
132,gcn.transform_3,Linear,MM,2048,128,64,0.0871,0.4937,0.4756,"(1, 128)","(1, 64)",gcn_synthetic
132,gcn.aggregate_4,Linear,MM,2048,2048,64,0.8969,0.0097,0.0011,"(1, 2048)","(1, 64)",gcn_synthetic
132,gcn.output,Linear,MM,2048,64,7,0.3008,0.0783,0.6817,"(1, 64)","(1, 7)",gcn_synthetic
133,gcn.aggregate_1,Linear,MM,2048,2048,128,0.8853,0.0721,0.0181,"(1, 2048)","(1, 128)",gcn_synthetic
133,gcn.transform_1,Linear,MM,2048,128,256,0.1646,0.4495,-0.0009,"(1, 128)","(1, 256)",gcn_synthetic
133,gcn.aggregate_2,Linear,MM,2048,2048,256,0.8366,0.0126,0.0093,"(1, 2048)","(1, 256)",gcn_synthetic
133,gcn.transform_2,Linear,MM,2048,256,128,0.3796,0.5178,0.3181,"(1, 256)","(1, 128)",gcn_synthetic
133,gcn.aggregate_3,Linear,MM,2048,2048,128,0.9277,0.0255,0.0177,"(1, 2048)","(1, 128)",gcn_synthetic
133,gcn.transform_3,Linear,MM,2048,128,64,0.1648,0.5549,0.5177,"(1, 128)","(1, 64)",gcn_synthetic
133,gcn.aggregate_4,Linear,MM,2048,2048,64,0.882,0.0258,-0.0315,"(1, 2048)","(1, 64)",gcn_synthetic
133,gcn.output,Linear,MM,2048,64,7,0.5379,0.0119,0.7165,"(1, 64)","(1, 7)",gcn_synthetic
134,gcn.aggregate_1,Linear,MM,2048,2048,128,0.849,0.0038,-0.0223,"(1, 2048)","(1, 128)",gcn_synthetic
134,gcn.transform_1,Linear,MM,2048,128,256,0.1945,0.4067,-0.0034,"(1, 128)","(1, 256)",gcn_synthetic
134,gcn.aggregate_2,Linear,MM,2048,2048,256,0.9185,0.0829,0.0054,"(1, 2048)","(1, 256)",gcn_synthetic
134,gcn.transform_2,Linear,MM,2048,256,128,0.4033,0.3894,0.287,"(1, 256)","(1, 128)",gcn_synthetic
134,gcn.aggregate_3,Linear,MM,2048,2048,128,0.9679,0.0254,0.0215,"(1, 2048)","(1, 128)",gcn_synthetic
134,gcn.transform_3,Linear,MM,2048,128,64,0.0699,0.4177,0.4841,"(1, 128)","(1, 64)",gcn_synthetic
134,gcn.aggregate_4,Linear,MM,2048,2048,64,0.9111,0.0138,-0.0218,"(1, 2048)","(1, 64)",gcn_synthetic
134,gcn.output,Linear,MM,2048,64,7,0.5532,0.0618,0.7237,"(1, 64)","(1, 7)",gcn_synthetic
135,gcn.aggregate_1,Linear,MM,2048,2048,128,0.8012,0.0132,-0.0159,"(1, 2048)","(1, 128)",gcn_synthetic
135,gcn.transform_1,Linear,MM,2048,128,256,0.0034,0.5215,0.0142,"(1, 128)","(1, 256)",gcn_synthetic
135,gcn.aggregate_2,Linear,MM,2048,2048,256,0.9009,0.0223,0.0288,"(1, 2048)","(1, 256)",gcn_synthetic
135,gcn.transform_2,Linear,MM,2048,256,128,0.5818,0.3293,0.3285,"(1, 256)","(1, 128)",gcn_synthetic
135,gcn.aggregate_3,Linear,MM,2048,2048,128,0.9154,0.0302,-0.0033,"(1, 2048)","(1, 128)",gcn_synthetic
135,gcn.transform_3,Linear,MM,2048,128,64,0.0736,0.4144,0.5314,"(1, 128)","(1, 64)",gcn_synthetic
135,gcn.aggregate_4,Linear,MM,2048,2048,64,0.8762,0.0325,-0.034,"(1, 2048)","(1, 64)",gcn_synthetic
135,gcn.output,Linear,MM,2048,64,7,0.4437,0.0753,0.7238,"(1, 64)","(1, 7)",gcn_synthetic
136,gcn.aggregate_1,Linear,MM,2048,2048,128,0.8053,0.0217,0.0479,"(1, 2048)","(1, 128)",gcn_synthetic
136,gcn.transform_1,Linear,MM,2048,128,256,0.037,0.3585,0.0047,"(1, 128)","(1, 256)",gcn_synthetic
136,gcn.aggregate_2,Linear,MM,2048,2048,256,0.8936,0.0724,-0.0406,"(1, 2048)","(1, 256)",gcn_synthetic
136,gcn.transform_2,Linear,MM,2048,256,128,0.42,0.3757,0.2624,"(1, 256)","(1, 128)",gcn_synthetic
136,gcn.aggregate_3,Linear,MM,2048,2048,128,0.9887,0.0626,-0.026,"(1, 2048)","(1, 128)",gcn_synthetic
136,gcn.transform_3,Linear,MM,2048,128,64,0.0503,0.3952,0.4847,"(1, 128)","(1, 64)",gcn_synthetic
136,gcn.aggregate_4,Linear,MM,2048,2048,64,0.8832,0.0582,0.0356,"(1, 2048)","(1, 64)",gcn_synthetic
136,gcn.output,Linear,MM,2048,64,7,0.5758,0.0232,0.7336,"(1, 64)","(1, 7)",gcn_synthetic
137,gcn.aggregate_1,Linear,MM,2048,2048,128,0.8065,0.0946,-0.0186,"(1, 2048)","(1, 128)",gcn_synthetic
137,gcn.transform_1,Linear,MM,2048,128,256,0.0652,0.4174,0.003,"(1, 128)","(1, 256)",gcn_synthetic
137,gcn.aggregate_2,Linear,MM,2048,2048,256,0.9152,0.0264,0.0019,"(1, 2048)","(1, 256)",gcn_synthetic
137,gcn.transform_2,Linear,MM,2048,256,128,0.3286,0.4523,0.3121,"(1, 256)","(1, 128)",gcn_synthetic
137,gcn.aggregate_3,Linear,MM,2048,2048,128,0.9525,0.0959,0.0263,"(1, 2048)","(1, 128)",gcn_synthetic
137,gcn.transform_3,Linear,MM,2048,128,64,0.1369,0.3147,0.5271,"(1, 128)","(1, 64)",gcn_synthetic
137,gcn.aggregate_4,Linear,MM,2048,2048,64,0.8397,0.0255,-0.0115,"(1, 2048)","(1, 64)",gcn_synthetic
137,gcn.output,Linear,MM,2048,64,7,0.5231,0.0418,0.7098,"(1, 64)","(1, 7)",gcn_synthetic
138,gcn.aggregate_1,Linear,MM,2048,2048,128,0.8406,0.0904,0.0203,"(1, 2048)","(1, 128)",gcn_synthetic
138,gcn.transform_1,Linear,MM,2048,128,256,0.1517,0.4129,-0.0147,"(1, 128)","(1, 256)",gcn_synthetic
138,gcn.aggregate_2,Linear,MM,2048,2048,256,0.8489,0.0004,-0.0261,"(1, 2048)","(1, 256)",gcn_synthetic
138,gcn.transform_2,Linear,MM,2048,256,128,0.3033,0.4847,0.297,"(1, 256)","(1, 128)",gcn_synthetic
138,gcn.aggregate_3,Linear,MM,2048,2048,128,0.9113,0.0306,0.0197,"(1, 2048)","(1, 128)",gcn_synthetic
138,gcn.transform_3,Linear,MM,2048,128,64,0.1904,0.5724,0.5173,"(1, 128)","(1, 64)",gcn_synthetic
138,gcn.aggregate_4,Linear,MM,2048,2048,64,0.8773,0.0946,0.0128,"(1, 2048)","(1, 64)",gcn_synthetic
138,gcn.output,Linear,MM,2048,64,7,0.4633,0.0022,0.66,"(1, 64)","(1, 7)",gcn_synthetic
139,gcn.aggregate_1,Linear,MM,2048,2048,128,0.8053,0.0238,-0.0118,"(1, 2048)","(1, 128)",gcn_synthetic
139,gcn.transform_1,Linear,MM,2048,128,256,0.1905,0.3198,0.0037,"(1, 128)","(1, 256)",gcn_synthetic
139,gcn.aggregate_2,Linear,MM,2048,2048,256,0.8759,0.062,0.0082,"(1, 2048)","(1, 256)",gcn_synthetic
139,gcn.transform_2,Linear,MM,2048,256,128,0.4031,0.4122,0.3041,"(1, 256)","(1, 128)",gcn_synthetic
139,gcn.aggregate_3,Linear,MM,2048,2048,128,0.9489,0.0249,-0.0408,"(1, 2048)","(1, 128)",gcn_synthetic
139,gcn.transform_3,Linear,MM,2048,128,64,0.1859,0.3924,0.5129,"(1, 128)","(1, 64)",gcn_synthetic
139,gcn.aggregate_4,Linear,MM,2048,2048,64,0.8951,0.0386,-0.0012,"(1, 2048)","(1, 64)",gcn_synthetic
139,gcn.output,Linear,MM,2048,64,7,0.4009,0.0659,0.6621,"(1, 64)","(1, 7)",gcn_synthetic
140,gcn.aggregate_1,Linear,MM,2048,2048,128,0.8497,0.0328,-0.0062,"(1, 2048)","(1, 128)",gcn_synthetic
140,gcn.transform_1,Linear,MM,2048,128,256,0.1184,0.4561,0.0117,"(1, 128)","(1, 256)",gcn_synthetic
140,gcn.aggregate_2,Linear,MM,2048,2048,256,0.8388,0.015,-0.0273,"(1, 2048)","(1, 256)",gcn_synthetic
140,gcn.transform_2,Linear,MM,2048,256,128,0.4079,0.5438,0.2781,"(1, 256)","(1, 128)",gcn_synthetic
140,gcn.aggregate_3,Linear,MM,2048,2048,128,0.948,0.0974,-0.021,"(1, 2048)","(1, 128)",gcn_synthetic
140,gcn.transform_3,Linear,MM,2048,128,64,0.0088,0.5588,0.4835,"(1, 128)","(1, 64)",gcn_synthetic
140,gcn.aggregate_4,Linear,MM,2048,2048,64,0.8717,0.0296,0.0016,"(1, 2048)","(1, 64)",gcn_synthetic
140,gcn.output,Linear,MM,2048,64,7,0.3895,0.0651,0.6939,"(1, 64)","(1, 7)",gcn_synthetic
141,gcn.aggregate_1,Linear,MM,2048,2048,128,0.8168,0.0518,0.0076,"(1, 2048)","(1, 128)",gcn_synthetic
141,gcn.transform_1,Linear,MM,2048,128,256,0.1473,0.5404,-0.0179,"(1, 128)","(1, 256)",gcn_synthetic
141,gcn.aggregate_2,Linear,MM,2048,2048,256,0.919,0.0878,0.0057,"(1, 2048)","(1, 256)",gcn_synthetic
141,gcn.transform_2,Linear,MM,2048,256,128,0.3748,0.5627,0.3067,"(1, 256)","(1, 128)",gcn_synthetic
141,gcn.aggregate_3,Linear,MM,2048,2048,128,0.9437,0.0135,0.0103,"(1, 2048)","(1, 128)",gcn_synthetic
141,gcn.transform_3,Linear,MM,2048,128,64,0.0877,0.5141,0.5102,"(1, 128)","(1, 64)",gcn_synthetic
141,gcn.aggregate_4,Linear,MM,2048,2048,64,0.8162,0.0122,-0.0282,"(1, 2048)","(1, 64)",gcn_synthetic
141,gcn.output,Linear,MM,2048,64,7,0.5595,0.0865,0.6891,"(1, 64)","(1, 7)",gcn_synthetic
142,gcn.aggregate_1,Linear,MM,2048,2048,128,0.821,0.0311,-0.0208,"(1, 2048)","(1, 128)",gcn_synthetic
142,gcn.transform_1,Linear,MM,2048,128,256,0.0239,0.4424,-0.0027,"(1, 128)","(1, 256)",gcn_synthetic
142,gcn.aggregate_2,Linear,MM,2048,2048,256,0.8911,0.0169,0.0094,"(1, 2048)","(1, 256)",gcn_synthetic
142,gcn.transform_2,Linear,MM,2048,256,128,0.575,0.3004,0.2836,"(1, 256)","(1, 128)",gcn_synthetic
142,gcn.aggregate_3,Linear,MM,2048,2048,128,0.9689,0.0011,-0.0034,"(1, 2048)","(1, 128)",gcn_synthetic
142,gcn.transform_3,Linear,MM,2048,128,64,0.1539,0.4568,0.5099,"(1, 128)","(1, 64)",gcn_synthetic
142,gcn.aggregate_4,Linear,MM,2048,2048,64,0.8552,0.0386,0.0145,"(1, 2048)","(1, 64)",gcn_synthetic
142,gcn.output,Linear,MM,2048,64,7,0.5425,0.0345,0.707,"(1, 64)","(1, 7)",gcn_synthetic
143,gcn.aggregate_1,Linear,MM,2048,2048,128,0.9144,0.0169,-0.0036,"(1, 2048)","(1, 128)",gcn_synthetic
143,gcn.transform_1,Linear,MM,2048,128,256,0.1638,0.4154,-0.0155,"(1, 128)","(1, 256)",gcn_synthetic
143,gcn.aggregate_2,Linear,MM,2048,2048,256,0.8079,0.0018,-0.0077,"(1, 2048)","(1, 256)",gcn_synthetic
143,gcn.transform_2,Linear,MM,2048,256,128,0.3249,0.5267,0.3302,"(1, 256)","(1, 128)",gcn_synthetic
143,gcn.aggregate_3,Linear,MM,2048,2048,128,0.9624,0.0213,0.0041,"(1, 2048)","(1, 128)",gcn_synthetic
143,gcn.transform_3,Linear,MM,2048,128,64,0.0233,0.5447,0.4984,"(1, 128)","(1, 64)",gcn_synthetic
143,gcn.aggregate_4,Linear,MM,2048,2048,64,0.8976,0.0224,0.0371,"(1, 2048)","(1, 64)",gcn_synthetic
143,gcn.output,Linear,MM,2048,64,7,0.3141,0.0689,0.734,"(1, 64)","(1, 7)",gcn_synthetic
144,gcn.aggregate_1,Linear,MM,2048,2048,128,0.8076,0.0561,0.0056,"(1, 2048)","(1, 128)",gcn_synthetic
144,gcn.transform_1,Linear,MM,2048,128,256,0.0821,0.3519,0.0075,"(1, 128)","(1, 256)",gcn_synthetic
144,gcn.aggregate_2,Linear,MM,2048,2048,256,0.9113,0.0735,-0.0252,"(1, 2048)","(1, 256)",gcn_synthetic
144,gcn.transform_2,Linear,MM,2048,256,128,0.4363,0.3037,0.3219,"(1, 256)","(1, 128)",gcn_synthetic
144,gcn.aggregate_3,Linear,MM,2048,2048,128,0.9304,0.0488,0.0084,"(1, 2048)","(1, 128)",gcn_synthetic
144,gcn.transform_3,Linear,MM,2048,128,64,0.0535,0.4944,0.4678,"(1, 128)","(1, 64)",gcn_synthetic
144,gcn.aggregate_4,Linear,MM,2048,2048,64,0.8869,0.0864,0.0122,"(1, 2048)","(1, 64)",gcn_synthetic
144,gcn.output,Linear,MM,2048,64,7,0.5622,0.0042,0.6857,"(1, 64)","(1, 7)",gcn_synthetic
145,gcn.aggregate_1,Linear,MM,2048,2048,128,0.8626,0.0348,0.0064,"(1, 2048)","(1, 128)",gcn_synthetic
145,gcn.transform_1,Linear,MM,2048,128,256,0.1449,0.4062,0.0091,"(1, 128)","(1, 256)",gcn_synthetic
145,gcn.aggregate_2,Linear,MM,2048,2048,256,0.8367,0.0497,0.0054,"(1, 2048)","(1, 256)",gcn_synthetic
145,gcn.transform_2,Linear,MM,2048,256,128,0.483,0.5707,0.2845,"(1, 256)","(1, 128)",gcn_synthetic
145,gcn.aggregate_3,Linear,MM,2048,2048,128,0.9816,0.0966,0.003,"(1, 2048)","(1, 128)",gcn_synthetic
145,gcn.transform_3,Linear,MM,2048,128,64,0.0627,0.5192,0.4942,"(1, 128)","(1, 64)",gcn_synthetic
145,gcn.aggregate_4,Linear,MM,2048,2048,64,0.884,0.0982,-0.0207,"(1, 2048)","(1, 64)",gcn_synthetic
145,gcn.output,Linear,MM,2048,64,7,0.4884,0.0441,0.6985,"(1, 64)","(1, 7)",gcn_synthetic
146,gcn.aggregate_1,Linear,MM,2048,2048,128,0.8498,0.0605,-0.009,"(1, 2048)","(1, 128)",gcn_synthetic
146,gcn.transform_1,Linear,MM,2048,128,256,0.1349,0.5206,0.0122,"(1, 128)","(1, 256)",gcn_synthetic
146,gcn.aggregate_2,Linear,MM,2048,2048,256,0.9444,0.0217,0.0381,"(1, 2048)","(1, 256)",gcn_synthetic
146,gcn.transform_2,Linear,MM,2048,256,128,0.3147,0.561,0.3027,"(1, 256)","(1, 128)",gcn_synthetic
146,gcn.aggregate_3,Linear,MM,2048,2048,128,0.9307,0.0676,0.0174,"(1, 2048)","(1, 128)",gcn_synthetic
146,gcn.transform_3,Linear,MM,2048,128,64,0.1614,0.4402,0.4958,"(1, 128)","(1, 64)",gcn_synthetic
146,gcn.aggregate_4,Linear,MM,2048,2048,64,0.9423,0.0769,0.0194,"(1, 2048)","(1, 64)",gcn_synthetic
146,gcn.output,Linear,MM,2048,64,7,0.4588,0.0559,0.6966,"(1, 64)","(1, 7)",gcn_synthetic
147,gcn.aggregate_1,Linear,MM,2048,2048,128,0.8165,0.0893,-0.0088,"(1, 2048)","(1, 128)",gcn_synthetic
147,gcn.transform_1,Linear,MM,2048,128,256,0.1976,0.5477,-0.0485,"(1, 128)","(1, 256)",gcn_synthetic
147,gcn.aggregate_2,Linear,MM,2048,2048,256,0.8173,0.0773,-0.0125,"(1, 2048)","(1, 256)",gcn_synthetic
147,gcn.transform_2,Linear,MM,2048,256,128,0.5461,0.4612,0.2901,"(1, 256)","(1, 128)",gcn_synthetic
147,gcn.aggregate_3,Linear,MM,2048,2048,128,0.9425,0.0108,-0.004,"(1, 2048)","(1, 128)",gcn_synthetic
147,gcn.transform_3,Linear,MM,2048,128,64,0.1882,0.3659,0.4835,"(1, 128)","(1, 64)",gcn_synthetic
147,gcn.aggregate_4,Linear,MM,2048,2048,64,0.9081,0.0535,0.0123,"(1, 2048)","(1, 64)",gcn_synthetic
147,gcn.output,Linear,MM,2048,64,7,0.558,0.0849,0.7014,"(1, 64)","(1, 7)",gcn_synthetic
148,gcn.aggregate_1,Linear,MM,2048,2048,128,0.8078,0.0988,-0.0088,"(1, 2048)","(1, 128)",gcn_synthetic
148,gcn.transform_1,Linear,MM,2048,128,256,0.0213,0.5601,0.0009,"(1, 128)","(1, 256)",gcn_synthetic
148,gcn.aggregate_2,Linear,MM,2048,2048,256,0.8065,0.0259,-0.0344,"(1, 2048)","(1, 256)",gcn_synthetic
148,gcn.transform_2,Linear,MM,2048,256,128,0.5801,0.3973,0.2988,"(1, 256)","(1, 128)",gcn_synthetic
148,gcn.aggregate_3,Linear,MM,2048,2048,128,0.9643,0.0773,-0.0026,"(1, 2048)","(1, 128)",gcn_synthetic
148,gcn.transform_3,Linear,MM,2048,128,64,0.0393,0.377,0.4897,"(1, 128)","(1, 64)",gcn_synthetic
148,gcn.aggregate_4,Linear,MM,2048,2048,64,0.8617,0.0056,-0.0244,"(1, 2048)","(1, 64)",gcn_synthetic
148,gcn.output,Linear,MM,2048,64,7,0.3254,0.0446,0.7089,"(1, 64)","(1, 7)",gcn_synthetic
149,gcn.aggregate_1,Linear,MM,2048,2048,128,0.8511,0.0975,-0.0128,"(1, 2048)","(1, 128)",gcn_synthetic
149,gcn.transform_1,Linear,MM,2048,128,256,0.1183,0.4604,0.0168,"(1, 128)","(1, 256)",gcn_synthetic
149,gcn.aggregate_2,Linear,MM,2048,2048,256,0.8277,0.0765,-0.0144,"(1, 2048)","(1, 256)",gcn_synthetic
149,gcn.transform_2,Linear,MM,2048,256,128,0.5174,0.4886,0.3078,"(1, 256)","(1, 128)",gcn_synthetic
149,gcn.aggregate_3,Linear,MM,2048,2048,128,0.9009,0.0052,-0.0175,"(1, 2048)","(1, 128)",gcn_synthetic
149,gcn.transform_3,Linear,MM,2048,128,64,0.1214,0.3519,0.502,"(1, 128)","(1, 64)",gcn_synthetic
149,gcn.aggregate_4,Linear,MM,2048,2048,64,0.903,0.037,-0.0156,"(1, 2048)","(1, 64)",gcn_synthetic
149,gcn.output,Linear,MM,2048,64,7,0.496,0.0973,0.7122,"(1, 64)","(1, 7)",gcn_synthetic
150,gcn.aggregate_1,Linear,MM,2048,2048,128,0.8733,0.0279,-0.0196,"(1, 2048)","(1, 128)",gcn_synthetic
150,gcn.transform_1,Linear,MM,2048,128,256,0.1146,0.4539,-0.0117,"(1, 128)","(1, 256)",gcn_synthetic
150,gcn.aggregate_2,Linear,MM,2048,2048,256,0.8825,0.0683,0.0077,"(1, 2048)","(1, 256)",gcn_synthetic
150,gcn.transform_2,Linear,MM,2048,256,128,0.495,0.3483,0.293,"(1, 256)","(1, 128)",gcn_synthetic
150,gcn.aggregate_3,Linear,MM,2048,2048,128,0.9032,0.0249,-0.0089,"(1, 2048)","(1, 128)",gcn_synthetic
150,gcn.transform_3,Linear,MM,2048,128,64,0.1071,0.4607,0.5351,"(1, 128)","(1, 64)",gcn_synthetic
150,gcn.aggregate_4,Linear,MM,2048,2048,64,0.8353,0.0169,-0.0242,"(1, 2048)","(1, 64)",gcn_synthetic
150,gcn.output,Linear,MM,2048,64,7,0.335,0.0935,0.713,"(1, 64)","(1, 7)",gcn_synthetic
151,gcn.aggregate_1,Linear,MM,2048,2048,128,0.8421,0.0189,-0.0178,"(1, 2048)","(1, 128)",gcn_synthetic
151,gcn.transform_1,Linear,MM,2048,128,256,0.003,0.3552,-0.0111,"(1, 128)","(1, 256)",gcn_synthetic
151,gcn.aggregate_2,Linear,MM,2048,2048,256,0.8681,0.0531,0.0105,"(1, 2048)","(1, 256)",gcn_synthetic
151,gcn.transform_2,Linear,MM,2048,256,128,0.4607,0.4802,0.2839,"(1, 256)","(1, 128)",gcn_synthetic
151,gcn.aggregate_3,Linear,MM,2048,2048,128,0.9287,0.0199,-0.0114,"(1, 2048)","(1, 128)",gcn_synthetic
151,gcn.transform_3,Linear,MM,2048,128,64,0.1044,0.5224,0.523,"(1, 128)","(1, 64)",gcn_synthetic
151,gcn.aggregate_4,Linear,MM,2048,2048,64,0.9313,0.0448,0.0005,"(1, 2048)","(1, 64)",gcn_synthetic
151,gcn.output,Linear,MM,2048,64,7,0.5381,0.0077,0.7094,"(1, 64)","(1, 7)",gcn_synthetic
152,gcn.aggregate_1,Linear,MM,2048,2048,128,0.8139,0.0614,0.0273,"(1, 2048)","(1, 128)",gcn_synthetic
152,gcn.transform_1,Linear,MM,2048,128,256,0.1144,0.4854,-0.0118,"(1, 128)","(1, 256)",gcn_synthetic
152,gcn.aggregate_2,Linear,MM,2048,2048,256,0.8251,0.0552,0.0335,"(1, 2048)","(1, 256)",gcn_synthetic
152,gcn.transform_2,Linear,MM,2048,256,128,0.5109,0.4869,0.3063,"(1, 256)","(1, 128)",gcn_synthetic
152,gcn.aggregate_3,Linear,MM,2048,2048,128,0.9143,0.0969,-0.0224,"(1, 2048)","(1, 128)",gcn_synthetic
152,gcn.transform_3,Linear,MM,2048,128,64,0.1608,0.3423,0.5073,"(1, 128)","(1, 64)",gcn_synthetic
152,gcn.aggregate_4,Linear,MM,2048,2048,64,0.8406,0.0563,-0.0046,"(1, 2048)","(1, 64)",gcn_synthetic
152,gcn.output,Linear,MM,2048,64,7,0.4052,0.0246,0.7018,"(1, 64)","(1, 7)",gcn_synthetic
153,gcn.aggregate_1,Linear,MM,2048,2048,128,0.9403,0.0579,-0.0029,"(1, 2048)","(1, 128)",gcn_synthetic
153,gcn.transform_1,Linear,MM,2048,128,256,0.0748,0.3436,-0.014,"(1, 128)","(1, 256)",gcn_synthetic
153,gcn.aggregate_2,Linear,MM,2048,2048,256,0.91,0.0187,0.0051,"(1, 2048)","(1, 256)",gcn_synthetic
153,gcn.transform_2,Linear,MM,2048,256,128,0.4879,0.4537,0.287,"(1, 256)","(1, 128)",gcn_synthetic
153,gcn.aggregate_3,Linear,MM,2048,2048,128,0.9573,0.0904,0.0143,"(1, 2048)","(1, 128)",gcn_synthetic
153,gcn.transform_3,Linear,MM,2048,128,64,0.0855,0.3726,0.5253,"(1, 128)","(1, 64)",gcn_synthetic
153,gcn.aggregate_4,Linear,MM,2048,2048,64,0.8306,0.0217,0.0423,"(1, 2048)","(1, 64)",gcn_synthetic
153,gcn.output,Linear,MM,2048,64,7,0.4778,0.0846,0.7102,"(1, 64)","(1, 7)",gcn_synthetic
154,gcn.aggregate_1,Linear,MM,2048,2048,128,0.8726,0.0522,-0.0097,"(1, 2048)","(1, 128)",gcn_synthetic
154,gcn.transform_1,Linear,MM,2048,128,256,0.1735,0.4079,-0.0088,"(1, 128)","(1, 256)",gcn_synthetic
154,gcn.aggregate_2,Linear,MM,2048,2048,256,0.9421,0.0806,0.0018,"(1, 2048)","(1, 256)",gcn_synthetic
154,gcn.transform_2,Linear,MM,2048,256,128,0.3126,0.5553,0.313,"(1, 256)","(1, 128)",gcn_synthetic
154,gcn.aggregate_3,Linear,MM,2048,2048,128,0.9522,0.0868,0.0146,"(1, 2048)","(1, 128)",gcn_synthetic
154,gcn.transform_3,Linear,MM,2048,128,64,0.0401,0.3846,0.4912,"(1, 128)","(1, 64)",gcn_synthetic
154,gcn.aggregate_4,Linear,MM,2048,2048,64,0.8217,0.0138,0.0017,"(1, 2048)","(1, 64)",gcn_synthetic
154,gcn.output,Linear,MM,2048,64,7,0.5027,0.0212,0.6809,"(1, 64)","(1, 7)",gcn_synthetic
155,gcn.aggregate_1,Linear,MM,2048,2048,128,0.9372,0.0099,-0.0186,"(1, 2048)","(1, 128)",gcn_synthetic
155,gcn.transform_1,Linear,MM,2048,128,256,0.1971,0.3099,0.0113,"(1, 128)","(1, 256)",gcn_synthetic
155,gcn.aggregate_2,Linear,MM,2048,2048,256,0.8163,0.0282,0.0182,"(1, 2048)","(1, 256)",gcn_synthetic
155,gcn.transform_2,Linear,MM,2048,256,128,0.5392,0.4635,0.3198,"(1, 256)","(1, 128)",gcn_synthetic
155,gcn.aggregate_3,Linear,MM,2048,2048,128,0.954,0.0345,-0.0161,"(1, 2048)","(1, 128)",gcn_synthetic
155,gcn.transform_3,Linear,MM,2048,128,64,0.0237,0.5091,0.4954,"(1, 128)","(1, 64)",gcn_synthetic
155,gcn.aggregate_4,Linear,MM,2048,2048,64,0.8037,0.0453,-0.0046,"(1, 2048)","(1, 64)",gcn_synthetic
155,gcn.output,Linear,MM,2048,64,7,0.3207,0.0767,0.7421,"(1, 64)","(1, 7)",gcn_synthetic
156,gcn.aggregate_1,Linear,MM,2048,2048,128,0.8714,0.0293,0.0079,"(1, 2048)","(1, 128)",gcn_synthetic
156,gcn.transform_1,Linear,MM,2048,128,256,0.1848,0.3793,-0.0226,"(1, 128)","(1, 256)",gcn_synthetic
156,gcn.aggregate_2,Linear,MM,2048,2048,256,0.9312,0.0663,0.0219,"(1, 2048)","(1, 256)",gcn_synthetic
156,gcn.transform_2,Linear,MM,2048,256,128,0.3597,0.4556,0.2934,"(1, 256)","(1, 128)",gcn_synthetic
156,gcn.aggregate_3,Linear,MM,2048,2048,128,0.9185,0.0489,0.0002,"(1, 2048)","(1, 128)",gcn_synthetic
156,gcn.transform_3,Linear,MM,2048,128,64,0.1986,0.3813,0.5165,"(1, 128)","(1, 64)",gcn_synthetic
156,gcn.aggregate_4,Linear,MM,2048,2048,64,0.8905,0.0967,0.0161,"(1, 2048)","(1, 64)",gcn_synthetic
156,gcn.output,Linear,MM,2048,64,7,0.5229,0.033,0.7214,"(1, 64)","(1, 7)",gcn_synthetic
157,gcn.aggregate_1,Linear,MM,2048,2048,128,0.8436,0.0145,0.0145,"(1, 2048)","(1, 128)",gcn_synthetic
157,gcn.transform_1,Linear,MM,2048,128,256,0.153,0.5958,0.0036,"(1, 128)","(1, 256)",gcn_synthetic
157,gcn.aggregate_2,Linear,MM,2048,2048,256,0.9488,0.0434,0.0263,"(1, 2048)","(1, 256)",gcn_synthetic
157,gcn.transform_2,Linear,MM,2048,256,128,0.5297,0.5325,0.3014,"(1, 256)","(1, 128)",gcn_synthetic
157,gcn.aggregate_3,Linear,MM,2048,2048,128,0.9502,0.0587,0.0141,"(1, 2048)","(1, 128)",gcn_synthetic
157,gcn.transform_3,Linear,MM,2048,128,64,0.0317,0.5567,0.5144,"(1, 128)","(1, 64)",gcn_synthetic
157,gcn.aggregate_4,Linear,MM,2048,2048,64,0.9418,0.0273,-0.009,"(1, 2048)","(1, 64)",gcn_synthetic
157,gcn.output,Linear,MM,2048,64,7,0.3068,0.0407,0.6917,"(1, 64)","(1, 7)",gcn_synthetic
158,gcn.aggregate_1,Linear,MM,2048,2048,128,0.8269,0.0127,0.0181,"(1, 2048)","(1, 128)",gcn_synthetic
158,gcn.transform_1,Linear,MM,2048,128,256,0.1403,0.4998,0.0158,"(1, 128)","(1, 256)",gcn_synthetic
158,gcn.aggregate_2,Linear,MM,2048,2048,256,0.8776,0.0061,0.006,"(1, 2048)","(1, 256)",gcn_synthetic
158,gcn.transform_2,Linear,MM,2048,256,128,0.5298,0.4788,0.3088,"(1, 256)","(1, 128)",gcn_synthetic
158,gcn.aggregate_3,Linear,MM,2048,2048,128,0.9101,0.0822,-0.011,"(1, 2048)","(1, 128)",gcn_synthetic
158,gcn.transform_3,Linear,MM,2048,128,64,0.1214,0.3562,0.5046,"(1, 128)","(1, 64)",gcn_synthetic
158,gcn.aggregate_4,Linear,MM,2048,2048,64,0.8835,0.025,0.0248,"(1, 2048)","(1, 64)",gcn_synthetic
158,gcn.output,Linear,MM,2048,64,7,0.3149,0.0073,0.7124,"(1, 64)","(1, 7)",gcn_synthetic
159,gcn.aggregate_1,Linear,MM,2048,2048,128,0.9497,0.0683,-0.0213,"(1, 2048)","(1, 128)",gcn_synthetic
159,gcn.transform_1,Linear,MM,2048,128,256,0.0838,0.5838,-0.0155,"(1, 128)","(1, 256)",gcn_synthetic
159,gcn.aggregate_2,Linear,MM,2048,2048,256,0.9034,0.0994,-0.0436,"(1, 2048)","(1, 256)",gcn_synthetic
159,gcn.transform_2,Linear,MM,2048,256,128,0.3615,0.4615,0.3283,"(1, 256)","(1, 128)",gcn_synthetic
159,gcn.aggregate_3,Linear,MM,2048,2048,128,0.958,0.0515,-0.0029,"(1, 2048)","(1, 128)",gcn_synthetic
159,gcn.transform_3,Linear,MM,2048,128,64,0.1577,0.3642,0.4968,"(1, 128)","(1, 64)",gcn_synthetic
159,gcn.aggregate_4,Linear,MM,2048,2048,64,0.8158,0.0164,0.005,"(1, 2048)","(1, 64)",gcn_synthetic
159,gcn.output,Linear,MM,2048,64,7,0.5316,0.0229,0.7162,"(1, 64)","(1, 7)",gcn_synthetic
160,gcn.aggregate_1,Linear,MM,2048,2048,128,0.8944,0.0194,-0.0158,"(1, 2048)","(1, 128)",gcn_synthetic
160,gcn.transform_1,Linear,MM,2048,128,256,0.1034,0.3686,0.0008,"(1, 128)","(1, 256)",gcn_synthetic
160,gcn.aggregate_2,Linear,MM,2048,2048,256,0.8332,0.0496,0.0346,"(1, 2048)","(1, 256)",gcn_synthetic
160,gcn.transform_2,Linear,MM,2048,256,128,0.3913,0.3865,0.3124,"(1, 256)","(1, 128)",gcn_synthetic
160,gcn.aggregate_3,Linear,MM,2048,2048,128,0.9076,0.0318,-0.0019,"(1, 2048)","(1, 128)",gcn_synthetic
160,gcn.transform_3,Linear,MM,2048,128,64,0.0832,0.5093,0.4566,"(1, 128)","(1, 64)",gcn_synthetic
160,gcn.aggregate_4,Linear,MM,2048,2048,64,0.8679,0.0841,0.049,"(1, 2048)","(1, 64)",gcn_synthetic
160,gcn.output,Linear,MM,2048,64,7,0.5091,0.0675,0.7172,"(1, 64)","(1, 7)",gcn_synthetic
161,gcn.aggregate_1,Linear,MM,2048,2048,128,0.9401,0.0741,-0.0025,"(1, 2048)","(1, 128)",gcn_synthetic
161,gcn.transform_1,Linear,MM,2048,128,256,0.1946,0.4797,0.0072,"(1, 128)","(1, 256)",gcn_synthetic
161,gcn.aggregate_2,Linear,MM,2048,2048,256,0.8465,0.0138,0.0111,"(1, 2048)","(1, 256)",gcn_synthetic
161,gcn.transform_2,Linear,MM,2048,256,128,0.5525,0.524,0.3004,"(1, 256)","(1, 128)",gcn_synthetic
161,gcn.aggregate_3,Linear,MM,2048,2048,128,0.9049,0.0774,0.0178,"(1, 2048)","(1, 128)",gcn_synthetic
161,gcn.transform_3,Linear,MM,2048,128,64,0.021,0.4182,0.5099,"(1, 128)","(1, 64)",gcn_synthetic
161,gcn.aggregate_4,Linear,MM,2048,2048,64,0.8506,0.0772,0.0,"(1, 2048)","(1, 64)",gcn_synthetic
161,gcn.output,Linear,MM,2048,64,7,0.4091,0.0103,0.7324,"(1, 64)","(1, 7)",gcn_synthetic
162,gcn.aggregate_1,Linear,MM,2048,2048,128,0.8228,0.001,0.0024,"(1, 2048)","(1, 128)",gcn_synthetic
162,gcn.transform_1,Linear,MM,2048,128,256,0.1386,0.4005,-0.0357,"(1, 128)","(1, 256)",gcn_synthetic
162,gcn.aggregate_2,Linear,MM,2048,2048,256,0.9474,0.0986,0.009,"(1, 2048)","(1, 256)",gcn_synthetic
162,gcn.transform_2,Linear,MM,2048,256,128,0.3936,0.4574,0.3165,"(1, 256)","(1, 128)",gcn_synthetic
162,gcn.aggregate_3,Linear,MM,2048,2048,128,0.9359,0.0454,0.0128,"(1, 2048)","(1, 128)",gcn_synthetic
162,gcn.transform_3,Linear,MM,2048,128,64,0.1229,0.3997,0.5542,"(1, 128)","(1, 64)",gcn_synthetic
162,gcn.aggregate_4,Linear,MM,2048,2048,64,0.8843,0.0863,-0.0274,"(1, 2048)","(1, 64)",gcn_synthetic
162,gcn.output,Linear,MM,2048,64,7,0.4467,0.0321,0.6827,"(1, 64)","(1, 7)",gcn_synthetic
163,gcn.aggregate_1,Linear,MM,2048,2048,128,0.9355,0.0607,-0.0041,"(1, 2048)","(1, 128)",gcn_synthetic
163,gcn.transform_1,Linear,MM,2048,128,256,0.0834,0.3198,-0.017,"(1, 128)","(1, 256)",gcn_synthetic
163,gcn.aggregate_2,Linear,MM,2048,2048,256,0.9192,0.0564,0.0409,"(1, 2048)","(1, 256)",gcn_synthetic
163,gcn.transform_2,Linear,MM,2048,256,128,0.5078,0.3993,0.2998,"(1, 256)","(1, 128)",gcn_synthetic
163,gcn.aggregate_3,Linear,MM,2048,2048,128,0.9428,0.0581,-0.0099,"(1, 2048)","(1, 128)",gcn_synthetic
163,gcn.transform_3,Linear,MM,2048,128,64,0.0109,0.4544,0.4976,"(1, 128)","(1, 64)",gcn_synthetic
163,gcn.aggregate_4,Linear,MM,2048,2048,64,0.8921,0.0242,-0.0027,"(1, 2048)","(1, 64)",gcn_synthetic
163,gcn.output,Linear,MM,2048,64,7,0.5447,0.0669,0.7226,"(1, 64)","(1, 7)",gcn_synthetic
164,gcn.aggregate_1,Linear,MM,2048,2048,128,0.8141,0.0013,0.0013,"(1, 2048)","(1, 128)",gcn_synthetic
164,gcn.transform_1,Linear,MM,2048,128,256,0.1468,0.3485,0.014,"(1, 128)","(1, 256)",gcn_synthetic
164,gcn.aggregate_2,Linear,MM,2048,2048,256,0.9047,0.0651,-0.0059,"(1, 2048)","(1, 256)",gcn_synthetic
164,gcn.transform_2,Linear,MM,2048,256,128,0.4091,0.4844,0.312,"(1, 256)","(1, 128)",gcn_synthetic
164,gcn.aggregate_3,Linear,MM,2048,2048,128,0.9792,0.0269,-0.0056,"(1, 2048)","(1, 128)",gcn_synthetic
164,gcn.transform_3,Linear,MM,2048,128,64,0.1277,0.5992,0.4869,"(1, 128)","(1, 64)",gcn_synthetic
164,gcn.aggregate_4,Linear,MM,2048,2048,64,0.826,0.0811,0.0016,"(1, 2048)","(1, 64)",gcn_synthetic
164,gcn.output,Linear,MM,2048,64,7,0.5247,0.0108,0.6692,"(1, 64)","(1, 7)",gcn_synthetic
165,gcn.aggregate_1,Linear,MM,2048,2048,128,0.9196,0.0078,-0.0018,"(1, 2048)","(1, 128)",gcn_synthetic
165,gcn.transform_1,Linear,MM,2048,128,256,0.1687,0.4807,-0.0007,"(1, 128)","(1, 256)",gcn_synthetic
165,gcn.aggregate_2,Linear,MM,2048,2048,256,0.8248,0.0117,-0.0046,"(1, 2048)","(1, 256)",gcn_synthetic
165,gcn.transform_2,Linear,MM,2048,256,128,0.5376,0.5906,0.2998,"(1, 256)","(1, 128)",gcn_synthetic
165,gcn.aggregate_3,Linear,MM,2048,2048,128,0.9032,0.0586,-0.0155,"(1, 2048)","(1, 128)",gcn_synthetic
165,gcn.transform_3,Linear,MM,2048,128,64,0.1305,0.363,0.5171,"(1, 128)","(1, 64)",gcn_synthetic
165,gcn.aggregate_4,Linear,MM,2048,2048,64,0.8132,0.0251,0.0067,"(1, 2048)","(1, 64)",gcn_synthetic
165,gcn.output,Linear,MM,2048,64,7,0.4472,0.0116,0.7097,"(1, 64)","(1, 7)",gcn_synthetic
166,gcn.aggregate_1,Linear,MM,2048,2048,128,0.8316,0.0962,-0.0086,"(1, 2048)","(1, 128)",gcn_synthetic
166,gcn.transform_1,Linear,MM,2048,128,256,0.1107,0.411,-0.0146,"(1, 128)","(1, 256)",gcn_synthetic
166,gcn.aggregate_2,Linear,MM,2048,2048,256,0.8404,0.0679,-0.002,"(1, 2048)","(1, 256)",gcn_synthetic
166,gcn.transform_2,Linear,MM,2048,256,128,0.3347,0.3863,0.2757,"(1, 256)","(1, 128)",gcn_synthetic
166,gcn.aggregate_3,Linear,MM,2048,2048,128,0.9324,0.064,-0.0356,"(1, 2048)","(1, 128)",gcn_synthetic
166,gcn.transform_3,Linear,MM,2048,128,64,0.1368,0.4419,0.4931,"(1, 128)","(1, 64)",gcn_synthetic
166,gcn.aggregate_4,Linear,MM,2048,2048,64,0.9085,0.0386,0.0101,"(1, 2048)","(1, 64)",gcn_synthetic
166,gcn.output,Linear,MM,2048,64,7,0.3742,0.0544,0.7331,"(1, 64)","(1, 7)",gcn_synthetic
167,gcn.aggregate_1,Linear,MM,2048,2048,128,0.8203,0.0009,-0.0185,"(1, 2048)","(1, 128)",gcn_synthetic
167,gcn.transform_1,Linear,MM,2048,128,256,0.1184,0.4398,0.011,"(1, 128)","(1, 256)",gcn_synthetic
167,gcn.aggregate_2,Linear,MM,2048,2048,256,0.8654,0.0314,0.0095,"(1, 2048)","(1, 256)",gcn_synthetic
167,gcn.transform_2,Linear,MM,2048,256,128,0.5298,0.4241,0.3004,"(1, 256)","(1, 128)",gcn_synthetic
167,gcn.aggregate_3,Linear,MM,2048,2048,128,0.9785,0.0527,-0.0084,"(1, 2048)","(1, 128)",gcn_synthetic
167,gcn.transform_3,Linear,MM,2048,128,64,0.0493,0.461,0.5209,"(1, 128)","(1, 64)",gcn_synthetic
167,gcn.aggregate_4,Linear,MM,2048,2048,64,0.9008,0.0316,0.0001,"(1, 2048)","(1, 64)",gcn_synthetic
167,gcn.output,Linear,MM,2048,64,7,0.3695,0.0675,0.7229,"(1, 64)","(1, 7)",gcn_synthetic
168,gcn.aggregate_1,Linear,MM,2048,2048,128,0.8705,0.0151,0.0034,"(1, 2048)","(1, 128)",gcn_synthetic
168,gcn.transform_1,Linear,MM,2048,128,256,0.0129,0.592,-0.0139,"(1, 128)","(1, 256)",gcn_synthetic
168,gcn.aggregate_2,Linear,MM,2048,2048,256,0.8306,0.0987,0.0102,"(1, 2048)","(1, 256)",gcn_synthetic
168,gcn.transform_2,Linear,MM,2048,256,128,0.4908,0.3288,0.2957,"(1, 256)","(1, 128)",gcn_synthetic
168,gcn.aggregate_3,Linear,MM,2048,2048,128,0.9231,0.0392,0.0314,"(1, 2048)","(1, 128)",gcn_synthetic
168,gcn.transform_3,Linear,MM,2048,128,64,0.119,0.3932,0.4606,"(1, 128)","(1, 64)",gcn_synthetic
168,gcn.aggregate_4,Linear,MM,2048,2048,64,0.8133,0.0691,0.0388,"(1, 2048)","(1, 64)",gcn_synthetic
168,gcn.output,Linear,MM,2048,64,7,0.4705,0.0006,0.6921,"(1, 64)","(1, 7)",gcn_synthetic
169,gcn.aggregate_1,Linear,MM,2048,2048,128,0.9203,0.0768,0.0272,"(1, 2048)","(1, 128)",gcn_synthetic
169,gcn.transform_1,Linear,MM,2048,128,256,0.0034,0.4278,-0.0094,"(1, 128)","(1, 256)",gcn_synthetic
169,gcn.aggregate_2,Linear,MM,2048,2048,256,0.8637,0.0196,0.0067,"(1, 2048)","(1, 256)",gcn_synthetic
169,gcn.transform_2,Linear,MM,2048,256,128,0.5779,0.3601,0.3023,"(1, 256)","(1, 128)",gcn_synthetic
169,gcn.aggregate_3,Linear,MM,2048,2048,128,0.9487,0.0795,-0.0198,"(1, 2048)","(1, 128)",gcn_synthetic
169,gcn.transform_3,Linear,MM,2048,128,64,0.0042,0.5215,0.4897,"(1, 128)","(1, 64)",gcn_synthetic
169,gcn.aggregate_4,Linear,MM,2048,2048,64,0.8406,0.0189,-0.0018,"(1, 2048)","(1, 64)",gcn_synthetic
169,gcn.output,Linear,MM,2048,64,7,0.3766,0.0732,0.7152,"(1, 64)","(1, 7)",gcn_synthetic
170,gcn.aggregate_1,Linear,MM,2048,2048,128,0.8056,0.0148,0.0084,"(1, 2048)","(1, 128)",gcn_synthetic
170,gcn.transform_1,Linear,MM,2048,128,256,0.0068,0.3186,-0.0014,"(1, 128)","(1, 256)",gcn_synthetic
170,gcn.aggregate_2,Linear,MM,2048,2048,256,0.8174,0.0298,-0.0147,"(1, 2048)","(1, 256)",gcn_synthetic
170,gcn.transform_2,Linear,MM,2048,256,128,0.5113,0.518,0.2894,"(1, 256)","(1, 128)",gcn_synthetic
170,gcn.aggregate_3,Linear,MM,2048,2048,128,0.9352,0.054,0.0249,"(1, 2048)","(1, 128)",gcn_synthetic
170,gcn.transform_3,Linear,MM,2048,128,64,0.084,0.5711,0.5061,"(1, 128)","(1, 64)",gcn_synthetic
170,gcn.aggregate_4,Linear,MM,2048,2048,64,0.9222,0.0544,0.0203,"(1, 2048)","(1, 64)",gcn_synthetic
170,gcn.output,Linear,MM,2048,64,7,0.5099,0.0147,0.6815,"(1, 64)","(1, 7)",gcn_synthetic
171,gcn.aggregate_1,Linear,MM,2048,2048,128,0.9357,0.019,0.004,"(1, 2048)","(1, 128)",gcn_synthetic
171,gcn.transform_1,Linear,MM,2048,128,256,0.0114,0.4387,-0.0178,"(1, 128)","(1, 256)",gcn_synthetic
171,gcn.aggregate_2,Linear,MM,2048,2048,256,0.8933,0.0531,-0.0182,"(1, 2048)","(1, 256)",gcn_synthetic
171,gcn.transform_2,Linear,MM,2048,256,128,0.5111,0.3093,0.3089,"(1, 256)","(1, 128)",gcn_synthetic
171,gcn.aggregate_3,Linear,MM,2048,2048,128,0.9267,0.0927,-0.0075,"(1, 2048)","(1, 128)",gcn_synthetic
171,gcn.transform_3,Linear,MM,2048,128,64,0.0823,0.4303,0.4931,"(1, 128)","(1, 64)",gcn_synthetic
171,gcn.aggregate_4,Linear,MM,2048,2048,64,0.8424,0.0189,0.0149,"(1, 2048)","(1, 64)",gcn_synthetic
171,gcn.output,Linear,MM,2048,64,7,0.3343,0.0117,0.678,"(1, 64)","(1, 7)",gcn_synthetic
172,gcn.aggregate_1,Linear,MM,2048,2048,128,0.8238,0.0905,-0.0105,"(1, 2048)","(1, 128)",gcn_synthetic
172,gcn.transform_1,Linear,MM,2048,128,256,0.1624,0.584,0.0215,"(1, 128)","(1, 256)",gcn_synthetic
172,gcn.aggregate_2,Linear,MM,2048,2048,256,0.9061,0.0845,0.0221,"(1, 2048)","(1, 256)",gcn_synthetic
172,gcn.transform_2,Linear,MM,2048,256,128,0.5845,0.4279,0.3531,"(1, 256)","(1, 128)",gcn_synthetic
172,gcn.aggregate_3,Linear,MM,2048,2048,128,0.9087,0.0216,-0.018,"(1, 2048)","(1, 128)",gcn_synthetic
172,gcn.transform_3,Linear,MM,2048,128,64,0.1546,0.4603,0.5338,"(1, 128)","(1, 64)",gcn_synthetic
172,gcn.aggregate_4,Linear,MM,2048,2048,64,0.8202,0.0662,0.0004,"(1, 2048)","(1, 64)",gcn_synthetic
172,gcn.output,Linear,MM,2048,64,7,0.564,0.0971,0.713,"(1, 64)","(1, 7)",gcn_synthetic
173,gcn.aggregate_1,Linear,MM,2048,2048,128,0.8427,0.0526,0.0003,"(1, 2048)","(1, 128)",gcn_synthetic
173,gcn.transform_1,Linear,MM,2048,128,256,0.0426,0.424,-0.0078,"(1, 128)","(1, 256)",gcn_synthetic
173,gcn.aggregate_2,Linear,MM,2048,2048,256,0.8097,0.0783,0.0378,"(1, 2048)","(1, 256)",gcn_synthetic
173,gcn.transform_2,Linear,MM,2048,256,128,0.4175,0.3295,0.3197,"(1, 256)","(1, 128)",gcn_synthetic
173,gcn.aggregate_3,Linear,MM,2048,2048,128,0.933,0.0606,0.0315,"(1, 2048)","(1, 128)",gcn_synthetic
173,gcn.transform_3,Linear,MM,2048,128,64,0.0699,0.5835,0.5073,"(1, 128)","(1, 64)",gcn_synthetic
173,gcn.aggregate_4,Linear,MM,2048,2048,64,0.9017,0.054,0.0022,"(1, 2048)","(1, 64)",gcn_synthetic
173,gcn.output,Linear,MM,2048,64,7,0.5454,0.0341,0.6863,"(1, 64)","(1, 7)",gcn_synthetic
174,gcn.aggregate_1,Linear,MM,2048,2048,128,0.922,0.0869,-0.011,"(1, 2048)","(1, 128)",gcn_synthetic
174,gcn.transform_1,Linear,MM,2048,128,256,0.0165,0.4703,0.0283,"(1, 128)","(1, 256)",gcn_synthetic
174,gcn.aggregate_2,Linear,MM,2048,2048,256,0.8613,0.0369,0.0082,"(1, 2048)","(1, 256)",gcn_synthetic
174,gcn.transform_2,Linear,MM,2048,256,128,0.4329,0.4086,0.2824,"(1, 256)","(1, 128)",gcn_synthetic
174,gcn.aggregate_3,Linear,MM,2048,2048,128,0.9848,0.039,-0.0507,"(1, 2048)","(1, 128)",gcn_synthetic
174,gcn.transform_3,Linear,MM,2048,128,64,0.053,0.5231,0.499,"(1, 128)","(1, 64)",gcn_synthetic
174,gcn.aggregate_4,Linear,MM,2048,2048,64,0.8975,0.007,-0.0198,"(1, 2048)","(1, 64)",gcn_synthetic
174,gcn.output,Linear,MM,2048,64,7,0.574,0.0229,0.6817,"(1, 64)","(1, 7)",gcn_synthetic
175,gcn.aggregate_1,Linear,MM,2048,2048,128,0.8769,0.096,0.0001,"(1, 2048)","(1, 128)",gcn_synthetic
175,gcn.transform_1,Linear,MM,2048,128,256,0.0746,0.4341,0.005,"(1, 128)","(1, 256)",gcn_synthetic
175,gcn.aggregate_2,Linear,MM,2048,2048,256,0.833,0.0995,-0.018,"(1, 2048)","(1, 256)",gcn_synthetic
175,gcn.transform_2,Linear,MM,2048,256,128,0.3357,0.5616,0.2903,"(1, 256)","(1, 128)",gcn_synthetic
175,gcn.aggregate_3,Linear,MM,2048,2048,128,0.9226,0.0321,0.0213,"(1, 2048)","(1, 128)",gcn_synthetic
175,gcn.transform_3,Linear,MM,2048,128,64,0.175,0.3781,0.4834,"(1, 128)","(1, 64)",gcn_synthetic
175,gcn.aggregate_4,Linear,MM,2048,2048,64,0.8214,0.0716,-0.0178,"(1, 2048)","(1, 64)",gcn_synthetic
175,gcn.output,Linear,MM,2048,64,7,0.4254,0.0066,0.6987,"(1, 64)","(1, 7)",gcn_synthetic
176,gcn.aggregate_1,Linear,MM,2048,2048,128,0.9473,0.0909,-0.0172,"(1, 2048)","(1, 128)",gcn_synthetic
176,gcn.transform_1,Linear,MM,2048,128,256,0.091,0.361,0.0083,"(1, 128)","(1, 256)",gcn_synthetic
176,gcn.aggregate_2,Linear,MM,2048,2048,256,0.8227,0.0106,0.0058,"(1, 2048)","(1, 256)",gcn_synthetic
176,gcn.transform_2,Linear,MM,2048,256,128,0.4468,0.4842,0.3059,"(1, 256)","(1, 128)",gcn_synthetic
176,gcn.aggregate_3,Linear,MM,2048,2048,128,0.9208,0.0917,0.0381,"(1, 2048)","(1, 128)",gcn_synthetic
176,gcn.transform_3,Linear,MM,2048,128,64,0.0897,0.5021,0.5201,"(1, 128)","(1, 64)",gcn_synthetic
176,gcn.aggregate_4,Linear,MM,2048,2048,64,0.897,0.0974,-0.023,"(1, 2048)","(1, 64)",gcn_synthetic
176,gcn.output,Linear,MM,2048,64,7,0.5149,0.0297,0.7069,"(1, 64)","(1, 7)",gcn_synthetic
177,gcn.aggregate_1,Linear,MM,2048,2048,128,0.8338,0.0462,-0.0112,"(1, 2048)","(1, 128)",gcn_synthetic
177,gcn.transform_1,Linear,MM,2048,128,256,0.1172,0.5019,0.0009,"(1, 128)","(1, 256)",gcn_synthetic
177,gcn.aggregate_2,Linear,MM,2048,2048,256,0.9364,0.0543,0.0034,"(1, 2048)","(1, 256)",gcn_synthetic
177,gcn.transform_2,Linear,MM,2048,256,128,0.5577,0.5017,0.2822,"(1, 256)","(1, 128)",gcn_synthetic
177,gcn.aggregate_3,Linear,MM,2048,2048,128,0.9762,0.0136,0.061,"(1, 2048)","(1, 128)",gcn_synthetic
177,gcn.transform_3,Linear,MM,2048,128,64,0.1675,0.3976,0.5059,"(1, 128)","(1, 64)",gcn_synthetic
177,gcn.aggregate_4,Linear,MM,2048,2048,64,0.9077,0.0595,0.015,"(1, 2048)","(1, 64)",gcn_synthetic
177,gcn.output,Linear,MM,2048,64,7,0.5488,0.0484,0.6658,"(1, 64)","(1, 7)",gcn_synthetic
178,gcn.aggregate_1,Linear,MM,2048,2048,128,0.802,0.0225,0.0342,"(1, 2048)","(1, 128)",gcn_synthetic
178,gcn.transform_1,Linear,MM,2048,128,256,0.1843,0.4083,-0.0166,"(1, 128)","(1, 256)",gcn_synthetic
178,gcn.aggregate_2,Linear,MM,2048,2048,256,0.8373,0.0101,0.0182,"(1, 2048)","(1, 256)",gcn_synthetic
178,gcn.transform_2,Linear,MM,2048,256,128,0.4911,0.5429,0.3203,"(1, 256)","(1, 128)",gcn_synthetic
178,gcn.aggregate_3,Linear,MM,2048,2048,128,0.9403,0.0118,-0.0197,"(1, 2048)","(1, 128)",gcn_synthetic
178,gcn.transform_3,Linear,MM,2048,128,64,0.1877,0.5704,0.4898,"(1, 128)","(1, 64)",gcn_synthetic
178,gcn.aggregate_4,Linear,MM,2048,2048,64,0.894,0.0939,0.0442,"(1, 2048)","(1, 64)",gcn_synthetic
178,gcn.output,Linear,MM,2048,64,7,0.4403,0.0978,0.7053,"(1, 64)","(1, 7)",gcn_synthetic
179,gcn.aggregate_1,Linear,MM,2048,2048,128,0.9043,0.059,0.0034,"(1, 2048)","(1, 128)",gcn_synthetic
179,gcn.transform_1,Linear,MM,2048,128,256,0.1743,0.4398,0.0305,"(1, 128)","(1, 256)",gcn_synthetic
179,gcn.aggregate_2,Linear,MM,2048,2048,256,0.8156,0.0198,-0.0404,"(1, 2048)","(1, 256)",gcn_synthetic
179,gcn.transform_2,Linear,MM,2048,256,128,0.578,0.4294,0.264,"(1, 256)","(1, 128)",gcn_synthetic
179,gcn.aggregate_3,Linear,MM,2048,2048,128,0.9074,0.0479,-0.0192,"(1, 2048)","(1, 128)",gcn_synthetic
179,gcn.transform_3,Linear,MM,2048,128,64,0.1744,0.3022,0.5151,"(1, 128)","(1, 64)",gcn_synthetic
179,gcn.aggregate_4,Linear,MM,2048,2048,64,0.9057,0.025,0.0139,"(1, 2048)","(1, 64)",gcn_synthetic
179,gcn.output,Linear,MM,2048,64,7,0.5706,0.0088,0.73,"(1, 64)","(1, 7)",gcn_synthetic
180,gcn.aggregate_1,Linear,MM,2048,2048,128,0.8734,0.0608,-0.0023,"(1, 2048)","(1, 128)",gcn_synthetic
180,gcn.transform_1,Linear,MM,2048,128,256,0.1792,0.3293,0.0289,"(1, 128)","(1, 256)",gcn_synthetic
180,gcn.aggregate_2,Linear,MM,2048,2048,256,0.8343,0.0492,-0.0154,"(1, 2048)","(1, 256)",gcn_synthetic
180,gcn.transform_2,Linear,MM,2048,256,128,0.4821,0.4307,0.3077,"(1, 256)","(1, 128)",gcn_synthetic
180,gcn.aggregate_3,Linear,MM,2048,2048,128,0.9312,0.0715,-0.017,"(1, 2048)","(1, 128)",gcn_synthetic
180,gcn.transform_3,Linear,MM,2048,128,64,0.0776,0.311,0.5027,"(1, 128)","(1, 64)",gcn_synthetic
180,gcn.aggregate_4,Linear,MM,2048,2048,64,0.8567,0.0924,0.0285,"(1, 2048)","(1, 64)",gcn_synthetic
180,gcn.output,Linear,MM,2048,64,7,0.388,0.0683,0.7173,"(1, 64)","(1, 7)",gcn_synthetic
181,gcn.aggregate_1,Linear,MM,2048,2048,128,0.9439,0.0739,-0.0287,"(1, 2048)","(1, 128)",gcn_synthetic
181,gcn.transform_1,Linear,MM,2048,128,256,0.1174,0.4885,-0.0004,"(1, 128)","(1, 256)",gcn_synthetic
181,gcn.aggregate_2,Linear,MM,2048,2048,256,0.8091,0.0976,0.0149,"(1, 2048)","(1, 256)",gcn_synthetic
181,gcn.transform_2,Linear,MM,2048,256,128,0.398,0.41,0.3249,"(1, 256)","(1, 128)",gcn_synthetic
181,gcn.aggregate_3,Linear,MM,2048,2048,128,0.906,0.0125,0.026,"(1, 2048)","(1, 128)",gcn_synthetic
181,gcn.transform_3,Linear,MM,2048,128,64,0.147,0.3573,0.4879,"(1, 128)","(1, 64)",gcn_synthetic
181,gcn.aggregate_4,Linear,MM,2048,2048,64,0.8425,0.006,0.0068,"(1, 2048)","(1, 64)",gcn_synthetic
181,gcn.output,Linear,MM,2048,64,7,0.4297,0.0265,0.7035,"(1, 64)","(1, 7)",gcn_synthetic
182,gcn.aggregate_1,Linear,MM,2048,2048,128,0.8348,0.0783,-0.0064,"(1, 2048)","(1, 128)",gcn_synthetic
182,gcn.transform_1,Linear,MM,2048,128,256,0.1008,0.4206,-0.0058,"(1, 128)","(1, 256)",gcn_synthetic
182,gcn.aggregate_2,Linear,MM,2048,2048,256,0.9184,0.0198,0.0052,"(1, 2048)","(1, 256)",gcn_synthetic
182,gcn.transform_2,Linear,MM,2048,256,128,0.3535,0.5429,0.2841,"(1, 256)","(1, 128)",gcn_synthetic
182,gcn.aggregate_3,Linear,MM,2048,2048,128,0.9238,0.0389,0.0088,"(1, 2048)","(1, 128)",gcn_synthetic
182,gcn.transform_3,Linear,MM,2048,128,64,0.0518,0.4262,0.497,"(1, 128)","(1, 64)",gcn_synthetic
182,gcn.aggregate_4,Linear,MM,2048,2048,64,0.8615,0.0851,0.0068,"(1, 2048)","(1, 64)",gcn_synthetic
182,gcn.output,Linear,MM,2048,64,7,0.4873,0.0252,0.7061,"(1, 64)","(1, 7)",gcn_synthetic
183,gcn.aggregate_1,Linear,MM,2048,2048,128,0.8296,0.0119,-0.0388,"(1, 2048)","(1, 128)",gcn_synthetic
183,gcn.transform_1,Linear,MM,2048,128,256,0.011,0.5136,0.0245,"(1, 128)","(1, 256)",gcn_synthetic
183,gcn.aggregate_2,Linear,MM,2048,2048,256,0.8694,0.0059,0.0128,"(1, 2048)","(1, 256)",gcn_synthetic
183,gcn.transform_2,Linear,MM,2048,256,128,0.3534,0.4916,0.2984,"(1, 256)","(1, 128)",gcn_synthetic
183,gcn.aggregate_3,Linear,MM,2048,2048,128,0.9385,0.0329,-0.0072,"(1, 2048)","(1, 128)",gcn_synthetic
183,gcn.transform_3,Linear,MM,2048,128,64,0.0053,0.4117,0.4792,"(1, 128)","(1, 64)",gcn_synthetic
183,gcn.aggregate_4,Linear,MM,2048,2048,64,0.8848,0.0333,-0.0045,"(1, 2048)","(1, 64)",gcn_synthetic
183,gcn.output,Linear,MM,2048,64,7,0.4072,0.0983,0.6769,"(1, 64)","(1, 7)",gcn_synthetic
184,gcn.aggregate_1,Linear,MM,2048,2048,128,0.8846,0.0458,-0.0098,"(1, 2048)","(1, 128)",gcn_synthetic
184,gcn.transform_1,Linear,MM,2048,128,256,0.1032,0.3621,-0.0426,"(1, 128)","(1, 256)",gcn_synthetic
184,gcn.aggregate_2,Linear,MM,2048,2048,256,0.8199,0.0155,-0.0148,"(1, 2048)","(1, 256)",gcn_synthetic
184,gcn.transform_2,Linear,MM,2048,256,128,0.3592,0.3308,0.2951,"(1, 256)","(1, 128)",gcn_synthetic
184,gcn.aggregate_3,Linear,MM,2048,2048,128,0.9014,0.0393,0.0323,"(1, 2048)","(1, 128)",gcn_synthetic
184,gcn.transform_3,Linear,MM,2048,128,64,0.1134,0.5574,0.4928,"(1, 128)","(1, 64)",gcn_synthetic
184,gcn.aggregate_4,Linear,MM,2048,2048,64,0.9029,0.0818,0.0228,"(1, 2048)","(1, 64)",gcn_synthetic
184,gcn.output,Linear,MM,2048,64,7,0.5901,0.0413,0.7508,"(1, 64)","(1, 7)",gcn_synthetic
185,gcn.aggregate_1,Linear,MM,2048,2048,128,0.8787,0.0699,-0.0529,"(1, 2048)","(1, 128)",gcn_synthetic
185,gcn.transform_1,Linear,MM,2048,128,256,0.1335,0.3144,-0.009,"(1, 128)","(1, 256)",gcn_synthetic
185,gcn.aggregate_2,Linear,MM,2048,2048,256,0.9288,0.0977,-0.0129,"(1, 2048)","(1, 256)",gcn_synthetic
185,gcn.transform_2,Linear,MM,2048,256,128,0.436,0.4688,0.3463,"(1, 256)","(1, 128)",gcn_synthetic
185,gcn.aggregate_3,Linear,MM,2048,2048,128,0.9657,0.0299,-0.0163,"(1, 2048)","(1, 128)",gcn_synthetic
185,gcn.transform_3,Linear,MM,2048,128,64,0.1455,0.4118,0.4918,"(1, 128)","(1, 64)",gcn_synthetic
185,gcn.aggregate_4,Linear,MM,2048,2048,64,0.9254,0.0481,-0.0116,"(1, 2048)","(1, 64)",gcn_synthetic
185,gcn.output,Linear,MM,2048,64,7,0.3243,0.0032,0.7159,"(1, 64)","(1, 7)",gcn_synthetic
186,gcn.aggregate_1,Linear,MM,2048,2048,128,0.9181,0.0107,-0.0086,"(1, 2048)","(1, 128)",gcn_synthetic
186,gcn.transform_1,Linear,MM,2048,128,256,0.1923,0.3995,-0.0052,"(1, 128)","(1, 256)",gcn_synthetic
186,gcn.aggregate_2,Linear,MM,2048,2048,256,0.8354,0.0717,-0.0264,"(1, 2048)","(1, 256)",gcn_synthetic
186,gcn.transform_2,Linear,MM,2048,256,128,0.4679,0.488,0.3252,"(1, 256)","(1, 128)",gcn_synthetic
186,gcn.aggregate_3,Linear,MM,2048,2048,128,0.9373,0.0803,0.0123,"(1, 2048)","(1, 128)",gcn_synthetic
186,gcn.transform_3,Linear,MM,2048,128,64,0.0188,0.4751,0.5087,"(1, 128)","(1, 64)",gcn_synthetic
186,gcn.aggregate_4,Linear,MM,2048,2048,64,0.9094,0.0017,-0.0324,"(1, 2048)","(1, 64)",gcn_synthetic
186,gcn.output,Linear,MM,2048,64,7,0.5652,0.0829,0.7249,"(1, 64)","(1, 7)",gcn_synthetic
187,gcn.aggregate_1,Linear,MM,2048,2048,128,0.8378,0.0794,0.0071,"(1, 2048)","(1, 128)",gcn_synthetic
187,gcn.transform_1,Linear,MM,2048,128,256,0.1372,0.5478,-0.0091,"(1, 128)","(1, 256)",gcn_synthetic
187,gcn.aggregate_2,Linear,MM,2048,2048,256,0.8784,0.0772,-0.0016,"(1, 2048)","(1, 256)",gcn_synthetic
187,gcn.transform_2,Linear,MM,2048,256,128,0.4545,0.4682,0.3009,"(1, 256)","(1, 128)",gcn_synthetic
187,gcn.aggregate_3,Linear,MM,2048,2048,128,0.9813,0.055,-0.0047,"(1, 2048)","(1, 128)",gcn_synthetic
187,gcn.transform_3,Linear,MM,2048,128,64,0.0865,0.458,0.5072,"(1, 128)","(1, 64)",gcn_synthetic
187,gcn.aggregate_4,Linear,MM,2048,2048,64,0.8524,0.034,-0.0067,"(1, 2048)","(1, 64)",gcn_synthetic
187,gcn.output,Linear,MM,2048,64,7,0.5552,0.0738,0.693,"(1, 64)","(1, 7)",gcn_synthetic
188,gcn.aggregate_1,Linear,MM,2048,2048,128,0.8661,0.0777,-0.0078,"(1, 2048)","(1, 128)",gcn_synthetic
188,gcn.transform_1,Linear,MM,2048,128,256,0.1178,0.3313,-0.0095,"(1, 128)","(1, 256)",gcn_synthetic
188,gcn.aggregate_2,Linear,MM,2048,2048,256,0.9005,0.0321,0.0053,"(1, 2048)","(1, 256)",gcn_synthetic
188,gcn.transform_2,Linear,MM,2048,256,128,0.4325,0.4625,0.3164,"(1, 256)","(1, 128)",gcn_synthetic
188,gcn.aggregate_3,Linear,MM,2048,2048,128,0.9205,0.0034,-0.0027,"(1, 2048)","(1, 128)",gcn_synthetic
188,gcn.transform_3,Linear,MM,2048,128,64,0.1695,0.5074,0.488,"(1, 128)","(1, 64)",gcn_synthetic
188,gcn.aggregate_4,Linear,MM,2048,2048,64,0.8965,0.0953,-0.0034,"(1, 2048)","(1, 64)",gcn_synthetic
188,gcn.output,Linear,MM,2048,64,7,0.5229,0.0504,0.7186,"(1, 64)","(1, 7)",gcn_synthetic
189,gcn.aggregate_1,Linear,MM,2048,2048,128,0.9044,0.0446,-0.0236,"(1, 2048)","(1, 128)",gcn_synthetic
189,gcn.transform_1,Linear,MM,2048,128,256,0.1488,0.3145,0.0055,"(1, 128)","(1, 256)",gcn_synthetic
189,gcn.aggregate_2,Linear,MM,2048,2048,256,0.8092,0.055,-0.0271,"(1, 2048)","(1, 256)",gcn_synthetic
189,gcn.transform_2,Linear,MM,2048,256,128,0.5694,0.4501,0.3186,"(1, 256)","(1, 128)",gcn_synthetic
189,gcn.aggregate_3,Linear,MM,2048,2048,128,0.9115,0.0896,0.0357,"(1, 2048)","(1, 128)",gcn_synthetic
189,gcn.transform_3,Linear,MM,2048,128,64,0.072,0.5568,0.5135,"(1, 128)","(1, 64)",gcn_synthetic
189,gcn.aggregate_4,Linear,MM,2048,2048,64,0.8933,0.0614,0.0114,"(1, 2048)","(1, 64)",gcn_synthetic
189,gcn.output,Linear,MM,2048,64,7,0.5907,0.0663,0.6957,"(1, 64)","(1, 7)",gcn_synthetic
190,gcn.aggregate_1,Linear,MM,2048,2048,128,0.8035,0.0806,0.0094,"(1, 2048)","(1, 128)",gcn_synthetic
190,gcn.transform_1,Linear,MM,2048,128,256,0.0511,0.3238,-0.0001,"(1, 128)","(1, 256)",gcn_synthetic
190,gcn.aggregate_2,Linear,MM,2048,2048,256,0.9264,0.0502,-0.0186,"(1, 2048)","(1, 256)",gcn_synthetic
190,gcn.transform_2,Linear,MM,2048,256,128,0.5828,0.3132,0.2613,"(1, 256)","(1, 128)",gcn_synthetic
190,gcn.aggregate_3,Linear,MM,2048,2048,128,0.9487,0.0225,0.0056,"(1, 2048)","(1, 128)",gcn_synthetic
190,gcn.transform_3,Linear,MM,2048,128,64,0.0986,0.4817,0.5235,"(1, 128)","(1, 64)",gcn_synthetic
190,gcn.aggregate_4,Linear,MM,2048,2048,64,0.8502,0.0805,0.0221,"(1, 2048)","(1, 64)",gcn_synthetic
190,gcn.output,Linear,MM,2048,64,7,0.4773,0.0171,0.7058,"(1, 64)","(1, 7)",gcn_synthetic
191,gcn.aggregate_1,Linear,MM,2048,2048,128,0.9152,0.0861,-0.0054,"(1, 2048)","(1, 128)",gcn_synthetic
191,gcn.transform_1,Linear,MM,2048,128,256,0.1331,0.5319,0.0296,"(1, 128)","(1, 256)",gcn_synthetic
191,gcn.aggregate_2,Linear,MM,2048,2048,256,0.8436,0.0127,0.0166,"(1, 2048)","(1, 256)",gcn_synthetic
191,gcn.transform_2,Linear,MM,2048,256,128,0.589,0.5333,0.3342,"(1, 256)","(1, 128)",gcn_synthetic
191,gcn.aggregate_3,Linear,MM,2048,2048,128,0.9393,0.0874,0.0033,"(1, 2048)","(1, 128)",gcn_synthetic
191,gcn.transform_3,Linear,MM,2048,128,64,0.0703,0.4088,0.5249,"(1, 128)","(1, 64)",gcn_synthetic
191,gcn.aggregate_4,Linear,MM,2048,2048,64,0.8827,0.0873,-0.0187,"(1, 2048)","(1, 64)",gcn_synthetic
191,gcn.output,Linear,MM,2048,64,7,0.3976,0.001,0.6964,"(1, 64)","(1, 7)",gcn_synthetic
192,gcn.aggregate_1,Linear,MM,2048,2048,128,0.9317,0.0247,-0.0023,"(1, 2048)","(1, 128)",gcn_synthetic
192,gcn.transform_1,Linear,MM,2048,128,256,0.1065,0.5282,0.0089,"(1, 128)","(1, 256)",gcn_synthetic
192,gcn.aggregate_2,Linear,MM,2048,2048,256,0.8061,0.0411,-0.0094,"(1, 2048)","(1, 256)",gcn_synthetic
192,gcn.transform_2,Linear,MM,2048,256,128,0.5102,0.5277,0.298,"(1, 256)","(1, 128)",gcn_synthetic
192,gcn.aggregate_3,Linear,MM,2048,2048,128,0.9535,0.0426,-0.0109,"(1, 2048)","(1, 128)",gcn_synthetic
192,gcn.transform_3,Linear,MM,2048,128,64,0.1342,0.4459,0.4892,"(1, 128)","(1, 64)",gcn_synthetic
192,gcn.aggregate_4,Linear,MM,2048,2048,64,0.8978,0.0918,-0.0116,"(1, 2048)","(1, 64)",gcn_synthetic
192,gcn.output,Linear,MM,2048,64,7,0.5004,0.002,0.7036,"(1, 64)","(1, 7)",gcn_synthetic
193,gcn.aggregate_1,Linear,MM,2048,2048,128,0.943,0.0264,0.0456,"(1, 2048)","(1, 128)",gcn_synthetic
193,gcn.transform_1,Linear,MM,2048,128,256,0.0433,0.3403,0.0175,"(1, 128)","(1, 256)",gcn_synthetic
193,gcn.aggregate_2,Linear,MM,2048,2048,256,0.9209,0.0692,-0.0229,"(1, 2048)","(1, 256)",gcn_synthetic
193,gcn.transform_2,Linear,MM,2048,256,128,0.5267,0.494,0.3078,"(1, 256)","(1, 128)",gcn_synthetic
193,gcn.aggregate_3,Linear,MM,2048,2048,128,0.9523,0.0457,-0.0081,"(1, 2048)","(1, 128)",gcn_synthetic
193,gcn.transform_3,Linear,MM,2048,128,64,0.1656,0.3662,0.4912,"(1, 128)","(1, 64)",gcn_synthetic
193,gcn.aggregate_4,Linear,MM,2048,2048,64,0.9363,0.0153,-0.0185,"(1, 2048)","(1, 64)",gcn_synthetic
193,gcn.output,Linear,MM,2048,64,7,0.4874,0.0044,0.7347,"(1, 64)","(1, 7)",gcn_synthetic
194,gcn.aggregate_1,Linear,MM,2048,2048,128,0.8534,0.0191,-0.0403,"(1, 2048)","(1, 128)",gcn_synthetic
194,gcn.transform_1,Linear,MM,2048,128,256,0.0175,0.3521,-0.0006,"(1, 128)","(1, 256)",gcn_synthetic
194,gcn.aggregate_2,Linear,MM,2048,2048,256,0.8406,0.0487,-0.0037,"(1, 2048)","(1, 256)",gcn_synthetic
194,gcn.transform_2,Linear,MM,2048,256,128,0.407,0.5141,0.3101,"(1, 256)","(1, 128)",gcn_synthetic
194,gcn.aggregate_3,Linear,MM,2048,2048,128,0.9437,0.0282,0.0359,"(1, 2048)","(1, 128)",gcn_synthetic
194,gcn.transform_3,Linear,MM,2048,128,64,0.1647,0.4078,0.4936,"(1, 128)","(1, 64)",gcn_synthetic
194,gcn.aggregate_4,Linear,MM,2048,2048,64,0.8266,0.0162,-0.0136,"(1, 2048)","(1, 64)",gcn_synthetic
194,gcn.output,Linear,MM,2048,64,7,0.5981,0.0447,0.7023,"(1, 64)","(1, 7)",gcn_synthetic
195,gcn.aggregate_1,Linear,MM,2048,2048,128,0.8343,0.0518,0.013,"(1, 2048)","(1, 128)",gcn_synthetic
195,gcn.transform_1,Linear,MM,2048,128,256,0.1643,0.4268,-0.0278,"(1, 128)","(1, 256)",gcn_synthetic
195,gcn.aggregate_2,Linear,MM,2048,2048,256,0.9106,0.0592,-0.0096,"(1, 2048)","(1, 256)",gcn_synthetic
195,gcn.transform_2,Linear,MM,2048,256,128,0.4634,0.5547,0.2889,"(1, 256)","(1, 128)",gcn_synthetic
195,gcn.aggregate_3,Linear,MM,2048,2048,128,0.94,0.0626,0.0147,"(1, 2048)","(1, 128)",gcn_synthetic
195,gcn.transform_3,Linear,MM,2048,128,64,0.1295,0.5345,0.5127,"(1, 128)","(1, 64)",gcn_synthetic
195,gcn.aggregate_4,Linear,MM,2048,2048,64,0.8908,0.0924,0.0197,"(1, 2048)","(1, 64)",gcn_synthetic
195,gcn.output,Linear,MM,2048,64,7,0.4944,0.0573,0.6907,"(1, 64)","(1, 7)",gcn_synthetic
196,gcn.aggregate_1,Linear,MM,2048,2048,128,0.9077,0.0023,-0.0138,"(1, 2048)","(1, 128)",gcn_synthetic
196,gcn.transform_1,Linear,MM,2048,128,256,0.0308,0.4993,0.0143,"(1, 128)","(1, 256)",gcn_synthetic
196,gcn.aggregate_2,Linear,MM,2048,2048,256,0.9354,0.055,0.0155,"(1, 2048)","(1, 256)",gcn_synthetic
196,gcn.transform_2,Linear,MM,2048,256,128,0.5696,0.5204,0.2828,"(1, 256)","(1, 128)",gcn_synthetic
196,gcn.aggregate_3,Linear,MM,2048,2048,128,0.9728,0.0935,0.0185,"(1, 2048)","(1, 128)",gcn_synthetic
196,gcn.transform_3,Linear,MM,2048,128,64,0.1605,0.405,0.5011,"(1, 128)","(1, 64)",gcn_synthetic
196,gcn.aggregate_4,Linear,MM,2048,2048,64,0.8491,0.0208,0.0154,"(1, 2048)","(1, 64)",gcn_synthetic
196,gcn.output,Linear,MM,2048,64,7,0.3251,0.0579,0.7067,"(1, 64)","(1, 7)",gcn_synthetic
197,gcn.aggregate_1,Linear,MM,2048,2048,128,0.9048,0.0815,0.0391,"(1, 2048)","(1, 128)",gcn_synthetic
197,gcn.transform_1,Linear,MM,2048,128,256,0.1047,0.3576,0.014,"(1, 128)","(1, 256)",gcn_synthetic
197,gcn.aggregate_2,Linear,MM,2048,2048,256,0.8102,0.0256,-0.004,"(1, 2048)","(1, 256)",gcn_synthetic
197,gcn.transform_2,Linear,MM,2048,256,128,0.3215,0.3666,0.3033,"(1, 256)","(1, 128)",gcn_synthetic
197,gcn.aggregate_3,Linear,MM,2048,2048,128,0.9261,0.0402,0.0082,"(1, 2048)","(1, 128)",gcn_synthetic
197,gcn.transform_3,Linear,MM,2048,128,64,0.1501,0.5672,0.5219,"(1, 128)","(1, 64)",gcn_synthetic
197,gcn.aggregate_4,Linear,MM,2048,2048,64,0.9151,0.0262,-0.0394,"(1, 2048)","(1, 64)",gcn_synthetic
197,gcn.output,Linear,MM,2048,64,7,0.5466,0.025,0.7407,"(1, 64)","(1, 7)",gcn_synthetic
198,gcn.aggregate_1,Linear,MM,2048,2048,128,0.8913,0.0039,-0.0068,"(1, 2048)","(1, 128)",gcn_synthetic
198,gcn.transform_1,Linear,MM,2048,128,256,0.0413,0.5017,-0.0401,"(1, 128)","(1, 256)",gcn_synthetic
198,gcn.aggregate_2,Linear,MM,2048,2048,256,0.8552,0.0188,-0.0057,"(1, 2048)","(1, 256)",gcn_synthetic
198,gcn.transform_2,Linear,MM,2048,256,128,0.4728,0.4457,0.307,"(1, 256)","(1, 128)",gcn_synthetic
198,gcn.aggregate_3,Linear,MM,2048,2048,128,0.94,0.0237,0.0097,"(1, 2048)","(1, 128)",gcn_synthetic
198,gcn.transform_3,Linear,MM,2048,128,64,0.1608,0.5177,0.5218,"(1, 128)","(1, 64)",gcn_synthetic
198,gcn.aggregate_4,Linear,MM,2048,2048,64,0.9147,0.0192,0.0261,"(1, 2048)","(1, 64)",gcn_synthetic
198,gcn.output,Linear,MM,2048,64,7,0.4491,0.0619,0.7098,"(1, 64)","(1, 7)",gcn_synthetic
199,gcn.aggregate_1,Linear,MM,2048,2048,128,0.8408,0.0456,-0.0088,"(1, 2048)","(1, 128)",gcn_synthetic
199,gcn.transform_1,Linear,MM,2048,128,256,0.1423,0.4907,0.0103,"(1, 128)","(1, 256)",gcn_synthetic
199,gcn.aggregate_2,Linear,MM,2048,2048,256,0.8113,0.0664,-0.0264,"(1, 2048)","(1, 256)",gcn_synthetic
199,gcn.transform_2,Linear,MM,2048,256,128,0.4282,0.338,0.2964,"(1, 256)","(1, 128)",gcn_synthetic
199,gcn.aggregate_3,Linear,MM,2048,2048,128,0.9853,0.0975,-0.0278,"(1, 2048)","(1, 128)",gcn_synthetic
199,gcn.transform_3,Linear,MM,2048,128,64,0.1593,0.3948,0.4929,"(1, 128)","(1, 64)",gcn_synthetic
199,gcn.aggregate_4,Linear,MM,2048,2048,64,0.8535,0.04,0.0157,"(1, 2048)","(1, 64)",gcn_synthetic
199,gcn.output,Linear,MM,2048,64,7,0.5974,0.084,0.7301,"(1, 64)","(1, 7)",gcn_synthetic
