input_idx,layer_name,layer_type,op_type,M,K,P,input_sparsity,output_sparsity,weight_sparsity,input_shape,output_shape,model_name
0,random_layer_0,Linear,MM,256,128,64,0.0616,0.1467,0.4135,"(1, 128)","(1, 64)",variable_random
0,random_layer_1,Linear,MM,2048,64,64,0.2412,0.5913,0.0432,"(1, 64)","(1, 64)",variable_random
0,random_layer_2,Linear,MM,256,32,64,0.5276,0.0622,0.6085,"(1, 32)","(1, 64)",variable_random
0,random_layer_3,Conv2d,MM,64,128,256,0.0145,0.0619,0.5403,"(1, 128)","(1, 256)",variable_random
0,random_layer_4,Linear,MM,2048,32,512,0.1062,0.029,0.4686,"(1, 32)","(1, 512)",variable_random
0,random_layer_5,Linear,MM,32,128,512,0.0775,0.114,0.7307,"(1, 128)","(1, 512)",variable_random
0,random_layer_6,Linear,MM,64,512,256,0.0,0.4201,0.4321,"(1, 512)","(1, 256)",variable_random
0,random_layer_7,Conv2d,MM,32,32,32,0.5945,0.057,0.4556,"(1, 32)","(1, 32)",variable_random
0,random_layer_8,Linear,MM,128,256,32,0.2809,0.1394,0.4662,"(1, 256)","(1, 32)",variable_random
0,random_layer_9,Linear,MM,32,32,128,0.1888,0.311,0.5867,"(1, 32)","(1, 128)",variable_random
0,random_layer_10,Linear,MM,64,128,64,0.3,0.1456,0.4948,"(1, 128)","(1, 64)",variable_random
0,random_layer_11,Conv2d,MM,256,512,128,0.159,0.1382,0.0138,"(1, 512)","(1, 128)",variable_random
0,random_layer_12,Linear,MM,512,64,128,0.3344,0.0663,0.6347,"(1, 64)","(1, 128)",variable_random
0,random_layer_13,Conv2d,MM,32,128,128,0.1129,0.1021,0.6056,"(1, 128)","(1, 128)",variable_random
0,random_layer_14,Conv2d,MM,256,256,64,0.1165,0.6097,0.3095,"(1, 256)","(1, 64)",variable_random
0,random_layer_15,Conv2d,MM,512,32,256,0.6552,0.0447,0.829,"(1, 32)","(1, 256)",variable_random
0,random_layer_16,Conv2d,MM,1024,256,64,0.1614,0.3435,0.3524,"(1, 256)","(1, 64)",variable_random
0,random_layer_17,Linear,MM,64,1024,32,0.6244,0.0536,0.6742,"(1, 1024)","(1, 32)",variable_random
0,random_layer_18,Linear,MM,1024,1024,256,0.0,0.6672,0.3483,"(1, 1024)","(1, 256)",variable_random
0,random_layer_19,Conv2d,MM,32,32,256,0.7117,0.0088,0.091,"(1, 32)","(1, 256)",variable_random
1,random_layer_0,Conv2d,MM,256,64,64,0.0,0.5693,0.6267,"(1, 64)","(1, 64)",variable_random
1,random_layer_1,Linear,MM,2048,256,512,0.6595,0.4565,0.7389,"(1, 256)","(1, 512)",variable_random
1,random_layer_2,Linear,MM,128,64,32,0.3578,0.0936,0.4667,"(1, 64)","(1, 32)",variable_random
1,random_layer_3,Linear,MM,1024,32,512,0.2338,0.5746,0.3747,"(1, 32)","(1, 512)",variable_random
1,random_layer_4,Linear,MM,64,512,512,0.8137,0.0342,0.026,"(1, 512)","(1, 512)",variable_random
1,random_layer_5,Linear,MM,1024,256,256,0.0,0.1255,0.666,"(1, 256)","(1, 256)",variable_random
1,random_layer_6,Linear,MM,2048,32,32,0.4578,0.0796,0.5404,"(1, 32)","(1, 32)",variable_random
1,random_layer_7,Linear,MM,64,64,32,0.2523,0.3278,0.4175,"(1, 64)","(1, 32)",variable_random
1,random_layer_8,Conv2d,MM,1024,128,512,0.5047,0.0792,0.4017,"(1, 128)","(1, 512)",variable_random
1,random_layer_9,Linear,MM,256,256,512,0.0,0.1159,0.134,"(1, 256)","(1, 512)",variable_random
1,random_layer_10,Conv2d,MM,256,128,32,0.343,0.4651,0.3362,"(1, 128)","(1, 32)",variable_random
1,random_layer_11,Linear,MM,256,64,512,0.3868,0.0776,0.0269,"(1, 64)","(1, 512)",variable_random
1,random_layer_12,Conv2d,MM,32,512,512,0.0,0.1483,0.4571,"(1, 512)","(1, 512)",variable_random
1,random_layer_13,Linear,MM,64,1024,128,0.123,0.6115,0.3229,"(1, 1024)","(1, 128)",variable_random
1,random_layer_14,Conv2d,MM,64,32,256,0.7421,0.0814,0.1735,"(1, 32)","(1, 256)",variable_random
1,random_layer_15,Linear,MM,64,32,256,0.0304,0.138,0.1127,"(1, 32)","(1, 256)",variable_random
1,random_layer_16,Conv2d,MM,32,128,512,0.0,0.5996,0.0207,"(1, 128)","(1, 512)",variable_random
1,random_layer_17,Linear,MM,1024,32,128,0.5931,0.3616,0.4149,"(1, 32)","(1, 128)",variable_random
1,random_layer_18,Linear,MM,32,64,256,0.1994,0.0753,0.596,"(1, 64)","(1, 256)",variable_random
1,random_layer_19,Conv2d,MM,128,512,512,0.0047,0.0745,0.7848,"(1, 512)","(1, 512)",variable_random
2,random_layer_0,Conv2d,MM,1024,512,128,0.0,0.1431,0.4549,"(1, 512)","(1, 128)",variable_random
2,random_layer_1,Conv2d,MM,2048,128,256,0.3592,0.009,0.7579,"(1, 128)","(1, 256)",variable_random
2,random_layer_2,Linear,MM,32,128,32,0.0,0.0326,0.4811,"(1, 128)","(1, 32)",variable_random
2,random_layer_3,Linear,MM,1024,1024,128,0.1197,0.1,0.1533,"(1, 1024)","(1, 128)",variable_random
2,random_layer_4,Linear,MM,32,64,512,0.0,0.6514,0.4175,"(1, 64)","(1, 512)",variable_random
2,random_layer_5,Conv2d,MM,2048,512,64,0.6249,0.0993,0.1126,"(1, 512)","(1, 64)",variable_random
2,random_layer_6,Linear,MM,64,512,32,0.0998,0.0692,0.1912,"(1, 512)","(1, 32)",variable_random
2,random_layer_7,Conv2d,MM,256,32,512,0.3143,0.0905,0.0484,"(1, 32)","(1, 512)",variable_random
2,random_layer_8,Linear,MM,512,256,32,0.0067,0.0501,0.7673,"(1, 256)","(1, 32)",variable_random
2,random_layer_9,Conv2d,MM,32,64,128,0.0847,0.0264,0.5499,"(1, 64)","(1, 128)",variable_random
2,random_layer_10,Linear,MM,2048,32,128,0.1887,0.3824,0.9157,"(1, 32)","(1, 128)",variable_random
2,random_layer_11,Conv2d,MM,64,256,256,0.2537,0.1419,0.7793,"(1, 256)","(1, 256)",variable_random
2,random_layer_12,Linear,MM,32,32,256,0.0,0.46,0.364,"(1, 32)","(1, 256)",variable_random
2,random_layer_13,Conv2d,MM,256,64,32,0.4075,0.5823,0.2365,"(1, 64)","(1, 32)",variable_random
2,random_layer_14,Linear,MM,32,128,128,0.9538,0.0435,0.5874,"(1, 128)","(1, 128)",variable_random
2,random_layer_15,Linear,MM,2048,128,512,0.0,0.4092,0.4599,"(1, 128)","(1, 512)",variable_random
2,random_layer_16,Linear,MM,2048,32,128,0.3153,0.3738,0.6991,"(1, 32)","(1, 128)",variable_random
2,random_layer_17,Linear,MM,2048,64,64,0.4149,0.0616,0.623,"(1, 64)","(1, 64)",variable_random
2,random_layer_18,Linear,MM,32,512,32,0.1932,0.0499,0.2559,"(1, 512)","(1, 32)",variable_random
2,random_layer_19,Conv2d,MM,1024,512,512,0.0,0.4245,0.8092,"(1, 512)","(1, 512)",variable_random
3,random_layer_0,Conv2d,MM,32,128,512,0.0,0.4208,0.0923,"(1, 128)","(1, 512)",variable_random
3,random_layer_1,Conv2d,MM,2048,32,32,0.3701,0.0483,0.8524,"(1, 32)","(1, 32)",variable_random
3,random_layer_2,Linear,MM,128,128,256,0.1755,0.6618,0.6659,"(1, 128)","(1, 256)",variable_random
3,random_layer_3,Linear,MM,256,1024,32,0.6232,0.1257,0.2815,"(1, 1024)","(1, 32)",variable_random
3,random_layer_4,Conv2d,MM,2048,1024,256,0.3329,0.4656,0.4527,"(1, 1024)","(1, 256)",variable_random
3,random_layer_5,Conv2d,MM,32,64,512,0.2682,0.3573,0.4221,"(1, 64)","(1, 512)",variable_random
3,random_layer_6,Linear,MM,512,64,128,0.4022,0.0709,0.4002,"(1, 64)","(1, 128)",variable_random
3,random_layer_7,Conv2d,MM,2048,256,128,0.0,0.3086,0.8603,"(1, 256)","(1, 128)",variable_random
3,random_layer_8,Linear,MM,32,128,128,0.3957,0.5584,0.8982,"(1, 128)","(1, 128)",variable_random
3,random_layer_9,Conv2d,MM,256,256,64,0.5732,0.5681,0.1155,"(1, 256)","(1, 64)",variable_random
3,random_layer_10,Conv2d,MM,64,256,256,0.7842,0.1474,0.4302,"(1, 256)","(1, 256)",variable_random
3,random_layer_11,Linear,MM,256,1024,512,0.1137,0.6947,0.569,"(1, 1024)","(1, 512)",variable_random
3,random_layer_12,Conv2d,MM,1024,512,128,0.4231,0.6915,0.2471,"(1, 512)","(1, 128)",variable_random
3,random_layer_13,Linear,MM,32,64,64,0.6373,0.0127,0.6374,"(1, 64)","(1, 64)",variable_random
3,random_layer_14,Conv2d,MM,1024,128,256,0.1824,0.0078,0.6615,"(1, 128)","(1, 256)",variable_random
3,random_layer_15,Conv2d,MM,1024,256,64,0.2539,0.0549,0.5322,"(1, 256)","(1, 64)",variable_random
3,random_layer_16,Linear,MM,128,256,512,0.0,0.5044,0.1473,"(1, 256)","(1, 512)",variable_random
3,random_layer_17,Conv2d,MM,256,128,128,0.4192,0.0299,0.8239,"(1, 128)","(1, 128)",variable_random
3,random_layer_18,Linear,MM,256,256,32,0.0,0.6768,0.093,"(1, 256)","(1, 32)",variable_random
3,random_layer_19,Linear,MM,32,1024,128,0.5064,0.371,0.0995,"(1, 1024)","(1, 128)",variable_random
4,random_layer_0,Conv2d,MM,128,1024,256,0.1268,0.6014,0.8552,"(1, 1024)","(1, 256)",variable_random
4,random_layer_1,Linear,MM,256,128,512,0.5632,0.4716,0.7489,"(1, 128)","(1, 512)",variable_random
4,random_layer_2,Linear,MM,2048,32,512,0.3792,0.6405,0.2841,"(1, 32)","(1, 512)",variable_random
4,random_layer_3,Linear,MM,512,64,128,0.5333,0.0185,0.5997,"(1, 64)","(1, 128)",variable_random
4,random_layer_4,Conv2d,MM,512,1024,256,0.0996,0.5755,0.2756,"(1, 1024)","(1, 256)",variable_random
4,random_layer_5,Conv2d,MM,512,256,256,0.6434,0.0795,0.2551,"(1, 256)","(1, 256)",variable_random
4,random_layer_6,Linear,MM,512,1024,256,0.1158,0.1154,0.7518,"(1, 1024)","(1, 256)",variable_random
4,random_layer_7,Linear,MM,64,512,128,0.2638,0.0525,0.3245,"(1, 512)","(1, 128)",variable_random
4,random_layer_8,Linear,MM,128,128,64,0.0955,0.15,0.4607,"(1, 128)","(1, 64)",variable_random
4,random_layer_9,Linear,MM,512,32,128,0.0,0.4145,0.8448,"(1, 32)","(1, 128)",variable_random
4,random_layer_10,Linear,MM,32,256,32,0.4017,0.1059,0.0883,"(1, 256)","(1, 32)",variable_random
4,random_layer_11,Linear,MM,2048,256,64,0.0213,0.018,0.2248,"(1, 256)","(1, 64)",variable_random
4,random_layer_12,Conv2d,MM,512,64,64,0.1935,0.1093,0.2159,"(1, 64)","(1, 64)",variable_random
4,random_layer_13,Linear,MM,128,1024,32,0.1275,0.5949,0.2054,"(1, 1024)","(1, 32)",variable_random
4,random_layer_14,Linear,MM,1024,512,256,0.4214,0.3596,0.8121,"(1, 512)","(1, 256)",variable_random
4,random_layer_15,Conv2d,MM,2048,512,32,0.4502,0.5342,0.1059,"(1, 512)","(1, 32)",variable_random
4,random_layer_16,Linear,MM,1024,64,32,0.8062,0.566,0.7332,"(1, 64)","(1, 32)",variable_random
4,random_layer_17,Linear,MM,2048,1024,64,0.5647,0.1075,0.5658,"(1, 1024)","(1, 64)",variable_random
4,random_layer_18,Linear,MM,32,256,32,0.0156,0.0388,0.0619,"(1, 256)","(1, 32)",variable_random
4,random_layer_19,Conv2d,MM,512,128,512,0.0,0.4288,0.1377,"(1, 128)","(1, 512)",variable_random
5,random_layer_0,Conv2d,MM,64,128,64,0.277,0.3786,0.7522,"(1, 128)","(1, 64)",variable_random
5,random_layer_1,Conv2d,MM,128,512,512,0.5566,0.1485,0.9485,"(1, 512)","(1, 512)",variable_random
5,random_layer_2,Conv2d,MM,32,256,512,0.1342,0.0926,0.5381,"(1, 256)","(1, 512)",variable_random
5,random_layer_3,Linear,MM,512,256,256,0.0594,0.125,0.4459,"(1, 256)","(1, 256)",variable_random
5,random_layer_4,Conv2d,MM,2048,512,32,0.1587,0.4397,0.3822,"(1, 512)","(1, 32)",variable_random
5,random_layer_5,Conv2d,MM,64,512,32,0.4065,0.6982,0.1543,"(1, 512)","(1, 32)",variable_random
5,random_layer_6,Linear,MM,128,32,64,0.6535,0.377,0.4096,"(1, 32)","(1, 64)",variable_random
5,random_layer_7,Linear,MM,128,128,128,0.4987,0.4431,0.401,"(1, 128)","(1, 128)",variable_random
5,random_layer_8,Conv2d,MM,64,32,512,0.5861,0.5511,0.7375,"(1, 32)","(1, 512)",variable_random
5,random_layer_9,Conv2d,MM,2048,128,64,0.734,0.0927,0.6106,"(1, 128)","(1, 64)",variable_random
5,random_layer_10,Conv2d,MM,128,1024,512,0.0,0.4863,0.6385,"(1, 1024)","(1, 512)",variable_random
5,random_layer_11,Linear,MM,1024,128,256,0.4834,0.3966,0.8456,"(1, 128)","(1, 256)",variable_random
5,random_layer_12,Linear,MM,128,128,512,0.6988,0.642,0.1228,"(1, 128)","(1, 512)",variable_random
5,random_layer_13,Linear,MM,2048,256,512,0.7108,0.0304,0.2883,"(1, 256)","(1, 512)",variable_random
5,random_layer_14,Linear,MM,1024,32,32,0.0063,0.4462,0.5427,"(1, 32)","(1, 32)",variable_random
5,random_layer_15,Conv2d,MM,256,32,32,0.5053,0.1238,0.9273,"(1, 32)","(1, 32)",variable_random
5,random_layer_16,Conv2d,MM,256,256,64,0.0889,0.0779,0.9177,"(1, 256)","(1, 64)",variable_random
5,random_layer_17,Conv2d,MM,128,32,32,0.0607,0.1174,0.6249,"(1, 32)","(1, 32)",variable_random
5,random_layer_18,Linear,MM,64,64,256,0.1599,0.1164,0.8511,"(1, 64)","(1, 256)",variable_random
5,random_layer_19,Conv2d,MM,1024,1024,64,0.1958,0.0119,0.3463,"(1, 1024)","(1, 64)",variable_random
6,random_layer_0,Linear,MM,1024,1024,128,0.0781,0.5436,0.3407,"(1, 1024)","(1, 128)",variable_random
6,random_layer_1,Linear,MM,512,32,256,0.5528,0.0494,0.6834,"(1, 32)","(1, 256)",variable_random
6,random_layer_2,Conv2d,MM,256,64,32,0.2346,0.0172,0.6977,"(1, 64)","(1, 32)",variable_random
6,random_layer_3,Linear,MM,64,256,32,0.0044,0.1129,0.0121,"(1, 256)","(1, 32)",variable_random
6,random_layer_4,Conv2d,MM,1024,256,256,0.1517,0.6942,0.7353,"(1, 256)","(1, 256)",variable_random
6,random_layer_5,Conv2d,MM,128,256,512,0.837,0.575,0.7742,"(1, 256)","(1, 512)",variable_random
6,random_layer_6,Linear,MM,32,64,64,0.7547,0.0219,0.8091,"(1, 64)","(1, 64)",variable_random
6,random_layer_7,Conv2d,MM,64,512,512,0.0,0.0224,0.599,"(1, 512)","(1, 512)",variable_random
6,random_layer_8,Conv2d,MM,32,1024,256,0.1586,0.3662,0.0926,"(1, 1024)","(1, 256)",variable_random
6,random_layer_9,Conv2d,MM,32,32,32,0.3926,0.654,0.6112,"(1, 32)","(1, 32)",variable_random
6,random_layer_10,Conv2d,MM,64,32,256,0.6793,0.6813,0.4989,"(1, 32)","(1, 256)",variable_random
6,random_layer_11,Conv2d,MM,64,512,512,0.7237,0.1267,0.5227,"(1, 512)","(1, 512)",variable_random
6,random_layer_12,Linear,MM,32,1024,128,0.4878,0.1019,0.3402,"(1, 1024)","(1, 128)",variable_random
6,random_layer_13,Conv2d,MM,512,64,512,0.1867,0.3518,0.1478,"(1, 64)","(1, 512)",variable_random
6,random_layer_14,Linear,MM,32,512,128,0.465,0.6025,0.0173,"(1, 512)","(1, 128)",variable_random
6,random_layer_15,Linear,MM,256,128,32,0.5667,0.0694,0.3424,"(1, 128)","(1, 32)",variable_random
6,random_layer_16,Linear,MM,64,256,128,0.3815,0.113,0.52,"(1, 256)","(1, 128)",variable_random
6,random_layer_17,Conv2d,MM,64,128,64,0.1692,0.6799,0.148,"(1, 128)","(1, 64)",variable_random
6,random_layer_18,Conv2d,MM,1024,256,32,0.5996,0.5392,0.0691,"(1, 256)","(1, 32)",variable_random
6,random_layer_19,Linear,MM,64,128,256,0.3396,0.4227,0.579,"(1, 128)","(1, 256)",variable_random
7,random_layer_0,Conv2d,MM,64,128,128,0.1912,0.3889,0.7253,"(1, 128)","(1, 128)",variable_random
7,random_layer_1,Conv2d,MM,2048,32,256,0.3606,0.6203,0.2537,"(1, 32)","(1, 256)",variable_random
7,random_layer_2,Linear,MM,64,128,128,0.7254,0.5383,0.496,"(1, 128)","(1, 128)",variable_random
7,random_layer_3,Linear,MM,512,32,512,0.7021,0.3227,0.8071,"(1, 32)","(1, 512)",variable_random
7,random_layer_4,Linear,MM,64,32,64,0.1976,0.1218,0.5135,"(1, 32)","(1, 64)",variable_random
7,random_layer_5,Linear,MM,128,512,32,0.1123,0.0966,0.7647,"(1, 512)","(1, 32)",variable_random
7,random_layer_6,Conv2d,MM,512,1024,512,0.3064,0.6498,0.3344,"(1, 1024)","(1, 512)",variable_random
7,random_layer_7,Linear,MM,64,1024,256,0.5198,0.0029,0.5636,"(1, 1024)","(1, 256)",variable_random
7,random_layer_8,Linear,MM,128,32,128,0.1124,0.042,0.2653,"(1, 32)","(1, 128)",variable_random
7,random_layer_9,Conv2d,MM,128,128,128,0.3121,0.0712,0.8294,"(1, 128)","(1, 128)",variable_random
7,random_layer_10,Conv2d,MM,32,32,64,0.0,0.1064,0.3378,"(1, 32)","(1, 64)",variable_random
7,random_layer_11,Linear,MM,64,128,256,0.3485,0.0815,0.8777,"(1, 128)","(1, 256)",variable_random
7,random_layer_12,Linear,MM,1024,256,256,0.0683,0.3736,0.9174,"(1, 256)","(1, 256)",variable_random
7,random_layer_13,Linear,MM,1024,64,128,0.3947,0.1083,0.466,"(1, 64)","(1, 128)",variable_random
7,random_layer_14,Conv2d,MM,1024,128,32,0.1201,0.4432,0.041,"(1, 128)","(1, 32)",variable_random
7,random_layer_15,Conv2d,MM,32,1024,512,0.5752,0.4142,0.1331,"(1, 1024)","(1, 512)",variable_random
7,random_layer_16,Conv2d,MM,256,32,512,0.4608,0.3971,0.297,"(1, 32)","(1, 512)",variable_random
7,random_layer_17,Linear,MM,512,512,512,0.404,0.6295,0.3228,"(1, 512)","(1, 512)",variable_random
7,random_layer_18,Conv2d,MM,128,256,256,0.7449,0.1066,0.7909,"(1, 256)","(1, 256)",variable_random
7,random_layer_19,Linear,MM,32,1024,128,0.0,0.4974,0.5468,"(1, 1024)","(1, 128)",variable_random
8,random_layer_0,Linear,MM,2048,256,64,0.0,0.0905,0.1264,"(1, 256)","(1, 64)",variable_random
8,random_layer_1,Linear,MM,256,64,512,0.1381,0.4738,0.6553,"(1, 64)","(1, 512)",variable_random
8,random_layer_2,Linear,MM,256,128,64,0.6236,0.1189,0.168,"(1, 128)","(1, 64)",variable_random
8,random_layer_3,Linear,MM,512,1024,64,0.0739,0.1179,0.6756,"(1, 1024)","(1, 64)",variable_random
8,random_layer_4,Conv2d,MM,32,64,256,0.1778,0.5048,0.9128,"(1, 64)","(1, 256)",variable_random
8,random_layer_5,Conv2d,MM,512,64,32,0.484,0.5218,0.5246,"(1, 64)","(1, 32)",variable_random
8,random_layer_6,Linear,MM,1024,128,256,0.7812,0.3222,0.3178,"(1, 128)","(1, 256)",variable_random
8,random_layer_7,Conv2d,MM,256,32,256,0.5628,0.113,0.421,"(1, 32)","(1, 256)",variable_random
8,random_layer_8,Linear,MM,1024,1024,128,0.3839,0.4555,0.597,"(1, 1024)","(1, 128)",variable_random
8,random_layer_9,Linear,MM,128,1024,32,0.6416,0.4089,0.5356,"(1, 1024)","(1, 32)",variable_random
8,random_layer_10,Linear,MM,64,64,128,0.6975,0.6775,0.1322,"(1, 64)","(1, 128)",variable_random
8,random_layer_11,Conv2d,MM,128,512,32,0.8478,0.3277,0.2167,"(1, 512)","(1, 32)",variable_random
8,random_layer_12,Conv2d,MM,256,32,64,0.156,0.4577,0.3549,"(1, 32)","(1, 64)",variable_random
8,random_layer_13,Conv2d,MM,2048,32,128,0.3818,0.4285,0.9304,"(1, 32)","(1, 128)",variable_random
8,random_layer_14,Conv2d,MM,32,256,512,0.5797,0.6246,0.7628,"(1, 256)","(1, 512)",variable_random
8,random_layer_15,Linear,MM,2048,64,32,0.6059,0.1434,0.2078,"(1, 64)","(1, 32)",variable_random
8,random_layer_16,Linear,MM,2048,128,128,0.0,0.057,0.7224,"(1, 128)","(1, 128)",variable_random
8,random_layer_17,Linear,MM,512,32,64,0.0854,0.1362,0.498,"(1, 32)","(1, 64)",variable_random
8,random_layer_18,Conv2d,MM,64,512,256,0.1119,0.116,0.0885,"(1, 512)","(1, 256)",variable_random
8,random_layer_19,Linear,MM,256,32,128,0.0,0.0133,0.8659,"(1, 32)","(1, 128)",variable_random
9,random_layer_0,Linear,MM,1024,128,512,0.0,0.1308,0.8801,"(1, 128)","(1, 512)",variable_random
9,random_layer_1,Conv2d,MM,2048,1024,128,0.0,0.4093,0.3649,"(1, 1024)","(1, 128)",variable_random
9,random_layer_2,Linear,MM,128,256,64,0.3143,0.4569,0.1286,"(1, 256)","(1, 64)",variable_random
9,random_layer_3,Conv2d,MM,2048,128,512,0.5344,0.5471,0.328,"(1, 128)","(1, 512)",variable_random
9,random_layer_4,Conv2d,MM,32,64,256,0.4286,0.0054,0.5735,"(1, 64)","(1, 256)",variable_random
9,random_layer_5,Conv2d,MM,128,1024,128,0.0856,0.3845,0.6924,"(1, 1024)","(1, 128)",variable_random
9,random_layer_6,Conv2d,MM,256,64,64,0.5037,0.0705,0.8305,"(1, 64)","(1, 64)",variable_random
9,random_layer_7,Conv2d,MM,64,1024,64,0.3398,0.1132,0.7359,"(1, 1024)","(1, 64)",variable_random
9,random_layer_8,Conv2d,MM,32,64,512,0.1378,0.5752,0.1866,"(1, 64)","(1, 512)",variable_random
9,random_layer_9,Conv2d,MM,256,128,512,0.6498,0.0019,0.6096,"(1, 128)","(1, 512)",variable_random
9,random_layer_10,Linear,MM,2048,512,32,0.0795,0.4239,0.2813,"(1, 512)","(1, 32)",variable_random
9,random_layer_11,Conv2d,MM,64,32,512,0.6125,0.1017,0.2778,"(1, 32)","(1, 512)",variable_random
9,random_layer_12,Linear,MM,32,512,64,0.0527,0.3671,0.3381,"(1, 512)","(1, 64)",variable_random
9,random_layer_13,Conv2d,MM,256,512,128,0.4747,0.0428,0.8873,"(1, 512)","(1, 128)",variable_random
9,random_layer_14,Linear,MM,512,64,128,0.0,0.0155,0.5583,"(1, 64)","(1, 128)",variable_random
9,random_layer_15,Conv2d,MM,128,256,32,0.3528,0.4613,0.6175,"(1, 256)","(1, 32)",variable_random
9,random_layer_16,Linear,MM,256,512,32,0.5204,0.6541,0.3863,"(1, 512)","(1, 32)",variable_random
9,random_layer_17,Linear,MM,32,512,128,0.6672,0.3333,0.2327,"(1, 512)","(1, 128)",variable_random
9,random_layer_18,Linear,MM,128,1024,512,0.2796,0.5945,0.0897,"(1, 1024)","(1, 512)",variable_random
9,random_layer_19,Linear,MM,256,1024,128,0.5689,0.1421,0.7189,"(1, 1024)","(1, 128)",variable_random
10,random_layer_0,Conv2d,MM,256,256,512,0.0,0.0038,0.1948,"(1, 256)","(1, 512)",variable_random
10,random_layer_1,Linear,MM,256,32,256,0.0,0.0491,0.6153,"(1, 32)","(1, 256)",variable_random
10,random_layer_2,Conv2d,MM,2048,32,256,0.0026,0.6773,0.9476,"(1, 32)","(1, 256)",variable_random
10,random_layer_3,Linear,MM,128,256,64,0.7989,0.0117,0.8129,"(1, 256)","(1, 64)",variable_random
10,random_layer_4,Linear,MM,512,64,64,0.0,0.0906,0.6191,"(1, 64)","(1, 64)",variable_random
10,random_layer_5,Conv2d,MM,64,1024,256,0.296,0.0676,0.9176,"(1, 1024)","(1, 256)",variable_random
10,random_layer_6,Conv2d,MM,512,128,256,0.0889,0.4439,0.565,"(1, 128)","(1, 256)",variable_random
10,random_layer_7,Conv2d,MM,1024,1024,256,0.4661,0.6679,0.4281,"(1, 1024)","(1, 256)",variable_random
10,random_layer_8,Linear,MM,256,512,256,0.5706,0.6924,0.8614,"(1, 512)","(1, 256)",variable_random
10,random_layer_9,Conv2d,MM,32,32,32,0.779,0.1379,0.2883,"(1, 32)","(1, 32)",variable_random
10,random_layer_10,Conv2d,MM,32,32,256,0.3383,0.0234,0.7242,"(1, 32)","(1, 256)",variable_random
10,random_layer_11,Conv2d,MM,32,512,256,0.1212,0.0121,0.3899,"(1, 512)","(1, 256)",variable_random
10,random_layer_12,Conv2d,MM,512,256,32,0.0471,0.1177,0.1517,"(1, 256)","(1, 32)",variable_random
10,random_layer_13,Conv2d,MM,128,1024,128,0.2771,0.1213,0.0114,"(1, 1024)","(1, 128)",variable_random
10,random_layer_14,Linear,MM,512,32,64,0.2431,0.0797,0.3065,"(1, 32)","(1, 64)",variable_random
10,random_layer_15,Conv2d,MM,256,256,64,0.0,0.5866,0.4328,"(1, 256)","(1, 64)",variable_random
10,random_layer_16,Linear,MM,256,64,128,0.6086,0.0833,0.2254,"(1, 64)","(1, 128)",variable_random
10,random_layer_17,Conv2d,MM,32,128,32,0.2542,0.0859,0.3985,"(1, 128)","(1, 32)",variable_random
10,random_layer_18,Conv2d,MM,32,32,32,0.176,0.5054,0.1366,"(1, 32)","(1, 32)",variable_random
10,random_layer_19,Linear,MM,1024,256,128,0.4172,0.0519,0.1485,"(1, 256)","(1, 128)",variable_random
11,random_layer_0,Conv2d,MM,64,1024,256,0.0,0.0027,0.3033,"(1, 1024)","(1, 256)",variable_random
11,random_layer_1,Linear,MM,512,128,32,0.0,0.0826,0.2214,"(1, 128)","(1, 32)",variable_random
11,random_layer_2,Conv2d,MM,32,128,64,0.2052,0.1271,0.6645,"(1, 128)","(1, 64)",variable_random
11,random_layer_3,Conv2d,MM,64,64,64,0.201,0.6591,0.0457,"(1, 64)","(1, 64)",variable_random
11,random_layer_4,Linear,MM,1024,256,512,0.8249,0.0587,0.1307,"(1, 256)","(1, 512)",variable_random
11,random_layer_5,Linear,MM,2048,32,512,0.1978,0.093,0.6166,"(1, 32)","(1, 512)",variable_random
11,random_layer_6,Linear,MM,64,64,32,0.0,0.5845,0.6989,"(1, 64)","(1, 32)",variable_random
11,random_layer_7,Conv2d,MM,1024,256,128,0.4816,0.516,0.8117,"(1, 256)","(1, 128)",variable_random
11,random_layer_8,Conv2d,MM,256,128,512,0.345,0.1437,0.5185,"(1, 128)","(1, 512)",variable_random
11,random_layer_9,Linear,MM,32,128,64,0.0529,0.5212,0.6647,"(1, 128)","(1, 64)",variable_random
11,random_layer_10,Conv2d,MM,128,64,128,0.5036,0.4492,0.1937,"(1, 64)","(1, 128)",variable_random
11,random_layer_11,Conv2d,MM,512,256,512,0.3157,0.0876,0.5989,"(1, 256)","(1, 512)",variable_random
11,random_layer_12,Linear,MM,2048,256,32,0.0394,0.5892,0.1798,"(1, 256)","(1, 32)",variable_random
11,random_layer_13,Linear,MM,512,128,32,0.6716,0.556,0.1949,"(1, 128)","(1, 32)",variable_random
11,random_layer_14,Linear,MM,512,512,256,0.6477,0.1023,0.7061,"(1, 512)","(1, 256)",variable_random
11,random_layer_15,Conv2d,MM,512,1024,256,0.0463,0.1452,0.6127,"(1, 1024)","(1, 256)",variable_random
11,random_layer_16,Conv2d,MM,32,1024,128,0.3601,0.5892,0.4583,"(1, 1024)","(1, 128)",variable_random
11,random_layer_17,Conv2d,MM,256,128,128,0.7632,0.5751,0.6573,"(1, 128)","(1, 128)",variable_random
11,random_layer_18,Conv2d,MM,1024,32,128,0.43,0.0505,0.546,"(1, 32)","(1, 128)",variable_random
11,random_layer_19,Linear,MM,32,512,512,0.0303,0.6109,0.2599,"(1, 512)","(1, 512)",variable_random
12,random_layer_0,Linear,MM,512,256,32,0.2064,0.4515,0.6084,"(1, 256)","(1, 32)",variable_random
12,random_layer_1,Conv2d,MM,2048,256,128,0.5177,0.6525,0.4674,"(1, 256)","(1, 128)",variable_random
12,random_layer_2,Conv2d,MM,128,32,32,0.5816,0.3645,0.3205,"(1, 32)","(1, 32)",variable_random
12,random_layer_3,Linear,MM,32,512,128,0.2,0.5512,0.2832,"(1, 512)","(1, 128)",variable_random
12,random_layer_4,Linear,MM,2048,64,128,0.5954,0.0442,0.9015,"(1, 64)","(1, 128)",variable_random
12,random_layer_5,Conv2d,MM,64,256,256,0.0046,0.0226,0.1061,"(1, 256)","(1, 256)",variable_random
12,random_layer_6,Conv2d,MM,2048,64,64,0.1374,0.1473,0.6268,"(1, 64)","(1, 64)",variable_random
12,random_layer_7,Linear,MM,512,128,32,0.1076,0.0102,0.7174,"(1, 128)","(1, 32)",variable_random
12,random_layer_8,Linear,MM,64,32,64,0.0,0.0438,0.0197,"(1, 32)","(1, 64)",variable_random
12,random_layer_9,Conv2d,MM,256,64,128,0.0,0.1424,0.1756,"(1, 64)","(1, 128)",variable_random
12,random_layer_10,Conv2d,MM,2048,32,128,0.399,0.1122,0.2178,"(1, 32)","(1, 128)",variable_random
12,random_layer_11,Conv2d,MM,512,1024,64,0.3225,0.4174,0.3969,"(1, 1024)","(1, 64)",variable_random
12,random_layer_12,Linear,MM,1024,1024,512,0.2968,0.0198,0.4162,"(1, 1024)","(1, 512)",variable_random
12,random_layer_13,Linear,MM,32,32,64,0.081,0.3194,0.742,"(1, 32)","(1, 64)",variable_random
12,random_layer_14,Conv2d,MM,1024,128,256,0.4741,0.0001,0.933,"(1, 128)","(1, 256)",variable_random
12,random_layer_15,Conv2d,MM,64,32,256,0.0,0.5164,0.8348,"(1, 32)","(1, 256)",variable_random
12,random_layer_16,Conv2d,MM,2048,128,128,0.3081,0.1453,0.8245,"(1, 128)","(1, 128)",variable_random
12,random_layer_17,Linear,MM,1024,1024,512,0.0,0.074,0.6716,"(1, 1024)","(1, 512)",variable_random
12,random_layer_18,Conv2d,MM,2048,64,32,0.0985,0.5637,0.1083,"(1, 64)","(1, 32)",variable_random
12,random_layer_19,Linear,MM,512,512,64,0.4739,0.3839,0.1571,"(1, 512)","(1, 64)",variable_random
13,random_layer_0,Linear,MM,32,32,512,0.0,0.3776,0.5258,"(1, 32)","(1, 512)",variable_random
13,random_layer_1,Conv2d,MM,128,64,64,0.6056,0.5948,0.6705,"(1, 64)","(1, 64)",variable_random
13,random_layer_2,Linear,MM,32,128,64,0.5799,0.0704,0.6971,"(1, 128)","(1, 64)",variable_random
13,random_layer_3,Conv2d,MM,2048,32,128,0.0,0.007,0.5535,"(1, 32)","(1, 128)",variable_random
13,random_layer_4,Linear,MM,2048,512,512,0.0,0.669,0.483,"(1, 512)","(1, 512)",variable_random
13,random_layer_5,Linear,MM,2048,128,32,0.781,0.4704,0.0149,"(1, 128)","(1, 32)",variable_random
13,random_layer_6,Linear,MM,1024,256,64,0.571,0.6035,0.1722,"(1, 256)","(1, 64)",variable_random
13,random_layer_7,Linear,MM,1024,128,32,0.7304,0.4574,0.7002,"(1, 128)","(1, 32)",variable_random
13,random_layer_8,Conv2d,MM,64,1024,32,0.4529,0.4191,0.7691,"(1, 1024)","(1, 32)",variable_random
13,random_layer_9,Linear,MM,128,512,256,0.5575,0.1202,0.6395,"(1, 512)","(1, 256)",variable_random
13,random_layer_10,Linear,MM,256,512,64,0.0503,0.6553,0.7097,"(1, 512)","(1, 64)",variable_random
13,random_layer_11,Linear,MM,64,512,32,0.5669,0.0324,0.2262,"(1, 512)","(1, 32)",variable_random
13,random_layer_12,Linear,MM,64,64,32,0.0,0.1198,0.485,"(1, 64)","(1, 32)",variable_random
13,random_layer_13,Linear,MM,128,64,64,0.1012,0.4672,0.5193,"(1, 64)","(1, 64)",variable_random
13,random_layer_14,Linear,MM,64,128,32,0.4262,0.6781,0.8583,"(1, 128)","(1, 32)",variable_random
13,random_layer_15,Conv2d,MM,128,64,512,0.5877,0.4572,0.4998,"(1, 64)","(1, 512)",variable_random
13,random_layer_16,Linear,MM,1024,256,512,0.205,0.5278,0.8378,"(1, 256)","(1, 512)",variable_random
13,random_layer_17,Conv2d,MM,256,128,128,0.4696,0.0259,0.9129,"(1, 128)","(1, 128)",variable_random
13,random_layer_18,Linear,MM,64,512,32,0.0624,0.3247,0.0145,"(1, 512)","(1, 32)",variable_random
13,random_layer_19,Linear,MM,512,256,512,0.1708,0.0512,0.0188,"(1, 256)","(1, 512)",variable_random
14,random_layer_0,Linear,MM,128,1024,256,0.1601,0.6162,0.2892,"(1, 1024)","(1, 256)",variable_random
14,random_layer_1,Conv2d,MM,32,128,128,0.8859,0.07,0.8489,"(1, 128)","(1, 128)",variable_random
14,random_layer_2,Linear,MM,256,64,128,0.0158,0.0234,0.6488,"(1, 64)","(1, 128)",variable_random
14,random_layer_3,Conv2d,MM,64,64,128,0.0,0.672,0.2222,"(1, 64)","(1, 128)",variable_random
14,random_layer_4,Conv2d,MM,1024,32,32,0.731,0.3142,0.3665,"(1, 32)","(1, 32)",variable_random
14,random_layer_5,Conv2d,MM,128,256,128,0.3636,0.011,0.5563,"(1, 256)","(1, 128)",variable_random
14,random_layer_6,Linear,MM,512,1024,32,0.0,0.4646,0.2881,"(1, 1024)","(1, 32)",variable_random
14,random_layer_7,Linear,MM,32,64,32,0.5847,0.0217,0.1792,"(1, 64)","(1, 32)",variable_random
14,random_layer_8,Linear,MM,128,1024,128,0.0,0.5524,0.4066,"(1, 1024)","(1, 128)",variable_random
14,random_layer_9,Linear,MM,256,32,512,0.5142,0.6898,0.7811,"(1, 32)","(1, 512)",variable_random
14,random_layer_10,Linear,MM,128,1024,512,0.6922,0.0798,0.4912,"(1, 1024)","(1, 512)",variable_random
14,random_layer_11,Conv2d,MM,64,32,128,0.1354,0.0841,0.1426,"(1, 32)","(1, 128)",variable_random
14,random_layer_12,Conv2d,MM,128,64,64,0.0195,0.3535,0.3329,"(1, 64)","(1, 64)",variable_random
14,random_layer_13,Conv2d,MM,256,256,256,0.0,0.3265,0.8311,"(1, 256)","(1, 256)",variable_random
14,random_layer_14,Conv2d,MM,128,256,32,0.5195,0.0276,0.4631,"(1, 256)","(1, 32)",variable_random
14,random_layer_15,Conv2d,MM,256,1024,32,0.0,0.5621,0.1278,"(1, 1024)","(1, 32)",variable_random
14,random_layer_16,Conv2d,MM,256,512,32,0.6511,0.0374,0.804,"(1, 512)","(1, 32)",variable_random
14,random_layer_17,Conv2d,MM,2048,128,256,0.1453,0.3911,0.5818,"(1, 128)","(1, 256)",variable_random
14,random_layer_18,Linear,MM,64,256,128,0.4684,0.0551,0.0919,"(1, 256)","(1, 128)",variable_random
14,random_layer_19,Linear,MM,128,512,32,0.1562,0.0659,0.0243,"(1, 512)","(1, 32)",variable_random
15,random_layer_0,Conv2d,MM,512,64,256,0.0,0.6073,0.2375,"(1, 64)","(1, 256)",variable_random
15,random_layer_1,Linear,MM,32,128,512,0.7441,0.0052,0.2186,"(1, 128)","(1, 512)",variable_random
15,random_layer_2,Conv2d,MM,256,1024,32,0.0,0.4336,0.7897,"(1, 1024)","(1, 32)",variable_random
15,random_layer_3,Conv2d,MM,256,256,512,0.3759,0.0561,0.6283,"(1, 256)","(1, 512)",variable_random
15,random_layer_4,Linear,MM,1024,128,32,0.019,0.3378,0.0207,"(1, 128)","(1, 32)",variable_random
15,random_layer_5,Linear,MM,128,128,256,0.1882,0.0268,0.4553,"(1, 128)","(1, 256)",variable_random
15,random_layer_6,Linear,MM,64,512,32,0.1383,0.0957,0.3902,"(1, 512)","(1, 32)",variable_random
15,random_layer_7,Linear,MM,64,1024,512,0.3066,0.5248,0.6675,"(1, 1024)","(1, 512)",variable_random
15,random_layer_8,Conv2d,MM,64,1024,512,0.5167,0.3467,0.3589,"(1, 1024)","(1, 512)",variable_random
15,random_layer_9,Conv2d,MM,128,1024,32,0.4839,0.0613,0.9104,"(1, 1024)","(1, 32)",variable_random
15,random_layer_10,Conv2d,MM,1024,64,512,0.0,0.0189,0.1142,"(1, 64)","(1, 512)",variable_random
15,random_layer_11,Linear,MM,256,1024,32,0.0556,0.5188,0.5286,"(1, 1024)","(1, 32)",variable_random
15,random_layer_12,Linear,MM,1024,128,32,0.6202,0.1215,0.8328,"(1, 128)","(1, 32)",variable_random
15,random_layer_13,Linear,MM,64,128,32,0.1013,0.0041,0.8918,"(1, 128)","(1, 32)",variable_random
15,random_layer_14,Conv2d,MM,64,1024,64,0.0,0.3566,0.2497,"(1, 1024)","(1, 64)",variable_random
15,random_layer_15,Linear,MM,64,256,32,0.2576,0.3652,0.4732,"(1, 256)","(1, 32)",variable_random
15,random_layer_16,Linear,MM,512,512,32,0.2088,0.1219,0.5243,"(1, 512)","(1, 32)",variable_random
15,random_layer_17,Linear,MM,32,256,32,0.203,0.4867,0.8404,"(1, 256)","(1, 32)",variable_random
15,random_layer_18,Conv2d,MM,1024,128,512,0.4508,0.0158,0.4707,"(1, 128)","(1, 512)",variable_random
15,random_layer_19,Conv2d,MM,128,32,32,0.0,0.5691,0.8809,"(1, 32)","(1, 32)",variable_random
16,random_layer_0,Linear,MM,1024,32,64,0.0,0.1233,0.9037,"(1, 32)","(1, 64)",variable_random
16,random_layer_1,Conv2d,MM,1024,1024,32,0.3614,0.4585,0.8889,"(1, 1024)","(1, 32)",variable_random
16,random_layer_2,Linear,MM,2048,256,128,0.4718,0.069,0.8789,"(1, 256)","(1, 128)",variable_random
16,random_layer_3,Linear,MM,128,128,512,0.0,0.4426,0.6661,"(1, 128)","(1, 512)",variable_random
16,random_layer_4,Linear,MM,1024,512,64,0.5306,0.5455,0.4125,"(1, 512)","(1, 64)",variable_random
16,random_layer_5,Linear,MM,1024,128,32,0.4873,0.4995,0.5798,"(1, 128)","(1, 32)",variable_random
16,random_layer_6,Conv2d,MM,128,32,128,0.6221,0.3338,0.0556,"(1, 32)","(1, 128)",variable_random
16,random_layer_7,Conv2d,MM,32,256,256,0.3731,0.6873,0.925,"(1, 256)","(1, 256)",variable_random
16,random_layer_8,Linear,MM,2048,64,32,0.5991,0.0112,0.1018,"(1, 64)","(1, 32)",variable_random
16,random_layer_9,Linear,MM,2048,512,256,0.0,0.5695,0.2996,"(1, 512)","(1, 256)",variable_random
16,random_layer_10,Conv2d,MM,32,256,64,0.6243,0.0639,0.4251,"(1, 256)","(1, 64)",variable_random
16,random_layer_11,Linear,MM,2048,128,32,0.0,0.069,0.1383,"(1, 128)","(1, 32)",variable_random
16,random_layer_12,Linear,MM,256,32,512,0.0424,0.0468,0.75,"(1, 32)","(1, 512)",variable_random
16,random_layer_13,Conv2d,MM,64,32,128,0.3029,0.1063,0.0713,"(1, 32)","(1, 128)",variable_random
16,random_layer_14,Linear,MM,512,256,512,0.0652,0.1474,0.1321,"(1, 256)","(1, 512)",variable_random
16,random_layer_15,Linear,MM,128,64,64,0.0,0.3442,0.4863,"(1, 64)","(1, 64)",variable_random
16,random_layer_16,Linear,MM,2048,256,256,0.24,0.0876,0.2359,"(1, 256)","(1, 256)",variable_random
16,random_layer_17,Linear,MM,64,128,32,0.0,0.4833,0.2549,"(1, 128)","(1, 32)",variable_random
16,random_layer_18,Conv2d,MM,64,256,64,0.3506,0.0271,0.4506,"(1, 256)","(1, 64)",variable_random
16,random_layer_19,Conv2d,MM,256,64,64,0.0,0.0306,0.5326,"(1, 64)","(1, 64)",variable_random
17,random_layer_0,Conv2d,MM,64,32,128,0.0,0.1188,0.0303,"(1, 32)","(1, 128)",variable_random
17,random_layer_1,Linear,MM,128,256,64,0.1102,0.4995,0.2013,"(1, 256)","(1, 64)",variable_random
17,random_layer_2,Linear,MM,64,128,512,0.9892,0.3629,0.2469,"(1, 128)","(1, 512)",variable_random
17,random_layer_3,Linear,MM,2048,64,512,0.4085,0.1464,0.6027,"(1, 64)","(1, 512)",variable_random
17,random_layer_4,Linear,MM,256,64,256,0.1312,0.4495,0.9238,"(1, 64)","(1, 256)",variable_random
17,random_layer_5,Linear,MM,32,128,128,0.5357,0.1059,0.6982,"(1, 128)","(1, 128)",variable_random
17,random_layer_6,Linear,MM,2048,256,512,0.0726,0.4924,0.8895,"(1, 256)","(1, 512)",variable_random
17,random_layer_7,Linear,MM,64,128,512,0.4067,0.6985,0.0442,"(1, 128)","(1, 512)",variable_random
17,random_layer_8,Conv2d,MM,128,256,512,0.7236,0.5559,0.3722,"(1, 256)","(1, 512)",variable_random
17,random_layer_9,Conv2d,MM,256,128,64,0.3273,0.1353,0.0854,"(1, 128)","(1, 64)",variable_random
17,random_layer_10,Linear,MM,128,32,256,0.572,0.0611,0.8006,"(1, 32)","(1, 256)",variable_random
17,random_layer_11,Conv2d,MM,512,64,64,0.2818,0.4562,0.0594,"(1, 64)","(1, 64)",variable_random
17,random_layer_12,Linear,MM,32,1024,32,0.5025,0.1111,0.0991,"(1, 1024)","(1, 32)",variable_random
17,random_layer_13,Conv2d,MM,128,512,64,0.0131,0.0623,0.0304,"(1, 512)","(1, 64)",variable_random
17,random_layer_14,Linear,MM,64,64,32,0.2806,0.0728,0.5737,"(1, 64)","(1, 32)",variable_random
17,random_layer_15,Linear,MM,256,128,128,0.2698,0.0852,0.3487,"(1, 128)","(1, 128)",variable_random
17,random_layer_16,Linear,MM,1024,32,64,0.0063,0.1003,0.7456,"(1, 32)","(1, 64)",variable_random
17,random_layer_17,Conv2d,MM,128,1024,64,0.2692,0.6784,0.3977,"(1, 1024)","(1, 64)",variable_random
17,random_layer_18,Conv2d,MM,2048,64,128,0.7397,0.0955,0.9482,"(1, 64)","(1, 128)",variable_random
17,random_layer_19,Conv2d,MM,512,128,512,0.1968,0.1088,0.4575,"(1, 128)","(1, 512)",variable_random
18,random_layer_0,Conv2d,MM,256,64,64,0.0395,0.0278,0.3362,"(1, 64)","(1, 64)",variable_random
18,random_layer_1,Conv2d,MM,512,32,64,0.0021,0.447,0.4737,"(1, 32)","(1, 64)",variable_random
18,random_layer_2,Linear,MM,32,256,512,0.5854,0.1019,0.2769,"(1, 256)","(1, 512)",variable_random
18,random_layer_3,Conv2d,MM,2048,64,256,0.2905,0.679,0.5792,"(1, 64)","(1, 256)",variable_random
18,random_layer_4,Conv2d,MM,2048,32,128,0.7169,0.3957,0.0452,"(1, 32)","(1, 128)",variable_random
18,random_layer_5,Conv2d,MM,128,64,64,0.139,0.1083,0.0778,"(1, 64)","(1, 64)",variable_random
18,random_layer_6,Linear,MM,512,128,32,0.2144,0.515,0.7162,"(1, 128)","(1, 32)",variable_random
18,random_layer_7,Conv2d,MM,2048,512,64,0.5657,0.6371,0.7823,"(1, 512)","(1, 64)",variable_random
18,random_layer_8,Linear,MM,32,32,128,0.5958,0.4848,0.5618,"(1, 32)","(1, 128)",variable_random
18,random_layer_9,Conv2d,MM,64,256,128,0.5741,0.3558,0.6658,"(1, 256)","(1, 128)",variable_random
18,random_layer_10,Conv2d,MM,2048,128,128,0.0926,0.0576,0.3184,"(1, 128)","(1, 128)",variable_random
18,random_layer_11,Conv2d,MM,2048,512,128,0.1237,0.4584,0.8404,"(1, 512)","(1, 128)",variable_random
18,random_layer_12,Linear,MM,512,128,256,0.2316,0.4199,0.1022,"(1, 128)","(1, 256)",variable_random
18,random_layer_13,Linear,MM,256,32,64,0.3278,0.1228,0.9224,"(1, 32)","(1, 64)",variable_random
18,random_layer_14,Conv2d,MM,1024,128,64,0.0959,0.1119,0.4556,"(1, 128)","(1, 64)",variable_random
18,random_layer_15,Conv2d,MM,128,1024,128,0.2021,0.0925,0.2809,"(1, 1024)","(1, 128)",variable_random
18,random_layer_16,Conv2d,MM,32,32,128,0.0,0.5067,0.119,"(1, 32)","(1, 128)",variable_random
18,random_layer_17,Linear,MM,32,512,512,0.5899,0.0252,0.0342,"(1, 512)","(1, 512)",variable_random
18,random_layer_18,Conv2d,MM,1024,128,256,0.1001,0.3315,0.718,"(1, 128)","(1, 256)",variable_random
18,random_layer_19,Conv2d,MM,64,32,64,0.4958,0.5615,0.6246,"(1, 32)","(1, 64)",variable_random
19,random_layer_0,Linear,MM,512,128,64,0.018,0.6491,0.8463,"(1, 128)","(1, 64)",variable_random
19,random_layer_1,Conv2d,MM,2048,256,32,0.6621,0.324,0.9117,"(1, 256)","(1, 32)",variable_random
19,random_layer_2,Conv2d,MM,1024,32,256,0.3504,0.664,0.5488,"(1, 32)","(1, 256)",variable_random
19,random_layer_3,Linear,MM,128,512,64,0.467,0.6935,0.0492,"(1, 512)","(1, 64)",variable_random
19,random_layer_4,Conv2d,MM,1024,512,128,0.5008,0.0736,0.1907,"(1, 512)","(1, 128)",variable_random
19,random_layer_5,Linear,MM,128,128,64,0.055,0.421,0.4157,"(1, 128)","(1, 64)",variable_random
19,random_layer_6,Linear,MM,1024,32,32,0.5718,0.1455,0.5055,"(1, 32)","(1, 32)",variable_random
19,random_layer_7,Conv2d,MM,512,1024,32,0.0795,0.0492,0.3587,"(1, 1024)","(1, 32)",variable_random
19,random_layer_8,Linear,MM,64,128,128,0.0,0.0781,0.1413,"(1, 128)","(1, 128)",variable_random
19,random_layer_9,Conv2d,MM,2048,128,32,0.2659,0.5194,0.848,"(1, 128)","(1, 32)",variable_random
19,random_layer_10,Conv2d,MM,32,128,64,0.3232,0.1454,0.2872,"(1, 128)","(1, 64)",variable_random
19,random_layer_11,Linear,MM,256,128,256,0.2011,0.037,0.8184,"(1, 128)","(1, 256)",variable_random
19,random_layer_12,Linear,MM,1024,1024,512,0.0,0.5408,0.6785,"(1, 1024)","(1, 512)",variable_random
19,random_layer_13,Conv2d,MM,64,128,64,0.5258,0.5316,0.6602,"(1, 128)","(1, 64)",variable_random
19,random_layer_14,Linear,MM,1024,512,512,0.7034,0.1082,0.2423,"(1, 512)","(1, 512)",variable_random
19,random_layer_15,Linear,MM,256,256,512,0.237,0.1412,0.7675,"(1, 256)","(1, 512)",variable_random
19,random_layer_16,Conv2d,MM,512,1024,128,0.0,0.6033,0.0187,"(1, 1024)","(1, 128)",variable_random
19,random_layer_17,Conv2d,MM,2048,32,32,0.5516,0.1213,0.9009,"(1, 32)","(1, 32)",variable_random
19,random_layer_18,Conv2d,MM,128,32,32,0.1853,0.6714,0.1714,"(1, 32)","(1, 32)",variable_random
19,random_layer_19,Linear,MM,2048,64,512,0.4413,0.0537,0.399,"(1, 64)","(1, 512)",variable_random
20,random_layer_0,Linear,MM,1024,128,32,0.0,0.1136,0.5207,"(1, 128)","(1, 32)",variable_random
20,random_layer_1,Linear,MM,128,32,64,0.1585,0.0126,0.5561,"(1, 32)","(1, 64)",variable_random
20,random_layer_2,Linear,MM,128,512,64,0.0,0.0909,0.7351,"(1, 512)","(1, 64)",variable_random
20,random_layer_3,Linear,MM,32,128,128,0.1122,0.5354,0.6822,"(1, 128)","(1, 128)",variable_random
20,random_layer_4,Conv2d,MM,512,64,512,0.4701,0.5057,0.1924,"(1, 64)","(1, 512)",variable_random
20,random_layer_5,Conv2d,MM,64,256,512,0.4338,0.1486,0.2821,"(1, 256)","(1, 512)",variable_random
20,random_layer_6,Conv2d,MM,1024,64,512,0.2394,0.5784,0.8663,"(1, 64)","(1, 512)",variable_random
20,random_layer_7,Linear,MM,512,256,256,0.7401,0.1127,0.6964,"(1, 256)","(1, 256)",variable_random
20,random_layer_8,Linear,MM,64,1024,256,0.0,0.0031,0.4021,"(1, 1024)","(1, 256)",variable_random
20,random_layer_9,Conv2d,MM,32,512,64,0.0455,0.0703,0.1607,"(1, 512)","(1, 64)",variable_random
20,random_layer_10,Linear,MM,32,32,64,0.0386,0.0123,0.3311,"(1, 32)","(1, 64)",variable_random
20,random_layer_11,Conv2d,MM,2048,128,256,0.0,0.1091,0.0201,"(1, 128)","(1, 256)",variable_random
20,random_layer_12,Linear,MM,32,512,128,0.0892,0.5038,0.4215,"(1, 512)","(1, 128)",variable_random
20,random_layer_13,Linear,MM,512,32,64,0.3059,0.0809,0.5031,"(1, 32)","(1, 64)",variable_random
20,random_layer_14,Conv2d,MM,32,256,32,0.0126,0.5074,0.9001,"(1, 256)","(1, 32)",variable_random
20,random_layer_15,Conv2d,MM,128,1024,32,0.5468,0.1036,0.6539,"(1, 1024)","(1, 32)",variable_random
20,random_layer_16,Linear,MM,64,512,128,0.1144,0.0888,0.347,"(1, 512)","(1, 128)",variable_random
20,random_layer_17,Linear,MM,512,512,512,0.3467,0.0768,0.4698,"(1, 512)","(1, 512)",variable_random
20,random_layer_18,Linear,MM,128,1024,512,0.074,0.6923,0.5466,"(1, 1024)","(1, 512)",variable_random
20,random_layer_19,Conv2d,MM,32,1024,256,0.4026,0.446,0.2362,"(1, 1024)","(1, 256)",variable_random
21,random_layer_0,Conv2d,MM,2048,128,128,0.0047,0.4257,0.1215,"(1, 128)","(1, 128)",variable_random
21,random_layer_1,Linear,MM,64,1024,128,0.6191,0.4521,0.7481,"(1, 1024)","(1, 128)",variable_random
21,random_layer_2,Linear,MM,128,256,64,0.2028,0.5768,0.1606,"(1, 256)","(1, 64)",variable_random
21,random_layer_3,Conv2d,MM,512,32,32,0.6666,0.03,0.029,"(1, 32)","(1, 32)",variable_random
21,random_layer_4,Conv2d,MM,256,512,256,0.1002,0.1494,0.5312,"(1, 512)","(1, 256)",variable_random
21,random_layer_5,Conv2d,MM,1024,64,128,0.0611,0.0634,0.7653,"(1, 64)","(1, 128)",variable_random
21,random_layer_6,Linear,MM,1024,64,512,0.009,0.4083,0.651,"(1, 64)","(1, 512)",variable_random
21,random_layer_7,Conv2d,MM,64,256,512,0.5606,0.3817,0.3501,"(1, 256)","(1, 512)",variable_random
21,random_layer_8,Linear,MM,256,32,256,0.3976,0.0721,0.5949,"(1, 32)","(1, 256)",variable_random
21,random_layer_9,Conv2d,MM,2048,64,128,0.03,0.6062,0.8867,"(1, 64)","(1, 128)",variable_random
21,random_layer_10,Linear,MM,64,1024,256,0.7008,0.5497,0.2348,"(1, 1024)","(1, 256)",variable_random
21,random_layer_11,Conv2d,MM,256,512,256,0.7073,0.5146,0.1386,"(1, 512)","(1, 256)",variable_random
21,random_layer_12,Conv2d,MM,64,64,32,0.4399,0.5126,0.2653,"(1, 64)","(1, 32)",variable_random
21,random_layer_13,Conv2d,MM,256,512,32,0.4838,0.088,0.0221,"(1, 512)","(1, 32)",variable_random
21,random_layer_14,Conv2d,MM,32,512,64,0.0005,0.0312,0.5787,"(1, 512)","(1, 64)",variable_random
21,random_layer_15,Conv2d,MM,64,1024,64,0.1139,0.0481,0.8226,"(1, 1024)","(1, 64)",variable_random
21,random_layer_16,Linear,MM,1024,128,256,0.0587,0.1112,0.4295,"(1, 128)","(1, 256)",variable_random
21,random_layer_17,Conv2d,MM,128,64,32,0.0,0.1469,0.7152,"(1, 64)","(1, 32)",variable_random
21,random_layer_18,Linear,MM,32,128,32,0.2084,0.112,0.4538,"(1, 128)","(1, 32)",variable_random
21,random_layer_19,Linear,MM,128,128,128,0.1585,0.0909,0.0871,"(1, 128)","(1, 128)",variable_random
22,random_layer_0,Linear,MM,64,64,64,0.0903,0.0127,0.4835,"(1, 64)","(1, 64)",variable_random
22,random_layer_1,Conv2d,MM,1024,32,64,0.033,0.0284,0.896,"(1, 32)","(1, 64)",variable_random
22,random_layer_2,Linear,MM,2048,1024,512,0.2614,0.5532,0.2627,"(1, 1024)","(1, 512)",variable_random
22,random_layer_3,Linear,MM,1024,512,64,0.5528,0.6235,0.9179,"(1, 512)","(1, 64)",variable_random
22,random_layer_4,Conv2d,MM,2048,64,32,0.572,0.3457,0.6182,"(1, 64)","(1, 32)",variable_random
22,random_layer_5,Conv2d,MM,1024,512,128,0.1803,0.6016,0.7961,"(1, 512)","(1, 128)",variable_random
22,random_layer_6,Linear,MM,512,64,32,0.6463,0.1168,0.8058,"(1, 64)","(1, 32)",variable_random
22,random_layer_7,Conv2d,MM,128,64,64,0.0,0.0068,0.0973,"(1, 64)","(1, 64)",variable_random
22,random_layer_8,Conv2d,MM,64,32,128,0.056,0.053,0.894,"(1, 32)","(1, 128)",variable_random
22,random_layer_9,Linear,MM,32,256,128,0.3607,0.0563,0.944,"(1, 256)","(1, 128)",variable_random
22,random_layer_10,Linear,MM,1024,512,256,0.0402,0.4567,0.3506,"(1, 512)","(1, 256)",variable_random
22,random_layer_11,Linear,MM,2048,128,128,0.2142,0.0141,0.8336,"(1, 128)","(1, 128)",variable_random
22,random_layer_12,Linear,MM,256,256,128,0.0,0.0512,0.8133,"(1, 256)","(1, 128)",variable_random
22,random_layer_13,Conv2d,MM,64,64,32,0.2915,0.0558,0.7772,"(1, 64)","(1, 32)",variable_random
22,random_layer_14,Linear,MM,256,256,256,0.1165,0.3526,0.223,"(1, 256)","(1, 256)",variable_random
22,random_layer_15,Linear,MM,1024,128,32,0.5274,0.3822,0.7494,"(1, 128)","(1, 32)",variable_random
22,random_layer_16,Conv2d,MM,128,32,128,0.4567,0.6531,0.0937,"(1, 32)","(1, 128)",variable_random
22,random_layer_17,Linear,MM,512,128,128,0.8718,0.5826,0.0518,"(1, 128)","(1, 128)",variable_random
22,random_layer_18,Linear,MM,512,1024,256,0.4522,0.1282,0.3599,"(1, 1024)","(1, 256)",variable_random
22,random_layer_19,Linear,MM,32,1024,256,0.0039,0.4676,0.6873,"(1, 1024)","(1, 256)",variable_random
23,random_layer_0,Conv2d,MM,2048,128,32,0.0,0.5589,0.4367,"(1, 128)","(1, 32)",variable_random
23,random_layer_1,Linear,MM,1024,1024,512,0.53,0.0714,0.9082,"(1, 1024)","(1, 512)",variable_random
23,random_layer_2,Conv2d,MM,512,1024,512,0.0,0.0418,0.1769,"(1, 1024)","(1, 512)",variable_random
23,random_layer_3,Conv2d,MM,128,32,128,0.3574,0.0928,0.5787,"(1, 32)","(1, 128)",variable_random
23,random_layer_4,Linear,MM,1024,32,256,0.0293,0.4374,0.5771,"(1, 32)","(1, 256)",variable_random
23,random_layer_5,Linear,MM,64,512,64,0.1631,0.1332,0.2813,"(1, 512)","(1, 64)",variable_random
23,random_layer_6,Conv2d,MM,128,128,512,0.3453,0.0824,0.3435,"(1, 128)","(1, 512)",variable_random
23,random_layer_7,Conv2d,MM,256,64,256,0.0,0.133,0.1979,"(1, 64)","(1, 256)",variable_random
23,random_layer_8,Conv2d,MM,64,128,512,0.0,0.6074,0.4286,"(1, 128)","(1, 512)",variable_random
23,random_layer_9,Conv2d,MM,1024,64,512,0.7446,0.6742,0.7773,"(1, 64)","(1, 512)",variable_random
23,random_layer_10,Linear,MM,512,128,512,0.3476,0.0952,0.9274,"(1, 128)","(1, 512)",variable_random
23,random_layer_11,Conv2d,MM,32,1024,512,0.1252,0.1323,0.436,"(1, 1024)","(1, 512)",variable_random
23,random_layer_12,Conv2d,MM,2048,512,128,0.1215,0.5332,0.414,"(1, 512)","(1, 128)",variable_random
23,random_layer_13,Linear,MM,2048,32,32,0.5643,0.5078,0.1084,"(1, 32)","(1, 32)",variable_random
23,random_layer_14,Linear,MM,512,64,256,0.512,0.005,0.2583,"(1, 64)","(1, 256)",variable_random
23,random_layer_15,Linear,MM,1024,128,32,0.0,0.0169,0.8975,"(1, 128)","(1, 32)",variable_random
23,random_layer_16,Conv2d,MM,2048,512,32,0.0,0.0243,0.8078,"(1, 512)","(1, 32)",variable_random
23,random_layer_17,Conv2d,MM,512,512,64,0.1908,0.1211,0.0641,"(1, 512)","(1, 64)",variable_random
23,random_layer_18,Conv2d,MM,1024,1024,64,0.0271,0.0901,0.3911,"(1, 1024)","(1, 64)",variable_random
23,random_layer_19,Conv2d,MM,2048,128,128,0.0372,0.0173,0.1485,"(1, 128)","(1, 128)",variable_random
24,random_layer_0,Linear,MM,128,32,256,0.0,0.086,0.3862,"(1, 32)","(1, 256)",variable_random
24,random_layer_1,Conv2d,MM,128,512,512,0.0,0.3544,0.8178,"(1, 512)","(1, 512)",variable_random
24,random_layer_2,Conv2d,MM,512,256,32,0.4863,0.3156,0.4795,"(1, 256)","(1, 32)",variable_random
24,random_layer_3,Conv2d,MM,2048,256,512,0.0,0.6961,0.4394,"(1, 256)","(1, 512)",variable_random
24,random_layer_4,Linear,MM,128,64,64,0.5886,0.0755,0.0895,"(1, 64)","(1, 64)",variable_random
24,random_layer_5,Linear,MM,64,512,32,0.0,0.4476,0.9207,"(1, 512)","(1, 32)",variable_random
24,random_layer_6,Linear,MM,1024,64,512,0.5639,0.1228,0.7661,"(1, 64)","(1, 512)",variable_random
24,random_layer_7,Conv2d,MM,32,1024,128,0.0807,0.4613,0.4141,"(1, 1024)","(1, 128)",variable_random
24,random_layer_8,Linear,MM,256,256,64,0.3826,0.3042,0.2397,"(1, 256)","(1, 64)",variable_random
24,random_layer_9,Linear,MM,32,256,512,0.3875,0.6173,0.4894,"(1, 256)","(1, 512)",variable_random
24,random_layer_10,Linear,MM,256,32,128,0.5602,0.1177,0.6752,"(1, 32)","(1, 128)",variable_random
24,random_layer_11,Linear,MM,2048,32,512,0.3645,0.0895,0.8156,"(1, 32)","(1, 512)",variable_random
24,random_layer_12,Conv2d,MM,2048,128,64,0.0,0.3468,0.5171,"(1, 128)","(1, 64)",variable_random
24,random_layer_13,Conv2d,MM,32,128,64,0.2303,0.3545,0.0847,"(1, 128)","(1, 64)",variable_random
24,random_layer_14,Conv2d,MM,32,64,64,0.3532,0.6777,0.3012,"(1, 64)","(1, 64)",variable_random
24,random_layer_15,Linear,MM,256,32,32,0.6699,0.6346,0.4274,"(1, 32)","(1, 32)",variable_random
24,random_layer_16,Linear,MM,32,64,32,0.8283,0.6983,0.4013,"(1, 64)","(1, 32)",variable_random
24,random_layer_17,Conv2d,MM,32,128,32,0.7365,0.0348,0.8576,"(1, 128)","(1, 32)",variable_random
24,random_layer_18,Conv2d,MM,1024,64,128,0.0,0.375,0.5187,"(1, 64)","(1, 128)",variable_random
24,random_layer_19,Conv2d,MM,32,512,32,0.4889,0.1422,0.5175,"(1, 512)","(1, 32)",variable_random
25,random_layer_0,Linear,MM,64,512,64,0.0,0.5861,0.5585,"(1, 512)","(1, 64)",variable_random
25,random_layer_1,Conv2d,MM,2048,512,128,0.6381,0.6881,0.737,"(1, 512)","(1, 128)",variable_random
25,random_layer_2,Conv2d,MM,1024,64,64,0.8724,0.4016,0.4935,"(1, 64)","(1, 64)",variable_random
25,random_layer_3,Conv2d,MM,64,128,512,0.6454,0.384,0.2672,"(1, 128)","(1, 512)",variable_random
25,random_layer_4,Linear,MM,1024,512,64,0.4195,0.4029,0.174,"(1, 512)","(1, 64)",variable_random
25,random_layer_5,Conv2d,MM,512,32,32,0.2095,0.5901,0.0076,"(1, 32)","(1, 32)",variable_random
25,random_layer_6,Linear,MM,1024,128,256,0.5841,0.5839,0.1623,"(1, 128)","(1, 256)",variable_random
25,random_layer_7,Conv2d,MM,64,1024,512,0.4632,0.079,0.808,"(1, 1024)","(1, 512)",variable_random
25,random_layer_8,Linear,MM,32,256,32,0.1356,0.5506,0.3864,"(1, 256)","(1, 32)",variable_random
25,random_layer_9,Conv2d,MM,32,1024,64,0.3342,0.0436,0.927,"(1, 1024)","(1, 64)",variable_random
25,random_layer_10,Linear,MM,32,512,32,0.0,0.0294,0.2621,"(1, 512)","(1, 32)",variable_random
25,random_layer_11,Conv2d,MM,1024,128,32,0.0,0.107,0.1157,"(1, 128)","(1, 32)",variable_random
25,random_layer_12,Conv2d,MM,32,64,32,0.2134,0.4701,0.1797,"(1, 64)","(1, 32)",variable_random
25,random_layer_13,Linear,MM,1024,32,512,0.22,0.0235,0.3219,"(1, 32)","(1, 512)",variable_random
25,random_layer_14,Linear,MM,256,32,128,0.0,0.0469,0.7969,"(1, 32)","(1, 128)",variable_random
25,random_layer_15,Conv2d,MM,128,512,32,0.0863,0.3843,0.0506,"(1, 512)","(1, 32)",variable_random
25,random_layer_16,Linear,MM,1024,128,512,0.5227,0.0124,0.9125,"(1, 128)","(1, 512)",variable_random
25,random_layer_17,Linear,MM,256,128,64,0.0935,0.0458,0.4331,"(1, 128)","(1, 64)",variable_random
25,random_layer_18,Conv2d,MM,128,512,32,0.0518,0.1001,0.3153,"(1, 512)","(1, 32)",variable_random
25,random_layer_19,Linear,MM,512,64,32,0.3467,0.605,0.171,"(1, 64)","(1, 32)",variable_random
26,random_layer_0,Conv2d,MM,64,1024,256,0.0698,0.3318,0.4594,"(1, 1024)","(1, 256)",variable_random
26,random_layer_1,Conv2d,MM,128,512,128,0.1962,0.0777,0.6785,"(1, 512)","(1, 128)",variable_random
26,random_layer_2,Conv2d,MM,32,256,32,0.0936,0.611,0.9114,"(1, 256)","(1, 32)",variable_random
26,random_layer_3,Conv2d,MM,1024,128,256,0.6959,0.5964,0.0078,"(1, 128)","(1, 256)",variable_random
26,random_layer_4,Conv2d,MM,512,512,64,0.3668,0.0696,0.2637,"(1, 512)","(1, 64)",variable_random
26,random_layer_5,Linear,MM,32,128,256,0.0997,0.6481,0.5339,"(1, 128)","(1, 256)",variable_random
26,random_layer_6,Conv2d,MM,64,1024,128,0.5987,0.1459,0.5171,"(1, 1024)","(1, 128)",variable_random
26,random_layer_7,Conv2d,MM,128,512,512,0.0106,0.4088,0.9143,"(1, 512)","(1, 512)",variable_random
26,random_layer_8,Conv2d,MM,128,64,128,0.2499,0.5998,0.8827,"(1, 64)","(1, 128)",variable_random
26,random_layer_9,Conv2d,MM,128,32,32,0.6768,0.0353,0.4875,"(1, 32)","(1, 32)",variable_random
26,random_layer_10,Conv2d,MM,128,64,128,0.0,0.1304,0.0507,"(1, 64)","(1, 128)",variable_random
26,random_layer_11,Conv2d,MM,512,1024,128,0.0,0.0487,0.5746,"(1, 1024)","(1, 128)",variable_random
26,random_layer_12,Conv2d,MM,64,32,256,0.1604,0.14,0.135,"(1, 32)","(1, 256)",variable_random
26,random_layer_13,Linear,MM,32,32,128,0.3361,0.1341,0.4754,"(1, 32)","(1, 128)",variable_random
26,random_layer_14,Linear,MM,128,32,512,0.3348,0.0284,0.4503,"(1, 32)","(1, 512)",variable_random
26,random_layer_15,Conv2d,MM,512,64,512,0.1506,0.401,0.5022,"(1, 64)","(1, 512)",variable_random
26,random_layer_16,Linear,MM,1024,1024,256,0.5224,0.0352,0.9242,"(1, 1024)","(1, 256)",variable_random
26,random_layer_17,Linear,MM,32,256,512,0.1453,0.0864,0.1857,"(1, 256)","(1, 512)",variable_random
26,random_layer_18,Linear,MM,2048,64,256,0.0,0.1043,0.6351,"(1, 64)","(1, 256)",variable_random
26,random_layer_19,Conv2d,MM,64,32,64,0.2737,0.4078,0.0024,"(1, 32)","(1, 64)",variable_random
27,random_layer_0,Linear,MM,2048,32,32,0.0,0.0119,0.7447,"(1, 32)","(1, 32)",variable_random
27,random_layer_1,Conv2d,MM,32,32,256,0.0,0.0363,0.0552,"(1, 32)","(1, 256)",variable_random
27,random_layer_2,Conv2d,MM,256,64,256,0.2218,0.0612,0.5274,"(1, 64)","(1, 256)",variable_random
27,random_layer_3,Conv2d,MM,128,32,256,0.0032,0.6067,0.1483,"(1, 32)","(1, 256)",variable_random
27,random_layer_4,Conv2d,MM,32,32,512,0.6498,0.0231,0.8593,"(1, 32)","(1, 512)",variable_random
27,random_layer_5,Linear,MM,1024,512,64,0.2398,0.4007,0.8287,"(1, 512)","(1, 64)",variable_random
27,random_layer_6,Conv2d,MM,256,512,64,0.5323,0.0231,0.0206,"(1, 512)","(1, 64)",variable_random
27,random_layer_7,Conv2d,MM,32,256,64,0.0,0.0315,0.0814,"(1, 256)","(1, 64)",variable_random
27,random_layer_8,Conv2d,MM,1024,128,64,0.0,0.5994,0.0495,"(1, 128)","(1, 64)",variable_random
27,random_layer_9,Conv2d,MM,2048,128,512,0.8251,0.0394,0.2069,"(1, 128)","(1, 512)",variable_random
27,random_layer_10,Conv2d,MM,512,1024,32,0.2202,0.3816,0.058,"(1, 1024)","(1, 32)",variable_random
27,random_layer_11,Conv2d,MM,64,256,64,0.1092,0.0698,0.9273,"(1, 256)","(1, 64)",variable_random
27,random_layer_12,Conv2d,MM,64,256,256,0.0202,0.594,0.5023,"(1, 256)","(1, 256)",variable_random
27,random_layer_13,Conv2d,MM,64,64,256,0.7592,0.3601,0.4104,"(1, 64)","(1, 256)",variable_random
27,random_layer_14,Conv2d,MM,256,128,128,0.3171,0.6283,0.1228,"(1, 128)","(1, 128)",variable_random
27,random_layer_15,Linear,MM,32,32,32,0.6747,0.6599,0.6817,"(1, 32)","(1, 32)",variable_random
27,random_layer_16,Conv2d,MM,64,128,64,0.7351,0.6588,0.2975,"(1, 128)","(1, 64)",variable_random
27,random_layer_17,Conv2d,MM,32,512,32,0.6348,0.0829,0.4509,"(1, 512)","(1, 32)",variable_random
27,random_layer_18,Conv2d,MM,512,256,512,0.1871,0.1002,0.2557,"(1, 256)","(1, 512)",variable_random
27,random_layer_19,Conv2d,MM,256,256,128,0.0931,0.1408,0.7127,"(1, 256)","(1, 128)",variable_random
28,random_layer_0,Linear,MM,256,512,512,0.0,0.1269,0.4465,"(1, 512)","(1, 512)",variable_random
28,random_layer_1,Linear,MM,512,32,128,0.0,0.3694,0.4531,"(1, 32)","(1, 128)",variable_random
28,random_layer_2,Linear,MM,256,512,64,0.3648,0.3632,0.3602,"(1, 512)","(1, 64)",variable_random
28,random_layer_3,Conv2d,MM,256,128,128,0.2979,0.5771,0.7015,"(1, 128)","(1, 128)",variable_random
28,random_layer_4,Linear,MM,512,512,128,0.7013,0.0688,0.3659,"(1, 512)","(1, 128)",variable_random
28,random_layer_5,Conv2d,MM,1024,64,128,0.0,0.1058,0.6051,"(1, 64)","(1, 128)",variable_random
28,random_layer_6,Conv2d,MM,1024,32,64,0.176,0.558,0.6867,"(1, 32)","(1, 64)",variable_random
28,random_layer_7,Linear,MM,512,256,512,0.85,0.537,0.4102,"(1, 256)","(1, 512)",variable_random
28,random_layer_8,Conv2d,MM,32,32,256,0.3334,0.6882,0.2491,"(1, 32)","(1, 256)",variable_random
28,random_layer_9,Conv2d,MM,64,1024,32,0.8413,0.3528,0.4508,"(1, 1024)","(1, 32)",variable_random
28,random_layer_10,Conv2d,MM,2048,512,256,0.1972,0.114,0.3484,"(1, 512)","(1, 256)",variable_random
28,random_layer_11,Conv2d,MM,1024,128,256,0.2425,0.0976,0.4755,"(1, 128)","(1, 256)",variable_random
28,random_layer_12,Linear,MM,64,512,128,0.1707,0.5058,0.097,"(1, 512)","(1, 128)",variable_random
28,random_layer_13,Conv2d,MM,1024,128,256,0.2292,0.0055,0.0063,"(1, 128)","(1, 256)",variable_random
28,random_layer_14,Linear,MM,256,512,32,0.0381,0.3509,0.2874,"(1, 512)","(1, 32)",variable_random
28,random_layer_15,Conv2d,MM,1024,32,64,0.7257,0.5208,0.5743,"(1, 32)","(1, 64)",variable_random
28,random_layer_16,Linear,MM,64,256,256,0.4828,0.3244,0.7651,"(1, 256)","(1, 256)",variable_random
28,random_layer_17,Linear,MM,64,32,32,0.0321,0.0213,0.7055,"(1, 32)","(1, 32)",variable_random
28,random_layer_18,Linear,MM,2048,32,512,0.2007,0.3054,0.7269,"(1, 32)","(1, 512)",variable_random
28,random_layer_19,Linear,MM,128,64,32,0.2568,0.5581,0.4957,"(1, 64)","(1, 32)",variable_random
29,random_layer_0,Linear,MM,64,256,512,0.0,0.6014,0.0832,"(1, 256)","(1, 512)",variable_random
29,random_layer_1,Linear,MM,512,128,64,0.5846,0.1451,0.0897,"(1, 128)","(1, 64)",variable_random
29,random_layer_2,Conv2d,MM,32,64,128,0.1856,0.3079,0.0412,"(1, 64)","(1, 128)",variable_random
29,random_layer_3,Conv2d,MM,32,64,128,0.2671,0.5091,0.2631,"(1, 64)","(1, 128)",variable_random
29,random_layer_4,Conv2d,MM,2048,512,64,0.3424,0.3683,0.558,"(1, 512)","(1, 64)",variable_random
29,random_layer_5,Linear,MM,32,1024,128,0.5298,0.1336,0.0108,"(1, 1024)","(1, 128)",variable_random
29,random_layer_6,Conv2d,MM,128,512,128,0.0,0.0439,0.7998,"(1, 512)","(1, 128)",variable_random
29,random_layer_7,Conv2d,MM,64,32,32,0.083,0.0848,0.7593,"(1, 32)","(1, 32)",variable_random
29,random_layer_8,Conv2d,MM,256,128,128,0.3249,0.5241,0.2801,"(1, 128)","(1, 128)",variable_random
29,random_layer_9,Linear,MM,64,32,512,0.737,0.0848,0.3146,"(1, 32)","(1, 512)",variable_random
29,random_layer_10,Conv2d,MM,512,512,32,0.1263,0.367,0.5721,"(1, 512)","(1, 32)",variable_random
29,random_layer_11,Conv2d,MM,256,256,512,0.4667,0.3039,0.6093,"(1, 256)","(1, 512)",variable_random
29,random_layer_12,Conv2d,MM,2048,128,512,0.2019,0.5433,0.5294,"(1, 128)","(1, 512)",variable_random
29,random_layer_13,Linear,MM,64,512,512,0.5827,0.1413,0.249,"(1, 512)","(1, 512)",variable_random
29,random_layer_14,Conv2d,MM,32,256,256,0.0905,0.5421,0.14,"(1, 256)","(1, 256)",variable_random
29,random_layer_15,Linear,MM,128,128,128,0.2283,0.4099,0.8329,"(1, 128)","(1, 128)",variable_random
29,random_layer_16,Conv2d,MM,64,512,512,0.4867,0.1397,0.7455,"(1, 512)","(1, 512)",variable_random
29,random_layer_17,Linear,MM,2048,128,512,0.0,0.4687,0.5161,"(1, 128)","(1, 512)",variable_random
29,random_layer_18,Conv2d,MM,512,128,128,0.1652,0.3508,0.463,"(1, 128)","(1, 128)",variable_random
29,random_layer_19,Conv2d,MM,32,256,128,0.4228,0.3334,0.2518,"(1, 256)","(1, 128)",variable_random
30,random_layer_0,Linear,MM,64,32,512,0.0,0.6711,0.093,"(1, 32)","(1, 512)",variable_random
30,random_layer_1,Conv2d,MM,128,64,64,0.6827,0.0505,0.8447,"(1, 64)","(1, 64)",variable_random
30,random_layer_2,Conv2d,MM,128,256,256,0.2284,0.5218,0.5332,"(1, 256)","(1, 256)",variable_random
30,random_layer_3,Linear,MM,128,32,32,0.4502,0.063,0.1918,"(1, 32)","(1, 32)",variable_random
30,random_layer_4,Conv2d,MM,512,512,64,0.2663,0.0942,0.1894,"(1, 512)","(1, 64)",variable_random
30,random_layer_5,Conv2d,MM,256,128,128,0.0,0.0023,0.1394,"(1, 128)","(1, 128)",variable_random
30,random_layer_6,Linear,MM,2048,1024,128,0.0,0.0225,0.2022,"(1, 1024)","(1, 128)",variable_random
30,random_layer_7,Conv2d,MM,128,64,128,0.1848,0.6165,0.8042,"(1, 64)","(1, 128)",variable_random
30,random_layer_8,Conv2d,MM,64,128,32,0.5397,0.5004,0.0948,"(1, 128)","(1, 32)",variable_random
30,random_layer_9,Linear,MM,2048,128,32,0.4619,0.4035,0.3807,"(1, 128)","(1, 32)",variable_random
30,random_layer_10,Linear,MM,64,32,256,0.5253,0.0335,0.4066,"(1, 32)","(1, 256)",variable_random
30,random_layer_11,Linear,MM,2048,1024,512,0.0,0.0532,0.7185,"(1, 1024)","(1, 512)",variable_random
30,random_layer_12,Conv2d,MM,32,64,32,0.2343,0.0414,0.8226,"(1, 64)","(1, 32)",variable_random
30,random_layer_13,Linear,MM,32,64,256,0.0594,0.1347,0.0994,"(1, 64)","(1, 256)",variable_random
30,random_layer_14,Conv2d,MM,32,32,128,0.128,0.398,0.8338,"(1, 32)","(1, 128)",variable_random
30,random_layer_15,Linear,MM,128,256,64,0.4828,0.1238,0.3822,"(1, 256)","(1, 64)",variable_random
30,random_layer_16,Linear,MM,512,1024,256,0.0,0.1067,0.9305,"(1, 1024)","(1, 256)",variable_random
30,random_layer_17,Conv2d,MM,128,256,256,0.0,0.4011,0.2339,"(1, 256)","(1, 256)",variable_random
30,random_layer_18,Linear,MM,64,512,32,0.6263,0.444,0.2121,"(1, 512)","(1, 32)",variable_random
30,random_layer_19,Linear,MM,256,32,32,0.6019,0.485,0.0006,"(1, 32)","(1, 32)",variable_random
31,random_layer_0,Linear,MM,256,256,64,0.0,0.0208,0.733,"(1, 256)","(1, 64)",variable_random
31,random_layer_1,Conv2d,MM,128,1024,256,0.0,0.5059,0.0702,"(1, 1024)","(1, 256)",variable_random
31,random_layer_2,Linear,MM,1024,64,64,0.3084,0.0043,0.1279,"(1, 64)","(1, 64)",variable_random
31,random_layer_3,Linear,MM,256,64,128,0.0,0.5999,0.5858,"(1, 64)","(1, 128)",variable_random
31,random_layer_4,Linear,MM,2048,256,512,0.7396,0.005,0.3997,"(1, 256)","(1, 512)",variable_random
31,random_layer_5,Conv2d,MM,512,512,256,0.0,0.3909,0.6439,"(1, 512)","(1, 256)",variable_random
31,random_layer_6,Conv2d,MM,256,32,128,0.3798,0.6518,0.3466,"(1, 32)","(1, 128)",variable_random
31,random_layer_7,Conv2d,MM,512,64,256,0.8593,0.3819,0.8841,"(1, 64)","(1, 256)",variable_random
31,random_layer_8,Conv2d,MM,2048,256,128,0.3893,0.0032,0.0148,"(1, 256)","(1, 128)",variable_random
31,random_layer_9,Conv2d,MM,64,128,256,0.1203,0.4493,0.3956,"(1, 128)","(1, 256)",variable_random
31,random_layer_10,Conv2d,MM,32,32,512,0.3356,0.4736,0.3455,"(1, 32)","(1, 512)",variable_random
31,random_layer_11,Conv2d,MM,2048,512,32,0.6115,0.0509,0.5286,"(1, 512)","(1, 32)",variable_random
31,random_layer_12,Conv2d,MM,256,128,256,0.2734,0.018,0.1083,"(1, 128)","(1, 256)",variable_random
31,random_layer_13,Conv2d,MM,1024,128,256,0.0,0.0267,0.3269,"(1, 128)","(1, 256)",variable_random
31,random_layer_14,Linear,MM,32,256,512,0.1487,0.0749,0.371,"(1, 256)","(1, 512)",variable_random
31,random_layer_15,Conv2d,MM,1024,64,128,0.0173,0.3297,0.3854,"(1, 64)","(1, 128)",variable_random
31,random_layer_16,Conv2d,MM,512,1024,128,0.6471,0.3428,0.5749,"(1, 1024)","(1, 128)",variable_random
31,random_layer_17,Linear,MM,512,1024,512,0.4499,0.0588,0.0083,"(1, 1024)","(1, 512)",variable_random
31,random_layer_18,Linear,MM,32,512,64,0.3324,0.143,0.0825,"(1, 512)","(1, 64)",variable_random
31,random_layer_19,Conv2d,MM,64,256,512,0.14,0.1189,0.7938,"(1, 256)","(1, 512)",variable_random
32,random_layer_0,Linear,MM,32,128,64,0.1057,0.337,0.2314,"(1, 128)","(1, 64)",variable_random
32,random_layer_1,Linear,MM,2048,32,128,0.5168,0.5896,0.8894,"(1, 32)","(1, 128)",variable_random
32,random_layer_2,Linear,MM,128,256,512,0.5798,0.3898,0.8343,"(1, 256)","(1, 512)",variable_random
32,random_layer_3,Linear,MM,512,128,512,0.3585,0.6625,0.1535,"(1, 128)","(1, 512)",variable_random
32,random_layer_4,Linear,MM,32,64,64,0.7586,0.0831,0.5333,"(1, 64)","(1, 64)",variable_random
32,random_layer_5,Conv2d,MM,512,32,32,0.0804,0.564,0.6553,"(1, 32)","(1, 32)",variable_random
32,random_layer_6,Linear,MM,2048,32,64,0.4162,0.0264,0.2461,"(1, 32)","(1, 64)",variable_random
32,random_layer_7,Linear,MM,1024,256,256,0.0,0.4611,0.3387,"(1, 256)","(1, 256)",variable_random
32,random_layer_8,Conv2d,MM,512,256,128,0.34,0.5863,0.5453,"(1, 256)","(1, 128)",variable_random
32,random_layer_9,Linear,MM,256,128,32,0.6853,0.5936,0.6049,"(1, 128)","(1, 32)",variable_random
32,random_layer_10,Linear,MM,256,1024,64,0.4844,0.0289,0.1007,"(1, 1024)","(1, 64)",variable_random
32,random_layer_11,Linear,MM,128,1024,512,0.0635,0.015,0.7421,"(1, 1024)","(1, 512)",variable_random
32,random_layer_12,Conv2d,MM,2048,1024,256,0.0132,0.3993,0.6447,"(1, 1024)","(1, 256)",variable_random
32,random_layer_13,Conv2d,MM,128,512,256,0.2765,0.487,0.8147,"(1, 512)","(1, 256)",variable_random
32,random_layer_14,Linear,MM,128,256,32,0.6939,0.3422,0.2296,"(1, 256)","(1, 32)",variable_random
32,random_layer_15,Linear,MM,128,1024,512,0.2825,0.1174,0.9402,"(1, 1024)","(1, 512)",variable_random
32,random_layer_16,Linear,MM,128,1024,32,0.1484,0.0962,0.5142,"(1, 1024)","(1, 32)",variable_random
32,random_layer_17,Linear,MM,128,256,256,0.1526,0.4724,0.0612,"(1, 256)","(1, 256)",variable_random
32,random_layer_18,Conv2d,MM,2048,512,256,0.5614,0.4089,0.0473,"(1, 512)","(1, 256)",variable_random
32,random_layer_19,Linear,MM,256,1024,256,0.4165,0.514,0.7751,"(1, 1024)","(1, 256)",variable_random
33,random_layer_0,Linear,MM,32,32,128,0.0,0.3016,0.4601,"(1, 32)","(1, 128)",variable_random
33,random_layer_1,Conv2d,MM,512,32,128,0.4354,0.5168,0.767,"(1, 32)","(1, 128)",variable_random
33,random_layer_2,Linear,MM,64,64,512,0.5138,0.552,0.5866,"(1, 64)","(1, 512)",variable_random
33,random_layer_3,Linear,MM,512,64,512,0.864,0.5713,0.3986,"(1, 64)","(1, 512)",variable_random
33,random_layer_4,Linear,MM,1024,128,512,0.7107,0.4674,0.8125,"(1, 128)","(1, 512)",variable_random
33,random_layer_5,Conv2d,MM,64,512,512,0.3239,0.4411,0.4264,"(1, 512)","(1, 512)",variable_random
33,random_layer_6,Conv2d,MM,64,512,64,0.3936,0.0707,0.1757,"(1, 512)","(1, 64)",variable_random
33,random_layer_7,Conv2d,MM,64,32,64,0.0,0.0619,0.5523,"(1, 32)","(1, 64)",variable_random
33,random_layer_8,Linear,MM,128,64,256,0.0,0.3267,0.7901,"(1, 64)","(1, 256)",variable_random
33,random_layer_9,Linear,MM,32,128,256,0.3483,0.5235,0.6932,"(1, 128)","(1, 256)",variable_random
33,random_layer_10,Linear,MM,32,64,128,0.7648,0.4886,0.1311,"(1, 64)","(1, 128)",variable_random
33,random_layer_11,Conv2d,MM,32,256,32,0.2477,0.1176,0.3247,"(1, 256)","(1, 32)",variable_random
33,random_layer_12,Conv2d,MM,32,64,512,0.2735,0.4044,0.0605,"(1, 64)","(1, 512)",variable_random
33,random_layer_13,Conv2d,MM,2048,128,64,0.5134,0.3464,0.4092,"(1, 128)","(1, 64)",variable_random
33,random_layer_14,Conv2d,MM,32,128,32,0.3855,0.6182,0.2591,"(1, 128)","(1, 32)",variable_random
33,random_layer_15,Conv2d,MM,128,64,256,0.9559,0.124,0.3828,"(1, 64)","(1, 256)",variable_random
33,random_layer_16,Conv2d,MM,1024,1024,64,0.0559,0.3339,0.909,"(1, 1024)","(1, 64)",variable_random
33,random_layer_17,Linear,MM,128,32,512,0.5367,0.6181,0.545,"(1, 32)","(1, 512)",variable_random
33,random_layer_18,Linear,MM,1024,1024,128,0.5677,0.3918,0.2454,"(1, 1024)","(1, 128)",variable_random
33,random_layer_19,Conv2d,MM,1024,64,128,0.4866,0.4612,0.3938,"(1, 64)","(1, 128)",variable_random
34,random_layer_0,Conv2d,MM,1024,512,256,0.0371,0.0306,0.3621,"(1, 512)","(1, 256)",variable_random
34,random_layer_1,Conv2d,MM,2048,64,64,0.0,0.6901,0.2829,"(1, 64)","(1, 64)",variable_random
34,random_layer_2,Linear,MM,1024,1024,64,0.4642,0.3071,0.268,"(1, 1024)","(1, 64)",variable_random
34,random_layer_3,Conv2d,MM,128,1024,256,0.3911,0.0352,0.0192,"(1, 1024)","(1, 256)",variable_random
34,random_layer_4,Conv2d,MM,128,256,32,0.1531,0.0913,0.6584,"(1, 256)","(1, 32)",variable_random
34,random_layer_5,Linear,MM,2048,512,32,0.0084,0.0833,0.7297,"(1, 512)","(1, 32)",variable_random
34,random_layer_6,Conv2d,MM,32,128,32,0.1422,0.1166,0.4822,"(1, 128)","(1, 32)",variable_random
34,random_layer_7,Linear,MM,128,128,512,0.3502,0.3827,0.3424,"(1, 128)","(1, 512)",variable_random
34,random_layer_8,Conv2d,MM,1024,64,512,0.2541,0.6927,0.4049,"(1, 64)","(1, 512)",variable_random
34,random_layer_9,Linear,MM,512,512,64,0.6444,0.0074,0.3374,"(1, 512)","(1, 64)",variable_random
34,random_layer_10,Conv2d,MM,1024,32,512,0.0654,0.3834,0.6847,"(1, 32)","(1, 512)",variable_random
34,random_layer_11,Linear,MM,128,64,64,0.4601,0.0537,0.4525,"(1, 64)","(1, 64)",variable_random
34,random_layer_12,Linear,MM,2048,512,256,0.2483,0.3896,0.715,"(1, 512)","(1, 256)",variable_random
34,random_layer_13,Conv2d,MM,128,32,64,0.4499,0.5507,0.2399,"(1, 32)","(1, 64)",variable_random
34,random_layer_14,Linear,MM,64,1024,256,0.3063,0.5854,0.5834,"(1, 1024)","(1, 256)",variable_random
34,random_layer_15,Linear,MM,256,512,256,0.4473,0.6682,0.7423,"(1, 512)","(1, 256)",variable_random
34,random_layer_16,Linear,MM,512,64,512,0.3663,0.017,0.4393,"(1, 64)","(1, 512)",variable_random
34,random_layer_17,Linear,MM,64,32,128,0.1143,0.0371,0.378,"(1, 32)","(1, 128)",variable_random
34,random_layer_18,Linear,MM,2048,256,128,0.0488,0.1448,0.5089,"(1, 256)","(1, 128)",variable_random
34,random_layer_19,Conv2d,MM,256,128,512,0.3243,0.4656,0.7068,"(1, 128)","(1, 512)",variable_random
35,random_layer_0,Linear,MM,128,128,32,0.0,0.1245,0.2831,"(1, 128)","(1, 32)",variable_random
35,random_layer_1,Linear,MM,256,1024,32,0.3018,0.0397,0.3399,"(1, 1024)","(1, 32)",variable_random
35,random_layer_2,Conv2d,MM,2048,512,32,0.0046,0.3925,0.0278,"(1, 512)","(1, 32)",variable_random
35,random_layer_3,Conv2d,MM,128,64,128,0.4306,0.0014,0.6769,"(1, 64)","(1, 128)",variable_random
35,random_layer_4,Conv2d,MM,32,32,32,0.0072,0.0403,0.8322,"(1, 32)","(1, 32)",variable_random
35,random_layer_5,Linear,MM,128,32,256,0.1695,0.0551,0.6467,"(1, 32)","(1, 256)",variable_random
35,random_layer_6,Linear,MM,2048,256,512,0.0896,0.1,0.0553,"(1, 256)","(1, 512)",variable_random
35,random_layer_7,Conv2d,MM,512,64,128,0.203,0.4837,0.7494,"(1, 64)","(1, 128)",variable_random
35,random_layer_8,Linear,MM,64,128,128,0.3602,0.3178,0.9044,"(1, 128)","(1, 128)",variable_random
35,random_layer_9,Linear,MM,256,512,32,0.4271,0.0296,0.9068,"(1, 512)","(1, 32)",variable_random
35,random_layer_10,Conv2d,MM,1024,256,64,0.077,0.0234,0.7369,"(1, 256)","(1, 64)",variable_random
35,random_layer_11,Conv2d,MM,128,128,256,0.0,0.4432,0.5019,"(1, 128)","(1, 256)",variable_random
35,random_layer_12,Conv2d,MM,64,64,128,0.4966,0.0052,0.0843,"(1, 64)","(1, 128)",variable_random
35,random_layer_13,Conv2d,MM,128,64,512,0.0,0.0446,0.7303,"(1, 64)","(1, 512)",variable_random
35,random_layer_14,Conv2d,MM,32,256,128,0.0014,0.4491,0.2438,"(1, 256)","(1, 128)",variable_random
35,random_layer_15,Conv2d,MM,512,1024,32,0.3969,0.1017,0.0342,"(1, 1024)","(1, 32)",variable_random
35,random_layer_16,Linear,MM,256,256,128,0.0,0.3303,0.9493,"(1, 256)","(1, 128)",variable_random
35,random_layer_17,Conv2d,MM,32,256,256,0.2836,0.1056,0.4368,"(1, 256)","(1, 256)",variable_random
35,random_layer_18,Linear,MM,512,256,256,0.1154,0.5923,0.8504,"(1, 256)","(1, 256)",variable_random
35,random_layer_19,Linear,MM,64,128,256,0.478,0.6733,0.1765,"(1, 128)","(1, 256)",variable_random
36,random_layer_0,Linear,MM,32,64,64,0.0,0.0636,0.5786,"(1, 64)","(1, 64)",variable_random
36,random_layer_1,Linear,MM,2048,32,64,0.2692,0.1433,0.8847,"(1, 32)","(1, 64)",variable_random
36,random_layer_2,Linear,MM,1024,256,32,0.0793,0.1194,0.0124,"(1, 256)","(1, 32)",variable_random
36,random_layer_3,Linear,MM,64,64,32,0.2259,0.0652,0.7771,"(1, 64)","(1, 32)",variable_random
36,random_layer_4,Conv2d,MM,128,1024,256,0.2082,0.0296,0.6064,"(1, 1024)","(1, 256)",variable_random
36,random_layer_5,Conv2d,MM,1024,32,256,0.0311,0.677,0.6804,"(1, 32)","(1, 256)",variable_random
36,random_layer_6,Conv2d,MM,2048,64,256,0.9051,0.1201,0.157,"(1, 64)","(1, 256)",variable_random
36,random_layer_7,Conv2d,MM,512,64,512,0.1536,0.4606,0.8077,"(1, 64)","(1, 512)",variable_random
36,random_layer_8,Linear,MM,1024,128,32,0.3926,0.5934,0.3739,"(1, 128)","(1, 32)",variable_random
36,random_layer_9,Linear,MM,256,1024,256,0.4878,0.4739,0.6903,"(1, 1024)","(1, 256)",variable_random
36,random_layer_10,Conv2d,MM,32,512,512,0.3114,0.4525,0.1373,"(1, 512)","(1, 512)",variable_random
36,random_layer_11,Conv2d,MM,256,32,64,0.6267,0.4549,0.9292,"(1, 32)","(1, 64)",variable_random
36,random_layer_12,Linear,MM,256,64,128,0.5038,0.6958,0.4574,"(1, 64)","(1, 128)",variable_random
36,random_layer_13,Linear,MM,2048,1024,128,0.6712,0.3544,0.0705,"(1, 1024)","(1, 128)",variable_random
36,random_layer_14,Linear,MM,2048,1024,64,0.2764,0.0428,0.7563,"(1, 1024)","(1, 64)",variable_random
36,random_layer_15,Linear,MM,64,32,512,0.0094,0.0883,0.7504,"(1, 32)","(1, 512)",variable_random
36,random_layer_16,Linear,MM,32,512,64,0.1696,0.5724,0.1121,"(1, 512)","(1, 64)",variable_random
36,random_layer_17,Linear,MM,64,1024,128,0.6203,0.5999,0.8667,"(1, 1024)","(1, 128)",variable_random
36,random_layer_18,Conv2d,MM,128,128,512,0.5372,0.5014,0.2668,"(1, 128)","(1, 512)",variable_random
36,random_layer_19,Linear,MM,512,64,64,0.3658,0.0087,0.8844,"(1, 64)","(1, 64)",variable_random
37,random_layer_0,Linear,MM,1024,32,32,0.0,0.1003,0.2764,"(1, 32)","(1, 32)",variable_random
37,random_layer_1,Linear,MM,512,1024,64,0.0,0.6339,0.1218,"(1, 1024)","(1, 64)",variable_random
37,random_layer_2,Linear,MM,256,256,128,0.8071,0.0603,0.2941,"(1, 256)","(1, 128)",variable_random
37,random_layer_3,Linear,MM,64,32,128,0.0,0.4358,0.8262,"(1, 32)","(1, 128)",variable_random
37,random_layer_4,Linear,MM,128,64,256,0.2821,0.0215,0.1304,"(1, 64)","(1, 256)",variable_random
37,random_layer_5,Linear,MM,1024,512,64,0.0,0.3253,0.8116,"(1, 512)","(1, 64)",variable_random
37,random_layer_6,Conv2d,MM,2048,128,256,0.2196,0.3568,0.3322,"(1, 128)","(1, 256)",variable_random
37,random_layer_7,Conv2d,MM,1024,512,128,0.2964,0.047,0.2703,"(1, 512)","(1, 128)",variable_random
37,random_layer_8,Linear,MM,64,128,256,0.1727,0.5521,0.5131,"(1, 128)","(1, 256)",variable_random
37,random_layer_9,Linear,MM,2048,1024,32,0.5429,0.5345,0.488,"(1, 1024)","(1, 32)",variable_random
37,random_layer_10,Linear,MM,256,128,256,0.4834,0.4378,0.5208,"(1, 128)","(1, 256)",variable_random
37,random_layer_11,Linear,MM,128,32,128,0.3966,0.5371,0.4034,"(1, 32)","(1, 128)",variable_random
37,random_layer_12,Linear,MM,1024,32,128,0.5071,0.0781,0.9073,"(1, 32)","(1, 128)",variable_random
37,random_layer_13,Conv2d,MM,1024,64,64,0.2001,0.6038,0.1267,"(1, 64)","(1, 64)",variable_random
37,random_layer_14,Conv2d,MM,256,256,512,0.5944,0.5321,0.8745,"(1, 256)","(1, 512)",variable_random
37,random_layer_15,Linear,MM,64,256,256,0.697,0.0897,0.3444,"(1, 256)","(1, 256)",variable_random
37,random_layer_16,Conv2d,MM,32,1024,256,0.0,0.0336,0.9026,"(1, 1024)","(1, 256)",variable_random
37,random_layer_17,Linear,MM,128,128,256,0.0407,0.0685,0.2511,"(1, 128)","(1, 256)",variable_random
37,random_layer_18,Linear,MM,128,128,128,0.0,0.3287,0.1259,"(1, 128)","(1, 128)",variable_random
37,random_layer_19,Conv2d,MM,32,64,64,0.3477,0.0166,0.2848,"(1, 64)","(1, 64)",variable_random
38,random_layer_0,Conv2d,MM,1024,128,64,0.1324,0.0931,0.7337,"(1, 128)","(1, 64)",variable_random
38,random_layer_1,Linear,MM,2048,512,256,0.1272,0.5515,0.4933,"(1, 512)","(1, 256)",variable_random
38,random_layer_2,Linear,MM,32,128,64,0.5344,0.0673,0.8967,"(1, 128)","(1, 64)",variable_random
38,random_layer_3,Linear,MM,128,256,256,0.1578,0.1114,0.9241,"(1, 256)","(1, 256)",variable_random
38,random_layer_4,Linear,MM,512,512,512,0.1719,0.017,0.2554,"(1, 512)","(1, 512)",variable_random
38,random_layer_5,Conv2d,MM,32,256,128,0.0,0.1001,0.7522,"(1, 256)","(1, 128)",variable_random
38,random_layer_6,Conv2d,MM,256,512,256,0.0,0.0508,0.4634,"(1, 512)","(1, 256)",variable_random
38,random_layer_7,Linear,MM,256,1024,512,0.0,0.1034,0.2416,"(1, 1024)","(1, 512)",variable_random
38,random_layer_8,Linear,MM,512,1024,512,0.1296,0.0482,0.643,"(1, 1024)","(1, 512)",variable_random
38,random_layer_9,Linear,MM,512,32,128,0.0142,0.1447,0.7323,"(1, 32)","(1, 128)",variable_random
38,random_layer_10,Linear,MM,512,64,32,0.3004,0.0857,0.0241,"(1, 64)","(1, 32)",variable_random
38,random_layer_11,Conv2d,MM,512,1024,256,0.0,0.5262,0.5546,"(1, 1024)","(1, 256)",variable_random
38,random_layer_12,Conv2d,MM,512,1024,512,0.4561,0.4114,0.5258,"(1, 1024)","(1, 512)",variable_random
38,random_layer_13,Conv2d,MM,1024,64,256,0.3243,0.0507,0.9056,"(1, 64)","(1, 256)",variable_random
38,random_layer_14,Linear,MM,512,32,128,0.0,0.3117,0.7144,"(1, 32)","(1, 128)",variable_random
38,random_layer_15,Conv2d,MM,512,512,128,0.0924,0.6813,0.4001,"(1, 512)","(1, 128)",variable_random
38,random_layer_16,Linear,MM,32,512,32,0.5426,0.0952,0.3899,"(1, 512)","(1, 32)",variable_random
38,random_layer_17,Conv2d,MM,512,64,128,0.2441,0.1427,0.6601,"(1, 64)","(1, 128)",variable_random
38,random_layer_18,Conv2d,MM,256,256,32,0.0187,0.6199,0.5265,"(1, 256)","(1, 32)",variable_random
38,random_layer_19,Conv2d,MM,1024,1024,128,0.5206,0.0723,0.6359,"(1, 1024)","(1, 128)",variable_random
39,random_layer_0,Linear,MM,2048,256,128,0.1768,0.6968,0.933,"(1, 256)","(1, 128)",variable_random
39,random_layer_1,Linear,MM,32,128,64,0.405,0.3628,0.1071,"(1, 128)","(1, 64)",variable_random
39,random_layer_2,Conv2d,MM,512,512,32,0.2659,0.1451,0.276,"(1, 512)","(1, 32)",variable_random
39,random_layer_3,Linear,MM,256,64,128,0.2367,0.4797,0.89,"(1, 64)","(1, 128)",variable_random
39,random_layer_4,Conv2d,MM,2048,64,128,0.5749,0.0194,0.0436,"(1, 64)","(1, 128)",variable_random
39,random_layer_5,Linear,MM,1024,128,32,0.0203,0.0703,0.8674,"(1, 128)","(1, 32)",variable_random
39,random_layer_6,Linear,MM,256,32,512,0.0123,0.0433,0.4009,"(1, 32)","(1, 512)",variable_random
39,random_layer_7,Conv2d,MM,128,1024,256,0.0601,0.4909,0.3951,"(1, 1024)","(1, 256)",variable_random
39,random_layer_8,Conv2d,MM,512,128,512,0.4433,0.0242,0.0177,"(1, 128)","(1, 512)",variable_random
39,random_layer_9,Linear,MM,32,256,256,0.1129,0.5226,0.906,"(1, 256)","(1, 256)",variable_random
39,random_layer_10,Linear,MM,1024,64,128,0.3952,0.5453,0.3553,"(1, 64)","(1, 128)",variable_random
39,random_layer_11,Conv2d,MM,1024,128,32,0.4731,0.1311,0.8559,"(1, 128)","(1, 32)",variable_random
39,random_layer_12,Linear,MM,2048,128,32,0.0939,0.1158,0.0667,"(1, 128)","(1, 32)",variable_random
39,random_layer_13,Linear,MM,32,1024,256,0.0993,0.5332,0.0574,"(1, 1024)","(1, 256)",variable_random
39,random_layer_14,Conv2d,MM,2048,1024,128,0.4467,0.1399,0.3392,"(1, 1024)","(1, 128)",variable_random
39,random_layer_15,Conv2d,MM,64,128,64,0.1907,0.3649,0.4962,"(1, 128)","(1, 64)",variable_random
39,random_layer_16,Linear,MM,64,512,32,0.3509,0.3457,0.8547,"(1, 512)","(1, 32)",variable_random
39,random_layer_17,Conv2d,MM,32,64,512,0.4226,0.0324,0.4217,"(1, 64)","(1, 512)",variable_random
39,random_layer_18,Conv2d,MM,512,1024,64,0.3907,0.1287,0.4669,"(1, 1024)","(1, 64)",variable_random
39,random_layer_19,Linear,MM,128,256,32,0.0,0.0692,0.2875,"(1, 256)","(1, 32)",variable_random
40,random_layer_0,Linear,MM,64,128,64,0.0157,0.6866,0.7385,"(1, 128)","(1, 64)",variable_random
40,random_layer_1,Linear,MM,32,64,512,0.5679,0.0327,0.7824,"(1, 64)","(1, 512)",variable_random
40,random_layer_2,Linear,MM,512,512,128,0.0848,0.0359,0.2963,"(1, 512)","(1, 128)",variable_random
40,random_layer_3,Linear,MM,128,64,64,0.2181,0.1448,0.8005,"(1, 64)","(1, 64)",variable_random
40,random_layer_4,Conv2d,MM,2048,128,64,0.1938,0.3547,0.7033,"(1, 128)","(1, 64)",variable_random
40,random_layer_5,Linear,MM,64,1024,512,0.2145,0.0031,0.1438,"(1, 1024)","(1, 512)",variable_random
40,random_layer_6,Linear,MM,64,512,512,0.0,0.1446,0.641,"(1, 512)","(1, 512)",variable_random
40,random_layer_7,Linear,MM,2048,1024,512,0.4821,0.0051,0.1975,"(1, 1024)","(1, 512)",variable_random
40,random_layer_8,Conv2d,MM,256,256,256,0.2287,0.6935,0.1349,"(1, 256)","(1, 256)",variable_random
40,random_layer_9,Linear,MM,256,64,64,0.5451,0.5649,0.149,"(1, 64)","(1, 64)",variable_random
40,random_layer_10,Linear,MM,2048,64,512,0.7662,0.5945,0.7634,"(1, 64)","(1, 512)",variable_random
40,random_layer_11,Conv2d,MM,1024,512,64,0.9056,0.0597,0.8853,"(1, 512)","(1, 64)",variable_random
40,random_layer_12,Conv2d,MM,512,64,128,0.0,0.4323,0.2713,"(1, 64)","(1, 128)",variable_random
40,random_layer_13,Conv2d,MM,32,256,512,0.1735,0.0533,0.1585,"(1, 256)","(1, 512)",variable_random
40,random_layer_14,Conv2d,MM,1024,128,512,0.0,0.1119,0.2426,"(1, 128)","(1, 512)",variable_random
40,random_layer_15,Conv2d,MM,256,512,512,0.3801,0.653,0.1829,"(1, 512)","(1, 512)",variable_random
40,random_layer_16,Conv2d,MM,64,64,512,0.8106,0.371,0.225,"(1, 64)","(1, 512)",variable_random
40,random_layer_17,Conv2d,MM,512,512,64,0.5048,0.0481,0.0704,"(1, 512)","(1, 64)",variable_random
40,random_layer_18,Linear,MM,64,32,32,0.2195,0.4815,0.7388,"(1, 32)","(1, 32)",variable_random
40,random_layer_19,Conv2d,MM,128,32,512,0.5194,0.4257,0.4039,"(1, 32)","(1, 512)",variable_random
41,random_layer_0,Linear,MM,2048,256,128,0.0,0.4886,0.3409,"(1, 256)","(1, 128)",variable_random
41,random_layer_1,Conv2d,MM,512,256,32,0.6023,0.4531,0.4522,"(1, 256)","(1, 32)",variable_random
41,random_layer_2,Linear,MM,2048,256,32,0.4317,0.6546,0.0587,"(1, 256)","(1, 32)",variable_random
41,random_layer_3,Conv2d,MM,512,64,32,0.9723,0.006,0.7798,"(1, 64)","(1, 32)",variable_random
41,random_layer_4,Linear,MM,128,256,128,0.2185,0.548,0.3568,"(1, 256)","(1, 128)",variable_random
41,random_layer_5,Linear,MM,256,256,512,0.617,0.3214,0.9038,"(1, 256)","(1, 512)",variable_random
41,random_layer_6,Linear,MM,2048,256,32,0.3478,0.38,0.6746,"(1, 256)","(1, 32)",variable_random
41,random_layer_7,Conv2d,MM,1024,32,512,0.1302,0.0154,0.2007,"(1, 32)","(1, 512)",variable_random
41,random_layer_8,Conv2d,MM,64,512,256,0.0,0.6571,0.2596,"(1, 512)","(1, 256)",variable_random
41,random_layer_9,Conv2d,MM,1024,128,512,0.6954,0.3603,0.5037,"(1, 128)","(1, 512)",variable_random
41,random_layer_10,Conv2d,MM,2048,512,32,0.3397,0.0701,0.1521,"(1, 512)","(1, 32)",variable_random
41,random_layer_11,Linear,MM,64,256,128,0.0275,0.4819,0.7029,"(1, 256)","(1, 128)",variable_random
41,random_layer_12,Conv2d,MM,512,256,32,0.5747,0.1312,0.2685,"(1, 256)","(1, 32)",variable_random
41,random_layer_13,Linear,MM,128,128,64,0.2717,0.0663,0.822,"(1, 128)","(1, 64)",variable_random
41,random_layer_14,Linear,MM,32,256,128,0.1216,0.0878,0.2315,"(1, 256)","(1, 128)",variable_random
41,random_layer_15,Conv2d,MM,512,512,128,0.0323,0.0988,0.6859,"(1, 512)","(1, 128)",variable_random
41,random_layer_16,Linear,MM,32,64,64,0.1881,0.3917,0.1645,"(1, 64)","(1, 64)",variable_random
41,random_layer_17,Linear,MM,2048,512,64,0.5154,0.0841,0.3325,"(1, 512)","(1, 64)",variable_random
41,random_layer_18,Conv2d,MM,64,256,32,0.1051,0.0504,0.6405,"(1, 256)","(1, 32)",variable_random
41,random_layer_19,Conv2d,MM,512,512,512,0.0,0.0852,0.3727,"(1, 512)","(1, 512)",variable_random
42,random_layer_0,Conv2d,MM,32,512,256,0.0242,0.6739,0.6196,"(1, 512)","(1, 256)",variable_random
42,random_layer_1,Conv2d,MM,1024,256,256,0.5177,0.0863,0.6314,"(1, 256)","(1, 256)",variable_random
42,random_layer_2,Conv2d,MM,32,512,256,0.0137,0.5763,0.7782,"(1, 512)","(1, 256)",variable_random
42,random_layer_3,Conv2d,MM,2048,256,64,0.8389,0.3014,0.8265,"(1, 256)","(1, 64)",variable_random
42,random_layer_4,Linear,MM,1024,1024,256,0.3522,0.6568,0.0246,"(1, 1024)","(1, 256)",variable_random
42,random_layer_5,Conv2d,MM,512,32,32,0.7948,0.1178,0.4735,"(1, 32)","(1, 32)",variable_random
42,random_layer_6,Linear,MM,256,1024,512,0.2163,0.5296,0.7503,"(1, 1024)","(1, 512)",variable_random
42,random_layer_7,Linear,MM,128,128,64,0.5281,0.6437,0.7029,"(1, 128)","(1, 64)",variable_random
42,random_layer_8,Linear,MM,2048,256,128,0.5266,0.4127,0.118,"(1, 256)","(1, 128)",variable_random
42,random_layer_9,Conv2d,MM,512,128,32,0.5629,0.093,0.1914,"(1, 128)","(1, 32)",variable_random
42,random_layer_10,Linear,MM,64,1024,128,0.2092,0.5075,0.4122,"(1, 1024)","(1, 128)",variable_random
42,random_layer_11,Linear,MM,2048,64,256,0.1048,0.6081,0.9232,"(1, 64)","(1, 256)",variable_random
42,random_layer_12,Conv2d,MM,256,1024,64,0.8022,0.4927,0.0465,"(1, 1024)","(1, 64)",variable_random
42,random_layer_13,Conv2d,MM,512,32,64,0.6107,0.0961,0.6783,"(1, 32)","(1, 64)",variable_random
42,random_layer_14,Linear,MM,2048,64,64,0.0454,0.5018,0.6808,"(1, 64)","(1, 64)",variable_random
42,random_layer_15,Linear,MM,64,1024,64,0.3585,0.0875,0.2876,"(1, 1024)","(1, 64)",variable_random
42,random_layer_16,Linear,MM,64,32,128,0.2696,0.6693,0.4188,"(1, 32)","(1, 128)",variable_random
42,random_layer_17,Conv2d,MM,32,32,512,0.6255,0.0407,0.6177,"(1, 32)","(1, 512)",variable_random
42,random_layer_18,Conv2d,MM,512,512,32,0.0313,0.0745,0.063,"(1, 512)","(1, 32)",variable_random
42,random_layer_19,Conv2d,MM,256,1024,64,0.1983,0.1201,0.6754,"(1, 1024)","(1, 64)",variable_random
43,random_layer_0,Conv2d,MM,512,128,64,0.1982,0.1172,0.6913,"(1, 128)","(1, 64)",variable_random
43,random_layer_1,Linear,MM,512,256,32,0.0615,0.3507,0.6505,"(1, 256)","(1, 32)",variable_random
43,random_layer_2,Conv2d,MM,64,512,32,0.2854,0.0951,0.5831,"(1, 512)","(1, 32)",variable_random
43,random_layer_3,Conv2d,MM,128,64,512,0.1343,0.3098,0.271,"(1, 64)","(1, 512)",variable_random
43,random_layer_4,Linear,MM,1024,512,256,0.6178,0.6741,0.4305,"(1, 512)","(1, 256)",variable_random
43,random_layer_5,Conv2d,MM,256,1024,128,0.3691,0.5496,0.9067,"(1, 1024)","(1, 128)",variable_random
43,random_layer_6,Linear,MM,64,256,512,0.3329,0.5036,0.1504,"(1, 256)","(1, 512)",variable_random
43,random_layer_7,Linear,MM,1024,32,512,0.5143,0.048,0.4802,"(1, 32)","(1, 512)",variable_random
43,random_layer_8,Linear,MM,128,128,64,0.1731,0.5358,0.286,"(1, 128)","(1, 64)",variable_random
43,random_layer_9,Linear,MM,512,256,32,0.8869,0.5596,0.0898,"(1, 256)","(1, 32)",variable_random
43,random_layer_10,Linear,MM,512,1024,128,0.5879,0.5251,0.0376,"(1, 1024)","(1, 128)",variable_random
43,random_layer_11,Linear,MM,1024,128,128,0.954,0.0712,0.6321,"(1, 128)","(1, 128)",variable_random
43,random_layer_12,Conv2d,MM,64,32,512,0.0725,0.0719,0.5746,"(1, 32)","(1, 512)",variable_random
43,random_layer_13,Linear,MM,1024,32,256,0.056,0.0022,0.6508,"(1, 32)","(1, 256)",variable_random
43,random_layer_14,Conv2d,MM,64,64,512,0.0485,0.061,0.6731,"(1, 64)","(1, 512)",variable_random
43,random_layer_15,Conv2d,MM,512,1024,64,0.0,0.4269,0.7808,"(1, 1024)","(1, 64)",variable_random
43,random_layer_16,Conv2d,MM,1024,1024,64,0.7803,0.0893,0.7197,"(1, 1024)","(1, 64)",variable_random
43,random_layer_17,Conv2d,MM,64,512,512,0.13,0.3241,0.2796,"(1, 512)","(1, 512)",variable_random
43,random_layer_18,Linear,MM,128,32,32,0.2119,0.1245,0.6193,"(1, 32)","(1, 32)",variable_random
43,random_layer_19,Linear,MM,1024,32,64,0.15,0.0025,0.2062,"(1, 32)","(1, 64)",variable_random
44,random_layer_0,Conv2d,MM,512,64,512,0.0,0.0032,0.849,"(1, 64)","(1, 512)",variable_random
44,random_layer_1,Conv2d,MM,512,32,64,0.0209,0.1333,0.1044,"(1, 32)","(1, 64)",variable_random
44,random_layer_2,Linear,MM,256,256,32,0.2399,0.3353,0.2613,"(1, 256)","(1, 32)",variable_random
44,random_layer_3,Conv2d,MM,1024,32,512,0.2956,0.1178,0.477,"(1, 32)","(1, 512)",variable_random
44,random_layer_4,Conv2d,MM,64,64,512,0.3148,0.0057,0.0212,"(1, 64)","(1, 512)",variable_random
44,random_layer_5,Conv2d,MM,64,64,512,0.0,0.0549,0.6336,"(1, 64)","(1, 512)",variable_random
44,random_layer_6,Linear,MM,32,256,256,0.0,0.0075,0.7851,"(1, 256)","(1, 256)",variable_random
44,random_layer_7,Linear,MM,32,64,64,0.1239,0.4092,0.8804,"(1, 64)","(1, 64)",variable_random
44,random_layer_8,Linear,MM,256,128,256,0.2646,0.1133,0.0453,"(1, 128)","(1, 256)",variable_random
44,random_layer_9,Linear,MM,32,256,64,0.1139,0.0757,0.7809,"(1, 256)","(1, 64)",variable_random
44,random_layer_10,Linear,MM,1024,1024,256,0.2901,0.4968,0.8833,"(1, 1024)","(1, 256)",variable_random
44,random_layer_11,Conv2d,MM,2048,512,128,0.5659,0.092,0.1692,"(1, 512)","(1, 128)",variable_random
44,random_layer_12,Linear,MM,512,512,32,0.2627,0.0929,0.7154,"(1, 512)","(1, 32)",variable_random
44,random_layer_13,Conv2d,MM,1024,1024,128,0.0,0.4471,0.6656,"(1, 1024)","(1, 128)",variable_random
44,random_layer_14,Linear,MM,256,32,512,0.4329,0.1133,0.0882,"(1, 32)","(1, 512)",variable_random
44,random_layer_15,Conv2d,MM,128,64,128,0.0148,0.0387,0.0515,"(1, 64)","(1, 128)",variable_random
44,random_layer_16,Linear,MM,128,64,32,0.0941,0.1002,0.3365,"(1, 64)","(1, 32)",variable_random
44,random_layer_17,Conv2d,MM,128,1024,64,0.0318,0.1379,0.2076,"(1, 1024)","(1, 64)",variable_random
44,random_layer_18,Linear,MM,32,512,128,0.2889,0.4098,0.7945,"(1, 512)","(1, 128)",variable_random
44,random_layer_19,Linear,MM,256,64,256,0.653,0.4519,0.0542,"(1, 64)","(1, 256)",variable_random
45,random_layer_0,Conv2d,MM,128,32,32,0.003,0.0641,0.3608,"(1, 32)","(1, 32)",variable_random
45,random_layer_1,Linear,MM,2048,256,64,0.2685,0.3988,0.5598,"(1, 256)","(1, 64)",variable_random
45,random_layer_2,Linear,MM,2048,256,512,0.4017,0.4244,0.8839,"(1, 256)","(1, 512)",variable_random
45,random_layer_3,Linear,MM,512,64,128,0.4873,0.0135,0.6189,"(1, 64)","(1, 128)",variable_random
45,random_layer_4,Conv2d,MM,1024,256,512,0.0,0.4156,0.8175,"(1, 256)","(1, 512)",variable_random
45,random_layer_5,Linear,MM,1024,1024,512,0.5709,0.672,0.7366,"(1, 1024)","(1, 512)",variable_random
45,random_layer_6,Conv2d,MM,1024,256,512,0.9545,0.3698,0.9279,"(1, 256)","(1, 512)",variable_random
45,random_layer_7,Conv2d,MM,1024,1024,64,0.2833,0.0386,0.1094,"(1, 1024)","(1, 64)",variable_random
45,random_layer_8,Conv2d,MM,128,64,256,0.0858,0.3593,0.2478,"(1, 64)","(1, 256)",variable_random
45,random_layer_9,Linear,MM,1024,256,128,0.2632,0.6184,0.1171,"(1, 256)","(1, 128)",variable_random
45,random_layer_10,Conv2d,MM,1024,32,32,0.586,0.0554,0.4612,"(1, 32)","(1, 32)",variable_random
45,random_layer_11,Linear,MM,128,256,128,0.0,0.3732,0.9331,"(1, 256)","(1, 128)",variable_random
45,random_layer_12,Conv2d,MM,32,128,32,0.1662,0.0586,0.9065,"(1, 128)","(1, 32)",variable_random
45,random_layer_13,Linear,MM,32,256,512,0.034,0.6556,0.9457,"(1, 256)","(1, 512)",variable_random
45,random_layer_14,Linear,MM,256,128,64,0.2345,0.0333,0.3973,"(1, 128)","(1, 64)",variable_random
45,random_layer_15,Linear,MM,512,32,64,0.2142,0.3565,0.4741,"(1, 32)","(1, 64)",variable_random
45,random_layer_16,Conv2d,MM,512,64,32,0.5714,0.4792,0.3573,"(1, 64)","(1, 32)",variable_random
45,random_layer_17,Linear,MM,2048,256,64,0.6202,0.1114,0.2089,"(1, 256)","(1, 64)",variable_random
45,random_layer_18,Conv2d,MM,64,32,128,0.1744,0.1068,0.8505,"(1, 32)","(1, 128)",variable_random
45,random_layer_19,Linear,MM,1024,1024,128,0.0901,0.3912,0.6554,"(1, 1024)","(1, 128)",variable_random
46,random_layer_0,Conv2d,MM,32,32,256,0.1151,0.0156,0.8561,"(1, 32)","(1, 256)",variable_random
46,random_layer_1,Linear,MM,128,1024,128,0.0,0.323,0.7565,"(1, 1024)","(1, 128)",variable_random
46,random_layer_2,Conv2d,MM,512,64,512,0.4272,0.418,0.6469,"(1, 64)","(1, 512)",variable_random
46,random_layer_3,Linear,MM,256,64,64,0.6226,0.3271,0.4057,"(1, 64)","(1, 64)",variable_random
46,random_layer_4,Conv2d,MM,256,1024,64,0.2465,0.3264,0.7465,"(1, 1024)","(1, 64)",variable_random
46,random_layer_5,Linear,MM,1024,1024,512,0.2434,0.4259,0.7088,"(1, 1024)","(1, 512)",variable_random
46,random_layer_6,Linear,MM,2048,64,64,0.362,0.1209,0.0057,"(1, 64)","(1, 64)",variable_random
46,random_layer_7,Linear,MM,128,512,128,0.355,0.1161,0.9254,"(1, 512)","(1, 128)",variable_random
46,random_layer_8,Conv2d,MM,1024,1024,128,0.0905,0.595,0.359,"(1, 1024)","(1, 128)",variable_random
46,random_layer_9,Linear,MM,128,128,256,0.4976,0.3935,0.8994,"(1, 128)","(1, 256)",variable_random
46,random_layer_10,Linear,MM,1024,512,32,0.1916,0.4989,0.8419,"(1, 512)","(1, 32)",variable_random
46,random_layer_11,Linear,MM,64,512,128,0.5716,0.1218,0.245,"(1, 512)","(1, 128)",variable_random
46,random_layer_12,Linear,MM,512,1024,128,0.2451,0.123,0.3633,"(1, 1024)","(1, 128)",variable_random
46,random_layer_13,Conv2d,MM,2048,128,64,0.1786,0.599,0.5655,"(1, 128)","(1, 64)",variable_random
46,random_layer_14,Linear,MM,2048,512,32,0.637,0.5288,0.1862,"(1, 512)","(1, 32)",variable_random
46,random_layer_15,Linear,MM,32,64,256,0.5391,0.0955,0.599,"(1, 64)","(1, 256)",variable_random
46,random_layer_16,Linear,MM,128,32,128,0.2262,0.0869,0.7687,"(1, 32)","(1, 128)",variable_random
46,random_layer_17,Linear,MM,32,1024,64,0.4608,0.6973,0.7576,"(1, 1024)","(1, 64)",variable_random
46,random_layer_18,Conv2d,MM,2048,256,32,0.9103,0.311,0.333,"(1, 256)","(1, 32)",variable_random
46,random_layer_19,Linear,MM,128,128,64,0.5545,0.653,0.4722,"(1, 128)","(1, 64)",variable_random
47,random_layer_0,Conv2d,MM,512,512,64,0.0,0.0008,0.8666,"(1, 512)","(1, 64)",variable_random
47,random_layer_1,Linear,MM,256,512,512,0.0,0.6455,0.7737,"(1, 512)","(1, 512)",variable_random
47,random_layer_2,Linear,MM,1024,1024,128,0.8755,0.1129,0.4412,"(1, 1024)","(1, 128)",variable_random
47,random_layer_3,Conv2d,MM,64,1024,32,0.1255,0.3942,0.5725,"(1, 1024)","(1, 32)",variable_random
47,random_layer_4,Conv2d,MM,256,1024,256,0.4422,0.6383,0.476,"(1, 1024)","(1, 256)",variable_random
47,random_layer_5,Linear,MM,64,1024,256,0.5606,0.0621,0.3648,"(1, 1024)","(1, 256)",variable_random
47,random_layer_6,Conv2d,MM,128,256,64,0.1433,0.5043,0.0343,"(1, 256)","(1, 64)",variable_random
47,random_layer_7,Linear,MM,128,1024,512,0.3719,0.099,0.4388,"(1, 1024)","(1, 512)",variable_random
47,random_layer_8,Linear,MM,64,1024,32,0.103,0.5319,0.1349,"(1, 1024)","(1, 32)",variable_random
47,random_layer_9,Conv2d,MM,128,32,64,0.6584,0.542,0.9131,"(1, 32)","(1, 64)",variable_random
47,random_layer_10,Linear,MM,64,512,512,0.5998,0.6611,0.2859,"(1, 512)","(1, 512)",variable_random
47,random_layer_11,Conv2d,MM,1024,256,32,0.5688,0.1278,0.3947,"(1, 256)","(1, 32)",variable_random
47,random_layer_12,Linear,MM,128,1024,512,0.2371,0.1061,0.8749,"(1, 1024)","(1, 512)",variable_random
47,random_layer_13,Linear,MM,512,32,512,0.0,0.0519,0.7669,"(1, 32)","(1, 512)",variable_random
47,random_layer_14,Conv2d,MM,32,64,512,0.0744,0.1262,0.4532,"(1, 64)","(1, 512)",variable_random
47,random_layer_15,Conv2d,MM,32,32,512,0.2601,0.1286,0.742,"(1, 32)","(1, 512)",variable_random
47,random_layer_16,Linear,MM,512,512,64,0.0599,0.3053,0.3767,"(1, 512)","(1, 64)",variable_random
47,random_layer_17,Linear,MM,512,64,256,0.4595,0.0414,0.1742,"(1, 64)","(1, 256)",variable_random
47,random_layer_18,Linear,MM,512,256,32,0.0524,0.067,0.2551,"(1, 256)","(1, 32)",variable_random
47,random_layer_19,Linear,MM,1024,64,512,0.1214,0.0218,0.8573,"(1, 64)","(1, 512)",variable_random
48,random_layer_0,Conv2d,MM,256,64,64,0.2032,0.0473,0.641,"(1, 64)","(1, 64)",variable_random
48,random_layer_1,Linear,MM,128,32,128,0.115,0.4806,0.9426,"(1, 32)","(1, 128)",variable_random
48,random_layer_2,Linear,MM,256,512,128,0.6527,0.0795,0.4045,"(1, 512)","(1, 128)",variable_random
48,random_layer_3,Linear,MM,512,32,512,0.0,0.6524,0.0252,"(1, 32)","(1, 512)",variable_random
48,random_layer_4,Conv2d,MM,2048,1024,256,0.6813,0.4574,0.5228,"(1, 1024)","(1, 256)",variable_random
48,random_layer_5,Linear,MM,32,1024,64,0.4457,0.0344,0.7067,"(1, 1024)","(1, 64)",variable_random
48,random_layer_6,Linear,MM,512,32,128,0.0183,0.0926,0.1615,"(1, 32)","(1, 128)",variable_random
48,random_layer_7,Linear,MM,128,1024,128,0.0848,0.33,0.4152,"(1, 1024)","(1, 128)",variable_random
48,random_layer_8,Linear,MM,64,128,256,0.3513,0.4692,0.2293,"(1, 128)","(1, 256)",variable_random
48,random_layer_9,Linear,MM,256,128,32,0.4993,0.1349,0.7688,"(1, 128)","(1, 32)",variable_random
48,random_layer_10,Conv2d,MM,64,64,32,0.0,0.0086,0.4512,"(1, 64)","(1, 32)",variable_random
48,random_layer_11,Conv2d,MM,32,256,32,0.0399,0.0352,0.513,"(1, 256)","(1, 32)",variable_random
48,random_layer_12,Conv2d,MM,32,128,32,0.0152,0.5468,0.0207,"(1, 128)","(1, 32)",variable_random
48,random_layer_13,Linear,MM,128,32,128,0.518,0.0967,0.1827,"(1, 32)","(1, 128)",variable_random
48,random_layer_14,Linear,MM,64,128,256,0.1139,0.1461,0.4503,"(1, 128)","(1, 256)",variable_random
48,random_layer_15,Linear,MM,128,64,256,0.1452,0.0995,0.5735,"(1, 64)","(1, 256)",variable_random
48,random_layer_16,Linear,MM,64,256,512,0.0448,0.0927,0.888,"(1, 256)","(1, 512)",variable_random
48,random_layer_17,Conv2d,MM,32,1024,64,0.1425,0.4158,0.4533,"(1, 1024)","(1, 64)",variable_random
48,random_layer_18,Conv2d,MM,64,64,32,0.4307,0.6178,0.7371,"(1, 64)","(1, 32)",variable_random
48,random_layer_19,Conv2d,MM,64,256,32,0.8299,0.0411,0.7999,"(1, 256)","(1, 32)",variable_random
49,random_layer_0,Conv2d,MM,32,1024,512,0.0731,0.1492,0.2797,"(1, 1024)","(1, 512)",variable_random
49,random_layer_1,Conv2d,MM,128,128,128,0.0496,0.328,0.8503,"(1, 128)","(1, 128)",variable_random
49,random_layer_2,Linear,MM,2048,256,32,0.2448,0.3992,0.0297,"(1, 256)","(1, 32)",variable_random
49,random_layer_3,Linear,MM,512,64,64,0.3602,0.4397,0.2336,"(1, 64)","(1, 64)",variable_random
49,random_layer_4,Linear,MM,64,1024,32,0.3594,0.0429,0.3872,"(1, 1024)","(1, 32)",variable_random
49,random_layer_5,Conv2d,MM,32,256,32,0.0655,0.1352,0.0989,"(1, 256)","(1, 32)",variable_random
49,random_layer_6,Conv2d,MM,128,1024,32,0.2783,0.0059,0.3673,"(1, 1024)","(1, 32)",variable_random
49,random_layer_7,Conv2d,MM,128,1024,512,0.022,0.47,0.4465,"(1, 1024)","(1, 512)",variable_random
49,random_layer_8,Linear,MM,64,32,32,0.5228,0.0671,0.3672,"(1, 32)","(1, 32)",variable_random
49,random_layer_9,Conv2d,MM,256,512,256,0.0,0.4537,0.4805,"(1, 512)","(1, 256)",variable_random
49,random_layer_10,Conv2d,MM,2048,32,128,0.7145,0.3207,0.7403,"(1, 32)","(1, 128)",variable_random
49,random_layer_11,Linear,MM,1024,128,128,0.4074,0.08,0.5971,"(1, 128)","(1, 128)",variable_random
49,random_layer_12,Conv2d,MM,512,256,64,0.0891,0.0218,0.1506,"(1, 256)","(1, 64)",variable_random
49,random_layer_13,Linear,MM,512,1024,512,0.0,0.3537,0.5307,"(1, 1024)","(1, 512)",variable_random
49,random_layer_14,Linear,MM,64,128,64,0.5247,0.5389,0.5258,"(1, 128)","(1, 64)",variable_random
49,random_layer_15,Linear,MM,128,1024,256,0.5302,0.1001,0.9354,"(1, 1024)","(1, 256)",variable_random
49,random_layer_16,Linear,MM,128,64,32,0.2518,0.6648,0.4688,"(1, 64)","(1, 32)",variable_random
49,random_layer_17,Conv2d,MM,32,256,32,0.7752,0.6419,0.0299,"(1, 256)","(1, 32)",variable_random
49,random_layer_18,Linear,MM,64,512,256,0.4723,0.3657,0.529,"(1, 512)","(1, 256)",variable_random
49,random_layer_19,Linear,MM,512,32,64,0.3459,0.1124,0.1472,"(1, 32)","(1, 64)",variable_random
50,random_layer_0,Linear,MM,512,256,128,0.037,0.3738,0.5555,"(1, 256)","(1, 128)",variable_random
50,random_layer_1,Conv2d,MM,32,64,256,0.4043,0.5284,0.6248,"(1, 64)","(1, 256)",variable_random
50,random_layer_2,Conv2d,MM,256,1024,128,0.5241,0.5816,0.4911,"(1, 1024)","(1, 128)",variable_random
50,random_layer_3,Conv2d,MM,32,256,512,0.3718,0.5784,0.0684,"(1, 256)","(1, 512)",variable_random
50,random_layer_4,Conv2d,MM,2048,32,128,0.4178,0.336,0.6407,"(1, 32)","(1, 128)",variable_random
50,random_layer_5,Linear,MM,512,512,256,0.3782,0.5619,0.8465,"(1, 512)","(1, 256)",variable_random
50,random_layer_6,Conv2d,MM,2048,32,32,0.8359,0.3423,0.8706,"(1, 32)","(1, 32)",variable_random
50,random_layer_7,Conv2d,MM,512,1024,512,0.1936,0.149,0.8253,"(1, 1024)","(1, 512)",variable_random
50,random_layer_8,Linear,MM,1024,512,256,0.0,0.0991,0.4067,"(1, 512)","(1, 256)",variable_random
50,random_layer_9,Conv2d,MM,32,32,32,0.1159,0.034,0.8905,"(1, 32)","(1, 32)",variable_random
50,random_layer_10,Linear,MM,1024,512,128,0.0,0.0543,0.846,"(1, 512)","(1, 128)",variable_random
50,random_layer_11,Conv2d,MM,32,1024,32,0.0526,0.0187,0.7884,"(1, 1024)","(1, 32)",variable_random
50,random_layer_12,Linear,MM,32,64,512,0.2182,0.0338,0.2476,"(1, 64)","(1, 512)",variable_random
50,random_layer_13,Linear,MM,2048,512,32,0.1436,0.0088,0.4562,"(1, 512)","(1, 32)",variable_random
50,random_layer_14,Conv2d,MM,128,1024,256,0.0,0.6409,0.5664,"(1, 1024)","(1, 256)",variable_random
50,random_layer_15,Linear,MM,2048,512,512,0.7673,0.0976,0.2587,"(1, 512)","(1, 512)",variable_random
50,random_layer_16,Linear,MM,1024,256,64,0.0,0.3303,0.2813,"(1, 256)","(1, 64)",variable_random
50,random_layer_17,Linear,MM,256,32,512,0.312,0.4523,0.1328,"(1, 32)","(1, 512)",variable_random
50,random_layer_18,Linear,MM,512,512,32,0.7543,0.6107,0.5536,"(1, 512)","(1, 32)",variable_random
50,random_layer_19,Linear,MM,1024,32,128,0.674,0.1159,0.1869,"(1, 32)","(1, 128)",variable_random
51,random_layer_0,Linear,MM,64,32,32,0.0338,0.0339,0.6121,"(1, 32)","(1, 32)",variable_random
51,random_layer_1,Linear,MM,256,256,128,0.0,0.4144,0.2597,"(1, 256)","(1, 128)",variable_random
51,random_layer_2,Linear,MM,2048,512,256,0.4575,0.361,0.6448,"(1, 512)","(1, 256)",variable_random
51,random_layer_3,Conv2d,MM,32,1024,32,0.3982,0.4109,0.501,"(1, 1024)","(1, 32)",variable_random
51,random_layer_4,Linear,MM,2048,64,128,0.445,0.4507,0.2234,"(1, 64)","(1, 128)",variable_random
51,random_layer_5,Conv2d,MM,512,32,256,0.279,0.5083,0.5556,"(1, 32)","(1, 256)",variable_random
51,random_layer_6,Conv2d,MM,512,64,32,0.3186,0.4509,0.5192,"(1, 64)","(1, 32)",variable_random
51,random_layer_7,Linear,MM,32,32,64,0.4296,0.647,0.8847,"(1, 32)","(1, 64)",variable_random
51,random_layer_8,Linear,MM,128,32,32,0.7076,0.1193,0.7124,"(1, 32)","(1, 32)",variable_random
51,random_layer_9,Conv2d,MM,512,64,64,0.235,0.5058,0.498,"(1, 64)","(1, 64)",variable_random
51,random_layer_10,Conv2d,MM,32,1024,64,0.7146,0.0249,0.604,"(1, 1024)","(1, 64)",variable_random
51,random_layer_11,Linear,MM,256,32,32,0.3025,0.037,0.9388,"(1, 32)","(1, 32)",variable_random
51,random_layer_12,Conv2d,MM,256,128,32,0.1352,0.5271,0.6878,"(1, 128)","(1, 32)",variable_random
51,random_layer_13,Linear,MM,128,64,512,0.4357,0.5218,0.6224,"(1, 64)","(1, 512)",variable_random
51,random_layer_14,Linear,MM,128,32,64,0.5674,0.485,0.7965,"(1, 32)","(1, 64)",variable_random
51,random_layer_15,Conv2d,MM,64,1024,256,0.4353,0.6861,0.4396,"(1, 1024)","(1, 256)",variable_random
51,random_layer_16,Linear,MM,32,64,64,0.5114,0.0474,0.4456,"(1, 64)","(1, 64)",variable_random
51,random_layer_17,Linear,MM,64,1024,128,0.101,0.6219,0.7531,"(1, 1024)","(1, 128)",variable_random
51,random_layer_18,Conv2d,MM,1024,1024,512,0.8184,0.1202,0.8845,"(1, 1024)","(1, 512)",variable_random
51,random_layer_19,Conv2d,MM,2048,128,32,0.1127,0.4516,0.6995,"(1, 128)","(1, 32)",variable_random
52,random_layer_0,Conv2d,MM,128,128,32,0.0,0.0242,0.8097,"(1, 128)","(1, 32)",variable_random
52,random_layer_1,Linear,MM,1024,128,512,0.2399,0.0312,0.8678,"(1, 128)","(1, 512)",variable_random
52,random_layer_2,Linear,MM,128,32,512,0.0755,0.0438,0.0502,"(1, 32)","(1, 512)",variable_random
52,random_layer_3,Linear,MM,2048,128,256,0.0,0.5842,0.2653,"(1, 128)","(1, 256)",variable_random
52,random_layer_4,Conv2d,MM,64,1024,32,0.7022,0.0481,0.8413,"(1, 1024)","(1, 32)",variable_random
52,random_layer_5,Linear,MM,512,1024,128,0.0,0.1377,0.0741,"(1, 1024)","(1, 128)",variable_random
52,random_layer_6,Conv2d,MM,128,256,32,0.1815,0.0874,0.6889,"(1, 256)","(1, 32)",variable_random
52,random_layer_7,Linear,MM,64,1024,512,0.0,0.4801,0.3417,"(1, 1024)","(1, 512)",variable_random
52,random_layer_8,Conv2d,MM,128,128,256,0.1137,0.0951,0.7839,"(1, 128)","(1, 256)",variable_random
52,random_layer_9,Linear,MM,64,1024,64,0.0,0.6904,0.8327,"(1, 1024)","(1, 64)",variable_random
52,random_layer_10,Conv2d,MM,32,1024,32,0.7781,0.3245,0.5784,"(1, 1024)","(1, 32)",variable_random
52,random_layer_11,Linear,MM,256,512,128,0.1661,0.0776,0.1347,"(1, 512)","(1, 128)",variable_random
52,random_layer_12,Linear,MM,256,32,64,0.1635,0.1294,0.4178,"(1, 32)","(1, 64)",variable_random
52,random_layer_13,Linear,MM,64,256,256,0.3714,0.3237,0.1798,"(1, 256)","(1, 256)",variable_random
52,random_layer_14,Linear,MM,32,32,256,0.3349,0.3007,0.6968,"(1, 32)","(1, 256)",variable_random
52,random_layer_15,Linear,MM,1024,1024,32,0.0102,0.6453,0.302,"(1, 1024)","(1, 32)",variable_random
52,random_layer_16,Linear,MM,256,256,256,0.2485,0.4602,0.8274,"(1, 256)","(1, 256)",variable_random
52,random_layer_17,Conv2d,MM,1024,512,64,0.7564,0.0461,0.1605,"(1, 512)","(1, 64)",variable_random
52,random_layer_18,Linear,MM,2048,512,128,0.0,0.5301,0.7936,"(1, 512)","(1, 128)",variable_random
52,random_layer_19,Conv2d,MM,32,128,512,0.5548,0.4982,0.0085,"(1, 128)","(1, 512)",variable_random
53,random_layer_0,Linear,MM,512,64,32,0.0008,0.094,0.329,"(1, 64)","(1, 32)",variable_random
53,random_layer_1,Conv2d,MM,512,512,64,0.0217,0.5123,0.5291,"(1, 512)","(1, 64)",variable_random
53,random_layer_2,Conv2d,MM,32,64,512,0.491,0.5719,0.7145,"(1, 64)","(1, 512)",variable_random
53,random_layer_3,Linear,MM,512,256,512,0.627,0.4009,0.2459,"(1, 256)","(1, 512)",variable_random
53,random_layer_4,Conv2d,MM,2048,128,512,0.1738,0.0437,0.66,"(1, 128)","(1, 512)",variable_random
53,random_layer_5,Conv2d,MM,64,256,32,0.131,0.1217,0.7224,"(1, 256)","(1, 32)",variable_random
53,random_layer_6,Linear,MM,512,1024,128,0.3892,0.58,0.6969,"(1, 1024)","(1, 128)",variable_random
53,random_layer_7,Conv2d,MM,512,32,256,0.7838,0.4349,0.9122,"(1, 32)","(1, 256)",variable_random
53,random_layer_8,Conv2d,MM,512,256,32,0.3534,0.1024,0.2767,"(1, 256)","(1, 32)",variable_random
53,random_layer_9,Linear,MM,256,1024,32,0.0793,0.6403,0.3545,"(1, 1024)","(1, 32)",variable_random
53,random_layer_10,Linear,MM,512,64,32,0.6502,0.5517,0.3792,"(1, 64)","(1, 32)",variable_random
53,random_layer_11,Conv2d,MM,128,64,64,0.5363,0.6667,0.7246,"(1, 64)","(1, 64)",variable_random
53,random_layer_12,Linear,MM,1024,1024,256,0.7224,0.5941,0.6046,"(1, 1024)","(1, 256)",variable_random
53,random_layer_13,Linear,MM,128,128,512,0.6926,0.0249,0.5683,"(1, 128)","(1, 512)",variable_random
53,random_layer_14,Linear,MM,512,1024,128,0.0,0.4939,0.6642,"(1, 1024)","(1, 128)",variable_random
53,random_layer_15,Linear,MM,2048,512,32,0.671,0.0789,0.3886,"(1, 512)","(1, 32)",variable_random
53,random_layer_16,Conv2d,MM,128,64,32,0.0,0.0337,0.1979,"(1, 64)","(1, 32)",variable_random
53,random_layer_17,Linear,MM,256,1024,256,0.1367,0.0358,0.9255,"(1, 1024)","(1, 256)",variable_random
53,random_layer_18,Conv2d,MM,1024,64,512,0.0,0.0285,0.5075,"(1, 64)","(1, 512)",variable_random
53,random_layer_19,Conv2d,MM,1024,128,512,0.0,0.5275,0.5077,"(1, 128)","(1, 512)",variable_random
54,random_layer_0,Linear,MM,2048,128,512,0.0094,0.3647,0.3216,"(1, 128)","(1, 512)",variable_random
54,random_layer_1,Conv2d,MM,512,1024,64,0.2617,0.1365,0.0806,"(1, 1024)","(1, 64)",variable_random
54,random_layer_2,Conv2d,MM,64,512,64,0.2744,0.0738,0.449,"(1, 512)","(1, 64)",variable_random
54,random_layer_3,Conv2d,MM,2048,32,32,0.0497,0.4062,0.6286,"(1, 32)","(1, 32)",variable_random
54,random_layer_4,Conv2d,MM,1024,32,128,0.4437,0.0206,0.1474,"(1, 32)","(1, 128)",variable_random
54,random_layer_5,Linear,MM,128,128,512,0.0,0.6587,0.1054,"(1, 128)","(1, 512)",variable_random
54,random_layer_6,Linear,MM,64,256,256,0.7401,0.0238,0.085,"(1, 256)","(1, 256)",variable_random
54,random_layer_7,Conv2d,MM,1024,64,32,0.0541,0.5708,0.4131,"(1, 64)","(1, 32)",variable_random
54,random_layer_8,Linear,MM,512,512,64,0.5697,0.6985,0.1814,"(1, 512)","(1, 64)",variable_random
54,random_layer_9,Linear,MM,64,512,256,0.6013,0.0761,0.842,"(1, 512)","(1, 256)",variable_random
54,random_layer_10,Linear,MM,256,64,512,0.4187,0.0726,0.7732,"(1, 64)","(1, 512)",variable_random
54,random_layer_11,Linear,MM,512,512,512,0.0,0.1163,0.6011,"(1, 512)","(1, 512)",variable_random
54,random_layer_12,Conv2d,MM,2048,32,512,0.0,0.6229,0.4628,"(1, 32)","(1, 512)",variable_random
54,random_layer_13,Conv2d,MM,64,128,64,0.473,0.3268,0.0706,"(1, 128)","(1, 64)",variable_random
54,random_layer_14,Conv2d,MM,2048,512,512,0.5891,0.0624,0.1883,"(1, 512)","(1, 512)",variable_random
54,random_layer_15,Linear,MM,128,1024,256,0.3538,0.4952,0.1891,"(1, 1024)","(1, 256)",variable_random
54,random_layer_16,Linear,MM,128,128,32,0.3562,0.0636,0.5313,"(1, 128)","(1, 32)",variable_random
54,random_layer_17,Linear,MM,1024,1024,32,0.0564,0.5592,0.2112,"(1, 1024)","(1, 32)",variable_random
54,random_layer_18,Linear,MM,512,256,64,0.4944,0.0985,0.3335,"(1, 256)","(1, 64)",variable_random
54,random_layer_19,Conv2d,MM,2048,512,128,0.2612,0.3406,0.619,"(1, 512)","(1, 128)",variable_random
55,random_layer_0,Linear,MM,256,32,128,0.1261,0.0217,0.8047,"(1, 32)","(1, 128)",variable_random
55,random_layer_1,Conv2d,MM,1024,32,512,0.0,0.3633,0.8765,"(1, 32)","(1, 512)",variable_random
55,random_layer_2,Conv2d,MM,1024,32,256,0.3488,0.5386,0.5551,"(1, 32)","(1, 256)",variable_random
55,random_layer_3,Linear,MM,2048,256,32,0.6078,0.1443,0.7407,"(1, 256)","(1, 32)",variable_random
55,random_layer_4,Conv2d,MM,512,256,64,0.0,0.4825,0.8496,"(1, 256)","(1, 64)",variable_random
55,random_layer_5,Linear,MM,128,1024,256,0.4783,0.0165,0.5882,"(1, 1024)","(1, 256)",variable_random
55,random_layer_6,Conv2d,MM,512,512,256,0.1211,0.5223,0.1639,"(1, 512)","(1, 256)",variable_random
55,random_layer_7,Linear,MM,2048,64,32,0.4893,0.1416,0.6439,"(1, 64)","(1, 32)",variable_random
55,random_layer_8,Conv2d,MM,32,512,256,0.0,0.0808,0.9259,"(1, 512)","(1, 256)",variable_random
55,random_layer_9,Conv2d,MM,1024,1024,128,0.1473,0.4043,0.0516,"(1, 1024)","(1, 128)",variable_random
55,random_layer_10,Conv2d,MM,512,256,128,0.3099,0.0851,0.3961,"(1, 256)","(1, 128)",variable_random
55,random_layer_11,Conv2d,MM,128,64,256,0.1472,0.512,0.7474,"(1, 64)","(1, 256)",variable_random
55,random_layer_12,Conv2d,MM,32,128,256,0.5975,0.1179,0.4237,"(1, 128)","(1, 256)",variable_random
55,random_layer_13,Linear,MM,2048,64,128,0.0061,0.1057,0.7057,"(1, 64)","(1, 128)",variable_random
55,random_layer_14,Linear,MM,256,256,512,0.0,0.4395,0.1766,"(1, 256)","(1, 512)",variable_random
55,random_layer_15,Linear,MM,32,128,64,0.2633,0.0765,0.8717,"(1, 128)","(1, 64)",variable_random
55,random_layer_16,Conv2d,MM,32,256,32,0.0953,0.6816,0.199,"(1, 256)","(1, 32)",variable_random
55,random_layer_17,Conv2d,MM,2048,64,256,0.3877,0.4111,0.3933,"(1, 64)","(1, 256)",variable_random
55,random_layer_18,Conv2d,MM,512,64,32,0.1354,0.115,0.5651,"(1, 64)","(1, 32)",variable_random
55,random_layer_19,Conv2d,MM,512,128,64,0.178,0.5727,0.8959,"(1, 128)","(1, 64)",variable_random
56,random_layer_0,Linear,MM,32,32,512,0.2155,0.1276,0.2042,"(1, 32)","(1, 512)",variable_random
56,random_layer_1,Conv2d,MM,1024,32,128,0.295,0.1054,0.7971,"(1, 32)","(1, 128)",variable_random
56,random_layer_2,Conv2d,MM,64,256,512,0.3371,0.4865,0.4619,"(1, 256)","(1, 512)",variable_random
56,random_layer_3,Conv2d,MM,256,64,32,0.6446,0.4208,0.0622,"(1, 64)","(1, 32)",variable_random
56,random_layer_4,Conv2d,MM,1024,64,256,0.2596,0.4063,0.7208,"(1, 64)","(1, 256)",variable_random
56,random_layer_5,Linear,MM,32,128,256,0.3748,0.4619,0.0853,"(1, 128)","(1, 256)",variable_random
56,random_layer_6,Conv2d,MM,64,512,256,0.6425,0.0447,0.7905,"(1, 512)","(1, 256)",variable_random
56,random_layer_7,Linear,MM,2048,64,32,0.0,0.0848,0.3149,"(1, 64)","(1, 32)",variable_random
56,random_layer_8,Conv2d,MM,1024,256,128,0.2331,0.3753,0.1806,"(1, 256)","(1, 128)",variable_random
56,random_layer_9,Linear,MM,128,512,32,0.3901,0.6021,0.3115,"(1, 512)","(1, 32)",variable_random
56,random_layer_10,Linear,MM,64,256,128,0.4134,0.0011,0.5285,"(1, 256)","(1, 128)",variable_random
56,random_layer_11,Conv2d,MM,64,512,256,0.1368,0.0835,0.395,"(1, 512)","(1, 256)",variable_random
56,random_layer_12,Linear,MM,256,512,128,0.2124,0.5016,0.6823,"(1, 512)","(1, 128)",variable_random
56,random_layer_13,Linear,MM,256,128,128,0.4723,0.4462,0.2335,"(1, 128)","(1, 128)",variable_random
56,random_layer_14,Conv2d,MM,256,512,32,0.292,0.0199,0.2662,"(1, 512)","(1, 32)",variable_random
56,random_layer_15,Linear,MM,64,1024,64,0.194,0.4992,0.1303,"(1, 1024)","(1, 64)",variable_random
56,random_layer_16,Linear,MM,32,64,256,0.5583,0.0563,0.3702,"(1, 64)","(1, 256)",variable_random
56,random_layer_17,Conv2d,MM,128,64,256,0.0155,0.376,0.5362,"(1, 64)","(1, 256)",variable_random
56,random_layer_18,Conv2d,MM,32,32,64,0.4781,0.0388,0.6795,"(1, 32)","(1, 64)",variable_random
56,random_layer_19,Linear,MM,1024,256,128,0.0,0.03,0.4303,"(1, 256)","(1, 128)",variable_random
57,random_layer_0,Conv2d,MM,64,64,256,0.0,0.0433,0.2201,"(1, 64)","(1, 256)",variable_random
57,random_layer_1,Linear,MM,32,1024,128,0.1257,0.636,0.5523,"(1, 1024)","(1, 128)",variable_random
57,random_layer_2,Conv2d,MM,2048,512,64,0.5187,0.3584,0.0634,"(1, 512)","(1, 64)",variable_random
57,random_layer_3,Conv2d,MM,32,64,64,0.3625,0.4207,0.0893,"(1, 64)","(1, 64)",variable_random
57,random_layer_4,Conv2d,MM,32,64,64,0.6367,0.1365,0.3472,"(1, 64)","(1, 64)",variable_random
57,random_layer_5,Conv2d,MM,64,256,512,0.083,0.4118,0.6106,"(1, 256)","(1, 512)",variable_random
57,random_layer_6,Linear,MM,512,32,64,0.2714,0.047,0.4349,"(1, 32)","(1, 64)",variable_random
57,random_layer_7,Conv2d,MM,2048,128,128,0.1094,0.5522,0.4035,"(1, 128)","(1, 128)",variable_random
57,random_layer_8,Linear,MM,1024,1024,32,0.4065,0.0825,0.1163,"(1, 1024)","(1, 32)",variable_random
57,random_layer_9,Linear,MM,256,1024,64,0.0,0.1206,0.1594,"(1, 1024)","(1, 64)",variable_random
57,random_layer_10,Linear,MM,512,256,256,0.1676,0.3036,0.5148,"(1, 256)","(1, 256)",variable_random
57,random_layer_11,Conv2d,MM,64,1024,128,0.4028,0.6889,0.26,"(1, 1024)","(1, 128)",variable_random
57,random_layer_12,Linear,MM,256,512,256,0.7689,0.0391,0.8414,"(1, 512)","(1, 256)",variable_random
57,random_layer_13,Conv2d,MM,512,512,512,0.1641,0.0726,0.057,"(1, 512)","(1, 512)",variable_random
57,random_layer_14,Conv2d,MM,1024,32,64,0.0157,0.0164,0.1679,"(1, 32)","(1, 64)",variable_random
57,random_layer_15,Conv2d,MM,2048,32,64,0.0,0.301,0.9468,"(1, 32)","(1, 64)",variable_random
57,random_layer_16,Linear,MM,512,64,128,0.28,0.4439,0.4408,"(1, 64)","(1, 128)",variable_random
57,random_layer_17,Linear,MM,2048,64,64,0.6161,0.4694,0.8907,"(1, 64)","(1, 64)",variable_random
57,random_layer_18,Conv2d,MM,32,64,64,0.3517,0.0267,0.67,"(1, 64)","(1, 64)",variable_random
57,random_layer_19,Conv2d,MM,512,512,32,0.0,0.0708,0.334,"(1, 512)","(1, 32)",variable_random
58,random_layer_0,Conv2d,MM,1024,256,128,0.0,0.6459,0.5015,"(1, 256)","(1, 128)",variable_random
58,random_layer_1,Conv2d,MM,2048,128,128,0.7778,0.4866,0.1401,"(1, 128)","(1, 128)",variable_random
58,random_layer_2,Linear,MM,512,32,256,0.4869,0.524,0.8115,"(1, 32)","(1, 256)",variable_random
58,random_layer_3,Linear,MM,1024,256,128,0.5036,0.0447,0.7643,"(1, 256)","(1, 128)",variable_random
58,random_layer_4,Conv2d,MM,128,256,64,0.0695,0.1215,0.2226,"(1, 256)","(1, 64)",variable_random
58,random_layer_5,Linear,MM,32,512,256,0.0,0.3349,0.3655,"(1, 512)","(1, 256)",variable_random
58,random_layer_6,Linear,MM,1024,32,256,0.5227,0.5564,0.0238,"(1, 32)","(1, 256)",variable_random
58,random_layer_7,Linear,MM,2048,32,64,0.7045,0.107,0.8339,"(1, 32)","(1, 64)",variable_random
58,random_layer_8,Conv2d,MM,256,1024,64,0.0105,0.1431,0.5906,"(1, 1024)","(1, 64)",variable_random
58,random_layer_9,Linear,MM,32,1024,128,0.3792,0.034,0.7065,"(1, 1024)","(1, 128)",variable_random
58,random_layer_10,Conv2d,MM,2048,1024,128,0.1362,0.6326,0.8585,"(1, 1024)","(1, 128)",variable_random
58,random_layer_11,Conv2d,MM,512,128,32,0.6988,0.3083,0.0723,"(1, 128)","(1, 32)",variable_random
58,random_layer_12,Linear,MM,256,256,64,0.3626,0.1087,0.847,"(1, 256)","(1, 64)",variable_random
58,random_layer_13,Conv2d,MM,64,64,128,0.0,0.113,0.2497,"(1, 64)","(1, 128)",variable_random
58,random_layer_14,Conv2d,MM,64,32,256,0.2329,0.1306,0.5161,"(1, 32)","(1, 256)",variable_random
58,random_layer_15,Conv2d,MM,32,1024,256,0.0993,0.1056,0.5598,"(1, 1024)","(1, 256)",variable_random
58,random_layer_16,Linear,MM,1024,32,512,0.0741,0.0496,0.8542,"(1, 32)","(1, 512)",variable_random
58,random_layer_17,Linear,MM,256,128,32,0.0,0.1333,0.6111,"(1, 128)","(1, 32)",variable_random
58,random_layer_18,Conv2d,MM,512,512,512,0.0,0.6104,0.7676,"(1, 512)","(1, 512)",variable_random
58,random_layer_19,Linear,MM,256,512,512,0.6978,0.6903,0.174,"(1, 512)","(1, 512)",variable_random
59,random_layer_0,Linear,MM,512,1024,128,0.3345,0.0954,0.0397,"(1, 1024)","(1, 128)",variable_random
59,random_layer_1,Linear,MM,1024,32,128,0.2227,0.354,0.0141,"(1, 32)","(1, 128)",variable_random
59,random_layer_2,Linear,MM,512,256,512,0.4396,0.5849,0.3197,"(1, 256)","(1, 512)",variable_random
59,random_layer_3,Linear,MM,512,128,64,0.4955,0.1251,0.6912,"(1, 128)","(1, 64)",variable_random
59,random_layer_4,Linear,MM,2048,64,512,0.0,0.0855,0.0971,"(1, 64)","(1, 512)",variable_random
59,random_layer_5,Conv2d,MM,2048,64,64,0.0595,0.1363,0.5403,"(1, 64)","(1, 64)",variable_random
59,random_layer_6,Linear,MM,64,512,32,0.0781,0.0234,0.2509,"(1, 512)","(1, 32)",variable_random
59,random_layer_7,Linear,MM,128,512,32,0.033,0.4823,0.2421,"(1, 512)","(1, 32)",variable_random
59,random_layer_8,Conv2d,MM,128,64,128,0.4967,0.4165,0.033,"(1, 64)","(1, 128)",variable_random
59,random_layer_9,Linear,MM,2048,128,64,0.4378,0.0304,0.5954,"(1, 128)","(1, 64)",variable_random
59,random_layer_10,Conv2d,MM,1024,1024,256,0.0496,0.0991,0.7903,"(1, 1024)","(1, 256)",variable_random
59,random_layer_11,Conv2d,MM,1024,256,256,0.1622,0.1032,0.1894,"(1, 256)","(1, 256)",variable_random
59,random_layer_12,Linear,MM,32,32,32,0.0,0.6795,0.8478,"(1, 32)","(1, 32)",variable_random
59,random_layer_13,Conv2d,MM,1024,512,32,0.6707,0.0154,0.4294,"(1, 512)","(1, 32)",variable_random
59,random_layer_14,Linear,MM,128,512,256,0.0,0.1375,0.3476,"(1, 512)","(1, 256)",variable_random
59,random_layer_15,Conv2d,MM,512,128,64,0.2488,0.0589,0.4403,"(1, 128)","(1, 64)",variable_random
59,random_layer_16,Linear,MM,128,128,512,0.1041,0.6352,0.5741,"(1, 128)","(1, 512)",variable_random
59,random_layer_17,Linear,MM,1024,32,512,0.6675,0.0663,0.4877,"(1, 32)","(1, 512)",variable_random
59,random_layer_18,Conv2d,MM,1024,64,32,0.087,0.0795,0.0419,"(1, 64)","(1, 32)",variable_random
59,random_layer_19,Conv2d,MM,128,512,64,0.0,0.389,0.3972,"(1, 512)","(1, 64)",variable_random
60,random_layer_0,Linear,MM,64,32,32,0.0,0.1015,0.7067,"(1, 32)","(1, 32)",variable_random
60,random_layer_1,Linear,MM,256,1024,64,0.2763,0.1499,0.7663,"(1, 1024)","(1, 64)",variable_random
60,random_layer_2,Conv2d,MM,32,128,32,0.4072,0.096,0.3405,"(1, 128)","(1, 32)",variable_random
60,random_layer_3,Linear,MM,128,128,128,0.0171,0.0177,0.7672,"(1, 128)","(1, 128)",variable_random
60,random_layer_4,Linear,MM,128,64,256,0.0,0.3922,0.8633,"(1, 64)","(1, 256)",variable_random
60,random_layer_5,Conv2d,MM,128,64,64,0.3567,0.146,0.1017,"(1, 64)","(1, 64)",variable_random
60,random_layer_6,Linear,MM,128,64,512,0.0785,0.3907,0.503,"(1, 64)","(1, 512)",variable_random
60,random_layer_7,Linear,MM,512,512,128,0.1797,0.0591,0.6593,"(1, 512)","(1, 128)",variable_random
60,random_layer_8,Conv2d,MM,32,256,512,0.2982,0.0259,0.6253,"(1, 256)","(1, 512)",variable_random
60,random_layer_9,Conv2d,MM,2048,512,128,0.2565,0.1102,0.6917,"(1, 512)","(1, 128)",variable_random
60,random_layer_10,Linear,MM,512,256,64,0.0,0.0103,0.8771,"(1, 256)","(1, 64)",variable_random
60,random_layer_11,Conv2d,MM,2048,128,512,0.0347,0.101,0.2878,"(1, 128)","(1, 512)",variable_random
60,random_layer_12,Conv2d,MM,64,32,32,0.0178,0.054,0.3463,"(1, 32)","(1, 32)",variable_random
60,random_layer_13,Linear,MM,512,128,512,0.2678,0.0348,0.4799,"(1, 128)","(1, 512)",variable_random
60,random_layer_14,Linear,MM,32,1024,32,0.0,0.0388,0.2326,"(1, 1024)","(1, 32)",variable_random
60,random_layer_15,Conv2d,MM,128,1024,32,0.1657,0.0063,0.065,"(1, 1024)","(1, 32)",variable_random
60,random_layer_16,Linear,MM,128,1024,32,0.0313,0.371,0.7419,"(1, 1024)","(1, 32)",variable_random
60,random_layer_17,Conv2d,MM,32,32,512,0.518,0.5934,0.8506,"(1, 32)","(1, 512)",variable_random
60,random_layer_18,Linear,MM,32,1024,128,0.6123,0.0455,0.7462,"(1, 1024)","(1, 128)",variable_random
60,random_layer_19,Linear,MM,2048,1024,64,0.0682,0.0741,0.7897,"(1, 1024)","(1, 64)",variable_random
61,random_layer_0,Conv2d,MM,1024,32,128,0.0,0.4716,0.3047,"(1, 32)","(1, 128)",variable_random
61,random_layer_1,Conv2d,MM,64,1024,64,0.6294,0.0894,0.695,"(1, 1024)","(1, 64)",variable_random
61,random_layer_2,Conv2d,MM,512,1024,64,0.0639,0.3543,0.4891,"(1, 1024)","(1, 64)",variable_random
61,random_layer_3,Conv2d,MM,32,256,128,0.5032,0.6578,0.6202,"(1, 256)","(1, 128)",variable_random
61,random_layer_4,Conv2d,MM,1024,512,32,0.554,0.3921,0.8907,"(1, 512)","(1, 32)",variable_random
61,random_layer_5,Conv2d,MM,256,128,64,0.4161,0.3055,0.6368,"(1, 128)","(1, 64)",variable_random
61,random_layer_6,Conv2d,MM,32,128,128,0.2183,0.6357,0.0973,"(1, 128)","(1, 128)",variable_random
61,random_layer_7,Conv2d,MM,1024,128,32,0.3061,0.3888,0.6649,"(1, 128)","(1, 32)",variable_random
61,random_layer_8,Linear,MM,2048,256,256,0.2545,0.3693,0.0645,"(1, 256)","(1, 256)",variable_random
61,random_layer_9,Linear,MM,512,1024,64,0.0969,0.0672,0.5358,"(1, 1024)","(1, 64)",variable_random
61,random_layer_10,Conv2d,MM,512,512,256,0.0,0.4179,0.2744,"(1, 512)","(1, 256)",variable_random
61,random_layer_11,Conv2d,MM,1024,1024,256,0.3524,0.0959,0.7638,"(1, 1024)","(1, 256)",variable_random
61,random_layer_12,Conv2d,MM,256,1024,128,0.0271,0.0352,0.7924,"(1, 1024)","(1, 128)",variable_random
61,random_layer_13,Conv2d,MM,2048,128,32,0.0,0.4753,0.2345,"(1, 128)","(1, 32)",variable_random
61,random_layer_14,Linear,MM,32,256,256,0.5905,0.4733,0.0477,"(1, 256)","(1, 256)",variable_random
61,random_layer_15,Conv2d,MM,1024,64,32,0.2931,0.5938,0.1677,"(1, 64)","(1, 32)",variable_random
61,random_layer_16,Linear,MM,64,512,256,0.857,0.6433,0.8666,"(1, 512)","(1, 256)",variable_random
61,random_layer_17,Linear,MM,32,128,32,0.6602,0.5655,0.774,"(1, 128)","(1, 32)",variable_random
61,random_layer_18,Linear,MM,1024,32,32,0.7741,0.3046,0.5967,"(1, 32)","(1, 32)",variable_random
61,random_layer_19,Conv2d,MM,512,512,256,0.2586,0.4608,0.7884,"(1, 512)","(1, 256)",variable_random
62,random_layer_0,Conv2d,MM,1024,32,128,0.2944,0.6412,0.1253,"(1, 32)","(1, 128)",variable_random
62,random_layer_1,Linear,MM,64,256,512,0.6216,0.311,0.3307,"(1, 256)","(1, 512)",variable_random
62,random_layer_2,Linear,MM,1024,256,512,0.4808,0.1396,0.2781,"(1, 256)","(1, 512)",variable_random
62,random_layer_3,Linear,MM,64,256,32,0.0,0.0461,0.0766,"(1, 256)","(1, 32)",variable_random
62,random_layer_4,Linear,MM,32,32,128,0.0,0.46,0.9455,"(1, 32)","(1, 128)",variable_random
62,random_layer_5,Conv2d,MM,1024,32,32,0.3089,0.141,0.9269,"(1, 32)","(1, 32)",variable_random
62,random_layer_6,Linear,MM,2048,1024,256,0.189,0.118,0.9078,"(1, 1024)","(1, 256)",variable_random
62,random_layer_7,Conv2d,MM,32,1024,256,0.0,0.5622,0.1512,"(1, 1024)","(1, 256)",variable_random
62,random_layer_8,Conv2d,MM,512,512,32,0.3597,0.1407,0.2488,"(1, 512)","(1, 32)",variable_random
62,random_layer_9,Linear,MM,64,32,128,0.2048,0.1481,0.365,"(1, 32)","(1, 128)",variable_random
62,random_layer_10,Conv2d,MM,256,512,32,0.4636,0.3866,0.3733,"(1, 512)","(1, 32)",variable_random
62,random_layer_11,Conv2d,MM,256,64,512,0.2924,0.0421,0.2085,"(1, 64)","(1, 512)",variable_random
62,random_layer_12,Linear,MM,512,512,256,0.0553,0.5793,0.5777,"(1, 512)","(1, 256)",variable_random
62,random_layer_13,Linear,MM,1024,256,128,0.5235,0.4752,0.7056,"(1, 256)","(1, 128)",variable_random
62,random_layer_14,Conv2d,MM,128,64,512,0.5496,0.0997,0.3685,"(1, 64)","(1, 512)",variable_random
62,random_layer_15,Conv2d,MM,128,256,64,0.3102,0.685,0.3655,"(1, 256)","(1, 64)",variable_random
62,random_layer_16,Linear,MM,128,1024,256,0.99,0.3183,0.8418,"(1, 1024)","(1, 256)",variable_random
62,random_layer_17,Conv2d,MM,2048,32,512,0.5081,0.6219,0.5109,"(1, 32)","(1, 512)",variable_random
62,random_layer_18,Linear,MM,512,1024,256,0.6549,0.5405,0.865,"(1, 1024)","(1, 256)",variable_random
62,random_layer_19,Linear,MM,64,256,64,0.2817,0.0985,0.4088,"(1, 256)","(1, 64)",variable_random
63,random_layer_0,Conv2d,MM,256,32,64,0.0,0.0265,0.458,"(1, 32)","(1, 64)",variable_random
63,random_layer_1,Conv2d,MM,512,64,64,0.1462,0.574,0.246,"(1, 64)","(1, 64)",variable_random
63,random_layer_2,Conv2d,MM,256,512,256,0.8492,0.6549,0.082,"(1, 512)","(1, 256)",variable_random
63,random_layer_3,Conv2d,MM,32,256,512,0.4946,0.0325,0.5314,"(1, 256)","(1, 512)",variable_random
63,random_layer_4,Conv2d,MM,512,1024,64,0.1914,0.5413,0.6067,"(1, 1024)","(1, 64)",variable_random
63,random_layer_5,Conv2d,MM,1024,256,512,0.648,0.1409,0.0964,"(1, 256)","(1, 512)",variable_random
63,random_layer_6,Conv2d,MM,2048,256,32,0.0,0.0021,0.8401,"(1, 256)","(1, 32)",variable_random
63,random_layer_7,Linear,MM,128,32,32,0.0042,0.0951,0.8588,"(1, 32)","(1, 32)",variable_random
63,random_layer_8,Linear,MM,2048,128,128,0.0352,0.0392,0.277,"(1, 128)","(1, 128)",variable_random
63,random_layer_9,Linear,MM,256,256,64,0.0,0.5242,0.7361,"(1, 256)","(1, 64)",variable_random
63,random_layer_10,Conv2d,MM,1024,32,512,0.8537,0.0031,0.6532,"(1, 32)","(1, 512)",variable_random
63,random_layer_11,Conv2d,MM,2048,512,512,0.0,0.4506,0.5682,"(1, 512)","(1, 512)",variable_random
63,random_layer_12,Conv2d,MM,2048,512,128,0.4545,0.5772,0.2205,"(1, 512)","(1, 128)",variable_random
63,random_layer_13,Conv2d,MM,2048,1024,32,0.5403,0.0167,0.9233,"(1, 1024)","(1, 32)",variable_random
63,random_layer_14,Conv2d,MM,64,1024,128,0.0,0.3237,0.5288,"(1, 1024)","(1, 128)",variable_random
63,random_layer_15,Conv2d,MM,256,512,128,0.1823,0.0729,0.2771,"(1, 512)","(1, 128)",variable_random
63,random_layer_16,Conv2d,MM,128,64,128,0.0,0.0308,0.2402,"(1, 64)","(1, 128)",variable_random
63,random_layer_17,Linear,MM,128,1024,64,0.0,0.0841,0.7185,"(1, 1024)","(1, 64)",variable_random
63,random_layer_18,Linear,MM,64,64,512,0.0,0.5289,0.0064,"(1, 64)","(1, 512)",variable_random
63,random_layer_19,Linear,MM,256,64,256,0.4413,0.1342,0.5227,"(1, 64)","(1, 256)",variable_random
64,random_layer_0,Linear,MM,32,256,512,0.0,0.1227,0.5227,"(1, 256)","(1, 512)",variable_random
64,random_layer_1,Linear,MM,128,1024,32,0.0,0.6334,0.4776,"(1, 1024)","(1, 32)",variable_random
64,random_layer_2,Linear,MM,256,256,32,0.5362,0.1029,0.7796,"(1, 256)","(1, 32)",variable_random
64,random_layer_3,Linear,MM,32,1024,512,0.3169,0.4157,0.0917,"(1, 1024)","(1, 512)",variable_random
64,random_layer_4,Conv2d,MM,1024,512,256,0.3199,0.0658,0.7569,"(1, 512)","(1, 256)",variable_random
64,random_layer_5,Linear,MM,64,256,32,0.0,0.0331,0.6649,"(1, 256)","(1, 32)",variable_random
64,random_layer_6,Conv2d,MM,128,512,512,0.0725,0.1446,0.2076,"(1, 512)","(1, 512)",variable_random
64,random_layer_7,Conv2d,MM,32,256,256,0.038,0.5394,0.0629,"(1, 256)","(1, 256)",variable_random
64,random_layer_8,Linear,MM,256,512,256,0.493,0.1006,0.8804,"(1, 512)","(1, 256)",variable_random
64,random_layer_9,Conv2d,MM,128,512,128,0.1389,0.3229,0.7912,"(1, 512)","(1, 128)",variable_random
64,random_layer_10,Conv2d,MM,1024,64,512,0.4631,0.1222,0.1086,"(1, 64)","(1, 512)",variable_random
64,random_layer_11,Linear,MM,256,128,64,0.5076,0.4566,0.0031,"(1, 128)","(1, 64)",variable_random
64,random_layer_12,Linear,MM,32,512,512,0.493,0.3473,0.1128,"(1, 512)","(1, 512)",variable_random
64,random_layer_13,Linear,MM,1024,32,128,0.7283,0.5251,0.2253,"(1, 32)","(1, 128)",variable_random
64,random_layer_14,Conv2d,MM,2048,512,256,0.5512,0.1307,0.6902,"(1, 512)","(1, 256)",variable_random
64,random_layer_15,Conv2d,MM,512,512,32,0.0,0.5533,0.3405,"(1, 512)","(1, 32)",variable_random
64,random_layer_16,Conv2d,MM,1024,256,512,0.7328,0.1188,0.9259,"(1, 256)","(1, 512)",variable_random
64,random_layer_17,Linear,MM,1024,1024,32,0.1102,0.4509,0.6571,"(1, 1024)","(1, 32)",variable_random
64,random_layer_18,Conv2d,MM,256,64,256,0.3572,0.3404,0.8529,"(1, 64)","(1, 256)",variable_random
64,random_layer_19,Conv2d,MM,256,64,256,0.2402,0.6634,0.802,"(1, 64)","(1, 256)",variable_random
65,random_layer_0,Linear,MM,1024,32,64,0.0,0.0911,0.5916,"(1, 32)","(1, 64)",variable_random
65,random_layer_1,Conv2d,MM,512,512,32,0.1991,0.0635,0.6518,"(1, 512)","(1, 32)",variable_random
65,random_layer_2,Linear,MM,512,1024,128,0.3476,0.1014,0.6078,"(1, 1024)","(1, 128)",variable_random
65,random_layer_3,Conv2d,MM,128,64,64,0.0,0.094,0.4167,"(1, 64)","(1, 64)",variable_random
65,random_layer_4,Conv2d,MM,64,1024,128,0.0,0.6311,0.0135,"(1, 1024)","(1, 128)",variable_random
65,random_layer_5,Conv2d,MM,256,512,512,0.6521,0.0228,0.4648,"(1, 512)","(1, 512)",variable_random
65,random_layer_6,Conv2d,MM,2048,512,512,0.3323,0.6952,0.779,"(1, 512)","(1, 512)",variable_random
65,random_layer_7,Linear,MM,512,256,128,0.7276,0.0128,0.5319,"(1, 256)","(1, 128)",variable_random
65,random_layer_8,Linear,MM,32,32,512,0.1317,0.0309,0.5705,"(1, 32)","(1, 512)",variable_random
65,random_layer_9,Conv2d,MM,128,1024,512,0.0,0.5624,0.4279,"(1, 1024)","(1, 512)",variable_random
65,random_layer_10,Linear,MM,512,1024,32,0.5117,0.364,0.0916,"(1, 1024)","(1, 32)",variable_random
65,random_layer_11,Linear,MM,512,128,128,0.5367,0.5849,0.7075,"(1, 128)","(1, 128)",variable_random
65,random_layer_12,Conv2d,MM,128,32,64,0.6421,0.1067,0.5092,"(1, 32)","(1, 64)",variable_random
65,random_layer_13,Conv2d,MM,256,256,128,0.1576,0.657,0.2884,"(1, 256)","(1, 128)",variable_random
65,random_layer_14,Conv2d,MM,512,64,64,0.3196,0.1042,0.9051,"(1, 64)","(1, 64)",variable_random
65,random_layer_15,Conv2d,MM,128,64,512,0.3416,0.0852,0.7113,"(1, 64)","(1, 512)",variable_random
65,random_layer_16,Linear,MM,128,512,512,0.0,0.0895,0.8737,"(1, 512)","(1, 512)",variable_random
65,random_layer_17,Linear,MM,2048,256,128,0.0709,0.3014,0.3035,"(1, 256)","(1, 128)",variable_random
65,random_layer_18,Conv2d,MM,256,1024,32,0.6099,0.0672,0.9479,"(1, 1024)","(1, 32)",variable_random
65,random_layer_19,Linear,MM,1024,1024,512,0.0146,0.0321,0.5909,"(1, 1024)","(1, 512)",variable_random
66,random_layer_0,Linear,MM,2048,512,512,0.0019,0.0142,0.2827,"(1, 512)","(1, 512)",variable_random
66,random_layer_1,Conv2d,MM,512,64,512,0.0152,0.1029,0.2919,"(1, 64)","(1, 512)",variable_random
66,random_layer_2,Conv2d,MM,512,1024,32,0.1337,0.6935,0.0661,"(1, 1024)","(1, 32)",variable_random
66,random_layer_3,Linear,MM,32,128,64,0.6164,0.632,0.726,"(1, 128)","(1, 64)",variable_random
66,random_layer_4,Conv2d,MM,512,128,512,0.6549,0.0923,0.0439,"(1, 128)","(1, 512)",variable_random
66,random_layer_5,Conv2d,MM,64,64,64,0.0072,0.0153,0.8978,"(1, 64)","(1, 64)",variable_random
66,random_layer_6,Linear,MM,128,256,64,0.0,0.0483,0.4953,"(1, 256)","(1, 64)",variable_random
66,random_layer_7,Conv2d,MM,256,32,64,0.0,0.0395,0.8004,"(1, 32)","(1, 64)",variable_random
66,random_layer_8,Conv2d,MM,64,1024,128,0.1684,0.0822,0.1002,"(1, 1024)","(1, 128)",variable_random
66,random_layer_9,Linear,MM,64,32,64,0.0,0.5203,0.271,"(1, 32)","(1, 64)",variable_random
66,random_layer_10,Linear,MM,64,512,512,0.3325,0.3274,0.8072,"(1, 512)","(1, 512)",variable_random
66,random_layer_11,Linear,MM,2048,512,256,0.3104,0.0454,0.171,"(1, 512)","(1, 256)",variable_random
66,random_layer_12,Conv2d,MM,512,256,32,0.0,0.0402,0.3057,"(1, 256)","(1, 32)",variable_random
66,random_layer_13,Linear,MM,32,1024,64,0.369,0.3081,0.81,"(1, 1024)","(1, 64)",variable_random
66,random_layer_14,Conv2d,MM,32,256,128,0.5137,0.0793,0.1379,"(1, 256)","(1, 128)",variable_random
66,random_layer_15,Conv2d,MM,1024,512,256,0.0896,0.0142,0.8819,"(1, 512)","(1, 256)",variable_random
66,random_layer_16,Linear,MM,256,256,512,0.0,0.0104,0.1826,"(1, 256)","(1, 512)",variable_random
66,random_layer_17,Conv2d,MM,64,256,128,0.0,0.0275,0.1842,"(1, 256)","(1, 128)",variable_random
66,random_layer_18,Linear,MM,1024,128,256,0.0,0.1438,0.2837,"(1, 128)","(1, 256)",variable_random
66,random_layer_19,Linear,MM,1024,1024,32,0.2229,0.0997,0.0554,"(1, 1024)","(1, 32)",variable_random
67,random_layer_0,Conv2d,MM,1024,64,256,0.0,0.4592,0.0967,"(1, 64)","(1, 256)",variable_random
67,random_layer_1,Conv2d,MM,32,256,64,0.5135,0.3986,0.5103,"(1, 256)","(1, 64)",variable_random
67,random_layer_2,Linear,MM,2048,64,256,0.3104,0.053,0.6796,"(1, 64)","(1, 256)",variable_random
67,random_layer_3,Linear,MM,512,128,512,0.0984,0.026,0.0225,"(1, 128)","(1, 512)",variable_random
67,random_layer_4,Linear,MM,32,256,256,0.0,0.6388,0.7971,"(1, 256)","(1, 256)",variable_random
67,random_layer_5,Conv2d,MM,2048,512,64,0.6405,0.6955,0.6891,"(1, 512)","(1, 64)",variable_random
67,random_layer_6,Linear,MM,128,128,32,0.6148,0.6272,0.2865,"(1, 128)","(1, 32)",variable_random
67,random_layer_7,Conv2d,MM,32,1024,256,0.755,0.3008,0.5543,"(1, 1024)","(1, 256)",variable_random
67,random_layer_8,Conv2d,MM,2048,512,512,0.3388,0.3428,0.4125,"(1, 512)","(1, 512)",variable_random
67,random_layer_9,Linear,MM,2048,128,256,0.3111,0.0288,0.5138,"(1, 128)","(1, 256)",variable_random
67,random_layer_10,Conv2d,MM,128,256,512,0.2274,0.1134,0.0654,"(1, 256)","(1, 512)",variable_random
67,random_layer_11,Conv2d,MM,128,1024,512,0.1435,0.0565,0.8184,"(1, 1024)","(1, 512)",variable_random
67,random_layer_12,Linear,MM,32,1024,64,0.1504,0.4047,0.117,"(1, 1024)","(1, 64)",variable_random
67,random_layer_13,Conv2d,MM,256,512,32,0.4016,0.5911,0.8853,"(1, 512)","(1, 32)",variable_random
67,random_layer_14,Conv2d,MM,2048,32,64,0.5566,0.0071,0.9403,"(1, 32)","(1, 64)",variable_random
67,random_layer_15,Linear,MM,128,32,512,0.1505,0.0072,0.4106,"(1, 32)","(1, 512)",variable_random
67,random_layer_16,Conv2d,MM,512,64,32,0.2158,0.1354,0.2363,"(1, 64)","(1, 32)",variable_random
67,random_layer_17,Conv2d,MM,2048,128,128,0.0,0.1175,0.5172,"(1, 128)","(1, 128)",variable_random
67,random_layer_18,Linear,MM,512,32,128,0.6356,0.052,0.8638,"(1, 32)","(1, 128)",variable_random
67,random_layer_19,Conv2d,MM,64,512,32,0.0183,0.6754,0.6589,"(1, 512)","(1, 32)",variable_random
68,random_layer_0,Linear,MM,256,64,512,0.286,0.0281,0.8097,"(1, 64)","(1, 512)",variable_random
68,random_layer_1,Linear,MM,128,128,64,0.0032,0.1406,0.3454,"(1, 128)","(1, 64)",variable_random
68,random_layer_2,Conv2d,MM,64,64,128,0.1582,0.6907,0.3522,"(1, 64)","(1, 128)",variable_random
68,random_layer_3,Conv2d,MM,32,32,256,0.7563,0.1492,0.7451,"(1, 32)","(1, 256)",variable_random
68,random_layer_4,Linear,MM,256,64,64,0.1799,0.5429,0.7371,"(1, 64)","(1, 64)",variable_random
68,random_layer_5,Conv2d,MM,512,128,512,0.5227,0.4671,0.155,"(1, 128)","(1, 512)",variable_random
68,random_layer_6,Conv2d,MM,1024,64,64,0.4036,0.0142,0.9471,"(1, 64)","(1, 64)",variable_random
68,random_layer_7,Linear,MM,32,64,32,0.0805,0.5726,0.571,"(1, 64)","(1, 32)",variable_random
68,random_layer_8,Conv2d,MM,128,256,256,0.6795,0.3561,0.6627,"(1, 256)","(1, 256)",variable_random
68,random_layer_9,Linear,MM,2048,128,64,0.2302,0.0459,0.4026,"(1, 128)","(1, 64)",variable_random
68,random_layer_10,Conv2d,MM,256,256,256,0.2722,0.1362,0.2226,"(1, 256)","(1, 256)",variable_random
68,random_layer_11,Linear,MM,128,512,64,0.0,0.1457,0.5152,"(1, 512)","(1, 64)",variable_random
68,random_layer_12,Conv2d,MM,512,256,32,0.0866,0.4701,0.1566,"(1, 256)","(1, 32)",variable_random
68,random_layer_13,Conv2d,MM,64,32,32,0.3985,0.1463,0.0819,"(1, 32)","(1, 32)",variable_random
68,random_layer_14,Linear,MM,512,512,512,0.1347,0.5671,0.451,"(1, 512)","(1, 512)",variable_random
68,random_layer_15,Linear,MM,256,32,512,0.3025,0.602,0.6307,"(1, 32)","(1, 512)",variable_random
68,random_layer_16,Linear,MM,128,128,512,0.5019,0.4054,0.1407,"(1, 128)","(1, 512)",variable_random
68,random_layer_17,Linear,MM,64,64,32,0.086,0.086,0.6082,"(1, 64)","(1, 32)",variable_random
68,random_layer_18,Conv2d,MM,32,32,128,0.0,0.0756,0.5209,"(1, 32)","(1, 128)",variable_random
68,random_layer_19,Linear,MM,1024,1024,32,0.1768,0.3615,0.0607,"(1, 1024)","(1, 32)",variable_random
69,random_layer_0,Linear,MM,512,64,512,0.0403,0.0546,0.8191,"(1, 64)","(1, 512)",variable_random
69,random_layer_1,Linear,MM,128,256,64,0.0116,0.0259,0.306,"(1, 256)","(1, 64)",variable_random
69,random_layer_2,Conv2d,MM,1024,256,512,0.1996,0.091,0.9203,"(1, 256)","(1, 512)",variable_random
69,random_layer_3,Linear,MM,64,512,32,0.1156,0.0858,0.2948,"(1, 512)","(1, 32)",variable_random
69,random_layer_4,Linear,MM,2048,256,64,0.0886,0.5672,0.2807,"(1, 256)","(1, 64)",variable_random
69,random_layer_5,Linear,MM,512,512,512,0.8688,0.1145,0.8069,"(1, 512)","(1, 512)",variable_random
69,random_layer_6,Conv2d,MM,32,1024,128,0.2215,0.1208,0.1609,"(1, 1024)","(1, 128)",variable_random
69,random_layer_7,Conv2d,MM,128,32,256,0.0901,0.5897,0.5852,"(1, 32)","(1, 256)",variable_random
69,random_layer_8,Linear,MM,64,128,32,0.6152,0.4183,0.1406,"(1, 128)","(1, 32)",variable_random
69,random_layer_9,Conv2d,MM,32,1024,512,0.416,0.5581,0.8544,"(1, 1024)","(1, 512)",variable_random
69,random_layer_10,Linear,MM,128,1024,128,0.7291,0.0103,0.6387,"(1, 1024)","(1, 128)",variable_random
69,random_layer_11,Linear,MM,1024,32,32,0.0142,0.0396,0.7979,"(1, 32)","(1, 32)",variable_random
69,random_layer_12,Linear,MM,128,512,64,0.2796,0.4979,0.0017,"(1, 512)","(1, 64)",variable_random
69,random_layer_13,Conv2d,MM,32,128,32,0.5506,0.4848,0.085,"(1, 128)","(1, 32)",variable_random
69,random_layer_14,Conv2d,MM,32,256,64,0.6168,0.0972,0.2871,"(1, 256)","(1, 64)",variable_random
69,random_layer_15,Linear,MM,32,512,512,0.3197,0.3226,0.4829,"(1, 512)","(1, 512)",variable_random
69,random_layer_16,Linear,MM,32,128,512,0.3897,0.6443,0.2561,"(1, 128)","(1, 512)",variable_random
69,random_layer_17,Conv2d,MM,128,128,512,0.9002,0.4084,0.8443,"(1, 128)","(1, 512)",variable_random
69,random_layer_18,Conv2d,MM,128,256,32,0.7544,0.4005,0.8625,"(1, 256)","(1, 32)",variable_random
69,random_layer_19,Conv2d,MM,128,1024,64,0.3275,0.5386,0.7402,"(1, 1024)","(1, 64)",variable_random
70,random_layer_0,Conv2d,MM,2048,128,32,0.0,0.6468,0.8261,"(1, 128)","(1, 32)",variable_random
70,random_layer_1,Linear,MM,512,256,32,0.5717,0.5563,0.5336,"(1, 256)","(1, 32)",variable_random
70,random_layer_2,Conv2d,MM,256,64,256,0.4887,0.6102,0.1922,"(1, 64)","(1, 256)",variable_random
70,random_layer_3,Linear,MM,64,64,64,0.5029,0.0296,0.3665,"(1, 64)","(1, 64)",variable_random
70,random_layer_4,Linear,MM,128,256,512,0.2043,0.3762,0.9281,"(1, 256)","(1, 512)",variable_random
70,random_layer_5,Conv2d,MM,128,32,512,0.3009,0.0582,0.4487,"(1, 32)","(1, 512)",variable_random
70,random_layer_6,Conv2d,MM,256,1024,128,0.3022,0.3496,0.5002,"(1, 1024)","(1, 128)",variable_random
70,random_layer_7,Linear,MM,32,256,128,0.3309,0.4602,0.0521,"(1, 256)","(1, 128)",variable_random
70,random_layer_8,Conv2d,MM,256,32,256,0.3508,0.1104,0.7214,"(1, 32)","(1, 256)",variable_random
70,random_layer_9,Conv2d,MM,256,256,512,0.1609,0.3898,0.2438,"(1, 256)","(1, 512)",variable_random
70,random_layer_10,Conv2d,MM,128,64,256,0.5088,0.0206,0.2417,"(1, 64)","(1, 256)",variable_random
70,random_layer_11,Linear,MM,512,32,128,0.0,0.1257,0.0911,"(1, 32)","(1, 128)",variable_random
70,random_layer_12,Conv2d,MM,1024,64,128,0.0611,0.421,0.3423,"(1, 64)","(1, 128)",variable_random
70,random_layer_13,Linear,MM,1024,256,32,0.5807,0.051,0.7315,"(1, 256)","(1, 32)",variable_random
70,random_layer_14,Linear,MM,512,32,32,0.0058,0.5094,0.2931,"(1, 32)","(1, 32)",variable_random
70,random_layer_15,Conv2d,MM,64,256,64,0.3163,0.5564,0.1556,"(1, 256)","(1, 64)",variable_random
70,random_layer_16,Linear,MM,128,32,128,0.2299,0.4421,0.2417,"(1, 32)","(1, 128)",variable_random
70,random_layer_17,Conv2d,MM,128,64,256,0.1957,0.0552,0.3702,"(1, 64)","(1, 256)",variable_random
70,random_layer_18,Linear,MM,512,1024,64,0.1507,0.0623,0.5914,"(1, 1024)","(1, 64)",variable_random
70,random_layer_19,Linear,MM,32,256,256,0.2637,0.3829,0.6108,"(1, 256)","(1, 256)",variable_random
71,random_layer_0,Conv2d,MM,512,32,32,0.2083,0.4335,0.5602,"(1, 32)","(1, 32)",variable_random
71,random_layer_1,Linear,MM,128,512,32,0.658,0.5015,0.4077,"(1, 512)","(1, 32)",variable_random
71,random_layer_2,Linear,MM,512,64,512,0.4213,0.5977,0.2248,"(1, 64)","(1, 512)",variable_random
71,random_layer_3,Conv2d,MM,256,512,32,0.4763,0.0285,0.8316,"(1, 512)","(1, 32)",variable_random
71,random_layer_4,Conv2d,MM,1024,512,32,0.059,0.029,0.0153,"(1, 512)","(1, 32)",variable_random
71,random_layer_5,Conv2d,MM,512,32,512,0.2083,0.0245,0.5263,"(1, 32)","(1, 512)",variable_random
71,random_layer_6,Conv2d,MM,512,32,64,0.2839,0.0369,0.3432,"(1, 32)","(1, 64)",variable_random
71,random_layer_7,Conv2d,MM,32,128,512,0.0073,0.6645,0.7161,"(1, 128)","(1, 512)",variable_random
71,random_layer_8,Conv2d,MM,32,128,128,0.6165,0.6229,0.8446,"(1, 128)","(1, 128)",variable_random
71,random_layer_9,Conv2d,MM,128,128,512,0.6495,0.0784,0.7447,"(1, 128)","(1, 512)",variable_random
71,random_layer_10,Conv2d,MM,512,128,512,0.2344,0.0924,0.4036,"(1, 128)","(1, 512)",variable_random
71,random_layer_11,Linear,MM,64,512,32,0.0794,0.456,0.0093,"(1, 512)","(1, 32)",variable_random
71,random_layer_12,Conv2d,MM,64,64,256,0.2483,0.0407,0.5695,"(1, 64)","(1, 256)",variable_random
71,random_layer_13,Linear,MM,1024,32,128,0.0,0.423,0.2552,"(1, 32)","(1, 128)",variable_random
71,random_layer_14,Conv2d,MM,512,512,512,0.3447,0.0675,0.7951,"(1, 512)","(1, 512)",variable_random
71,random_layer_15,Conv2d,MM,256,128,32,0.0,0.1416,0.3896,"(1, 128)","(1, 32)",variable_random
71,random_layer_16,Conv2d,MM,128,256,128,0.0,0.021,0.1728,"(1, 256)","(1, 128)",variable_random
71,random_layer_17,Linear,MM,512,32,256,0.1963,0.3287,0.6597,"(1, 32)","(1, 256)",variable_random
71,random_layer_18,Conv2d,MM,32,128,64,0.4481,0.0067,0.4073,"(1, 128)","(1, 64)",variable_random
71,random_layer_19,Linear,MM,1024,32,64,0.0034,0.522,0.5383,"(1, 32)","(1, 64)",variable_random
72,random_layer_0,Linear,MM,512,128,128,0.1021,0.142,0.5683,"(1, 128)","(1, 128)",variable_random
72,random_layer_1,Linear,MM,2048,512,32,0.2675,0.6509,0.4479,"(1, 512)","(1, 32)",variable_random
72,random_layer_2,Linear,MM,32,32,256,0.7375,0.4984,0.6771,"(1, 32)","(1, 256)",variable_random
72,random_layer_3,Linear,MM,512,1024,256,0.5067,0.1117,0.7129,"(1, 1024)","(1, 256)",variable_random
72,random_layer_4,Linear,MM,1024,32,512,0.2849,0.0993,0.1291,"(1, 32)","(1, 512)",variable_random
72,random_layer_5,Linear,MM,64,256,32,0.0912,0.1166,0.3949,"(1, 256)","(1, 32)",variable_random
72,random_layer_6,Conv2d,MM,1024,64,128,0.2905,0.5138,0.9161,"(1, 64)","(1, 128)",variable_random
72,random_layer_7,Conv2d,MM,2048,128,128,0.3076,0.0603,0.2401,"(1, 128)","(1, 128)",variable_random
72,random_layer_8,Conv2d,MM,128,32,64,0.1818,0.506,0.1464,"(1, 32)","(1, 64)",variable_random
72,random_layer_9,Conv2d,MM,2048,256,256,0.459,0.1047,0.5722,"(1, 256)","(1, 256)",variable_random
72,random_layer_10,Conv2d,MM,128,256,32,0.1069,0.0348,0.3698,"(1, 256)","(1, 32)",variable_random
72,random_layer_11,Linear,MM,1024,128,64,0.0,0.6488,0.0267,"(1, 128)","(1, 64)",variable_random
72,random_layer_12,Conv2d,MM,128,128,32,0.6834,0.1151,0.8884,"(1, 128)","(1, 32)",variable_random
72,random_layer_13,Linear,MM,32,256,32,0.0016,0.6479,0.2301,"(1, 256)","(1, 32)",variable_random
72,random_layer_14,Linear,MM,64,1024,256,0.8356,0.5763,0.4226,"(1, 1024)","(1, 256)",variable_random
72,random_layer_15,Linear,MM,256,128,256,0.4836,0.6053,0.5752,"(1, 128)","(1, 256)",variable_random
72,random_layer_16,Conv2d,MM,2048,256,128,0.7036,0.6468,0.4026,"(1, 256)","(1, 128)",variable_random
72,random_layer_17,Conv2d,MM,128,1024,128,0.5378,0.1153,0.1131,"(1, 1024)","(1, 128)",variable_random
72,random_layer_18,Linear,MM,1024,512,256,0.0407,0.0754,0.9431,"(1, 512)","(1, 256)",variable_random
72,random_layer_19,Conv2d,MM,64,32,32,0.0958,0.1329,0.496,"(1, 32)","(1, 32)",variable_random
73,random_layer_0,Linear,MM,32,64,512,0.1752,0.0607,0.5436,"(1, 64)","(1, 512)",variable_random
73,random_layer_1,Linear,MM,1024,512,64,0.1529,0.1473,0.0764,"(1, 512)","(1, 64)",variable_random
73,random_layer_2,Conv2d,MM,2048,32,256,0.2711,0.0916,0.0094,"(1, 32)","(1, 256)",variable_random
73,random_layer_3,Conv2d,MM,128,64,32,0.0,0.5345,0.2452,"(1, 64)","(1, 32)",variable_random
73,random_layer_4,Conv2d,MM,2048,512,256,0.5332,0.6662,0.2657,"(1, 512)","(1, 256)",variable_random
73,random_layer_5,Conv2d,MM,512,64,512,0.4021,0.0975,0.8178,"(1, 64)","(1, 512)",variable_random
73,random_layer_6,Conv2d,MM,128,32,128,0.1847,0.1357,0.417,"(1, 32)","(1, 128)",variable_random
73,random_layer_7,Conv2d,MM,1024,1024,64,0.3801,0.0508,0.0868,"(1, 1024)","(1, 64)",variable_random
73,random_layer_8,Linear,MM,256,64,256,0.0,0.5279,0.1568,"(1, 64)","(1, 256)",variable_random
73,random_layer_9,Linear,MM,128,128,256,0.6681,0.5192,0.5737,"(1, 128)","(1, 256)",variable_random
73,random_layer_10,Conv2d,MM,32,128,128,0.5612,0.5535,0.7307,"(1, 128)","(1, 128)",variable_random
73,random_layer_11,Linear,MM,512,128,64,0.6502,0.1363,0.3726,"(1, 128)","(1, 64)",variable_random
73,random_layer_12,Linear,MM,1024,1024,512,0.0233,0.0254,0.0904,"(1, 1024)","(1, 512)",variable_random
73,random_layer_13,Linear,MM,2048,128,64,0.0,0.1023,0.1114,"(1, 128)","(1, 64)",variable_random
73,random_layer_14,Conv2d,MM,32,256,32,0.1104,0.0655,0.0346,"(1, 256)","(1, 32)",variable_random
73,random_layer_15,Linear,MM,1024,32,512,0.0466,0.402,0.6126,"(1, 32)","(1, 512)",variable_random
73,random_layer_16,Conv2d,MM,32,32,128,0.3198,0.588,0.7175,"(1, 32)","(1, 128)",variable_random
73,random_layer_17,Conv2d,MM,512,1024,64,0.4655,0.6261,0.3461,"(1, 1024)","(1, 64)",variable_random
73,random_layer_18,Conv2d,MM,128,512,64,0.3344,0.3303,0.6673,"(1, 512)","(1, 64)",variable_random
73,random_layer_19,Linear,MM,64,64,512,0.1821,0.5279,0.0656,"(1, 64)","(1, 512)",variable_random
74,random_layer_0,Conv2d,MM,2048,1024,32,0.0,0.106,0.3895,"(1, 1024)","(1, 32)",variable_random
74,random_layer_1,Linear,MM,1024,1024,64,0.2589,0.4793,0.5447,"(1, 1024)","(1, 64)",variable_random
74,random_layer_2,Conv2d,MM,128,32,64,0.4545,0.1207,0.8752,"(1, 32)","(1, 64)",variable_random
74,random_layer_3,Linear,MM,256,512,64,0.0551,0.0107,0.276,"(1, 512)","(1, 64)",variable_random
74,random_layer_4,Linear,MM,2048,512,256,0.0,0.008,0.3876,"(1, 512)","(1, 256)",variable_random
74,random_layer_5,Linear,MM,128,256,512,0.3151,0.3594,0.6741,"(1, 256)","(1, 512)",variable_random
74,random_layer_6,Linear,MM,256,1024,256,0.6866,0.0448,0.6163,"(1, 1024)","(1, 256)",variable_random
74,random_layer_7,Linear,MM,256,1024,32,0.0,0.3327,0.2981,"(1, 1024)","(1, 32)",variable_random
74,random_layer_8,Linear,MM,512,256,512,0.1439,0.4656,0.5882,"(1, 256)","(1, 512)",variable_random
74,random_layer_9,Conv2d,MM,1024,32,256,0.3066,0.5535,0.0575,"(1, 32)","(1, 256)",variable_random
74,random_layer_10,Linear,MM,64,64,32,0.49,0.6895,0.0537,"(1, 64)","(1, 32)",variable_random
74,random_layer_11,Linear,MM,256,1024,32,0.9703,0.0138,0.7774,"(1, 1024)","(1, 32)",variable_random
74,random_layer_12,Conv2d,MM,1024,64,128,0.1044,0.0549,0.8398,"(1, 64)","(1, 128)",variable_random
74,random_layer_13,Linear,MM,128,256,128,0.0,0.1227,0.4041,"(1, 256)","(1, 128)",variable_random
74,random_layer_14,Conv2d,MM,256,64,128,0.1233,0.4815,0.3681,"(1, 64)","(1, 128)",variable_random
74,random_layer_15,Conv2d,MM,32,512,128,0.4768,0.4693,0.9313,"(1, 512)","(1, 128)",variable_random
74,random_layer_16,Linear,MM,32,256,64,0.4743,0.0086,0.076,"(1, 256)","(1, 64)",variable_random
74,random_layer_17,Conv2d,MM,256,32,512,0.3073,0.4279,0.7592,"(1, 32)","(1, 512)",variable_random
74,random_layer_18,Linear,MM,128,64,512,0.5993,0.0414,0.2936,"(1, 64)","(1, 512)",variable_random
74,random_layer_19,Linear,MM,64,512,512,0.2963,0.0746,0.6998,"(1, 512)","(1, 512)",variable_random
75,random_layer_0,Conv2d,MM,128,32,64,0.0,0.0391,0.6087,"(1, 32)","(1, 64)",variable_random
75,random_layer_1,Conv2d,MM,256,64,64,0.2327,0.4823,0.3453,"(1, 64)","(1, 64)",variable_random
75,random_layer_2,Conv2d,MM,1024,256,128,0.3068,0.3238,0.2966,"(1, 256)","(1, 128)",variable_random
75,random_layer_3,Linear,MM,1024,128,512,0.3085,0.539,0.544,"(1, 128)","(1, 512)",variable_random
75,random_layer_4,Linear,MM,64,256,512,0.5873,0.5284,0.3185,"(1, 256)","(1, 512)",variable_random
75,random_layer_5,Conv2d,MM,1024,64,128,0.5412,0.4592,0.5117,"(1, 64)","(1, 128)",variable_random
75,random_layer_6,Conv2d,MM,128,64,32,0.8145,0.3758,0.728,"(1, 64)","(1, 32)",variable_random
75,random_layer_7,Conv2d,MM,512,256,256,0.2389,0.5531,0.4179,"(1, 256)","(1, 256)",variable_random
75,random_layer_8,Linear,MM,128,32,32,0.7322,0.5702,0.2343,"(1, 32)","(1, 32)",variable_random
75,random_layer_9,Conv2d,MM,512,512,128,0.6509,0.015,0.7506,"(1, 512)","(1, 128)",variable_random
75,random_layer_10,Conv2d,MM,512,64,512,0.0464,0.0116,0.4772,"(1, 64)","(1, 512)",variable_random
75,random_layer_11,Linear,MM,2048,64,32,0.0322,0.0453,0.5205,"(1, 64)","(1, 32)",variable_random
75,random_layer_12,Linear,MM,512,64,32,0.0,0.1072,0.7506,"(1, 64)","(1, 32)",variable_random
75,random_layer_13,Linear,MM,512,1024,32,0.3566,0.5908,0.2782,"(1, 1024)","(1, 32)",variable_random
75,random_layer_14,Linear,MM,64,512,32,0.5548,0.0883,0.141,"(1, 512)","(1, 32)",variable_random
75,random_layer_15,Linear,MM,256,512,64,0.0028,0.6969,0.8731,"(1, 512)","(1, 64)",variable_random
75,random_layer_16,Linear,MM,512,256,256,0.7926,0.0715,0.0223,"(1, 256)","(1, 256)",variable_random
75,random_layer_17,Conv2d,MM,512,256,256,0.0494,0.0152,0.7434,"(1, 256)","(1, 256)",variable_random
75,random_layer_18,Linear,MM,2048,1024,256,0.0634,0.397,0.9258,"(1, 1024)","(1, 256)",variable_random
75,random_layer_19,Linear,MM,2048,128,128,0.4417,0.0782,0.7962,"(1, 128)","(1, 128)",variable_random
76,random_layer_0,Linear,MM,2048,128,64,0.1276,0.5086,0.5493,"(1, 128)","(1, 64)",variable_random
76,random_layer_1,Conv2d,MM,128,512,32,0.6037,0.0199,0.472,"(1, 512)","(1, 32)",variable_random
76,random_layer_2,Linear,MM,1024,256,32,0.0,0.4725,0.2615,"(1, 256)","(1, 32)",variable_random
76,random_layer_3,Linear,MM,512,256,32,0.7333,0.4842,0.8081,"(1, 256)","(1, 32)",variable_random
76,random_layer_4,Linear,MM,128,1024,32,0.6334,0.3842,0.3727,"(1, 1024)","(1, 32)",variable_random
76,random_layer_5,Linear,MM,32,128,64,0.4163,0.0695,0.3408,"(1, 128)","(1, 64)",variable_random
76,random_layer_6,Linear,MM,2048,256,128,0.0,0.58,0.1848,"(1, 256)","(1, 128)",variable_random
76,random_layer_7,Linear,MM,32,1024,256,0.8163,0.1379,0.5212,"(1, 1024)","(1, 256)",variable_random
76,random_layer_8,Linear,MM,128,256,512,0.1609,0.108,0.0747,"(1, 256)","(1, 512)",variable_random
76,random_layer_9,Linear,MM,2048,128,64,0.1892,0.1438,0.7159,"(1, 128)","(1, 64)",variable_random
76,random_layer_10,Linear,MM,1024,256,256,0.1163,0.0368,0.4369,"(1, 256)","(1, 256)",variable_random
76,random_layer_11,Linear,MM,1024,64,32,0.0984,0.4556,0.214,"(1, 64)","(1, 32)",variable_random
76,random_layer_12,Linear,MM,512,128,512,0.5509,0.1367,0.4859,"(1, 128)","(1, 512)",variable_random
76,random_layer_13,Conv2d,MM,64,512,256,0.2462,0.309,0.1004,"(1, 512)","(1, 256)",variable_random
76,random_layer_14,Conv2d,MM,128,64,256,0.4282,0.4031,0.6836,"(1, 64)","(1, 256)",variable_random
76,random_layer_15,Linear,MM,32,128,32,0.4322,0.656,0.625,"(1, 128)","(1, 32)",variable_random
76,random_layer_16,Conv2d,MM,256,256,256,0.3992,0.5538,0.782,"(1, 256)","(1, 256)",variable_random
76,random_layer_17,Conv2d,MM,2048,128,512,0.4872,0.6869,0.8034,"(1, 128)","(1, 512)",variable_random
76,random_layer_18,Linear,MM,64,512,256,0.6733,0.4931,0.3662,"(1, 512)","(1, 256)",variable_random
76,random_layer_19,Linear,MM,256,1024,512,0.412,0.0425,0.3089,"(1, 1024)","(1, 512)",variable_random
77,random_layer_0,Conv2d,MM,256,64,512,0.1608,0.0532,0.593,"(1, 64)","(1, 512)",variable_random
77,random_layer_1,Conv2d,MM,128,32,128,0.3197,0.6563,0.2776,"(1, 32)","(1, 128)",variable_random
77,random_layer_2,Linear,MM,128,64,64,0.7017,0.0546,0.9119,"(1, 64)","(1, 64)",variable_random
77,random_layer_3,Linear,MM,64,1024,64,0.0115,0.0511,0.9123,"(1, 1024)","(1, 64)",variable_random
77,random_layer_4,Conv2d,MM,64,1024,32,0.0,0.382,0.6972,"(1, 1024)","(1, 32)",variable_random
77,random_layer_5,Linear,MM,128,32,32,0.3414,0.5209,0.9447,"(1, 32)","(1, 32)",variable_random
77,random_layer_6,Linear,MM,2048,512,128,0.5867,0.034,0.2334,"(1, 512)","(1, 128)",variable_random
77,random_layer_7,Conv2d,MM,1024,1024,128,0.0,0.5854,0.1453,"(1, 1024)","(1, 128)",variable_random
77,random_layer_8,Conv2d,MM,128,512,512,0.5482,0.6198,0.7912,"(1, 512)","(1, 512)",variable_random
77,random_layer_9,Linear,MM,2048,256,128,0.4474,0.0227,0.4949,"(1, 256)","(1, 128)",variable_random
77,random_layer_10,Conv2d,MM,256,256,32,0.2044,0.0447,0.877,"(1, 256)","(1, 32)",variable_random
77,random_layer_11,Conv2d,MM,2048,1024,64,0.1498,0.5007,0.1336,"(1, 1024)","(1, 64)",variable_random
77,random_layer_12,Conv2d,MM,256,32,256,0.1458,0.519,0.2547,"(1, 32)","(1, 256)",variable_random
77,random_layer_13,Linear,MM,2048,32,32,0.5289,0.4703,0.8309,"(1, 32)","(1, 32)",variable_random
77,random_layer_14,Conv2d,MM,2048,256,512,0.6398,0.5231,0.9333,"(1, 256)","(1, 512)",variable_random
77,random_layer_15,Linear,MM,64,1024,128,0.5694,0.3767,0.8371,"(1, 1024)","(1, 128)",variable_random
77,random_layer_16,Conv2d,MM,32,64,64,0.2057,0.6115,0.5737,"(1, 64)","(1, 64)",variable_random
77,random_layer_17,Conv2d,MM,256,512,128,0.6173,0.0913,0.2158,"(1, 512)","(1, 128)",variable_random
77,random_layer_18,Linear,MM,32,64,128,0.0,0.0905,0.4972,"(1, 64)","(1, 128)",variable_random
77,random_layer_19,Linear,MM,512,64,64,0.1146,0.0524,0.3139,"(1, 64)","(1, 64)",variable_random
78,random_layer_0,Conv2d,MM,128,1024,512,0.0,0.3457,0.8885,"(1, 1024)","(1, 512)",variable_random
78,random_layer_1,Linear,MM,1024,512,128,0.5459,0.0959,0.1989,"(1, 512)","(1, 128)",variable_random
78,random_layer_2,Linear,MM,1024,64,512,0.0,0.3437,0.1633,"(1, 64)","(1, 512)",variable_random
78,random_layer_3,Conv2d,MM,512,256,512,0.2675,0.0,0.0007,"(1, 256)","(1, 512)",variable_random
78,random_layer_4,Linear,MM,32,64,64,0.0,0.1481,0.2107,"(1, 64)","(1, 64)",variable_random
78,random_layer_5,Linear,MM,128,64,128,0.0247,0.0506,0.0492,"(1, 64)","(1, 128)",variable_random
78,random_layer_6,Conv2d,MM,32,64,512,0.0136,0.1246,0.2656,"(1, 64)","(1, 512)",variable_random
78,random_layer_7,Conv2d,MM,32,256,64,0.1763,0.0573,0.3351,"(1, 256)","(1, 64)",variable_random
78,random_layer_8,Linear,MM,32,128,32,0.153,0.5115,0.272,"(1, 128)","(1, 32)",variable_random
78,random_layer_9,Linear,MM,1024,64,64,0.3856,0.118,0.9139,"(1, 64)","(1, 64)",variable_random
78,random_layer_10,Linear,MM,512,512,64,0.1624,0.1096,0.1979,"(1, 512)","(1, 64)",variable_random
78,random_layer_11,Conv2d,MM,128,128,256,0.0232,0.657,0.646,"(1, 128)","(1, 256)",variable_random
78,random_layer_12,Linear,MM,32,128,32,0.5278,0.0818,0.6563,"(1, 128)","(1, 32)",variable_random
78,random_layer_13,Conv2d,MM,64,128,32,0.0292,0.5237,0.3279,"(1, 128)","(1, 32)",variable_random
78,random_layer_14,Linear,MM,128,32,64,0.4354,0.4055,0.3119,"(1, 32)","(1, 64)",variable_random
78,random_layer_15,Linear,MM,64,256,256,0.4802,0.0009,0.0717,"(1, 256)","(1, 256)",variable_random
78,random_layer_16,Linear,MM,1024,64,64,0.0,0.5885,0.4935,"(1, 64)","(1, 64)",variable_random
78,random_layer_17,Linear,MM,64,1024,32,0.2221,0.5246,0.1566,"(1, 1024)","(1, 32)",variable_random
78,random_layer_18,Linear,MM,512,256,64,0.2482,0.3433,0.0056,"(1, 256)","(1, 64)",variable_random
78,random_layer_19,Linear,MM,32,128,256,0.2538,0.1131,0.5503,"(1, 128)","(1, 256)",variable_random
79,random_layer_0,Linear,MM,32,256,256,0.0,0.4235,0.8954,"(1, 256)","(1, 256)",variable_random
79,random_layer_1,Linear,MM,128,64,128,0.2839,0.5414,0.8959,"(1, 64)","(1, 128)",variable_random
79,random_layer_2,Linear,MM,1024,64,512,0.5007,0.5824,0.4791,"(1, 64)","(1, 512)",variable_random
79,random_layer_3,Conv2d,MM,256,1024,32,0.6266,0.103,0.7469,"(1, 1024)","(1, 32)",variable_random
79,random_layer_4,Linear,MM,64,32,256,0.1965,0.0557,0.5305,"(1, 32)","(1, 256)",variable_random
79,random_layer_5,Linear,MM,64,256,256,0.1447,0.0433,0.6207,"(1, 256)","(1, 256)",variable_random
79,random_layer_6,Conv2d,MM,1024,128,128,0.0,0.0473,0.3669,"(1, 128)","(1, 128)",variable_random
79,random_layer_7,Linear,MM,32,64,64,0.0,0.4554,0.7344,"(1, 64)","(1, 64)",variable_random
79,random_layer_8,Linear,MM,64,32,64,0.4639,0.3901,0.0764,"(1, 32)","(1, 64)",variable_random
79,random_layer_9,Conv2d,MM,64,256,128,0.5261,0.5175,0.455,"(1, 256)","(1, 128)",variable_random
79,random_layer_10,Conv2d,MM,256,512,32,0.8063,0.0047,0.1618,"(1, 512)","(1, 32)",variable_random
79,random_layer_11,Linear,MM,128,64,128,0.0,0.0798,0.6721,"(1, 64)","(1, 128)",variable_random
79,random_layer_12,Conv2d,MM,64,512,256,0.0,0.0665,0.2636,"(1, 512)","(1, 256)",variable_random
79,random_layer_13,Conv2d,MM,64,64,64,0.1184,0.5712,0.6089,"(1, 64)","(1, 64)",variable_random
79,random_layer_14,Conv2d,MM,64,64,512,0.5814,0.0162,0.292,"(1, 64)","(1, 512)",variable_random
79,random_layer_15,Conv2d,MM,32,64,32,0.0,0.0728,0.7615,"(1, 64)","(1, 32)",variable_random
79,random_layer_16,Linear,MM,2048,512,512,0.0,0.5267,0.3627,"(1, 512)","(1, 512)",variable_random
79,random_layer_17,Linear,MM,256,128,32,0.4688,0.6044,0.6315,"(1, 128)","(1, 32)",variable_random
79,random_layer_18,Linear,MM,1024,256,64,0.8844,0.0604,0.6417,"(1, 256)","(1, 64)",variable_random
79,random_layer_19,Conv2d,MM,64,64,64,0.0674,0.3784,0.4177,"(1, 64)","(1, 64)",variable_random
80,random_layer_0,Conv2d,MM,128,256,128,0.0,0.5331,0.4833,"(1, 256)","(1, 128)",variable_random
80,random_layer_1,Linear,MM,128,512,32,0.7284,0.1238,0.3645,"(1, 512)","(1, 32)",variable_random
80,random_layer_2,Linear,MM,128,256,64,0.1837,0.0366,0.1247,"(1, 256)","(1, 64)",variable_random
80,random_layer_3,Conv2d,MM,32,512,128,0.1829,0.0196,0.5259,"(1, 512)","(1, 128)",variable_random
80,random_layer_4,Linear,MM,64,32,32,0.0,0.0285,0.8029,"(1, 32)","(1, 32)",variable_random
80,random_layer_5,Conv2d,MM,256,1024,32,0.1977,0.347,0.4266,"(1, 1024)","(1, 32)",variable_random
80,random_layer_6,Conv2d,MM,256,64,32,0.3846,0.5983,0.1163,"(1, 64)","(1, 32)",variable_random
80,random_layer_7,Conv2d,MM,2048,128,64,0.6337,0.0,0.586,"(1, 128)","(1, 64)",variable_random
80,random_layer_8,Linear,MM,64,1024,64,0.0,0.1156,0.3308,"(1, 1024)","(1, 64)",variable_random
80,random_layer_9,Linear,MM,256,256,64,0.0,0.5045,0.6331,"(1, 256)","(1, 64)",variable_random
80,random_layer_10,Linear,MM,512,32,512,0.7563,0.3255,0.1292,"(1, 32)","(1, 512)",variable_random
80,random_layer_11,Linear,MM,1024,32,256,0.3856,0.0477,0.3695,"(1, 32)","(1, 256)",variable_random
80,random_layer_12,Conv2d,MM,2048,64,32,0.1179,0.0975,0.4752,"(1, 64)","(1, 32)",variable_random
80,random_layer_13,Conv2d,MM,32,256,512,0.2502,0.4903,0.2536,"(1, 256)","(1, 512)",variable_random
80,random_layer_14,Linear,MM,512,32,32,0.5892,0.5931,0.6935,"(1, 32)","(1, 32)",variable_random
80,random_layer_15,Linear,MM,512,32,64,0.6563,0.4305,0.7436,"(1, 32)","(1, 64)",variable_random
80,random_layer_16,Conv2d,MM,32,32,32,0.2859,0.1299,0.3136,"(1, 32)","(1, 32)",variable_random
80,random_layer_17,Linear,MM,256,1024,256,0.1248,0.5528,0.2693,"(1, 1024)","(1, 256)",variable_random
80,random_layer_18,Conv2d,MM,1024,512,128,0.5878,0.6202,0.9409,"(1, 512)","(1, 128)",variable_random
80,random_layer_19,Conv2d,MM,1024,256,64,0.795,0.6163,0.7514,"(1, 256)","(1, 64)",variable_random
81,random_layer_0,Conv2d,MM,2048,128,256,0.1046,0.3978,0.0317,"(1, 128)","(1, 256)",variable_random
81,random_layer_1,Linear,MM,512,64,32,0.4887,0.6772,0.9142,"(1, 64)","(1, 32)",variable_random
81,random_layer_2,Conv2d,MM,64,1024,32,0.4895,0.5147,0.5908,"(1, 1024)","(1, 32)",variable_random
81,random_layer_3,Linear,MM,64,256,256,0.3651,0.0654,0.7072,"(1, 256)","(1, 256)",variable_random
81,random_layer_4,Conv2d,MM,512,128,64,0.0,0.41,0.7133,"(1, 128)","(1, 64)",variable_random
81,random_layer_5,Linear,MM,512,1024,32,0.4157,0.0904,0.0973,"(1, 1024)","(1, 32)",variable_random
81,random_layer_6,Conv2d,MM,128,128,64,0.0799,0.0337,0.709,"(1, 128)","(1, 64)",variable_random
81,random_layer_7,Linear,MM,2048,32,32,0.1528,0.1392,0.338,"(1, 32)","(1, 32)",variable_random
81,random_layer_8,Conv2d,MM,32,128,128,0.0,0.4375,0.4671,"(1, 128)","(1, 128)",variable_random
81,random_layer_9,Linear,MM,256,256,32,0.3739,0.5844,0.0446,"(1, 256)","(1, 32)",variable_random
81,random_layer_10,Conv2d,MM,128,1024,256,0.6169,0.0185,0.6801,"(1, 1024)","(1, 256)",variable_random
81,random_layer_11,Linear,MM,32,1024,32,0.0765,0.6789,0.393,"(1, 1024)","(1, 32)",variable_random
81,random_layer_12,Linear,MM,32,64,256,0.5881,0.131,0.2146,"(1, 64)","(1, 256)",variable_random
81,random_layer_13,Conv2d,MM,64,128,512,0.2613,0.5052,0.5175,"(1, 128)","(1, 512)",variable_random
81,random_layer_14,Conv2d,MM,512,256,64,0.6515,0.3222,0.2836,"(1, 256)","(1, 64)",variable_random
81,random_layer_15,Conv2d,MM,128,1024,256,0.4525,0.0411,0.2246,"(1, 1024)","(1, 256)",variable_random
81,random_layer_16,Linear,MM,128,64,64,0.0107,0.6531,0.7294,"(1, 64)","(1, 64)",variable_random
81,random_layer_17,Conv2d,MM,32,128,128,0.5567,0.5675,0.0289,"(1, 128)","(1, 128)",variable_random
81,random_layer_18,Conv2d,MM,64,32,64,0.6813,0.0875,0.7022,"(1, 32)","(1, 64)",variable_random
81,random_layer_19,Linear,MM,2048,256,128,0.0,0.092,0.2508,"(1, 256)","(1, 128)",variable_random
82,random_layer_0,Conv2d,MM,1024,256,128,0.0,0.4149,0.5717,"(1, 256)","(1, 128)",variable_random
82,random_layer_1,Conv2d,MM,512,128,64,0.5,0.0301,0.856,"(1, 128)","(1, 64)",variable_random
82,random_layer_2,Linear,MM,2048,256,64,0.0,0.0182,0.152,"(1, 256)","(1, 64)",variable_random
82,random_layer_3,Linear,MM,32,1024,64,0.4618,0.3861,0.3058,"(1, 1024)","(1, 64)",variable_random
82,random_layer_4,Conv2d,MM,64,512,64,0.1986,0.473,0.4351,"(1, 512)","(1, 64)",variable_random
82,random_layer_5,Linear,MM,64,256,128,0.3573,0.0385,0.0066,"(1, 256)","(1, 128)",variable_random
82,random_layer_6,Conv2d,MM,2048,256,32,0.0127,0.3475,0.7689,"(1, 256)","(1, 32)",variable_random
82,random_layer_7,Conv2d,MM,2048,32,128,0.4095,0.0912,0.5473,"(1, 32)","(1, 128)",variable_random
82,random_layer_8,Linear,MM,512,64,256,0.1131,0.0218,0.3844,"(1, 64)","(1, 256)",variable_random
82,random_layer_9,Linear,MM,256,256,128,0.0,0.086,0.568,"(1, 256)","(1, 128)",variable_random
82,random_layer_10,Conv2d,MM,64,64,128,0.0,0.3052,0.3323,"(1, 64)","(1, 128)",variable_random
82,random_layer_11,Linear,MM,32,1024,64,0.3439,0.1245,0.0282,"(1, 1024)","(1, 64)",variable_random
82,random_layer_12,Linear,MM,2048,128,512,0.3567,0.4891,0.9431,"(1, 128)","(1, 512)",variable_random
82,random_layer_13,Conv2d,MM,512,256,32,0.4776,0.0259,0.5995,"(1, 256)","(1, 32)",variable_random
82,random_layer_14,Linear,MM,128,256,512,0.0,0.1193,0.1249,"(1, 256)","(1, 512)",variable_random
82,random_layer_15,Conv2d,MM,1024,128,64,0.2841,0.044,0.6169,"(1, 128)","(1, 64)",variable_random
82,random_layer_16,Conv2d,MM,1024,64,32,0.1217,0.075,0.2277,"(1, 64)","(1, 32)",variable_random
82,random_layer_17,Linear,MM,2048,64,256,0.009,0.1245,0.8095,"(1, 64)","(1, 256)",variable_random
82,random_layer_18,Conv2d,MM,256,1024,64,0.0,0.1207,0.5931,"(1, 1024)","(1, 64)",variable_random
82,random_layer_19,Linear,MM,32,1024,64,0.3025,0.3312,0.5114,"(1, 1024)","(1, 64)",variable_random
83,random_layer_0,Conv2d,MM,2048,256,128,0.1562,0.6828,0.8122,"(1, 256)","(1, 128)",variable_random
83,random_layer_1,Conv2d,MM,32,256,32,0.8772,0.1102,0.5345,"(1, 256)","(1, 32)",variable_random
83,random_layer_2,Conv2d,MM,2048,1024,128,0.177,0.367,0.7646,"(1, 1024)","(1, 128)",variable_random
83,random_layer_3,Linear,MM,2048,64,256,0.3178,0.5338,0.4641,"(1, 64)","(1, 256)",variable_random
83,random_layer_4,Conv2d,MM,32,32,512,0.8043,0.5012,0.7321,"(1, 32)","(1, 512)",variable_random
83,random_layer_5,Linear,MM,64,32,64,0.2296,0.4376,0.2308,"(1, 32)","(1, 64)",variable_random
83,random_layer_6,Linear,MM,2048,64,128,0.1826,0.0767,0.5621,"(1, 64)","(1, 128)",variable_random
83,random_layer_7,Conv2d,MM,32,1024,128,0.0354,0.0722,0.0612,"(1, 1024)","(1, 128)",variable_random
83,random_layer_8,Linear,MM,64,256,128,0.1557,0.1152,0.4388,"(1, 256)","(1, 128)",variable_random
83,random_layer_9,Conv2d,MM,512,64,256,0.0232,0.084,0.2647,"(1, 64)","(1, 256)",variable_random
83,random_layer_10,Conv2d,MM,256,256,256,0.1152,0.0579,0.0197,"(1, 256)","(1, 256)",variable_random
83,random_layer_11,Conv2d,MM,2048,1024,256,0.0,0.0271,0.6243,"(1, 1024)","(1, 256)",variable_random
83,random_layer_12,Conv2d,MM,512,512,128,0.0,0.0977,0.128,"(1, 512)","(1, 128)",variable_random
83,random_layer_13,Conv2d,MM,64,256,64,0.1019,0.0836,0.4111,"(1, 256)","(1, 64)",variable_random
83,random_layer_14,Conv2d,MM,128,1024,32,0.3334,0.1046,0.2566,"(1, 1024)","(1, 32)",variable_random
83,random_layer_15,Linear,MM,2048,32,32,0.2386,0.4279,0.7254,"(1, 32)","(1, 32)",variable_random
83,random_layer_16,Conv2d,MM,128,128,128,0.5449,0.0063,0.5301,"(1, 128)","(1, 128)",variable_random
83,random_layer_17,Conv2d,MM,512,512,32,0.0,0.096,0.5525,"(1, 512)","(1, 32)",variable_random
83,random_layer_18,Linear,MM,128,128,256,0.3384,0.0027,0.7088,"(1, 128)","(1, 256)",variable_random
83,random_layer_19,Linear,MM,512,64,128,0.0158,0.5455,0.5638,"(1, 64)","(1, 128)",variable_random
84,random_layer_0,Conv2d,MM,256,512,64,0.2881,0.0116,0.2817,"(1, 512)","(1, 64)",variable_random
84,random_layer_1,Conv2d,MM,256,32,128,0.0263,0.1487,0.1014,"(1, 32)","(1, 128)",variable_random
84,random_layer_2,Conv2d,MM,1024,64,512,0.1258,0.1397,0.8074,"(1, 64)","(1, 512)",variable_random
84,random_layer_3,Conv2d,MM,1024,128,128,0.0377,0.6542,0.4076,"(1, 128)","(1, 128)",variable_random
84,random_layer_4,Conv2d,MM,2048,512,64,0.765,0.588,0.8781,"(1, 512)","(1, 64)",variable_random
84,random_layer_5,Conv2d,MM,512,32,256,0.5878,0.0865,0.4218,"(1, 32)","(1, 256)",variable_random
84,random_layer_6,Linear,MM,2048,128,128,0.0,0.3684,0.5281,"(1, 128)","(1, 128)",variable_random
84,random_layer_7,Linear,MM,32,32,128,0.4332,0.0731,0.5301,"(1, 32)","(1, 128)",variable_random
84,random_layer_8,Linear,MM,2048,32,128,0.0313,0.0303,0.0004,"(1, 32)","(1, 128)",variable_random
84,random_layer_9,Linear,MM,128,64,128,0.0859,0.3194,0.5667,"(1, 64)","(1, 128)",variable_random
84,random_layer_10,Linear,MM,1024,512,512,0.3028,0.0449,0.0398,"(1, 512)","(1, 512)",variable_random
84,random_layer_11,Conv2d,MM,128,512,64,0.0417,0.5753,0.7153,"(1, 512)","(1, 64)",variable_random
84,random_layer_12,Linear,MM,2048,64,512,0.4467,0.0699,0.5697,"(1, 64)","(1, 512)",variable_random
84,random_layer_13,Conv2d,MM,32,256,64,0.1317,0.1261,0.1571,"(1, 256)","(1, 64)",variable_random
84,random_layer_14,Conv2d,MM,64,128,128,0.0,0.0281,0.5559,"(1, 128)","(1, 128)",variable_random
84,random_layer_15,Linear,MM,128,64,64,0.049,0.0044,0.597,"(1, 64)","(1, 64)",variable_random
84,random_layer_16,Conv2d,MM,2048,128,32,0.0611,0.365,0.8466,"(1, 128)","(1, 32)",variable_random
84,random_layer_17,Linear,MM,2048,32,32,0.326,0.1185,0.9243,"(1, 32)","(1, 32)",variable_random
84,random_layer_18,Linear,MM,32,64,128,0.0853,0.5731,0.8555,"(1, 64)","(1, 128)",variable_random
84,random_layer_19,Linear,MM,32,1024,512,0.5835,0.526,0.1413,"(1, 1024)","(1, 512)",variable_random
85,random_layer_0,Linear,MM,1024,64,512,0.0,0.0683,0.2671,"(1, 64)","(1, 512)",variable_random
85,random_layer_1,Linear,MM,512,512,32,0.172,0.6489,0.3335,"(1, 512)","(1, 32)",variable_random
85,random_layer_2,Linear,MM,256,512,32,0.8566,0.5942,0.2507,"(1, 512)","(1, 32)",variable_random
85,random_layer_3,Linear,MM,32,32,128,0.7681,0.0826,0.936,"(1, 32)","(1, 128)",variable_random
85,random_layer_4,Conv2d,MM,512,1024,512,0.0714,0.0053,0.8071,"(1, 1024)","(1, 512)",variable_random
85,random_layer_5,Linear,MM,128,1024,64,0.1837,0.5712,0.1439,"(1, 1024)","(1, 64)",variable_random
85,random_layer_6,Linear,MM,512,1024,32,0.6846,0.6799,0.6347,"(1, 1024)","(1, 32)",variable_random
85,random_layer_7,Linear,MM,256,128,128,0.6935,0.0558,0.4876,"(1, 128)","(1, 128)",variable_random
85,random_layer_8,Linear,MM,32,256,32,0.0487,0.5276,0.309,"(1, 256)","(1, 32)",variable_random
85,random_layer_9,Conv2d,MM,256,64,32,0.8052,0.0333,0.1341,"(1, 64)","(1, 32)",variable_random
85,random_layer_10,Conv2d,MM,2048,512,32,0.2723,0.1049,0.5688,"(1, 512)","(1, 32)",variable_random
85,random_layer_11,Conv2d,MM,128,256,32,0.2419,0.5761,0.5602,"(1, 256)","(1, 32)",variable_random
85,random_layer_12,Linear,MM,1024,256,32,0.7199,0.3608,0.9239,"(1, 256)","(1, 32)",variable_random
85,random_layer_13,Linear,MM,64,128,64,0.4152,0.5241,0.0038,"(1, 128)","(1, 64)",variable_random
85,random_layer_14,Linear,MM,64,32,128,0.4442,0.0939,0.058,"(1, 32)","(1, 128)",variable_random
85,random_layer_15,Conv2d,MM,128,128,64,0.1846,0.0588,0.7521,"(1, 128)","(1, 64)",variable_random
85,random_layer_16,Linear,MM,32,512,512,0.0973,0.4402,0.6641,"(1, 512)","(1, 512)",variable_random
85,random_layer_17,Linear,MM,32,256,128,0.4555,0.4355,0.0251,"(1, 256)","(1, 128)",variable_random
85,random_layer_18,Conv2d,MM,64,32,128,0.686,0.6344,0.8184,"(1, 32)","(1, 128)",variable_random
85,random_layer_19,Conv2d,MM,64,512,256,0.691,0.4493,0.2378,"(1, 512)","(1, 256)",variable_random
86,random_layer_0,Conv2d,MM,256,512,32,0.0,0.53,0.4552,"(1, 512)","(1, 32)",variable_random
86,random_layer_1,Conv2d,MM,64,1024,128,0.3387,0.0784,0.1422,"(1, 1024)","(1, 128)",variable_random
86,random_layer_2,Conv2d,MM,512,1024,256,0.0,0.1189,0.4501,"(1, 1024)","(1, 256)",variable_random
86,random_layer_3,Linear,MM,128,256,32,0.0469,0.0977,0.7979,"(1, 256)","(1, 32)",variable_random
86,random_layer_4,Conv2d,MM,256,128,512,0.2522,0.4498,0.5015,"(1, 128)","(1, 512)",variable_random
86,random_layer_5,Conv2d,MM,32,1024,512,0.4931,0.1137,0.1396,"(1, 1024)","(1, 512)",variable_random
86,random_layer_6,Linear,MM,512,32,32,0.3162,0.3443,0.07,"(1, 32)","(1, 32)",variable_random
86,random_layer_7,Linear,MM,512,32,256,0.5045,0.135,0.0457,"(1, 32)","(1, 256)",variable_random
86,random_layer_8,Conv2d,MM,128,64,512,0.2839,0.3704,0.1967,"(1, 64)","(1, 512)",variable_random
86,random_layer_9,Linear,MM,256,64,128,0.3249,0.4926,0.5692,"(1, 64)","(1, 128)",variable_random
86,random_layer_10,Linear,MM,2048,256,128,0.6917,0.5057,0.3322,"(1, 256)","(1, 128)",variable_random
86,random_layer_11,Conv2d,MM,512,512,256,0.7006,0.1344,0.0202,"(1, 512)","(1, 256)",variable_random
86,random_layer_12,Linear,MM,256,128,64,0.2736,0.1014,0.858,"(1, 128)","(1, 64)",variable_random
86,random_layer_13,Conv2d,MM,32,64,64,0.1338,0.5048,0.3974,"(1, 64)","(1, 64)",variable_random
86,random_layer_14,Conv2d,MM,512,256,512,0.3926,0.6274,0.431,"(1, 256)","(1, 512)",variable_random
86,random_layer_15,Linear,MM,128,512,32,0.7302,0.4449,0.6104,"(1, 512)","(1, 32)",variable_random
86,random_layer_16,Linear,MM,512,256,64,0.3943,0.3201,0.1389,"(1, 256)","(1, 64)",variable_random
86,random_layer_17,Linear,MM,2048,256,512,0.3134,0.3903,0.6139,"(1, 256)","(1, 512)",variable_random
86,random_layer_18,Linear,MM,256,1024,32,0.4546,0.4861,0.3566,"(1, 1024)","(1, 32)",variable_random
86,random_layer_19,Linear,MM,256,32,128,0.4183,0.6832,0.1577,"(1, 32)","(1, 128)",variable_random
87,random_layer_0,Conv2d,MM,1024,512,64,0.1513,0.0061,0.8272,"(1, 512)","(1, 64)",variable_random
87,random_layer_1,Conv2d,MM,2048,1024,128,0.2432,0.5433,0.0871,"(1, 1024)","(1, 128)",variable_random
87,random_layer_2,Conv2d,MM,32,512,256,0.527,0.4205,0.7834,"(1, 512)","(1, 256)",variable_random
87,random_layer_3,Linear,MM,512,128,256,0.5161,0.0037,0.0144,"(1, 128)","(1, 256)",variable_random
87,random_layer_4,Linear,MM,256,32,64,0.0235,0.5117,0.0904,"(1, 32)","(1, 64)",variable_random
87,random_layer_5,Linear,MM,64,128,32,0.3728,0.6539,0.6999,"(1, 128)","(1, 32)",variable_random
87,random_layer_6,Conv2d,MM,512,256,512,0.4302,0.0317,0.2896,"(1, 256)","(1, 512)",variable_random
87,random_layer_7,Linear,MM,2048,512,256,0.2572,0.028,0.3541,"(1, 512)","(1, 256)",variable_random
87,random_layer_8,Conv2d,MM,2048,32,512,0.0,0.3809,0.1007,"(1, 32)","(1, 512)",variable_random
87,random_layer_9,Conv2d,MM,256,32,128,0.4657,0.0779,0.0637,"(1, 32)","(1, 128)",variable_random
87,random_layer_10,Conv2d,MM,64,32,32,0.0716,0.6362,0.0554,"(1, 32)","(1, 32)",variable_random
87,random_layer_11,Linear,MM,1024,256,64,0.4935,0.0016,0.5277,"(1, 256)","(1, 64)",variable_random
87,random_layer_12,Conv2d,MM,2048,1024,32,0.0438,0.0411,0.144,"(1, 1024)","(1, 32)",variable_random
87,random_layer_13,Conv2d,MM,64,1024,32,0.0,0.0195,0.7536,"(1, 1024)","(1, 32)",variable_random
87,random_layer_14,Conv2d,MM,2048,1024,64,0.1927,0.3351,0.4994,"(1, 1024)","(1, 64)",variable_random
87,random_layer_15,Linear,MM,32,128,512,0.1822,0.0451,0.1374,"(1, 128)","(1, 512)",variable_random
87,random_layer_16,Linear,MM,1024,64,64,0.0298,0.1233,0.3164,"(1, 64)","(1, 64)",variable_random
87,random_layer_17,Conv2d,MM,128,512,512,0.1513,0.5125,0.5263,"(1, 512)","(1, 512)",variable_random
87,random_layer_18,Linear,MM,1024,64,256,0.4865,0.0357,0.3092,"(1, 64)","(1, 256)",variable_random
87,random_layer_19,Conv2d,MM,1024,32,256,0.0,0.3192,0.35,"(1, 32)","(1, 256)",variable_random
88,random_layer_0,Linear,MM,1024,256,256,0.0938,0.6994,0.8427,"(1, 256)","(1, 256)",variable_random
88,random_layer_1,Linear,MM,64,1024,32,0.5844,0.0828,0.1152,"(1, 1024)","(1, 32)",variable_random
88,random_layer_2,Conv2d,MM,32,512,256,0.1956,0.0094,0.7469,"(1, 512)","(1, 256)",variable_random
88,random_layer_3,Linear,MM,2048,128,32,0.1087,0.5841,0.8773,"(1, 128)","(1, 32)",variable_random
88,random_layer_4,Linear,MM,32,512,256,0.6181,0.0562,0.2474,"(1, 512)","(1, 256)",variable_random
88,random_layer_5,Linear,MM,1024,256,128,0.0,0.0883,0.33,"(1, 256)","(1, 128)",variable_random
88,random_layer_6,Linear,MM,64,64,64,0.3856,0.1238,0.0162,"(1, 64)","(1, 64)",variable_random
88,random_layer_7,Linear,MM,128,512,512,0.0074,0.0336,0.7015,"(1, 512)","(1, 512)",variable_random
88,random_layer_8,Conv2d,MM,32,1024,256,0.0,0.1141,0.4392,"(1, 1024)","(1, 256)",variable_random
88,random_layer_9,Conv2d,MM,1024,512,64,0.1417,0.1309,0.122,"(1, 512)","(1, 64)",variable_random
88,random_layer_10,Conv2d,MM,32,512,128,0.0,0.0323,0.7002,"(1, 512)","(1, 128)",variable_random
88,random_layer_11,Conv2d,MM,512,1024,32,0.0,0.3852,0.3845,"(1, 1024)","(1, 32)",variable_random
88,random_layer_12,Conv2d,MM,32,128,256,0.2971,0.1098,0.4886,"(1, 128)","(1, 256)",variable_random
88,random_layer_13,Conv2d,MM,64,32,64,0.3166,0.6709,0.3468,"(1, 32)","(1, 64)",variable_random
88,random_layer_14,Linear,MM,256,256,256,0.4594,0.5175,0.02,"(1, 256)","(1, 256)",variable_random
88,random_layer_15,Conv2d,MM,1024,256,256,0.4429,0.5921,0.3558,"(1, 256)","(1, 256)",variable_random
88,random_layer_16,Conv2d,MM,512,64,32,0.7377,0.4612,0.7035,"(1, 64)","(1, 32)",variable_random
88,random_layer_17,Linear,MM,512,512,64,0.4368,0.1387,0.5764,"(1, 512)","(1, 64)",variable_random
88,random_layer_18,Linear,MM,32,512,256,0.0699,0.4601,0.3071,"(1, 512)","(1, 256)",variable_random
88,random_layer_19,Linear,MM,1024,64,512,0.6273,0.5572,0.2235,"(1, 64)","(1, 512)",variable_random
89,random_layer_0,Linear,MM,512,1024,128,0.0682,0.5591,0.1913,"(1, 1024)","(1, 128)",variable_random
89,random_layer_1,Conv2d,MM,32,64,128,0.7377,0.0426,0.12,"(1, 64)","(1, 128)",variable_random
89,random_layer_2,Linear,MM,256,64,128,0.0236,0.4007,0.1799,"(1, 64)","(1, 128)",variable_random
89,random_layer_3,Conv2d,MM,256,256,64,0.5673,0.4195,0.8035,"(1, 256)","(1, 64)",variable_random
89,random_layer_4,Linear,MM,128,32,128,0.5212,0.0525,0.7606,"(1, 32)","(1, 128)",variable_random
89,random_layer_5,Conv2d,MM,64,256,32,0.0609,0.0934,0.5797,"(1, 256)","(1, 32)",variable_random
89,random_layer_6,Conv2d,MM,512,32,64,0.0867,0.0118,0.0876,"(1, 32)","(1, 64)",variable_random
89,random_layer_7,Linear,MM,128,128,256,0.0073,0.1201,0.5463,"(1, 128)","(1, 256)",variable_random
89,random_layer_8,Conv2d,MM,256,1024,128,0.2386,0.4092,0.7997,"(1, 1024)","(1, 128)",variable_random
89,random_layer_9,Conv2d,MM,128,1024,64,0.2729,0.0251,0.8949,"(1, 1024)","(1, 64)",variable_random
89,random_layer_10,Linear,MM,128,256,32,0.0,0.0513,0.413,"(1, 256)","(1, 32)",variable_random
89,random_layer_11,Linear,MM,2048,32,32,0.1118,0.0912,0.4098,"(1, 32)","(1, 32)",variable_random
89,random_layer_12,Linear,MM,256,64,512,0.3917,0.373,0.0254,"(1, 64)","(1, 512)",variable_random
89,random_layer_13,Conv2d,MM,2048,256,512,0.4165,0.0936,0.8421,"(1, 256)","(1, 512)",variable_random
89,random_layer_14,Linear,MM,512,32,64,0.027,0.0223,0.6437,"(1, 32)","(1, 64)",variable_random
89,random_layer_15,Linear,MM,2048,512,256,0.0316,0.494,0.7411,"(1, 512)","(1, 256)",variable_random
89,random_layer_16,Linear,MM,512,64,512,0.7739,0.0741,0.5764,"(1, 64)","(1, 512)",variable_random
89,random_layer_17,Linear,MM,64,64,64,0.0113,0.5543,0.3649,"(1, 64)","(1, 64)",variable_random
89,random_layer_18,Conv2d,MM,1024,256,256,0.6434,0.4329,0.1139,"(1, 256)","(1, 256)",variable_random
89,random_layer_19,Linear,MM,32,64,256,0.4002,0.4058,0.4977,"(1, 64)","(1, 256)",variable_random
90,random_layer_0,Linear,MM,32,32,512,0.0,0.5122,0.0641,"(1, 32)","(1, 512)",variable_random
90,random_layer_1,Linear,MM,2048,256,512,0.7013,0.0199,0.2492,"(1, 256)","(1, 512)",variable_random
90,random_layer_2,Conv2d,MM,32,1024,32,0.0,0.0937,0.0087,"(1, 1024)","(1, 32)",variable_random
90,random_layer_3,Linear,MM,512,64,64,0.3378,0.1274,0.4672,"(1, 64)","(1, 64)",variable_random
90,random_layer_4,Linear,MM,64,64,128,0.0306,0.0606,0.9198,"(1, 64)","(1, 128)",variable_random
90,random_layer_5,Linear,MM,128,64,256,0.0,0.063,0.5011,"(1, 64)","(1, 256)",variable_random
90,random_layer_6,Linear,MM,128,128,32,0.0,0.0946,0.5853,"(1, 128)","(1, 32)",variable_random
90,random_layer_7,Linear,MM,512,32,128,0.2121,0.1024,0.4022,"(1, 32)","(1, 128)",variable_random
90,random_layer_8,Conv2d,MM,1024,1024,64,0.249,0.0333,0.3215,"(1, 1024)","(1, 64)",variable_random
90,random_layer_9,Conv2d,MM,32,512,512,0.2101,0.6297,0.1167,"(1, 512)","(1, 512)",variable_random
90,random_layer_10,Linear,MM,128,1024,64,0.5474,0.0048,0.0749,"(1, 1024)","(1, 64)",variable_random
90,random_layer_11,Conv2d,MM,256,1024,128,0.0,0.0718,0.7247,"(1, 1024)","(1, 128)",variable_random
90,random_layer_12,Conv2d,MM,1024,256,512,0.1782,0.4572,0.7287,"(1, 256)","(1, 512)",variable_random
90,random_layer_13,Conv2d,MM,128,128,128,0.2546,0.3315,0.0258,"(1, 128)","(1, 128)",variable_random
90,random_layer_14,Linear,MM,128,64,64,0.5814,0.662,0.8738,"(1, 64)","(1, 64)",variable_random
90,random_layer_15,Conv2d,MM,1024,64,128,0.5901,0.4182,0.8388,"(1, 64)","(1, 128)",variable_random
90,random_layer_16,Conv2d,MM,128,64,32,0.0288,0.6494,0.196,"(1, 64)","(1, 32)",variable_random
90,random_layer_17,Conv2d,MM,128,64,512,0.5998,0.6073,0.9218,"(1, 64)","(1, 512)",variable_random
90,random_layer_18,Linear,MM,512,128,256,0.8308,0.4318,0.9234,"(1, 128)","(1, 256)",variable_random
90,random_layer_19,Linear,MM,512,256,512,0.3962,0.0486,0.201,"(1, 256)","(1, 512)",variable_random
91,random_layer_0,Conv2d,MM,2048,32,256,0.2212,0.1291,0.2654,"(1, 32)","(1, 256)",variable_random
91,random_layer_1,Linear,MM,128,64,512,0.0521,0.0629,0.8031,"(1, 64)","(1, 512)",variable_random
91,random_layer_2,Conv2d,MM,512,32,64,0.0133,0.0581,0.9489,"(1, 32)","(1, 64)",variable_random
91,random_layer_3,Linear,MM,512,128,32,0.0849,0.3711,0.8033,"(1, 128)","(1, 32)",variable_random
91,random_layer_4,Linear,MM,256,32,512,0.4429,0.1432,0.311,"(1, 32)","(1, 512)",variable_random
91,random_layer_5,Linear,MM,256,128,512,0.1305,0.5039,0.0789,"(1, 128)","(1, 512)",variable_random
91,random_layer_6,Conv2d,MM,256,128,32,0.3448,0.442,0.6231,"(1, 128)","(1, 32)",variable_random
91,random_layer_7,Conv2d,MM,512,128,256,0.2839,0.046,0.1135,"(1, 128)","(1, 256)",variable_random
91,random_layer_8,Linear,MM,64,32,512,0.0,0.6996,0.1442,"(1, 32)","(1, 512)",variable_random
91,random_layer_9,Conv2d,MM,512,256,512,0.7573,0.0608,0.2029,"(1, 256)","(1, 512)",variable_random
91,random_layer_10,Conv2d,MM,512,32,256,0.2161,0.6258,0.757,"(1, 32)","(1, 256)",variable_random
91,random_layer_11,Linear,MM,128,64,64,0.5831,0.3779,0.4999,"(1, 64)","(1, 64)",variable_random
91,random_layer_12,Conv2d,MM,64,128,64,0.4664,0.4332,0.6794,"(1, 128)","(1, 64)",variable_random
91,random_layer_13,Conv2d,MM,64,64,128,0.4486,0.6231,0.007,"(1, 64)","(1, 128)",variable_random
91,random_layer_14,Linear,MM,2048,1024,512,0.8503,0.0034,0.498,"(1, 1024)","(1, 512)",variable_random
91,random_layer_15,Linear,MM,512,1024,64,0.0,0.4146,0.1567,"(1, 1024)","(1, 64)",variable_random
91,random_layer_16,Linear,MM,256,64,128,0.4139,0.3753,0.578,"(1, 64)","(1, 128)",variable_random
91,random_layer_17,Conv2d,MM,64,512,64,0.2708,0.6601,0.8664,"(1, 512)","(1, 64)",variable_random
91,random_layer_18,Conv2d,MM,256,256,32,0.5152,0.068,0.8168,"(1, 256)","(1, 32)",variable_random
91,random_layer_19,Linear,MM,128,128,128,0.0,0.4974,0.8798,"(1, 128)","(1, 128)",variable_random
92,random_layer_0,Conv2d,MM,64,512,256,0.0,0.0506,0.2182,"(1, 512)","(1, 256)",variable_random
92,random_layer_1,Linear,MM,64,64,128,0.2949,0.0136,0.6761,"(1, 64)","(1, 128)",variable_random
92,random_layer_2,Conv2d,MM,2048,32,256,0.063,0.3097,0.6125,"(1, 32)","(1, 256)",variable_random
92,random_layer_3,Conv2d,MM,128,32,128,0.352,0.4591,0.3097,"(1, 32)","(1, 128)",variable_random
92,random_layer_4,Linear,MM,2048,1024,32,0.5122,0.0466,0.1381,"(1, 1024)","(1, 32)",variable_random
92,random_layer_5,Conv2d,MM,1024,64,32,0.0,0.5342,0.3627,"(1, 64)","(1, 32)",variable_random
92,random_layer_6,Conv2d,MM,64,1024,256,0.4549,0.0957,0.0206,"(1, 1024)","(1, 256)",variable_random
92,random_layer_7,Linear,MM,128,64,64,0.0,0.5681,0.0521,"(1, 64)","(1, 64)",variable_random
92,random_layer_8,Linear,MM,64,1024,256,0.4897,0.0015,0.7177,"(1, 1024)","(1, 256)",variable_random
92,random_layer_9,Linear,MM,2048,1024,256,0.2369,0.0955,0.1433,"(1, 1024)","(1, 256)",variable_random
92,random_layer_10,Conv2d,MM,128,128,128,0.1369,0.0257,0.3104,"(1, 128)","(1, 128)",variable_random
92,random_layer_11,Conv2d,MM,32,512,32,0.1035,0.6272,0.8357,"(1, 512)","(1, 32)",variable_random
92,random_layer_12,Linear,MM,512,32,512,0.5353,0.4246,0.5056,"(1, 32)","(1, 512)",variable_random
92,random_layer_13,Linear,MM,2048,1024,256,0.5526,0.0128,0.288,"(1, 1024)","(1, 256)",variable_random
92,random_layer_14,Linear,MM,2048,128,128,0.0,0.011,0.2617,"(1, 128)","(1, 128)",variable_random
92,random_layer_15,Conv2d,MM,1024,64,512,0.0,0.3207,0.8412,"(1, 64)","(1, 512)",variable_random
92,random_layer_16,Linear,MM,128,64,128,0.3534,0.5269,0.7809,"(1, 64)","(1, 128)",variable_random
92,random_layer_17,Linear,MM,32,64,64,0.4092,0.1369,0.7043,"(1, 64)","(1, 64)",variable_random
92,random_layer_18,Conv2d,MM,64,256,128,0.0,0.0835,0.6735,"(1, 256)","(1, 128)",variable_random
92,random_layer_19,Linear,MM,1024,64,128,0.1587,0.0632,0.5095,"(1, 64)","(1, 128)",variable_random
93,random_layer_0,Conv2d,MM,512,128,512,0.0,0.0615,0.2593,"(1, 128)","(1, 512)",variable_random
93,random_layer_1,Conv2d,MM,32,1024,256,0.0,0.693,0.3898,"(1, 1024)","(1, 256)",variable_random
93,random_layer_2,Conv2d,MM,2048,64,128,0.7178,0.1396,0.7586,"(1, 64)","(1, 128)",variable_random
93,random_layer_3,Linear,MM,2048,32,128,0.3205,0.6027,0.0719,"(1, 32)","(1, 128)",variable_random
93,random_layer_4,Conv2d,MM,256,128,128,0.4593,0.66,0.7319,"(1, 128)","(1, 128)",variable_random
93,random_layer_5,Conv2d,MM,32,64,32,0.7097,0.4349,0.154,"(1, 64)","(1, 32)",variable_random
93,random_layer_6,Conv2d,MM,32,1024,512,0.4362,0.4506,0.6081,"(1, 1024)","(1, 512)",variable_random
93,random_layer_7,Linear,MM,32,128,256,0.459,0.0036,0.1575,"(1, 128)","(1, 256)",variable_random
93,random_layer_8,Linear,MM,256,128,256,0.0,0.6355,0.0809,"(1, 128)","(1, 256)",variable_random
93,random_layer_9,Conv2d,MM,512,128,256,0.5164,0.4681,0.8475,"(1, 128)","(1, 256)",variable_random
93,random_layer_10,Linear,MM,64,1024,128,0.4117,0.3731,0.9419,"(1, 1024)","(1, 128)",variable_random
93,random_layer_11,Conv2d,MM,256,1024,64,0.2968,0.6218,0.5296,"(1, 1024)","(1, 64)",variable_random
93,random_layer_12,Linear,MM,1024,1024,512,0.5727,0.6193,0.6049,"(1, 1024)","(1, 512)",variable_random
93,random_layer_13,Linear,MM,1024,1024,32,0.6324,0.1154,0.7722,"(1, 1024)","(1, 32)",variable_random
93,random_layer_14,Conv2d,MM,64,64,128,0.1613,0.4093,0.2762,"(1, 64)","(1, 128)",variable_random
93,random_layer_15,Conv2d,MM,512,128,256,0.8404,0.1334,0.6645,"(1, 128)","(1, 256)",variable_random
93,random_layer_16,Conv2d,MM,128,1024,32,0.2315,0.3176,0.8008,"(1, 1024)","(1, 32)",variable_random
93,random_layer_17,Conv2d,MM,256,512,256,0.3171,0.1258,0.0657,"(1, 512)","(1, 256)",variable_random
93,random_layer_18,Linear,MM,256,256,128,0.4751,0.591,0.0169,"(1, 256)","(1, 128)",variable_random
93,random_layer_19,Conv2d,MM,32,512,128,0.4657,0.061,0.2989,"(1, 512)","(1, 128)",variable_random
94,random_layer_0,Conv2d,MM,2048,64,64,0.0,0.0294,0.3441,"(1, 64)","(1, 64)",variable_random
94,random_layer_1,Linear,MM,64,256,128,0.0,0.1074,0.0205,"(1, 256)","(1, 128)",variable_random
94,random_layer_2,Conv2d,MM,512,32,32,0.1218,0.5268,0.6151,"(1, 32)","(1, 32)",variable_random
94,random_layer_3,Conv2d,MM,1024,128,512,0.6897,0.4113,0.6606,"(1, 128)","(1, 512)",variable_random
94,random_layer_4,Linear,MM,256,128,32,0.3919,0.0627,0.0239,"(1, 128)","(1, 32)",variable_random
94,random_layer_5,Linear,MM,512,128,256,0.0877,0.0572,0.928,"(1, 128)","(1, 256)",variable_random
94,random_layer_6,Conv2d,MM,128,1024,512,0.1889,0.0733,0.5204,"(1, 1024)","(1, 512)",variable_random
94,random_layer_7,Linear,MM,256,256,64,0.0056,0.0245,0.2796,"(1, 256)","(1, 64)",variable_random
94,random_layer_8,Linear,MM,1024,512,128,0.1654,0.44,0.5466,"(1, 512)","(1, 128)",variable_random
94,random_layer_9,Conv2d,MM,2048,1024,128,0.504,0.5272,0.8078,"(1, 1024)","(1, 128)",variable_random
94,random_layer_10,Linear,MM,128,512,128,0.6147,0.0787,0.6403,"(1, 512)","(1, 128)",variable_random
94,random_layer_11,Linear,MM,256,32,128,0.2768,0.4301,0.2303,"(1, 32)","(1, 128)",variable_random
94,random_layer_12,Linear,MM,1024,512,64,0.3814,0.5558,0.2234,"(1, 512)","(1, 64)",variable_random
94,random_layer_13,Linear,MM,32,1024,512,0.5531,0.6863,0.2563,"(1, 1024)","(1, 512)",variable_random
94,random_layer_14,Linear,MM,32,32,32,0.9645,0.4539,0.6535,"(1, 32)","(1, 32)",variable_random
94,random_layer_15,Linear,MM,64,32,64,0.2733,0.0558,0.5671,"(1, 32)","(1, 64)",variable_random
94,random_layer_16,Conv2d,MM,32,32,32,0.2951,0.0654,0.6321,"(1, 32)","(1, 32)",variable_random
94,random_layer_17,Linear,MM,32,128,256,0.1891,0.105,0.9024,"(1, 128)","(1, 256)",variable_random
94,random_layer_18,Linear,MM,256,512,64,0.1942,0.0387,0.9448,"(1, 512)","(1, 64)",variable_random
94,random_layer_19,Conv2d,MM,1024,256,64,0.0417,0.5787,0.3617,"(1, 256)","(1, 64)",variable_random
95,random_layer_0,Conv2d,MM,64,256,512,0.1193,0.6653,0.3894,"(1, 256)","(1, 512)",variable_random
95,random_layer_1,Linear,MM,256,64,64,0.6579,0.3951,0.9256,"(1, 64)","(1, 64)",variable_random
95,random_layer_2,Conv2d,MM,512,512,512,0.2154,0.6138,0.6281,"(1, 512)","(1, 512)",variable_random
95,random_layer_3,Linear,MM,1024,256,256,0.5902,0.543,0.7136,"(1, 256)","(1, 256)",variable_random
95,random_layer_4,Linear,MM,1024,512,32,0.5525,0.3978,0.4064,"(1, 512)","(1, 32)",variable_random
95,random_layer_5,Conv2d,MM,512,128,128,0.454,0.4799,0.073,"(1, 128)","(1, 128)",variable_random
95,random_layer_6,Conv2d,MM,256,128,64,0.5869,0.4704,0.049,"(1, 128)","(1, 64)",variable_random
95,random_layer_7,Linear,MM,32,64,32,0.4817,0.3954,0.009,"(1, 64)","(1, 32)",variable_random
95,random_layer_8,Conv2d,MM,1024,128,256,0.4502,0.6884,0.8223,"(1, 128)","(1, 256)",variable_random
95,random_layer_9,Linear,MM,64,64,512,0.8959,0.3585,0.621,"(1, 64)","(1, 512)",variable_random
95,random_layer_10,Conv2d,MM,64,256,32,0.4046,0.1481,0.7916,"(1, 256)","(1, 32)",variable_random
95,random_layer_11,Linear,MM,32,128,128,0.0,0.0181,0.924,"(1, 128)","(1, 128)",variable_random
95,random_layer_12,Conv2d,MM,32,1024,32,0.0,0.6234,0.7997,"(1, 1024)","(1, 32)",variable_random
95,random_layer_13,Conv2d,MM,2048,1024,512,0.7692,0.5046,0.6038,"(1, 1024)","(1, 512)",variable_random
95,random_layer_14,Linear,MM,256,1024,64,0.6342,0.6718,0.1309,"(1, 1024)","(1, 64)",variable_random
95,random_layer_15,Linear,MM,512,512,64,0.7596,0.1209,0.6795,"(1, 512)","(1, 64)",variable_random
95,random_layer_16,Linear,MM,256,64,512,0.2433,0.1398,0.2767,"(1, 64)","(1, 512)",variable_random
95,random_layer_17,Linear,MM,128,1024,32,0.1083,0.68,0.5832,"(1, 1024)","(1, 32)",variable_random
95,random_layer_18,Conv2d,MM,32,1024,128,0.8114,0.3317,0.0442,"(1, 1024)","(1, 128)",variable_random
95,random_layer_19,Conv2d,MM,256,256,256,0.1779,0.0778,0.2183,"(1, 256)","(1, 256)",variable_random
96,random_layer_0,Conv2d,MM,2048,512,256,0.0,0.1079,0.4005,"(1, 512)","(1, 256)",variable_random
96,random_layer_1,Linear,MM,1024,256,256,0.0,0.0699,0.279,"(1, 256)","(1, 256)",variable_random
96,random_layer_2,Conv2d,MM,2048,128,512,0.2016,0.0454,0.2095,"(1, 128)","(1, 512)",variable_random
96,random_layer_3,Linear,MM,1024,64,512,0.0,0.386,0.8051,"(1, 64)","(1, 512)",variable_random
96,random_layer_4,Linear,MM,256,512,256,0.381,0.0173,0.4683,"(1, 512)","(1, 256)",variable_random
96,random_layer_5,Linear,MM,1024,64,256,0.0583,0.1007,0.7177,"(1, 64)","(1, 256)",variable_random
96,random_layer_6,Conv2d,MM,32,1024,32,0.0159,0.0594,0.9385,"(1, 1024)","(1, 32)",variable_random
96,random_layer_7,Linear,MM,2048,128,128,0.0814,0.3076,0.7694,"(1, 128)","(1, 128)",variable_random
96,random_layer_8,Linear,MM,32,512,64,0.2639,0.0267,0.1517,"(1, 512)","(1, 64)",variable_random
96,random_layer_9,Conv2d,MM,64,512,512,0.0921,0.0354,0.8189,"(1, 512)","(1, 512)",variable_random
96,random_layer_10,Linear,MM,512,1024,64,0.2422,0.0193,0.2026,"(1, 1024)","(1, 64)",variable_random
96,random_layer_11,Linear,MM,64,32,128,0.0,0.435,0.367,"(1, 32)","(1, 128)",variable_random
96,random_layer_12,Linear,MM,512,256,128,0.7101,0.679,0.5067,"(1, 256)","(1, 128)",variable_random
96,random_layer_13,Linear,MM,32,1024,128,0.5133,0.1365,0.9171,"(1, 1024)","(1, 128)",variable_random
96,random_layer_14,Linear,MM,256,64,128,0.0549,0.6077,0.0536,"(1, 64)","(1, 128)",variable_random
96,random_layer_15,Linear,MM,256,512,64,0.7017,0.1334,0.7325,"(1, 512)","(1, 64)",variable_random
96,random_layer_16,Linear,MM,1024,512,64,0.3522,0.5231,0.3378,"(1, 512)","(1, 64)",variable_random
96,random_layer_17,Linear,MM,1024,32,32,0.57,0.6408,0.4284,"(1, 32)","(1, 32)",variable_random
96,random_layer_18,Linear,MM,1024,512,128,0.764,0.0576,0.2383,"(1, 512)","(1, 128)",variable_random
96,random_layer_19,Linear,MM,256,32,512,0.1497,0.5717,0.7897,"(1, 32)","(1, 512)",variable_random
97,random_layer_0,Conv2d,MM,1024,256,128,0.0,0.3293,0.2725,"(1, 256)","(1, 128)",variable_random
97,random_layer_1,Conv2d,MM,512,1024,32,0.4485,0.1132,0.1971,"(1, 1024)","(1, 32)",variable_random
97,random_layer_2,Conv2d,MM,64,512,32,0.0,0.0694,0.6374,"(1, 512)","(1, 32)",variable_random
97,random_layer_3,Linear,MM,256,512,512,0.0,0.3935,0.1689,"(1, 512)","(1, 512)",variable_random
97,random_layer_4,Conv2d,MM,2048,1024,256,0.4935,0.6789,0.3585,"(1, 1024)","(1, 256)",variable_random
97,random_layer_5,Linear,MM,512,32,128,0.99,0.1178,0.1228,"(1, 32)","(1, 128)",variable_random
97,random_layer_6,Conv2d,MM,512,512,64,0.0,0.0965,0.2194,"(1, 512)","(1, 64)",variable_random
97,random_layer_7,Conv2d,MM,2048,128,256,0.0,0.4949,0.3967,"(1, 128)","(1, 256)",variable_random
97,random_layer_8,Linear,MM,64,64,128,0.2913,0.5025,0.7984,"(1, 64)","(1, 128)",variable_random
97,random_layer_9,Conv2d,MM,256,128,64,0.7682,0.5129,0.7432,"(1, 128)","(1, 64)",variable_random
97,random_layer_10,Conv2d,MM,1024,1024,512,0.4349,0.0807,0.3012,"(1, 1024)","(1, 512)",variable_random
97,random_layer_11,Conv2d,MM,2048,128,128,0.0883,0.0269,0.9354,"(1, 128)","(1, 128)",variable_random
97,random_layer_12,Conv2d,MM,2048,32,512,0.0712,0.0101,0.637,"(1, 32)","(1, 512)",variable_random
97,random_layer_13,Linear,MM,1024,32,256,0.0,0.6531,0.7674,"(1, 32)","(1, 256)",variable_random
97,random_layer_14,Conv2d,MM,32,1024,32,0.7337,0.0022,0.1883,"(1, 1024)","(1, 32)",variable_random
97,random_layer_15,Conv2d,MM,64,64,64,0.299,0.3284,0.5434,"(1, 64)","(1, 64)",variable_random
97,random_layer_16,Linear,MM,64,64,128,0.4227,0.55,0.871,"(1, 64)","(1, 128)",variable_random
97,random_layer_17,Conv2d,MM,1024,512,256,0.3674,0.388,0.9054,"(1, 512)","(1, 256)",variable_random
97,random_layer_18,Conv2d,MM,2048,64,128,0.0682,0.5673,0.521,"(1, 64)","(1, 128)",variable_random
97,random_layer_19,Linear,MM,256,1024,256,0.4603,0.5417,0.6314,"(1, 1024)","(1, 256)",variable_random
98,random_layer_0,Linear,MM,2048,64,256,0.0414,0.0132,0.3922,"(1, 64)","(1, 256)",variable_random
98,random_layer_1,Linear,MM,256,32,64,0.1548,0.6117,0.8097,"(1, 32)","(1, 64)",variable_random
98,random_layer_2,Linear,MM,512,64,128,0.2536,0.4741,0.511,"(1, 64)","(1, 128)",variable_random
98,random_layer_3,Linear,MM,64,512,512,0.523,0.5418,0.1364,"(1, 512)","(1, 512)",variable_random
98,random_layer_4,Linear,MM,64,256,256,0.5218,0.3828,0.5089,"(1, 256)","(1, 256)",variable_random
98,random_layer_5,Conv2d,MM,256,32,64,0.3915,0.1162,0.3605,"(1, 32)","(1, 64)",variable_random
98,random_layer_6,Linear,MM,512,512,256,0.0443,0.3271,0.1248,"(1, 512)","(1, 256)",variable_random
98,random_layer_7,Conv2d,MM,512,256,128,0.4533,0.1123,0.9256,"(1, 256)","(1, 128)",variable_random
98,random_layer_8,Linear,MM,32,256,64,0.0,0.1431,0.9271,"(1, 256)","(1, 64)",variable_random
98,random_layer_9,Linear,MM,1024,512,128,0.2475,0.13,0.7777,"(1, 512)","(1, 128)",variable_random
98,random_layer_10,Linear,MM,128,1024,128,0.4833,0.1013,0.4072,"(1, 1024)","(1, 128)",variable_random
98,random_layer_11,Linear,MM,512,128,512,0.182,0.3263,0.445,"(1, 128)","(1, 512)",variable_random
98,random_layer_12,Linear,MM,256,32,512,0.1481,0.5882,0.2808,"(1, 32)","(1, 512)",variable_random
98,random_layer_13,Conv2d,MM,32,512,128,0.4087,0.4255,0.5658,"(1, 512)","(1, 128)",variable_random
98,random_layer_14,Linear,MM,128,512,256,0.5545,0.1179,0.4159,"(1, 512)","(1, 256)",variable_random
98,random_layer_15,Conv2d,MM,256,128,32,0.3243,0.1403,0.6755,"(1, 128)","(1, 32)",variable_random
98,random_layer_16,Linear,MM,128,512,128,0.32,0.6464,0.8688,"(1, 512)","(1, 128)",variable_random
98,random_layer_17,Linear,MM,32,256,512,0.7372,0.354,0.3435,"(1, 256)","(1, 512)",variable_random
98,random_layer_18,Linear,MM,128,512,64,0.2435,0.5876,0.0679,"(1, 512)","(1, 64)",variable_random
98,random_layer_19,Linear,MM,64,256,256,0.594,0.0878,0.6597,"(1, 256)","(1, 256)",variable_random
99,random_layer_0,Linear,MM,64,1024,64,0.0,0.1095,0.1668,"(1, 1024)","(1, 64)",variable_random
99,random_layer_1,Conv2d,MM,32,512,512,0.1982,0.5704,0.3966,"(1, 512)","(1, 512)",variable_random
99,random_layer_2,Conv2d,MM,512,256,64,0.7268,0.5156,0.514,"(1, 256)","(1, 64)",variable_random
99,random_layer_3,Conv2d,MM,512,512,128,0.3806,0.0808,0.4748,"(1, 512)","(1, 128)",variable_random
99,random_layer_4,Conv2d,MM,64,1024,256,0.0,0.6234,0.5081,"(1, 1024)","(1, 256)",variable_random
99,random_layer_5,Linear,MM,128,1024,64,0.678,0.0296,0.4918,"(1, 1024)","(1, 64)",variable_random
99,random_layer_6,Conv2d,MM,256,256,32,0.1369,0.6632,0.9057,"(1, 256)","(1, 32)",variable_random
99,random_layer_7,Linear,MM,256,32,256,0.6846,0.0246,0.4603,"(1, 32)","(1, 256)",variable_random
99,random_layer_8,Conv2d,MM,512,1024,256,0.07,0.077,0.747,"(1, 1024)","(1, 256)",variable_random
99,random_layer_9,Conv2d,MM,64,512,256,0.0515,0.5064,0.8137,"(1, 512)","(1, 256)",variable_random
99,random_layer_10,Linear,MM,512,1024,128,0.4564,0.5272,0.3893,"(1, 1024)","(1, 128)",variable_random
99,random_layer_11,Linear,MM,1024,512,128,0.7122,0.1037,0.0631,"(1, 512)","(1, 128)",variable_random
99,random_layer_12,Conv2d,MM,512,128,512,0.3222,0.6027,0.5379,"(1, 128)","(1, 512)",variable_random
99,random_layer_13,Linear,MM,2048,256,256,0.6131,0.1442,0.8713,"(1, 256)","(1, 256)",variable_random
99,random_layer_14,Conv2d,MM,128,32,512,0.2802,0.0461,0.658,"(1, 32)","(1, 512)",variable_random
99,random_layer_15,Conv2d,MM,128,1024,512,0.2563,0.6065,0.2778,"(1, 1024)","(1, 512)",variable_random
99,random_layer_16,Conv2d,MM,2048,32,32,0.8286,0.6862,0.4794,"(1, 32)","(1, 32)",variable_random
99,random_layer_17,Conv2d,MM,512,1024,64,0.6524,0.4026,0.6748,"(1, 1024)","(1, 64)",variable_random
99,random_layer_18,Linear,MM,256,256,32,0.1366,0.4768,0.8131,"(1, 256)","(1, 32)",variable_random
99,random_layer_19,Conv2d,MM,256,512,128,0.3743,0.034,0.0615,"(1, 512)","(1, 128)",variable_random
100,random_layer_0,Conv2d,MM,32,256,64,0.0017,0.6397,0.0479,"(1, 256)","(1, 64)",variable_random
100,random_layer_1,Linear,MM,128,256,512,0.6498,0.6732,0.927,"(1, 256)","(1, 512)",variable_random
100,random_layer_2,Linear,MM,256,128,32,0.6809,0.1349,0.0021,"(1, 128)","(1, 32)",variable_random
100,random_layer_3,Linear,MM,64,128,64,0.1611,0.1416,0.2125,"(1, 128)","(1, 64)",variable_random
100,random_layer_4,Linear,MM,64,1024,32,0.0,0.594,0.3417,"(1, 1024)","(1, 32)",variable_random
100,random_layer_5,Conv2d,MM,2048,256,512,0.5363,0.1247,0.8823,"(1, 256)","(1, 512)",variable_random
100,random_layer_6,Linear,MM,128,512,32,0.0664,0.5266,0.3261,"(1, 512)","(1, 32)",variable_random
100,random_layer_7,Linear,MM,2048,512,128,0.5543,0.1062,0.0167,"(1, 512)","(1, 128)",variable_random
100,random_layer_8,Linear,MM,1024,256,32,0.1335,0.1361,0.0574,"(1, 256)","(1, 32)",variable_random
100,random_layer_9,Conv2d,MM,32,512,512,0.2537,0.5497,0.2293,"(1, 512)","(1, 512)",variable_random
100,random_layer_10,Linear,MM,2048,128,512,0.5953,0.582,0.8462,"(1, 128)","(1, 512)",variable_random
100,random_layer_11,Conv2d,MM,2048,1024,32,0.5943,0.4205,0.5061,"(1, 1024)","(1, 32)",variable_random
100,random_layer_12,Linear,MM,256,128,256,0.3499,0.4378,0.6188,"(1, 128)","(1, 256)",variable_random
100,random_layer_13,Linear,MM,32,128,256,0.3039,0.4342,0.3384,"(1, 128)","(1, 256)",variable_random
100,random_layer_14,Linear,MM,64,128,64,0.3586,0.6403,0.4082,"(1, 128)","(1, 64)",variable_random
100,random_layer_15,Linear,MM,32,128,256,0.2749,0.0253,0.4062,"(1, 128)","(1, 256)",variable_random
100,random_layer_16,Linear,MM,2048,128,256,0.1062,0.4549,0.241,"(1, 128)","(1, 256)",variable_random
100,random_layer_17,Conv2d,MM,512,256,64,0.2537,0.1275,0.3817,"(1, 256)","(1, 64)",variable_random
100,random_layer_18,Linear,MM,2048,512,64,0.0626,0.1212,0.0063,"(1, 512)","(1, 64)",variable_random
100,random_layer_19,Conv2d,MM,256,256,32,0.0921,0.0624,0.5371,"(1, 256)","(1, 32)",variable_random
101,random_layer_0,Linear,MM,128,1024,128,0.0,0.4567,0.2818,"(1, 1024)","(1, 128)",variable_random
101,random_layer_1,Conv2d,MM,2048,128,512,0.5002,0.3582,0.6422,"(1, 128)","(1, 512)",variable_random
101,random_layer_2,Conv2d,MM,32,64,128,0.5098,0.4684,0.3426,"(1, 64)","(1, 128)",variable_random
101,random_layer_3,Linear,MM,512,64,32,0.2929,0.1028,0.5401,"(1, 64)","(1, 32)",variable_random
101,random_layer_4,Conv2d,MM,512,64,512,0.0,0.0229,0.0897,"(1, 64)","(1, 512)",variable_random
101,random_layer_5,Conv2d,MM,32,128,128,0.0,0.1468,0.0172,"(1, 128)","(1, 128)",variable_random
101,random_layer_6,Conv2d,MM,1024,128,64,0.0,0.5366,0.637,"(1, 128)","(1, 64)",variable_random
101,random_layer_7,Linear,MM,512,512,512,0.5178,0.0711,0.1297,"(1, 512)","(1, 512)",variable_random
101,random_layer_8,Conv2d,MM,256,32,128,0.1851,0.4755,0.488,"(1, 32)","(1, 128)",variable_random
101,random_layer_9,Conv2d,MM,128,1024,128,0.291,0.6325,0.2051,"(1, 1024)","(1, 128)",variable_random
101,random_layer_10,Linear,MM,256,32,32,0.6159,0.6517,0.8128,"(1, 32)","(1, 32)",variable_random
101,random_layer_11,Conv2d,MM,32,64,512,0.5992,0.0641,0.917,"(1, 64)","(1, 512)",variable_random
101,random_layer_12,Conv2d,MM,128,32,512,0.3669,0.0513,0.6723,"(1, 32)","(1, 512)",variable_random
101,random_layer_13,Linear,MM,64,128,256,0.0,0.4871,0.7046,"(1, 128)","(1, 256)",variable_random
101,random_layer_14,Conv2d,MM,1024,1024,512,0.4492,0.5763,0.178,"(1, 1024)","(1, 512)",variable_random
101,random_layer_15,Linear,MM,512,64,128,0.2503,0.0442,0.3074,"(1, 64)","(1, 128)",variable_random
101,random_layer_16,Conv2d,MM,64,32,64,0.0954,0.1075,0.511,"(1, 32)","(1, 64)",variable_random
101,random_layer_17,Conv2d,MM,1024,32,128,0.1382,0.0032,0.5769,"(1, 32)","(1, 128)",variable_random
101,random_layer_18,Conv2d,MM,1024,64,256,0.0301,0.3569,0.2042,"(1, 64)","(1, 256)",variable_random
101,random_layer_19,Linear,MM,32,256,64,0.2739,0.6645,0.4037,"(1, 256)","(1, 64)",variable_random
102,random_layer_0,Conv2d,MM,2048,32,128,0.0,0.4487,0.8385,"(1, 32)","(1, 128)",variable_random
102,random_layer_1,Linear,MM,64,512,32,0.3739,0.3563,0.4231,"(1, 512)","(1, 32)",variable_random
102,random_layer_2,Linear,MM,32,1024,256,0.2352,0.0352,0.2188,"(1, 1024)","(1, 256)",variable_random
102,random_layer_3,Linear,MM,64,64,64,0.0387,0.1143,0.2295,"(1, 64)","(1, 64)",variable_random
102,random_layer_4,Linear,MM,32,128,256,0.1537,0.6488,0.4603,"(1, 128)","(1, 256)",variable_random
102,random_layer_5,Linear,MM,256,1024,128,0.5247,0.461,0.5501,"(1, 1024)","(1, 128)",variable_random
102,random_layer_6,Conv2d,MM,1024,256,64,0.4895,0.455,0.6873,"(1, 256)","(1, 64)",variable_random
102,random_layer_7,Conv2d,MM,2048,256,256,0.4453,0.0545,0.1231,"(1, 256)","(1, 256)",variable_random
102,random_layer_8,Linear,MM,512,256,128,0.0589,0.3225,0.3951,"(1, 256)","(1, 128)",variable_random
102,random_layer_9,Linear,MM,1024,256,512,0.2793,0.0913,0.62,"(1, 256)","(1, 512)",variable_random
102,random_layer_10,Linear,MM,64,256,256,0.1055,0.6095,0.6109,"(1, 256)","(1, 256)",variable_random
102,random_layer_11,Linear,MM,32,256,64,0.5422,0.668,0.8233,"(1, 256)","(1, 64)",variable_random
102,random_layer_12,Linear,MM,512,256,512,0.8024,0.121,0.4259,"(1, 256)","(1, 512)",variable_random
102,random_layer_13,Conv2d,MM,64,256,128,0.1813,0.4614,0.9421,"(1, 256)","(1, 128)",variable_random
102,random_layer_14,Linear,MM,1024,128,256,0.4232,0.0358,0.476,"(1, 128)","(1, 256)",variable_random
102,random_layer_15,Conv2d,MM,256,256,32,0.1587,0.4056,0.2969,"(1, 256)","(1, 32)",variable_random
102,random_layer_16,Linear,MM,1024,64,64,0.4915,0.1058,0.4276,"(1, 64)","(1, 64)",variable_random
102,random_layer_17,Linear,MM,64,128,512,0.075,0.5126,0.1683,"(1, 128)","(1, 512)",variable_random
102,random_layer_18,Conv2d,MM,32,512,128,0.4136,0.1385,0.2212,"(1, 512)","(1, 128)",variable_random
102,random_layer_19,Conv2d,MM,512,256,32,0.0,0.681,0.01,"(1, 256)","(1, 32)",variable_random
103,random_layer_0,Conv2d,MM,64,32,512,0.0648,0.4064,0.0697,"(1, 32)","(1, 512)",variable_random
103,random_layer_1,Conv2d,MM,128,512,32,0.3843,0.0687,0.4329,"(1, 512)","(1, 32)",variable_random
103,random_layer_2,Conv2d,MM,32,256,32,0.1293,0.6632,0.1519,"(1, 256)","(1, 32)",variable_random
103,random_layer_3,Linear,MM,1024,512,32,0.6998,0.0198,0.4411,"(1, 512)","(1, 32)",variable_random
103,random_layer_4,Conv2d,MM,512,1024,512,0.0,0.4231,0.0271,"(1, 1024)","(1, 512)",variable_random
103,random_layer_5,Linear,MM,32,256,128,0.4033,0.431,0.6872,"(1, 256)","(1, 128)",variable_random
103,random_layer_6,Linear,MM,512,32,512,0.2575,0.0697,0.7335,"(1, 32)","(1, 512)",variable_random
103,random_layer_7,Linear,MM,2048,512,128,0.1065,0.4145,0.5897,"(1, 512)","(1, 128)",variable_random
103,random_layer_8,Conv2d,MM,64,256,32,0.2025,0.3234,0.3276,"(1, 256)","(1, 32)",variable_random
103,random_layer_9,Linear,MM,64,32,32,0.5343,0.4236,0.0534,"(1, 32)","(1, 32)",variable_random
103,random_layer_10,Linear,MM,128,512,128,0.2234,0.4586,0.7927,"(1, 512)","(1, 128)",variable_random
103,random_layer_11,Linear,MM,512,32,64,0.6917,0.0616,0.4662,"(1, 32)","(1, 64)",variable_random
103,random_layer_12,Linear,MM,32,32,64,0.227,0.5817,0.1986,"(1, 32)","(1, 64)",variable_random
103,random_layer_13,Linear,MM,32,64,128,0.4049,0.6527,0.6475,"(1, 64)","(1, 128)",variable_random
103,random_layer_14,Conv2d,MM,32,1024,128,0.6844,0.0168,0.2485,"(1, 1024)","(1, 128)",variable_random
103,random_layer_15,Linear,MM,512,256,32,0.0711,0.5911,0.3981,"(1, 256)","(1, 32)",variable_random
103,random_layer_16,Conv2d,MM,2048,512,512,0.7942,0.006,0.0051,"(1, 512)","(1, 512)",variable_random
103,random_layer_17,Linear,MM,2048,32,256,0.2489,0.4958,0.9314,"(1, 32)","(1, 256)",variable_random
103,random_layer_18,Conv2d,MM,512,64,512,0.7157,0.3369,0.5349,"(1, 64)","(1, 512)",variable_random
103,random_layer_19,Conv2d,MM,2048,256,256,0.5905,0.4858,0.3244,"(1, 256)","(1, 256)",variable_random
104,random_layer_0,Conv2d,MM,64,512,512,0.0,0.0362,0.6046,"(1, 512)","(1, 512)",variable_random
104,random_layer_1,Conv2d,MM,1024,32,64,0.0291,0.5314,0.3822,"(1, 32)","(1, 64)",variable_random
104,random_layer_2,Conv2d,MM,2048,32,128,0.3958,0.69,0.0057,"(1, 32)","(1, 128)",variable_random
104,random_layer_3,Linear,MM,256,128,256,0.7178,0.4135,0.5589,"(1, 128)","(1, 256)",variable_random
104,random_layer_4,Linear,MM,2048,64,256,0.5217,0.0939,0.6106,"(1, 64)","(1, 256)",variable_random
104,random_layer_5,Conv2d,MM,512,64,32,0.2463,0.4242,0.1849,"(1, 64)","(1, 32)",variable_random
104,random_layer_6,Linear,MM,1024,32,512,0.4502,0.1001,0.8085,"(1, 32)","(1, 512)",variable_random
104,random_layer_7,Linear,MM,512,1024,512,0.2501,0.3504,0.5829,"(1, 1024)","(1, 512)",variable_random
104,random_layer_8,Linear,MM,128,1024,128,0.2883,0.6448,0.4825,"(1, 1024)","(1, 128)",variable_random
104,random_layer_9,Conv2d,MM,2048,256,256,0.5144,0.4896,0.0445,"(1, 256)","(1, 256)",variable_random
104,random_layer_10,Linear,MM,2048,256,512,0.614,0.3226,0.0193,"(1, 256)","(1, 512)",variable_random
104,random_layer_11,Conv2d,MM,32,512,64,0.3319,0.0195,0.9359,"(1, 512)","(1, 64)",variable_random
104,random_layer_12,Conv2d,MM,128,1024,32,0.2094,0.0807,0.2546,"(1, 1024)","(1, 32)",variable_random
104,random_layer_13,Conv2d,MM,128,1024,32,0.2466,0.082,0.3168,"(1, 1024)","(1, 32)",variable_random
104,random_layer_14,Conv2d,MM,64,128,64,0.1176,0.5901,0.248,"(1, 128)","(1, 64)",variable_random
104,random_layer_15,Conv2d,MM,128,512,64,0.5581,0.4562,0.0783,"(1, 512)","(1, 64)",variable_random
104,random_layer_16,Conv2d,MM,128,128,512,0.3228,0.6346,0.6786,"(1, 128)","(1, 512)",variable_random
104,random_layer_17,Conv2d,MM,256,1024,64,0.552,0.0129,0.4974,"(1, 1024)","(1, 64)",variable_random
104,random_layer_18,Linear,MM,128,512,128,0.0651,0.0268,0.4987,"(1, 512)","(1, 128)",variable_random
104,random_layer_19,Conv2d,MM,512,1024,32,0.1134,0.6773,0.2713,"(1, 1024)","(1, 32)",variable_random
105,random_layer_0,Conv2d,MM,128,64,256,0.0656,0.119,0.1292,"(1, 64)","(1, 256)",variable_random
105,random_layer_1,Conv2d,MM,128,512,512,0.072,0.462,0.6994,"(1, 512)","(1, 512)",variable_random
105,random_layer_2,Conv2d,MM,2048,256,128,0.2783,0.3156,0.5572,"(1, 256)","(1, 128)",variable_random
105,random_layer_3,Linear,MM,1024,512,512,0.1271,0.0827,0.5023,"(1, 512)","(1, 512)",variable_random
105,random_layer_4,Conv2d,MM,64,32,64,0.0927,0.615,0.6613,"(1, 32)","(1, 64)",variable_random
105,random_layer_5,Conv2d,MM,512,64,32,0.6738,0.3061,0.4764,"(1, 64)","(1, 32)",variable_random
105,random_layer_6,Conv2d,MM,128,512,512,0.2775,0.6242,0.0902,"(1, 512)","(1, 512)",variable_random
105,random_layer_7,Conv2d,MM,256,256,512,0.6418,0.3043,0.5082,"(1, 256)","(1, 512)",variable_random
105,random_layer_8,Conv2d,MM,512,64,512,0.0325,0.3576,0.6533,"(1, 64)","(1, 512)",variable_random
105,random_layer_9,Linear,MM,128,256,128,0.654,0.0172,0.3767,"(1, 256)","(1, 128)",variable_random
105,random_layer_10,Conv2d,MM,1024,128,512,0.0444,0.6886,0.1902,"(1, 128)","(1, 512)",variable_random
105,random_layer_11,Conv2d,MM,128,32,64,0.7015,0.1091,0.8227,"(1, 32)","(1, 64)",variable_random
105,random_layer_12,Linear,MM,512,128,64,0.1126,0.1094,0.3595,"(1, 128)","(1, 64)",variable_random
105,random_layer_13,Linear,MM,32,32,512,0.1565,0.5976,0.3118,"(1, 32)","(1, 512)",variable_random
105,random_layer_14,Conv2d,MM,2048,128,64,0.5018,0.4161,0.11,"(1, 128)","(1, 64)",variable_random
105,random_layer_15,Linear,MM,512,1024,128,0.2324,0.4697,0.4575,"(1, 1024)","(1, 128)",variable_random
105,random_layer_16,Conv2d,MM,1024,64,256,0.6174,0.6358,0.8631,"(1, 64)","(1, 256)",variable_random
105,random_layer_17,Linear,MM,64,512,32,0.6871,0.1163,0.8841,"(1, 512)","(1, 32)",variable_random
105,random_layer_18,Linear,MM,512,128,512,0.0853,0.6935,0.8229,"(1, 128)","(1, 512)",variable_random
105,random_layer_19,Linear,MM,32,1024,256,0.5807,0.0859,0.8106,"(1, 1024)","(1, 256)",variable_random
106,random_layer_0,Linear,MM,32,256,32,0.0,0.6211,0.1071,"(1, 256)","(1, 32)",variable_random
106,random_layer_1,Conv2d,MM,128,256,128,0.3299,0.1378,0.5122,"(1, 256)","(1, 128)",variable_random
106,random_layer_2,Linear,MM,128,32,64,0.0,0.6011,0.8775,"(1, 32)","(1, 64)",variable_random
106,random_layer_3,Linear,MM,2048,64,32,0.7685,0.0567,0.1459,"(1, 64)","(1, 32)",variable_random
106,random_layer_4,Conv2d,MM,32,1024,512,0.1084,0.47,0.8842,"(1, 1024)","(1, 512)",variable_random
106,random_layer_5,Linear,MM,2048,256,64,0.3354,0.6558,0.4271,"(1, 256)","(1, 64)",variable_random
106,random_layer_6,Conv2d,MM,32,512,128,0.7903,0.1053,0.711,"(1, 512)","(1, 128)",variable_random
106,random_layer_7,Conv2d,MM,1024,128,256,0.0445,0.0568,0.1028,"(1, 128)","(1, 256)",variable_random
106,random_layer_8,Linear,MM,128,512,128,0.0,0.6497,0.4406,"(1, 512)","(1, 128)",variable_random
106,random_layer_9,Conv2d,MM,512,32,256,0.568,0.1351,0.7982,"(1, 32)","(1, 256)",variable_random
106,random_layer_10,Conv2d,MM,32,32,512,0.2065,0.1248,0.2397,"(1, 32)","(1, 512)",variable_random
106,random_layer_11,Linear,MM,2048,1024,64,0.1055,0.1427,0.6417,"(1, 1024)","(1, 64)",variable_random
106,random_layer_12,Conv2d,MM,1024,256,32,0.0038,0.6478,0.1369,"(1, 256)","(1, 32)",variable_random
106,random_layer_13,Linear,MM,512,128,32,0.7239,0.367,0.2365,"(1, 128)","(1, 32)",variable_random
106,random_layer_14,Conv2d,MM,2048,512,32,0.43,0.0813,0.8165,"(1, 512)","(1, 32)",variable_random
106,random_layer_15,Conv2d,MM,1024,512,256,0.0192,0.0723,0.1501,"(1, 512)","(1, 256)",variable_random
106,random_layer_16,Linear,MM,64,1024,512,0.2471,0.4425,0.4023,"(1, 1024)","(1, 512)",variable_random
106,random_layer_17,Conv2d,MM,2048,256,256,0.3663,0.4412,0.893,"(1, 256)","(1, 256)",variable_random
106,random_layer_18,Conv2d,MM,128,256,64,0.294,0.3989,0.6178,"(1, 256)","(1, 64)",variable_random
106,random_layer_19,Conv2d,MM,512,256,64,0.1571,0.085,0.0781,"(1, 256)","(1, 64)",variable_random
107,random_layer_0,Conv2d,MM,512,512,256,0.1884,0.6601,0.0042,"(1, 512)","(1, 256)",variable_random
107,random_layer_1,Conv2d,MM,2048,512,512,0.8129,0.0229,0.8833,"(1, 512)","(1, 512)",variable_random
107,random_layer_2,Linear,MM,256,32,32,0.1682,0.0749,0.5146,"(1, 32)","(1, 32)",variable_random
107,random_layer_3,Linear,MM,256,128,32,0.2387,0.6705,0.6364,"(1, 128)","(1, 32)",variable_random
107,random_layer_4,Conv2d,MM,256,256,128,0.6881,0.0039,0.5289,"(1, 256)","(1, 128)",variable_random
107,random_layer_5,Linear,MM,256,32,512,0.122,0.1128,0.8896,"(1, 32)","(1, 512)",variable_random
107,random_layer_6,Conv2d,MM,128,1024,256,0.2522,0.3866,0.3168,"(1, 1024)","(1, 256)",variable_random
107,random_layer_7,Linear,MM,64,256,256,0.4588,0.1409,0.144,"(1, 256)","(1, 256)",variable_random
107,random_layer_8,Linear,MM,32,128,512,0.2209,0.3942,0.4132,"(1, 128)","(1, 512)",variable_random
107,random_layer_9,Conv2d,MM,256,1024,256,0.5598,0.0358,0.7136,"(1, 1024)","(1, 256)",variable_random
107,random_layer_10,Conv2d,MM,1024,32,256,0.4933,0.0752,0.6103,"(1, 32)","(1, 256)",variable_random
107,random_layer_11,Conv2d,MM,32,256,128,0.0297,0.1106,0.6643,"(1, 256)","(1, 128)",variable_random
107,random_layer_12,Conv2d,MM,64,32,64,0.0369,0.5991,0.922,"(1, 32)","(1, 64)",variable_random
107,random_layer_13,Linear,MM,256,512,64,0.7974,0.6308,0.3948,"(1, 512)","(1, 64)",variable_random
107,random_layer_14,Linear,MM,256,128,32,0.5528,0.0567,0.2501,"(1, 128)","(1, 32)",variable_random
107,random_layer_15,Linear,MM,2048,64,32,0.1026,0.5821,0.2131,"(1, 64)","(1, 32)",variable_random
107,random_layer_16,Conv2d,MM,128,1024,32,0.6643,0.5021,0.3062,"(1, 1024)","(1, 32)",variable_random
107,random_layer_17,Conv2d,MM,2048,256,128,0.6466,0.1041,0.9404,"(1, 256)","(1, 128)",variable_random
107,random_layer_18,Linear,MM,32,512,64,0.0,0.0484,0.5328,"(1, 512)","(1, 64)",variable_random
107,random_layer_19,Linear,MM,2048,512,256,0.0,0.1397,0.6795,"(1, 512)","(1, 256)",variable_random
108,random_layer_0,Linear,MM,32,32,64,0.1319,0.0311,0.5212,"(1, 32)","(1, 64)",variable_random
108,random_layer_1,Conv2d,MM,128,512,32,0.1682,0.0953,0.8198,"(1, 512)","(1, 32)",variable_random
108,random_layer_2,Linear,MM,256,128,32,0.2878,0.1403,0.2608,"(1, 128)","(1, 32)",variable_random
108,random_layer_3,Conv2d,MM,1024,256,128,0.5635,0.4201,0.4466,"(1, 256)","(1, 128)",variable_random
108,random_layer_4,Linear,MM,128,128,32,0.3706,0.0995,0.7219,"(1, 128)","(1, 32)",variable_random
108,random_layer_5,Conv2d,MM,32,256,32,0.0781,0.0423,0.8394,"(1, 256)","(1, 32)",variable_random
108,random_layer_6,Linear,MM,1024,256,64,0.0,0.0347,0.1333,"(1, 256)","(1, 64)",variable_random
108,random_layer_7,Linear,MM,256,64,256,0.1223,0.4451,0.6857,"(1, 64)","(1, 256)",variable_random
108,random_layer_8,Linear,MM,128,32,128,0.3724,0.0403,0.2475,"(1, 32)","(1, 128)",variable_random
108,random_layer_9,Linear,MM,32,32,128,0.1626,0.3807,0.2156,"(1, 32)","(1, 128)",variable_random
108,random_layer_10,Conv2d,MM,128,512,64,0.2544,0.0611,0.72,"(1, 512)","(1, 64)",variable_random
108,random_layer_11,Conv2d,MM,512,128,512,0.0,0.0765,0.4609,"(1, 128)","(1, 512)",variable_random
108,random_layer_12,Conv2d,MM,256,64,512,0.0955,0.0717,0.4547,"(1, 64)","(1, 512)",variable_random
108,random_layer_13,Linear,MM,2048,512,64,0.0,0.3108,0.9295,"(1, 512)","(1, 64)",variable_random
108,random_layer_14,Conv2d,MM,256,1024,32,0.3726,0.0078,0.1884,"(1, 1024)","(1, 32)",variable_random
108,random_layer_15,Conv2d,MM,64,32,256,0.0912,0.0184,0.0011,"(1, 32)","(1, 256)",variable_random
108,random_layer_16,Conv2d,MM,1024,512,512,0.0,0.0381,0.3719,"(1, 512)","(1, 512)",variable_random
108,random_layer_17,Conv2d,MM,128,256,128,0.2566,0.1357,0.9297,"(1, 256)","(1, 128)",variable_random
108,random_layer_18,Linear,MM,512,32,32,0.1476,0.6509,0.6897,"(1, 32)","(1, 32)",variable_random
108,random_layer_19,Conv2d,MM,64,1024,128,0.4537,0.1412,0.1309,"(1, 1024)","(1, 128)",variable_random
109,random_layer_0,Conv2d,MM,32,32,64,0.0541,0.3892,0.8346,"(1, 32)","(1, 64)",variable_random
109,random_layer_1,Linear,MM,2048,128,256,0.483,0.3577,0.4115,"(1, 128)","(1, 256)",variable_random
109,random_layer_2,Conv2d,MM,32,128,32,0.4099,0.3268,0.753,"(1, 128)","(1, 32)",variable_random
109,random_layer_3,Conv2d,MM,128,128,64,0.551,0.6779,0.2338,"(1, 128)","(1, 64)",variable_random
109,random_layer_4,Linear,MM,32,32,256,0.5924,0.0312,0.0659,"(1, 32)","(1, 256)",variable_random
109,random_layer_5,Conv2d,MM,128,128,128,0.0726,0.03,0.7065,"(1, 128)","(1, 128)",variable_random
109,random_layer_6,Linear,MM,32,256,256,0.1451,0.403,0.8753,"(1, 256)","(1, 256)",variable_random
109,random_layer_7,Conv2d,MM,32,1024,256,0.0,0.387,0.6642,"(1, 1024)","(1, 256)",variable_random
109,random_layer_8,Linear,MM,32,128,128,0.2051,0.0813,0.7072,"(1, 128)","(1, 128)",variable_random
109,random_layer_9,Conv2d,MM,2048,32,64,0.2067,0.4692,0.1419,"(1, 32)","(1, 64)",variable_random
109,random_layer_10,Conv2d,MM,256,128,32,0.8654,0.6087,0.3345,"(1, 128)","(1, 32)",variable_random
109,random_layer_11,Conv2d,MM,128,64,512,0.6442,0.1462,0.5759,"(1, 64)","(1, 512)",variable_random
109,random_layer_12,Conv2d,MM,32,1024,256,0.2584,0.1064,0.7567,"(1, 1024)","(1, 256)",variable_random
109,random_layer_13,Linear,MM,1024,256,32,0.2385,0.1402,0.4801,"(1, 256)","(1, 32)",variable_random
109,random_layer_14,Conv2d,MM,2048,512,64,0.2173,0.0965,0.9293,"(1, 512)","(1, 64)",variable_random
109,random_layer_15,Conv2d,MM,512,32,64,0.0363,0.4909,0.9038,"(1, 32)","(1, 64)",variable_random
109,random_layer_16,Conv2d,MM,512,256,32,0.5632,0.1372,0.4468,"(1, 256)","(1, 32)",variable_random
109,random_layer_17,Linear,MM,256,128,32,0.0,0.1107,0.9173,"(1, 128)","(1, 32)",variable_random
109,random_layer_18,Linear,MM,32,128,256,0.2496,0.4792,0.7854,"(1, 128)","(1, 256)",variable_random
109,random_layer_19,Linear,MM,64,256,128,0.4711,0.6704,0.3817,"(1, 256)","(1, 128)",variable_random
110,random_layer_0,Conv2d,MM,64,512,512,0.0,0.1451,0.0082,"(1, 512)","(1, 512)",variable_random
110,random_layer_1,Linear,MM,256,128,64,0.2069,0.0718,0.7539,"(1, 128)","(1, 64)",variable_random
110,random_layer_2,Conv2d,MM,2048,256,256,0.1106,0.134,0.3188,"(1, 256)","(1, 256)",variable_random
110,random_layer_3,Conv2d,MM,64,1024,128,0.049,0.5881,0.9002,"(1, 1024)","(1, 128)",variable_random
110,random_layer_4,Linear,MM,512,256,64,0.7485,0.0573,0.3846,"(1, 256)","(1, 64)",variable_random
110,random_layer_5,Conv2d,MM,32,32,256,0.1008,0.1287,0.243,"(1, 32)","(1, 256)",variable_random
110,random_layer_6,Conv2d,MM,64,64,64,0.2936,0.3389,0.8399,"(1, 64)","(1, 64)",variable_random
110,random_layer_7,Linear,MM,128,512,32,0.3976,0.0288,0.15,"(1, 512)","(1, 32)",variable_random
110,random_layer_8,Linear,MM,512,32,64,0.0,0.4417,0.403,"(1, 32)","(1, 64)",variable_random
110,random_layer_9,Conv2d,MM,64,128,64,0.4995,0.3334,0.4629,"(1, 128)","(1, 64)",variable_random
110,random_layer_10,Conv2d,MM,512,32,128,0.2419,0.1128,0.7731,"(1, 32)","(1, 128)",variable_random
110,random_layer_11,Conv2d,MM,64,64,512,0.2917,0.0428,0.5616,"(1, 64)","(1, 512)",variable_random
110,random_layer_12,Linear,MM,1024,32,256,0.0279,0.0302,0.5042,"(1, 32)","(1, 256)",variable_random
110,random_layer_13,Linear,MM,256,256,256,0.0891,0.0109,0.7065,"(1, 256)","(1, 256)",variable_random
110,random_layer_14,Conv2d,MM,128,256,256,0.0,0.1009,0.8278,"(1, 256)","(1, 256)",variable_random
110,random_layer_15,Conv2d,MM,64,64,64,0.0,0.4566,0.0262,"(1, 64)","(1, 64)",variable_random
110,random_layer_16,Conv2d,MM,512,256,64,0.2847,0.0991,0.0967,"(1, 256)","(1, 64)",variable_random
110,random_layer_17,Conv2d,MM,32,128,256,0.234,0.3836,0.178,"(1, 128)","(1, 256)",variable_random
110,random_layer_18,Conv2d,MM,512,32,128,0.3324,0.5864,0.3774,"(1, 32)","(1, 128)",variable_random
110,random_layer_19,Conv2d,MM,256,512,32,0.6462,0.001,0.0055,"(1, 512)","(1, 32)",variable_random
111,random_layer_0,Conv2d,MM,64,512,512,0.0,0.6254,0.3046,"(1, 512)","(1, 512)",variable_random
111,random_layer_1,Conv2d,MM,512,64,512,0.4734,0.5783,0.2642,"(1, 64)","(1, 512)",variable_random
111,random_layer_2,Conv2d,MM,128,64,64,0.6444,0.5367,0.0668,"(1, 64)","(1, 64)",variable_random
111,random_layer_3,Conv2d,MM,64,64,128,0.6011,0.3081,0.3273,"(1, 64)","(1, 128)",variable_random
111,random_layer_4,Conv2d,MM,256,64,256,0.0,0.069,0.1142,"(1, 64)","(1, 256)",variable_random
111,random_layer_5,Conv2d,MM,512,256,128,0.0604,0.0505,0.3176,"(1, 256)","(1, 128)",variable_random
111,random_layer_6,Linear,MM,32,32,64,0.0,0.0408,0.8105,"(1, 32)","(1, 64)",variable_random
111,random_layer_7,Conv2d,MM,256,256,32,0.0732,0.5573,0.5358,"(1, 256)","(1, 32)",variable_random
111,random_layer_8,Conv2d,MM,64,1024,512,0.504,0.0958,0.5639,"(1, 1024)","(1, 512)",variable_random
111,random_layer_9,Conv2d,MM,64,128,256,0.1418,0.0895,0.6894,"(1, 128)","(1, 256)",variable_random
111,random_layer_10,Linear,MM,256,1024,512,0.0,0.0236,0.8814,"(1, 1024)","(1, 512)",variable_random
111,random_layer_11,Linear,MM,256,256,32,0.1383,0.5814,0.3533,"(1, 256)","(1, 32)",variable_random
111,random_layer_12,Linear,MM,256,1024,512,0.5607,0.0355,0.0719,"(1, 1024)","(1, 512)",variable_random
111,random_layer_13,Linear,MM,1024,256,32,0.0409,0.0579,0.0833,"(1, 256)","(1, 32)",variable_random
111,random_layer_14,Conv2d,MM,1024,32,64,0.0,0.0864,0.5505,"(1, 32)","(1, 64)",variable_random
111,random_layer_15,Conv2d,MM,2048,1024,256,0.0431,0.0293,0.4078,"(1, 1024)","(1, 256)",variable_random
111,random_layer_16,Linear,MM,256,256,512,0.3361,0.5465,0.2567,"(1, 256)","(1, 512)",variable_random
111,random_layer_17,Linear,MM,1024,256,128,0.2078,0.6416,0.0259,"(1, 256)","(1, 128)",variable_random
111,random_layer_18,Linear,MM,256,256,64,0.5207,0.5102,0.5334,"(1, 256)","(1, 64)",variable_random
111,random_layer_19,Linear,MM,256,512,256,0.6597,0.5267,0.4368,"(1, 512)","(1, 256)",variable_random
112,random_layer_0,Conv2d,MM,128,256,256,0.1689,0.0451,0.4378,"(1, 256)","(1, 256)",variable_random
112,random_layer_1,Linear,MM,256,512,64,0.1395,0.0545,0.0966,"(1, 512)","(1, 64)",variable_random
112,random_layer_2,Conv2d,MM,64,1024,32,0.0,0.1402,0.0534,"(1, 1024)","(1, 32)",variable_random
112,random_layer_3,Linear,MM,64,128,512,0.0,0.5971,0.0429,"(1, 128)","(1, 512)",variable_random
112,random_layer_4,Linear,MM,256,64,32,0.4836,0.089,0.1103,"(1, 64)","(1, 32)",variable_random
112,random_layer_5,Linear,MM,2048,512,64,0.0647,0.4783,0.2529,"(1, 512)","(1, 64)",variable_random
112,random_layer_6,Conv2d,MM,64,1024,256,0.5431,0.1097,0.7969,"(1, 1024)","(1, 256)",variable_random
112,random_layer_7,Conv2d,MM,32,128,256,0.3281,0.638,0.2144,"(1, 128)","(1, 256)",variable_random
112,random_layer_8,Linear,MM,64,128,256,0.431,0.0408,0.5344,"(1, 128)","(1, 256)",variable_random
112,random_layer_9,Linear,MM,64,512,512,0.127,0.0507,0.651,"(1, 512)","(1, 512)",variable_random
112,random_layer_10,Linear,MM,256,32,512,0.1354,0.1469,0.8391,"(1, 32)","(1, 512)",variable_random
112,random_layer_11,Conv2d,MM,512,32,64,0.1981,0.6156,0.1484,"(1, 32)","(1, 64)",variable_random
112,random_layer_12,Conv2d,MM,32,1024,128,0.8231,0.0824,0.2849,"(1, 1024)","(1, 128)",variable_random
112,random_layer_13,Conv2d,MM,256,256,32,0.0551,0.3545,0.4747,"(1, 256)","(1, 32)",variable_random
112,random_layer_14,Conv2d,MM,64,512,256,0.4731,0.4357,0.6518,"(1, 512)","(1, 256)",variable_random
112,random_layer_15,Linear,MM,64,256,32,0.4986,0.1493,0.2278,"(1, 256)","(1, 32)",variable_random
112,random_layer_16,Conv2d,MM,128,64,512,0.2207,0.4159,0.2791,"(1, 64)","(1, 512)",variable_random
112,random_layer_17,Linear,MM,256,128,64,0.4393,0.5463,0.4747,"(1, 128)","(1, 64)",variable_random
112,random_layer_18,Linear,MM,64,128,32,0.6627,0.6891,0.6616,"(1, 128)","(1, 32)",variable_random
112,random_layer_19,Conv2d,MM,256,1024,256,0.3301,0.1392,0.3497,"(1, 1024)","(1, 256)",variable_random
113,random_layer_0,Conv2d,MM,1024,256,256,0.0,0.0475,0.4968,"(1, 256)","(1, 256)",variable_random
113,random_layer_1,Conv2d,MM,128,256,256,0.059,0.5452,0.5973,"(1, 256)","(1, 256)",variable_random
113,random_layer_2,Conv2d,MM,1024,32,32,0.6613,0.6463,0.4809,"(1, 32)","(1, 32)",variable_random
113,random_layer_3,Linear,MM,1024,64,128,0.7316,0.5702,0.6869,"(1, 64)","(1, 128)",variable_random
113,random_layer_4,Conv2d,MM,2048,256,256,0.5725,0.6898,0.2076,"(1, 256)","(1, 256)",variable_random
113,random_layer_5,Linear,MM,128,512,64,0.8458,0.1183,0.5018,"(1, 512)","(1, 64)",variable_random
113,random_layer_6,Linear,MM,1024,64,512,0.2279,0.0439,0.9089,"(1, 64)","(1, 512)",variable_random
113,random_layer_7,Linear,MM,512,64,32,0.0022,0.3404,0.8412,"(1, 64)","(1, 32)",variable_random
113,random_layer_8,Conv2d,MM,32,32,512,0.3036,0.1133,0.3025,"(1, 32)","(1, 512)",variable_random
113,random_layer_9,Linear,MM,256,128,128,0.0416,0.1039,0.8536,"(1, 128)","(1, 128)",variable_random
113,random_layer_10,Conv2d,MM,512,32,32,0.1327,0.0426,0.73,"(1, 32)","(1, 32)",variable_random
113,random_layer_11,Linear,MM,512,128,64,0.1438,0.3685,0.2612,"(1, 128)","(1, 64)",variable_random
113,random_layer_12,Linear,MM,2048,32,128,0.3523,0.1443,0.4659,"(1, 32)","(1, 128)",variable_random
113,random_layer_13,Conv2d,MM,32,512,128,0.0908,0.0902,0.9369,"(1, 512)","(1, 128)",variable_random
113,random_layer_14,Linear,MM,128,64,512,0.0036,0.6876,0.5965,"(1, 64)","(1, 512)",variable_random
113,random_layer_15,Linear,MM,32,512,128,0.6319,0.0492,0.4883,"(1, 512)","(1, 128)",variable_random
113,random_layer_16,Linear,MM,64,256,64,0.1341,0.6745,0.5994,"(1, 256)","(1, 64)",variable_random
113,random_layer_17,Linear,MM,2048,256,512,0.6172,0.3564,0.3286,"(1, 256)","(1, 512)",variable_random
113,random_layer_18,Conv2d,MM,2048,1024,512,0.4685,0.5362,0.0548,"(1, 1024)","(1, 512)",variable_random
113,random_layer_19,Linear,MM,1024,512,32,0.7341,0.1218,0.0771,"(1, 512)","(1, 32)",variable_random
114,random_layer_0,Conv2d,MM,32,32,128,0.0,0.5163,0.5845,"(1, 32)","(1, 128)",variable_random
114,random_layer_1,Linear,MM,256,1024,32,0.4125,0.0855,0.1931,"(1, 1024)","(1, 32)",variable_random
114,random_layer_2,Conv2d,MM,512,1024,256,0.0,0.3435,0.3927,"(1, 1024)","(1, 256)",variable_random
114,random_layer_3,Conv2d,MM,32,1024,32,0.427,0.6245,0.9317,"(1, 1024)","(1, 32)",variable_random
114,random_layer_4,Linear,MM,512,512,64,0.2268,0.0712,0.8642,"(1, 512)","(1, 64)",variable_random
114,random_layer_5,Linear,MM,128,512,128,0.2245,0.1131,0.2906,"(1, 512)","(1, 128)",variable_random
114,random_layer_6,Linear,MM,1024,128,64,0.0,0.1055,0.2994,"(1, 128)","(1, 64)",variable_random
114,random_layer_7,Conv2d,MM,512,32,512,0.1088,0.647,0.8069,"(1, 32)","(1, 512)",variable_random
114,random_layer_8,Conv2d,MM,256,512,64,0.8133,0.3909,0.0687,"(1, 512)","(1, 64)",variable_random
114,random_layer_9,Conv2d,MM,32,64,512,0.3206,0.6949,0.9214,"(1, 64)","(1, 512)",variable_random
114,random_layer_10,Conv2d,MM,1024,32,512,0.99,0.4434,0.5043,"(1, 32)","(1, 512)",variable_random
114,random_layer_11,Conv2d,MM,32,512,64,0.4662,0.1123,0.2233,"(1, 512)","(1, 64)",variable_random
114,random_layer_12,Linear,MM,1024,512,256,0.1287,0.4109,0.9244,"(1, 512)","(1, 256)",variable_random
114,random_layer_13,Conv2d,MM,2048,128,256,0.3602,0.0078,0.3786,"(1, 128)","(1, 256)",variable_random
114,random_layer_14,Conv2d,MM,1024,512,64,0.0404,0.4682,0.2331,"(1, 512)","(1, 64)",variable_random
114,random_layer_15,Linear,MM,64,32,64,0.6229,0.067,0.1946,"(1, 32)","(1, 64)",variable_random
114,random_layer_16,Conv2d,MM,256,64,64,0.0,0.1419,0.5378,"(1, 64)","(1, 64)",variable_random
114,random_layer_17,Conv2d,MM,2048,1024,32,0.2415,0.3934,0.8353,"(1, 1024)","(1, 32)",variable_random
114,random_layer_18,Linear,MM,128,32,32,0.2975,0.4731,0.1192,"(1, 32)","(1, 32)",variable_random
114,random_layer_19,Conv2d,MM,2048,256,32,0.1944,0.3468,0.7737,"(1, 256)","(1, 32)",variable_random
115,random_layer_0,Linear,MM,128,64,32,0.0548,0.5709,0.9234,"(1, 64)","(1, 32)",variable_random
115,random_layer_1,Linear,MM,2048,64,128,0.5933,0.4068,0.7644,"(1, 64)","(1, 128)",variable_random
115,random_layer_2,Linear,MM,32,32,512,0.4205,0.6076,0.8368,"(1, 32)","(1, 512)",variable_random
115,random_layer_3,Linear,MM,512,512,512,0.7625,0.5364,0.7057,"(1, 512)","(1, 512)",variable_random
115,random_layer_4,Linear,MM,512,1024,256,0.7092,0.1478,0.2663,"(1, 1024)","(1, 256)",variable_random
115,random_layer_5,Linear,MM,2048,256,32,0.1406,0.0413,0.6947,"(1, 256)","(1, 32)",variable_random
115,random_layer_6,Conv2d,MM,256,512,256,0.1056,0.1093,0.9003,"(1, 512)","(1, 256)",variable_random
115,random_layer_7,Conv2d,MM,2048,512,512,0.1591,0.0068,0.1306,"(1, 512)","(1, 512)",variable_random
115,random_layer_8,Linear,MM,1024,512,256,0.0,0.4964,0.9255,"(1, 512)","(1, 256)",variable_random
115,random_layer_9,Linear,MM,256,256,256,0.6116,0.0361,0.5225,"(1, 256)","(1, 256)",variable_random
115,random_layer_10,Conv2d,MM,256,256,512,0.1664,0.1126,0.0869,"(1, 256)","(1, 512)",variable_random
115,random_layer_11,Conv2d,MM,64,512,64,0.0775,0.5358,0.8411,"(1, 512)","(1, 64)",variable_random
115,random_layer_12,Linear,MM,256,32,128,0.3476,0.5923,0.6338,"(1, 32)","(1, 128)",variable_random
115,random_layer_13,Linear,MM,2048,128,256,0.2786,0.1499,0.0535,"(1, 128)","(1, 256)",variable_random
115,random_layer_14,Linear,MM,128,128,32,0.2284,0.0899,0.4739,"(1, 128)","(1, 32)",variable_random
115,random_layer_15,Conv2d,MM,1024,1024,256,0.0503,0.027,0.262,"(1, 1024)","(1, 256)",variable_random
115,random_layer_16,Conv2d,MM,32,32,64,0.379,0.0536,0.9156,"(1, 32)","(1, 64)",variable_random
115,random_layer_17,Linear,MM,256,128,64,0.0547,0.0284,0.3265,"(1, 128)","(1, 64)",variable_random
115,random_layer_18,Linear,MM,512,256,256,0.0,0.027,0.8071,"(1, 256)","(1, 256)",variable_random
115,random_layer_19,Linear,MM,128,64,128,0.0579,0.5768,0.6695,"(1, 64)","(1, 128)",variable_random
116,random_layer_0,Conv2d,MM,64,32,256,0.0,0.1045,0.2136,"(1, 32)","(1, 256)",variable_random
116,random_layer_1,Conv2d,MM,64,64,128,0.0,0.3567,0.9006,"(1, 64)","(1, 128)",variable_random
116,random_layer_2,Conv2d,MM,128,1024,512,0.5689,0.547,0.8101,"(1, 1024)","(1, 512)",variable_random
116,random_layer_3,Linear,MM,512,512,128,0.5048,0.094,0.5353,"(1, 512)","(1, 128)",variable_random
116,random_layer_4,Linear,MM,2048,32,64,0.0,0.3439,0.3358,"(1, 32)","(1, 64)",variable_random
116,random_layer_5,Conv2d,MM,512,512,64,0.1521,0.0357,0.6506,"(1, 512)","(1, 64)",variable_random
116,random_layer_6,Linear,MM,512,64,512,0.1022,0.026,0.6834,"(1, 64)","(1, 512)",variable_random
116,random_layer_7,Linear,MM,32,64,256,0.1626,0.0039,0.8462,"(1, 64)","(1, 256)",variable_random
116,random_layer_8,Linear,MM,64,256,64,0.0,0.0408,0.7159,"(1, 256)","(1, 64)",variable_random
116,random_layer_9,Conv2d,MM,64,512,64,0.0,0.0274,0.603,"(1, 512)","(1, 64)",variable_random
116,random_layer_10,Conv2d,MM,2048,64,256,0.0,0.3086,0.4095,"(1, 64)","(1, 256)",variable_random
116,random_layer_11,Linear,MM,256,256,256,0.3919,0.5234,0.8939,"(1, 256)","(1, 256)",variable_random
116,random_layer_12,Linear,MM,512,512,512,0.3414,0.0468,0.9255,"(1, 512)","(1, 512)",variable_random
116,random_layer_13,Conv2d,MM,1024,32,32,0.0,0.0589,0.7194,"(1, 32)","(1, 32)",variable_random
116,random_layer_14,Conv2d,MM,1024,128,32,0.3761,0.5418,0.6388,"(1, 128)","(1, 32)",variable_random
116,random_layer_15,Conv2d,MM,256,64,32,0.5111,0.072,0.7007,"(1, 64)","(1, 32)",variable_random
116,random_layer_16,Conv2d,MM,512,64,32,0.0,0.4666,0.1379,"(1, 64)","(1, 32)",variable_random
116,random_layer_17,Conv2d,MM,128,64,256,0.4551,0.1448,0.4687,"(1, 64)","(1, 256)",variable_random
116,random_layer_18,Linear,MM,32,512,128,0.3748,0.04,0.7132,"(1, 512)","(1, 128)",variable_random
116,random_layer_19,Conv2d,MM,2048,512,256,0.0,0.1151,0.5557,"(1, 512)","(1, 256)",variable_random
117,random_layer_0,Conv2d,MM,128,32,512,0.0816,0.108,0.6454,"(1, 32)","(1, 512)",variable_random
117,random_layer_1,Conv2d,MM,1024,256,32,0.1778,0.0294,0.548,"(1, 256)","(1, 32)",variable_random
117,random_layer_2,Conv2d,MM,64,1024,64,0.1172,0.3499,0.8731,"(1, 1024)","(1, 64)",variable_random
117,random_layer_3,Linear,MM,32,1024,128,0.3145,0.0889,0.8604,"(1, 1024)","(1, 128)",variable_random
117,random_layer_4,Conv2d,MM,256,512,512,0.0054,0.6222,0.7048,"(1, 512)","(1, 512)",variable_random
117,random_layer_5,Linear,MM,256,128,128,0.7125,0.0146,0.2797,"(1, 128)","(1, 128)",variable_random
117,random_layer_6,Linear,MM,512,256,256,0.1874,0.101,0.5727,"(1, 256)","(1, 256)",variable_random
117,random_layer_7,Conv2d,MM,1024,1024,64,0.1376,0.6158,0.7591,"(1, 1024)","(1, 64)",variable_random
117,random_layer_8,Linear,MM,2048,128,128,0.637,0.3517,0.4292,"(1, 128)","(1, 128)",variable_random
117,random_layer_9,Linear,MM,64,128,32,0.2212,0.0437,0.792,"(1, 128)","(1, 32)",variable_random
117,random_layer_10,Conv2d,MM,2048,32,128,0.0,0.4295,0.803,"(1, 32)","(1, 128)",variable_random
117,random_layer_11,Linear,MM,1024,64,64,0.3923,0.1078,0.3259,"(1, 64)","(1, 64)",variable_random
117,random_layer_12,Conv2d,MM,64,32,256,0.0,0.1348,0.2505,"(1, 32)","(1, 256)",variable_random
117,random_layer_13,Conv2d,MM,64,128,512,0.2858,0.0213,0.6577,"(1, 128)","(1, 512)",variable_random
117,random_layer_14,Conv2d,MM,256,512,128,0.132,0.6529,0.4485,"(1, 512)","(1, 128)",variable_random
117,random_layer_15,Conv2d,MM,2048,512,256,0.6782,0.3109,0.6203,"(1, 512)","(1, 256)",variable_random
117,random_layer_16,Conv2d,MM,32,512,256,0.3031,0.5136,0.7214,"(1, 512)","(1, 256)",variable_random
117,random_layer_17,Linear,MM,2048,32,256,0.4742,0.0787,0.8653,"(1, 32)","(1, 256)",variable_random
117,random_layer_18,Conv2d,MM,2048,256,32,0.3351,0.3355,0.7122,"(1, 256)","(1, 32)",variable_random
117,random_layer_19,Linear,MM,256,32,256,0.2167,0.5185,0.3164,"(1, 32)","(1, 256)",variable_random
118,random_layer_0,Conv2d,MM,512,32,512,0.0,0.322,0.1641,"(1, 32)","(1, 512)",variable_random
118,random_layer_1,Conv2d,MM,2048,512,32,0.4536,0.062,0.8028,"(1, 512)","(1, 32)",variable_random
118,random_layer_2,Linear,MM,128,128,256,0.1112,0.634,0.3889,"(1, 128)","(1, 256)",variable_random
118,random_layer_3,Conv2d,MM,1024,128,128,0.6488,0.0233,0.3505,"(1, 128)","(1, 128)",variable_random
118,random_layer_4,Linear,MM,2048,512,32,0.0949,0.1366,0.407,"(1, 512)","(1, 32)",variable_random
118,random_layer_5,Linear,MM,32,32,512,0.1636,0.0121,0.1038,"(1, 32)","(1, 512)",variable_random
118,random_layer_6,Conv2d,MM,64,32,32,0.0218,0.1139,0.1159,"(1, 32)","(1, 32)",variable_random
118,random_layer_7,Conv2d,MM,128,1024,64,0.0979,0.3597,0.9492,"(1, 1024)","(1, 64)",variable_random
118,random_layer_8,Conv2d,MM,32,128,128,0.1623,0.1273,0.3613,"(1, 128)","(1, 128)",variable_random
118,random_layer_9,Conv2d,MM,2048,128,64,0.1214,0.6436,0.7388,"(1, 128)","(1, 64)",variable_random
118,random_layer_10,Linear,MM,1024,1024,128,0.478,0.1209,0.9396,"(1, 1024)","(1, 128)",variable_random
118,random_layer_11,Conv2d,MM,32,256,32,0.1825,0.0333,0.8492,"(1, 256)","(1, 32)",variable_random
118,random_layer_12,Conv2d,MM,256,64,32,0.0,0.1328,0.8253,"(1, 64)","(1, 32)",variable_random
118,random_layer_13,Conv2d,MM,512,64,256,0.2365,0.0575,0.0026,"(1, 64)","(1, 256)",variable_random
118,random_layer_14,Linear,MM,64,256,64,0.1053,0.018,0.6422,"(1, 256)","(1, 64)",variable_random
118,random_layer_15,Conv2d,MM,256,512,32,0.155,0.1353,0.1923,"(1, 512)","(1, 32)",variable_random
118,random_layer_16,Linear,MM,32,1024,32,0.0987,0.5244,0.2947,"(1, 1024)","(1, 32)",variable_random
118,random_layer_17,Conv2d,MM,2048,64,512,0.4615,0.3189,0.4113,"(1, 64)","(1, 512)",variable_random
118,random_layer_18,Linear,MM,32,1024,32,0.489,0.0369,0.3413,"(1, 1024)","(1, 32)",variable_random
118,random_layer_19,Linear,MM,2048,512,512,0.0,0.6195,0.3149,"(1, 512)","(1, 512)",variable_random
119,random_layer_0,Conv2d,MM,256,1024,128,0.0,0.6275,0.6275,"(1, 1024)","(1, 128)",variable_random
119,random_layer_1,Linear,MM,256,32,128,0.5802,0.0008,0.5726,"(1, 32)","(1, 128)",variable_random
119,random_layer_2,Linear,MM,32,64,128,0.2594,0.3051,0.0663,"(1, 64)","(1, 128)",variable_random
119,random_layer_3,Conv2d,MM,512,512,256,0.2906,0.4693,0.9089,"(1, 512)","(1, 256)",variable_random
119,random_layer_4,Linear,MM,128,128,32,0.5065,0.1029,0.0501,"(1, 128)","(1, 32)",variable_random
119,random_layer_5,Conv2d,MM,256,256,32,0.1097,0.4949,0.0917,"(1, 256)","(1, 32)",variable_random
119,random_layer_6,Linear,MM,64,1024,32,0.4834,0.6245,0.0353,"(1, 1024)","(1, 32)",variable_random
119,random_layer_7,Linear,MM,64,32,64,0.7929,0.1197,0.7637,"(1, 32)","(1, 64)",variable_random
119,random_layer_8,Conv2d,MM,1024,1024,512,0.1733,0.0092,0.6954,"(1, 1024)","(1, 512)",variable_random
119,random_layer_9,Linear,MM,2048,64,64,0.0,0.5857,0.1806,"(1, 64)","(1, 64)",variable_random
119,random_layer_10,Linear,MM,64,32,256,0.6455,0.0195,0.3705,"(1, 32)","(1, 256)",variable_random
119,random_layer_11,Linear,MM,512,512,128,0.0202,0.0057,0.5143,"(1, 512)","(1, 128)",variable_random
119,random_layer_12,Linear,MM,256,512,256,0.0,0.1172,0.6931,"(1, 512)","(1, 256)",variable_random
119,random_layer_13,Conv2d,MM,1024,256,512,0.324,0.1369,0.1352,"(1, 256)","(1, 512)",variable_random
119,random_layer_14,Linear,MM,512,512,512,0.1108,0.6955,0.9225,"(1, 512)","(1, 512)",variable_random
119,random_layer_15,Linear,MM,128,128,256,0.7091,0.1212,0.9495,"(1, 128)","(1, 256)",variable_random
119,random_layer_16,Conv2d,MM,512,256,32,0.084,0.5294,0.0202,"(1, 256)","(1, 32)",variable_random
119,random_layer_17,Conv2d,MM,2048,32,64,0.5468,0.5599,0.3098,"(1, 32)","(1, 64)",variable_random
119,random_layer_18,Conv2d,MM,256,256,32,0.5844,0.3857,0.1362,"(1, 256)","(1, 32)",variable_random
119,random_layer_19,Conv2d,MM,512,1024,32,0.4165,0.0256,0.6921,"(1, 1024)","(1, 32)",variable_random
120,random_layer_0,Conv2d,MM,256,32,64,0.0,0.6337,0.6574,"(1, 32)","(1, 64)",variable_random
120,random_layer_1,Conv2d,MM,64,1024,256,0.6745,0.1369,0.4608,"(1, 1024)","(1, 256)",variable_random
120,random_layer_2,Linear,MM,1024,256,256,0.051,0.0055,0.1809,"(1, 256)","(1, 256)",variable_random
120,random_layer_3,Conv2d,MM,64,512,32,0.0,0.0911,0.534,"(1, 512)","(1, 32)",variable_random
120,random_layer_4,Conv2d,MM,1024,32,256,0.0224,0.6016,0.4034,"(1, 32)","(1, 256)",variable_random
120,random_layer_5,Conv2d,MM,2048,64,128,0.6968,0.1174,0.7021,"(1, 64)","(1, 128)",variable_random
120,random_layer_6,Conv2d,MM,64,64,512,0.1245,0.0696,0.2837,"(1, 64)","(1, 512)",variable_random
120,random_layer_7,Linear,MM,2048,32,128,0.1877,0.0755,0.4562,"(1, 32)","(1, 128)",variable_random
120,random_layer_8,Conv2d,MM,128,32,512,0.1589,0.5195,0.2851,"(1, 32)","(1, 512)",variable_random
120,random_layer_9,Conv2d,MM,128,512,32,0.6059,0.5868,0.0146,"(1, 512)","(1, 32)",variable_random
120,random_layer_10,Conv2d,MM,64,256,128,0.7371,0.0913,0.1066,"(1, 256)","(1, 128)",variable_random
120,random_layer_11,Conv2d,MM,2048,64,32,0.0,0.1352,0.5451,"(1, 64)","(1, 32)",variable_random
120,random_layer_12,Conv2d,MM,256,64,128,0.2936,0.3189,0.8592,"(1, 64)","(1, 128)",variable_random
120,random_layer_13,Conv2d,MM,2048,64,32,0.3503,0.1458,0.9492,"(1, 64)","(1, 32)",variable_random
120,random_layer_14,Conv2d,MM,32,256,32,0.2296,0.1345,0.8262,"(1, 256)","(1, 32)",variable_random
120,random_layer_15,Conv2d,MM,2048,1024,64,0.0,0.094,0.6877,"(1, 1024)","(1, 64)",variable_random
120,random_layer_16,Conv2d,MM,128,64,512,0.1774,0.5697,0.1075,"(1, 64)","(1, 512)",variable_random
120,random_layer_17,Linear,MM,64,512,256,0.6257,0.5251,0.5679,"(1, 512)","(1, 256)",variable_random
120,random_layer_18,Conv2d,MM,1024,256,256,0.4798,0.6385,0.3279,"(1, 256)","(1, 256)",variable_random
120,random_layer_19,Linear,MM,512,64,512,0.4681,0.0157,0.3861,"(1, 64)","(1, 512)",variable_random
121,random_layer_0,Linear,MM,2048,32,64,0.0067,0.1039,0.8979,"(1, 32)","(1, 64)",variable_random
121,random_layer_1,Linear,MM,64,1024,64,0.0,0.1349,0.7058,"(1, 1024)","(1, 64)",variable_random
121,random_layer_2,Conv2d,MM,2048,128,256,0.0,0.628,0.8488,"(1, 128)","(1, 256)",variable_random
121,random_layer_3,Linear,MM,128,1024,512,0.5,0.3605,0.5571,"(1, 1024)","(1, 512)",variable_random
121,random_layer_4,Linear,MM,1024,512,64,0.2301,0.1348,0.4207,"(1, 512)","(1, 64)",variable_random
121,random_layer_5,Conv2d,MM,64,128,32,0.0,0.1095,0.6654,"(1, 128)","(1, 32)",variable_random
121,random_layer_6,Linear,MM,2048,256,128,0.1496,0.6989,0.2425,"(1, 256)","(1, 128)",variable_random
121,random_layer_7,Linear,MM,256,256,32,0.7401,0.0474,0.4203,"(1, 256)","(1, 32)",variable_random
121,random_layer_8,Linear,MM,128,128,128,0.0,0.5815,0.6999,"(1, 128)","(1, 128)",variable_random
121,random_layer_9,Conv2d,MM,32,512,64,0.3437,0.3402,0.4556,"(1, 512)","(1, 64)",variable_random
121,random_layer_10,Linear,MM,512,64,128,0.0394,0.4918,0.2839,"(1, 64)","(1, 128)",variable_random
121,random_layer_11,Linear,MM,1024,1024,256,0.3711,0.4381,0.9227,"(1, 1024)","(1, 256)",variable_random
121,random_layer_12,Conv2d,MM,256,128,32,0.5126,0.0582,0.2403,"(1, 128)","(1, 32)",variable_random
121,random_layer_13,Linear,MM,512,64,64,0.1622,0.3172,0.0611,"(1, 64)","(1, 64)",variable_random
121,random_layer_14,Linear,MM,128,512,256,0.4675,0.0849,0.2341,"(1, 512)","(1, 256)",variable_random
121,random_layer_15,Linear,MM,128,32,64,0.0518,0.4953,0.0895,"(1, 32)","(1, 64)",variable_random
121,random_layer_16,Conv2d,MM,256,64,32,0.4484,0.0842,0.8686,"(1, 64)","(1, 32)",variable_random
121,random_layer_17,Linear,MM,64,64,128,0.1614,0.1326,0.8252,"(1, 64)","(1, 128)",variable_random
121,random_layer_18,Conv2d,MM,64,1024,256,0.1436,0.4459,0.9259,"(1, 1024)","(1, 256)",variable_random
121,random_layer_19,Conv2d,MM,2048,1024,64,0.5708,0.1469,0.2596,"(1, 1024)","(1, 64)",variable_random
122,random_layer_0,Conv2d,MM,128,32,256,0.0,0.4212,0.5758,"(1, 32)","(1, 256)",variable_random
122,random_layer_1,Linear,MM,2048,32,64,0.2558,0.4583,0.2102,"(1, 32)","(1, 64)",variable_random
122,random_layer_2,Conv2d,MM,2048,256,256,0.4764,0.0877,0.819,"(1, 256)","(1, 256)",variable_random
122,random_layer_3,Conv2d,MM,256,64,64,0.0,0.5008,0.8177,"(1, 64)","(1, 64)",variable_random
122,random_layer_4,Conv2d,MM,64,128,64,0.4803,0.1083,0.0546,"(1, 128)","(1, 64)",variable_random
122,random_layer_5,Conv2d,MM,512,64,256,0.0,0.4212,0.5069,"(1, 64)","(1, 256)",variable_random
122,random_layer_6,Conv2d,MM,512,256,128,0.4781,0.1368,0.5423,"(1, 256)","(1, 128)",variable_random
122,random_layer_7,Conv2d,MM,256,128,128,0.099,0.3964,0.232,"(1, 128)","(1, 128)",variable_random
122,random_layer_8,Conv2d,MM,2048,128,256,0.2851,0.0063,0.6537,"(1, 128)","(1, 256)",variable_random
122,random_layer_9,Conv2d,MM,64,128,32,0.2332,0.5033,0.2852,"(1, 128)","(1, 32)",variable_random
122,random_layer_10,Conv2d,MM,256,128,32,0.5176,0.0062,0.1729,"(1, 128)","(1, 32)",variable_random
122,random_layer_11,Conv2d,MM,32,512,256,0.1071,0.3312,0.3939,"(1, 512)","(1, 256)",variable_random
122,random_layer_12,Conv2d,MM,64,64,128,0.027,0.0016,0.9321,"(1, 64)","(1, 128)",variable_random
122,random_layer_13,Linear,MM,2048,256,256,0.0844,0.0498,0.4698,"(1, 256)","(1, 256)",variable_random
122,random_layer_14,Linear,MM,64,1024,64,0.1039,0.0863,0.0292,"(1, 1024)","(1, 64)",variable_random
122,random_layer_15,Conv2d,MM,512,32,32,0.0,0.5579,0.359,"(1, 32)","(1, 32)",variable_random
122,random_layer_16,Conv2d,MM,2048,128,512,0.576,0.0115,0.425,"(1, 128)","(1, 512)",variable_random
122,random_layer_17,Linear,MM,1024,1024,256,0.0,0.5278,0.6826,"(1, 1024)","(1, 256)",variable_random
122,random_layer_18,Conv2d,MM,512,32,128,0.6576,0.1423,0.6778,"(1, 32)","(1, 128)",variable_random
122,random_layer_19,Conv2d,MM,256,64,64,0.0847,0.4437,0.3233,"(1, 64)","(1, 64)",variable_random
123,random_layer_0,Linear,MM,2048,32,512,0.0,0.0259,0.9216,"(1, 32)","(1, 512)",variable_random
123,random_layer_1,Linear,MM,1024,512,32,0.0,0.1418,0.2174,"(1, 512)","(1, 32)",variable_random
123,random_layer_2,Linear,MM,512,128,32,0.1554,0.4935,0.4173,"(1, 128)","(1, 32)",variable_random
123,random_layer_3,Conv2d,MM,1024,1024,64,0.2102,0.4693,0.4892,"(1, 1024)","(1, 64)",variable_random
123,random_layer_4,Conv2d,MM,512,256,64,0.616,0.5365,0.1346,"(1, 256)","(1, 64)",variable_random
123,random_layer_5,Conv2d,MM,32,64,32,0.7977,0.5551,0.4838,"(1, 64)","(1, 32)",variable_random
123,random_layer_6,Linear,MM,64,64,32,0.6327,0.5367,0.1612,"(1, 64)","(1, 32)",variable_random
123,random_layer_7,Linear,MM,1024,256,64,0.6133,0.1236,0.0295,"(1, 256)","(1, 64)",variable_random
123,random_layer_8,Linear,MM,128,1024,128,0.1165,0.1232,0.4274,"(1, 1024)","(1, 128)",variable_random
123,random_layer_9,Conv2d,MM,32,512,512,0.0,0.3276,0.278,"(1, 512)","(1, 512)",variable_random
123,random_layer_10,Conv2d,MM,512,128,128,0.1979,0.5854,0.1756,"(1, 128)","(1, 128)",variable_random
123,random_layer_11,Linear,MM,32,128,128,0.2568,0.1461,0.3652,"(1, 128)","(1, 128)",variable_random
123,random_layer_12,Conv2d,MM,128,512,32,0.0401,0.0346,0.315,"(1, 512)","(1, 32)",variable_random
123,random_layer_13,Conv2d,MM,64,128,512,0.0282,0.0493,0.3288,"(1, 128)","(1, 512)",variable_random
123,random_layer_14,Conv2d,MM,64,64,128,0.0,0.0366,0.5756,"(1, 64)","(1, 128)",variable_random
123,random_layer_15,Conv2d,MM,64,128,128,0.169,0.5745,0.5221,"(1, 128)","(1, 128)",variable_random
123,random_layer_16,Linear,MM,64,64,512,0.9144,0.1346,0.6315,"(1, 64)","(1, 512)",variable_random
123,random_layer_17,Linear,MM,64,64,256,0.248,0.0121,0.7015,"(1, 64)","(1, 256)",variable_random
123,random_layer_18,Linear,MM,128,512,512,0.0,0.4199,0.6626,"(1, 512)","(1, 512)",variable_random
123,random_layer_19,Linear,MM,2048,64,128,0.4564,0.5126,0.184,"(1, 64)","(1, 128)",variable_random
124,random_layer_0,Conv2d,MM,64,1024,512,0.0314,0.5853,0.7513,"(1, 1024)","(1, 512)",variable_random
124,random_layer_1,Linear,MM,2048,32,32,0.6748,0.0963,0.6833,"(1, 32)","(1, 32)",variable_random
124,random_layer_2,Conv2d,MM,1024,1024,32,0.1087,0.608,0.6765,"(1, 1024)","(1, 32)",variable_random
124,random_layer_3,Conv2d,MM,1024,512,256,0.6142,0.0558,0.9495,"(1, 512)","(1, 256)",variable_random
124,random_layer_4,Linear,MM,512,32,256,0.0,0.0598,0.8478,"(1, 32)","(1, 256)",variable_random
124,random_layer_5,Linear,MM,512,64,64,0.0609,0.1258,0.8236,"(1, 64)","(1, 64)",variable_random
124,random_layer_6,Linear,MM,256,512,512,0.2908,0.6349,0.592,"(1, 512)","(1, 512)",variable_random
124,random_layer_7,Linear,MM,128,1024,32,0.8539,0.0519,0.0193,"(1, 1024)","(1, 32)",variable_random
124,random_layer_8,Linear,MM,512,1024,512,0.0431,0.3472,0.0997,"(1, 1024)","(1, 512)",variable_random
124,random_layer_9,Conv2d,MM,2048,512,512,0.0,0.6059,0.2998,"(1, 512)","(1, 512)",variable_random
124,random_layer_10,Conv2d,MM,128,32,512,0.7005,0.3846,0.5532,"(1, 32)","(1, 512)",variable_random
124,random_layer_11,Conv2d,MM,256,256,256,0.6093,0.0891,0.7011,"(1, 256)","(1, 256)",variable_random
124,random_layer_12,Conv2d,MM,512,32,256,0.0569,0.0842,0.4462,"(1, 32)","(1, 256)",variable_random
124,random_layer_13,Linear,MM,1024,64,64,0.1141,0.4327,0.1709,"(1, 64)","(1, 64)",variable_random
124,random_layer_14,Conv2d,MM,1024,32,256,0.4518,0.3806,0.5471,"(1, 32)","(1, 256)",variable_random
124,random_layer_15,Linear,MM,64,128,64,0.5235,0.0131,0.9304,"(1, 128)","(1, 64)",variable_random
124,random_layer_16,Conv2d,MM,1024,128,512,0.1621,0.5204,0.169,"(1, 128)","(1, 512)",variable_random
124,random_layer_17,Linear,MM,32,512,128,0.5852,0.0258,0.5171,"(1, 512)","(1, 128)",variable_random
124,random_layer_18,Linear,MM,256,1024,32,0.1594,0.4971,0.157,"(1, 1024)","(1, 32)",variable_random
124,random_layer_19,Conv2d,MM,256,128,128,0.3184,0.006,0.627,"(1, 128)","(1, 128)",variable_random
125,random_layer_0,Linear,MM,128,512,128,0.0084,0.0872,0.1409,"(1, 512)","(1, 128)",variable_random
125,random_layer_1,Linear,MM,32,64,64,0.2666,0.1001,0.8566,"(1, 64)","(1, 64)",variable_random
125,random_layer_2,Conv2d,MM,2048,256,512,0.0,0.1153,0.8142,"(1, 256)","(1, 512)",variable_random
125,random_layer_3,Linear,MM,256,32,128,0.0,0.0729,0.1888,"(1, 32)","(1, 128)",variable_random
125,random_layer_4,Linear,MM,1024,1024,512,0.0,0.0191,0.1976,"(1, 1024)","(1, 512)",variable_random
125,random_layer_5,Conv2d,MM,2048,64,32,0.0,0.0175,0.046,"(1, 64)","(1, 32)",variable_random
125,random_layer_6,Linear,MM,2048,32,64,0.0713,0.4619,0.1168,"(1, 32)","(1, 64)",variable_random
125,random_layer_7,Conv2d,MM,256,64,256,0.4427,0.1491,0.2939,"(1, 64)","(1, 256)",variable_random
125,random_layer_8,Linear,MM,2048,256,32,0.1246,0.0043,0.6108,"(1, 256)","(1, 32)",variable_random
125,random_layer_9,Conv2d,MM,2048,512,64,0.0892,0.1313,0.0924,"(1, 512)","(1, 64)",variable_random
125,random_layer_10,Linear,MM,512,1024,128,0.19,0.647,0.3745,"(1, 1024)","(1, 128)",variable_random
125,random_layer_11,Conv2d,MM,512,256,512,0.6337,0.1445,0.7065,"(1, 256)","(1, 512)",variable_random
125,random_layer_12,Conv2d,MM,64,1024,64,0.3189,0.1446,0.3016,"(1, 1024)","(1, 64)",variable_random
125,random_layer_13,Linear,MM,1024,256,512,0.0214,0.6879,0.8325,"(1, 256)","(1, 512)",variable_random
125,random_layer_14,Linear,MM,512,1024,64,0.7251,0.0858,0.8332,"(1, 1024)","(1, 64)",variable_random
125,random_layer_15,Conv2d,MM,256,512,32,0.1799,0.0953,0.5775,"(1, 512)","(1, 32)",variable_random
125,random_layer_16,Conv2d,MM,512,64,128,0.0,0.68,0.144,"(1, 64)","(1, 128)",variable_random
125,random_layer_17,Conv2d,MM,1024,128,32,0.7109,0.0619,0.0475,"(1, 128)","(1, 32)",variable_random
125,random_layer_18,Linear,MM,2048,32,256,0.0,0.6659,0.9438,"(1, 32)","(1, 256)",variable_random
125,random_layer_19,Conv2d,MM,64,64,512,0.6563,0.4647,0.7419,"(1, 64)","(1, 512)",variable_random
126,random_layer_0,Linear,MM,128,32,32,0.0,0.0716,0.3635,"(1, 32)","(1, 32)",variable_random
126,random_layer_1,Linear,MM,128,512,32,0.1299,0.6577,0.5278,"(1, 512)","(1, 32)",variable_random
126,random_layer_2,Conv2d,MM,256,32,64,0.772,0.104,0.2157,"(1, 32)","(1, 64)",variable_random
126,random_layer_3,Conv2d,MM,32,256,64,0.0,0.0674,0.8209,"(1, 256)","(1, 64)",variable_random
126,random_layer_4,Conv2d,MM,64,1024,32,0.152,0.0191,0.7716,"(1, 1024)","(1, 32)",variable_random
126,random_layer_5,Conv2d,MM,128,512,512,0.0,0.3372,0.039,"(1, 512)","(1, 512)",variable_random
126,random_layer_6,Conv2d,MM,2048,64,128,0.2575,0.0849,0.1502,"(1, 64)","(1, 128)",variable_random
126,random_layer_7,Linear,MM,32,1024,128,0.126,0.0561,0.3015,"(1, 1024)","(1, 128)",variable_random
126,random_layer_8,Linear,MM,512,512,64,0.0,0.3791,0.0237,"(1, 512)","(1, 64)",variable_random
126,random_layer_9,Linear,MM,2048,32,64,0.6105,0.542,0.5713,"(1, 32)","(1, 64)",variable_random
126,random_layer_10,Linear,MM,512,256,64,0.3699,0.0021,0.8557,"(1, 256)","(1, 64)",variable_random
126,random_layer_11,Linear,MM,256,256,32,0.2075,0.6671,0.6188,"(1, 256)","(1, 32)",variable_random
126,random_layer_12,Linear,MM,256,1024,128,0.6043,0.4411,0.6215,"(1, 1024)","(1, 128)",variable_random
126,random_layer_13,Linear,MM,64,512,64,0.4706,0.3103,0.154,"(1, 512)","(1, 64)",variable_random
126,random_layer_14,Linear,MM,64,1024,64,0.2439,0.3179,0.5266,"(1, 1024)","(1, 64)",variable_random
126,random_layer_15,Linear,MM,2048,1024,64,0.2193,0.3675,0.3138,"(1, 1024)","(1, 64)",variable_random
126,random_layer_16,Conv2d,MM,32,32,512,0.4731,0.0181,0.948,"(1, 32)","(1, 512)",variable_random
126,random_layer_17,Linear,MM,1024,1024,512,0.0053,0.4445,0.8031,"(1, 1024)","(1, 512)",variable_random
126,random_layer_18,Linear,MM,2048,256,512,0.6,0.1197,0.9013,"(1, 256)","(1, 512)",variable_random
126,random_layer_19,Conv2d,MM,128,1024,512,0.0,0.5716,0.7827,"(1, 1024)","(1, 512)",variable_random
127,random_layer_0,Conv2d,MM,1024,128,64,0.0,0.0315,0.2879,"(1, 128)","(1, 64)",variable_random
127,random_layer_1,Conv2d,MM,256,128,256,0.1415,0.1413,0.3792,"(1, 128)","(1, 256)",variable_random
127,random_layer_2,Linear,MM,512,1024,256,0.0458,0.3631,0.697,"(1, 1024)","(1, 256)",variable_random
127,random_layer_3,Linear,MM,128,128,512,0.2828,0.3232,0.7352,"(1, 128)","(1, 512)",variable_random
127,random_layer_4,Conv2d,MM,512,128,64,0.1342,0.0452,0.506,"(1, 128)","(1, 64)",variable_random
127,random_layer_5,Linear,MM,512,256,64,0.0,0.1086,0.4585,"(1, 256)","(1, 64)",variable_random
127,random_layer_6,Conv2d,MM,32,128,64,0.1203,0.6408,0.8883,"(1, 128)","(1, 64)",variable_random
127,random_layer_7,Conv2d,MM,2048,1024,128,0.8075,0.4761,0.3204,"(1, 1024)","(1, 128)",variable_random
127,random_layer_8,Linear,MM,32,32,32,0.4224,0.0312,0.2571,"(1, 32)","(1, 32)",variable_random
127,random_layer_9,Conv2d,MM,32,64,32,0.3033,0.4071,0.8302,"(1, 64)","(1, 32)",variable_random
127,random_layer_10,Linear,MM,512,1024,512,0.3087,0.031,0.5724,"(1, 1024)","(1, 512)",variable_random
127,random_layer_11,Linear,MM,512,512,128,0.121,0.6646,0.5901,"(1, 512)","(1, 128)",variable_random
127,random_layer_12,Conv2d,MM,32,32,64,0.7004,0.1235,0.2365,"(1, 32)","(1, 64)",variable_random
127,random_layer_13,Conv2d,MM,256,512,128,0.1312,0.1088,0.8901,"(1, 512)","(1, 128)",variable_random
127,random_layer_14,Linear,MM,128,256,256,0.098,0.0454,0.4571,"(1, 256)","(1, 256)",variable_random
127,random_layer_15,Linear,MM,128,128,256,0.1323,0.1252,0.4762,"(1, 128)","(1, 256)",variable_random
127,random_layer_16,Conv2d,MM,128,256,512,0.2268,0.6732,0.9163,"(1, 256)","(1, 512)",variable_random
127,random_layer_17,Linear,MM,128,512,64,0.5797,0.333,0.3886,"(1, 512)","(1, 64)",variable_random
127,random_layer_18,Linear,MM,512,1024,64,0.4565,0.5154,0.4845,"(1, 1024)","(1, 64)",variable_random
127,random_layer_19,Linear,MM,128,32,64,0.4969,0.6779,0.7064,"(1, 32)","(1, 64)",variable_random
128,random_layer_0,Linear,MM,2048,512,64,0.0,0.6677,0.2727,"(1, 512)","(1, 64)",variable_random
128,random_layer_1,Conv2d,MM,1024,512,128,0.6707,0.5313,0.3629,"(1, 512)","(1, 128)",variable_random
128,random_layer_2,Conv2d,MM,256,1024,32,0.4644,0.0078,0.1689,"(1, 1024)","(1, 32)",variable_random
128,random_layer_3,Conv2d,MM,128,64,256,0.0,0.3389,0.9292,"(1, 64)","(1, 256)",variable_random
128,random_layer_4,Linear,MM,256,1024,256,0.2013,0.0267,0.0349,"(1, 1024)","(1, 256)",variable_random
128,random_layer_5,Conv2d,MM,32,1024,64,0.0,0.5959,0.7379,"(1, 1024)","(1, 64)",variable_random
128,random_layer_6,Conv2d,MM,32,32,32,0.5557,0.0883,0.5817,"(1, 32)","(1, 32)",variable_random
128,random_layer_7,Linear,MM,2048,64,512,0.0,0.0079,0.7804,"(1, 64)","(1, 512)",variable_random
128,random_layer_8,Conv2d,MM,256,32,512,0.0,0.634,0.6221,"(1, 32)","(1, 512)",variable_random
128,random_layer_9,Linear,MM,32,512,128,0.7282,0.5388,0.9409,"(1, 512)","(1, 128)",variable_random
128,random_layer_10,Conv2d,MM,128,32,64,0.4839,0.3978,0.1439,"(1, 32)","(1, 64)",variable_random
128,random_layer_11,Conv2d,MM,32,512,64,0.1534,0.3036,0.3424,"(1, 512)","(1, 64)",variable_random
128,random_layer_12,Linear,MM,512,128,64,0.4776,0.1206,0.7822,"(1, 128)","(1, 64)",variable_random
128,random_layer_13,Conv2d,MM,256,32,32,0.0206,0.1309,0.1685,"(1, 32)","(1, 32)",variable_random
128,random_layer_14,Linear,MM,1024,64,64,0.2706,0.1191,0.6897,"(1, 64)","(1, 64)",variable_random
128,random_layer_15,Conv2d,MM,64,256,512,0.0753,0.1115,0.5961,"(1, 256)","(1, 512)",variable_random
128,random_layer_16,Linear,MM,64,512,128,0.1946,0.111,0.2294,"(1, 512)","(1, 128)",variable_random
128,random_layer_17,Conv2d,MM,128,32,64,0.2,0.5925,0.802,"(1, 32)","(1, 64)",variable_random
128,random_layer_18,Linear,MM,512,128,128,0.4721,0.0138,0.5058,"(1, 128)","(1, 128)",variable_random
128,random_layer_19,Conv2d,MM,256,256,512,0.0249,0.3296,0.0746,"(1, 256)","(1, 512)",variable_random
129,random_layer_0,Conv2d,MM,1024,1024,512,0.0402,0.429,0.3109,"(1, 1024)","(1, 512)",variable_random
129,random_layer_1,Conv2d,MM,512,256,32,0.4067,0.1095,0.0014,"(1, 256)","(1, 32)",variable_random
129,random_layer_2,Conv2d,MM,128,1024,32,0.1559,0.631,0.3439,"(1, 1024)","(1, 32)",variable_random
129,random_layer_3,Conv2d,MM,512,32,128,0.583,0.1008,0.0033,"(1, 32)","(1, 128)",variable_random
129,random_layer_4,Conv2d,MM,512,512,256,0.0804,0.5348,0.4953,"(1, 512)","(1, 256)",variable_random
129,random_layer_5,Conv2d,MM,128,256,32,0.3427,0.1266,0.8049,"(1, 256)","(1, 32)",variable_random
129,random_layer_6,Linear,MM,2048,1024,128,0.1709,0.6384,0.6204,"(1, 1024)","(1, 128)",variable_random
129,random_layer_7,Conv2d,MM,2048,512,512,0.7208,0.333,0.9482,"(1, 512)","(1, 512)",variable_random
129,random_layer_8,Conv2d,MM,128,256,32,0.5815,0.3163,0.7237,"(1, 256)","(1, 32)",variable_random
129,random_layer_9,Conv2d,MM,2048,32,512,0.4495,0.6,0.5199,"(1, 32)","(1, 512)",variable_random
129,random_layer_10,Conv2d,MM,64,128,64,0.6974,0.6318,0.7601,"(1, 128)","(1, 64)",variable_random
129,random_layer_11,Conv2d,MM,32,512,256,0.7057,0.0341,0.359,"(1, 512)","(1, 256)",variable_random
129,random_layer_12,Linear,MM,512,1024,64,0.1633,0.0823,0.1188,"(1, 1024)","(1, 64)",variable_random
129,random_layer_13,Linear,MM,32,256,128,0.0,0.5456,0.1544,"(1, 256)","(1, 128)",variable_random
129,random_layer_14,Conv2d,MM,64,512,128,0.7639,0.1225,0.833,"(1, 512)","(1, 128)",variable_random
129,random_layer_15,Linear,MM,2048,64,64,0.1481,0.1091,0.7129,"(1, 64)","(1, 64)",variable_random
129,random_layer_16,Conv2d,MM,256,1024,128,0.2345,0.6473,0.6612,"(1, 1024)","(1, 128)",variable_random
129,random_layer_17,Conv2d,MM,64,128,32,0.816,0.0201,0.5478,"(1, 128)","(1, 32)",variable_random
129,random_layer_18,Linear,MM,256,128,256,0.0,0.3624,0.3184,"(1, 128)","(1, 256)",variable_random
129,random_layer_19,Conv2d,MM,128,64,512,0.59,0.0689,0.1236,"(1, 64)","(1, 512)",variable_random
130,random_layer_0,Conv2d,MM,32,32,32,0.1852,0.3041,0.6958,"(1, 32)","(1, 32)",variable_random
130,random_layer_1,Conv2d,MM,32,256,128,0.1846,0.624,0.1053,"(1, 256)","(1, 128)",variable_random
130,random_layer_2,Linear,MM,2048,256,64,0.4097,0.026,0.6239,"(1, 256)","(1, 64)",variable_random
130,random_layer_3,Conv2d,MM,1024,32,32,0.0,0.0532,0.3361,"(1, 32)","(1, 32)",variable_random
130,random_layer_4,Linear,MM,512,32,256,0.1375,0.0056,0.5564,"(1, 32)","(1, 256)",variable_random
130,random_layer_5,Conv2d,MM,2048,256,32,0.1473,0.6928,0.0184,"(1, 256)","(1, 32)",variable_random
130,random_layer_6,Conv2d,MM,1024,256,32,0.7713,0.0436,0.6423,"(1, 256)","(1, 32)",variable_random
130,random_layer_7,Linear,MM,256,1024,128,0.0381,0.1453,0.8937,"(1, 1024)","(1, 128)",variable_random
130,random_layer_8,Conv2d,MM,256,1024,512,0.0521,0.0959,0.6108,"(1, 1024)","(1, 512)",variable_random
130,random_layer_9,Linear,MM,1024,512,128,0.0,0.464,0.6122,"(1, 512)","(1, 128)",variable_random
130,random_layer_10,Linear,MM,128,1024,128,0.4582,0.0952,0.1279,"(1, 1024)","(1, 128)",variable_random
130,random_layer_11,Conv2d,MM,128,256,128,0.1116,0.0271,0.6709,"(1, 256)","(1, 128)",variable_random
130,random_layer_12,Linear,MM,128,64,64,0.155,0.1102,0.4214,"(1, 64)","(1, 64)",variable_random
130,random_layer_13,Linear,MM,64,256,128,0.0518,0.135,0.0396,"(1, 256)","(1, 128)",variable_random
130,random_layer_14,Conv2d,MM,1024,512,128,0.0,0.0458,0.1939,"(1, 512)","(1, 128)",variable_random
130,random_layer_15,Linear,MM,32,64,32,0.1854,0.1027,0.4959,"(1, 64)","(1, 32)",variable_random
130,random_layer_16,Linear,MM,64,32,128,0.3656,0.0583,0.0397,"(1, 32)","(1, 128)",variable_random
130,random_layer_17,Linear,MM,32,128,32,0.3293,0.5921,0.8978,"(1, 128)","(1, 32)",variable_random
130,random_layer_18,Conv2d,MM,64,1024,64,0.3601,0.1275,0.8433,"(1, 1024)","(1, 64)",variable_random
130,random_layer_19,Conv2d,MM,64,64,64,0.0,0.116,0.4154,"(1, 64)","(1, 64)",variable_random
131,random_layer_0,Conv2d,MM,512,64,128,0.1678,0.3595,0.6293,"(1, 64)","(1, 128)",variable_random
131,random_layer_1,Conv2d,MM,512,256,32,0.2418,0.1271,0.5324,"(1, 256)","(1, 32)",variable_random
131,random_layer_2,Conv2d,MM,32,64,64,0.3894,0.3017,0.9061,"(1, 64)","(1, 64)",variable_random
131,random_layer_3,Conv2d,MM,32,64,256,0.3996,0.0407,0.4184,"(1, 64)","(1, 256)",variable_random
131,random_layer_4,Linear,MM,64,32,128,0.0472,0.308,0.0488,"(1, 32)","(1, 128)",variable_random
131,random_layer_5,Conv2d,MM,256,512,64,0.3693,0.0219,0.3059,"(1, 512)","(1, 64)",variable_random
131,random_layer_6,Conv2d,MM,256,128,256,0.0354,0.0251,0.469,"(1, 128)","(1, 256)",variable_random
131,random_layer_7,Conv2d,MM,2048,32,32,0.2836,0.1358,0.427,"(1, 32)","(1, 32)",variable_random
131,random_layer_8,Conv2d,MM,1024,512,32,0.0506,0.3499,0.5201,"(1, 512)","(1, 32)",variable_random
131,random_layer_9,Conv2d,MM,256,256,256,0.3819,0.1251,0.7957,"(1, 256)","(1, 256)",variable_random
131,random_layer_10,Conv2d,MM,512,1024,512,0.0275,0.0364,0.5636,"(1, 1024)","(1, 512)",variable_random
131,random_layer_11,Linear,MM,32,512,64,0.0,0.0015,0.8356,"(1, 512)","(1, 64)",variable_random
131,random_layer_12,Linear,MM,256,128,256,0.0,0.4939,0.8369,"(1, 128)","(1, 256)",variable_random
131,random_layer_13,Linear,MM,32,1024,32,0.3746,0.1306,0.742,"(1, 1024)","(1, 32)",variable_random
131,random_layer_14,Conv2d,MM,32,512,128,0.0,0.6907,0.4173,"(1, 512)","(1, 128)",variable_random
131,random_layer_15,Conv2d,MM,128,64,512,0.8908,0.515,0.6602,"(1, 64)","(1, 512)",variable_random
131,random_layer_16,Linear,MM,32,512,32,0.4086,0.1064,0.7092,"(1, 512)","(1, 32)",variable_random
131,random_layer_17,Conv2d,MM,1024,256,512,0.3028,0.0686,0.4872,"(1, 256)","(1, 512)",variable_random
131,random_layer_18,Linear,MM,32,64,512,0.0351,0.1293,0.4943,"(1, 64)","(1, 512)",variable_random
131,random_layer_19,Linear,MM,32,512,32,0.1419,0.1127,0.1186,"(1, 512)","(1, 32)",variable_random
132,random_layer_0,Linear,MM,64,256,256,0.0,0.699,0.8847,"(1, 256)","(1, 256)",variable_random
132,random_layer_1,Conv2d,MM,2048,128,128,0.8814,0.0033,0.2799,"(1, 128)","(1, 128)",variable_random
132,random_layer_2,Conv2d,MM,128,512,64,0.0374,0.4057,0.1625,"(1, 512)","(1, 64)",variable_random
132,random_layer_3,Conv2d,MM,128,1024,32,0.6626,0.0409,0.7352,"(1, 1024)","(1, 32)",variable_random
132,random_layer_4,Linear,MM,32,64,256,0.0979,0.5092,0.4785,"(1, 64)","(1, 256)",variable_random
132,random_layer_5,Linear,MM,256,1024,512,0.5067,0.3801,0.363,"(1, 1024)","(1, 512)",variable_random
132,random_layer_6,Linear,MM,128,32,256,0.5512,0.6596,0.7066,"(1, 32)","(1, 256)",variable_random
132,random_layer_7,Linear,MM,256,128,256,0.6834,0.3538,0.4939,"(1, 128)","(1, 256)",variable_random
132,random_layer_8,Conv2d,MM,128,32,64,0.2784,0.3023,0.4633,"(1, 32)","(1, 64)",variable_random
132,random_layer_9,Linear,MM,2048,64,128,0.3051,0.6232,0.058,"(1, 64)","(1, 128)",variable_random
132,random_layer_10,Conv2d,MM,256,64,512,0.6429,0.3703,0.5494,"(1, 64)","(1, 512)",variable_random
132,random_layer_11,Linear,MM,512,128,512,0.2733,0.3385,0.3779,"(1, 128)","(1, 512)",variable_random
132,random_layer_12,Linear,MM,128,128,256,0.3334,0.019,0.1258,"(1, 128)","(1, 256)",variable_random
132,random_layer_13,Conv2d,MM,512,32,128,0.0,0.4202,0.585,"(1, 32)","(1, 128)",variable_random
132,random_layer_14,Conv2d,MM,256,128,512,0.3667,0.1486,0.0781,"(1, 128)","(1, 512)",variable_random
132,random_layer_15,Conv2d,MM,32,256,128,0.0,0.0794,0.8426,"(1, 256)","(1, 128)",variable_random
132,random_layer_16,Linear,MM,1024,32,256,0.1348,0.4165,0.8393,"(1, 32)","(1, 256)",variable_random
132,random_layer_17,Linear,MM,2048,32,256,0.5961,0.4565,0.1072,"(1, 32)","(1, 256)",variable_random
132,random_layer_18,Conv2d,MM,1024,512,128,0.5466,0.3545,0.4263,"(1, 512)","(1, 128)",variable_random
132,random_layer_19,Conv2d,MM,512,1024,32,0.6019,0.6263,0.9148,"(1, 1024)","(1, 32)",variable_random
133,random_layer_0,Conv2d,MM,128,32,128,0.1854,0.0841,0.0918,"(1, 32)","(1, 128)",variable_random
133,random_layer_1,Linear,MM,32,256,128,0.1179,0.3583,0.1723,"(1, 256)","(1, 128)",variable_random
133,random_layer_2,Linear,MM,1024,1024,512,0.418,0.5247,0.8673,"(1, 1024)","(1, 512)",variable_random
133,random_layer_3,Linear,MM,128,1024,512,0.4969,0.004,0.487,"(1, 1024)","(1, 512)",variable_random
133,random_layer_4,Conv2d,MM,128,32,128,0.2068,0.0384,0.0848,"(1, 32)","(1, 128)",variable_random
133,random_layer_5,Conv2d,MM,512,1024,512,0.0,0.1236,0.0803,"(1, 1024)","(1, 512)",variable_random
133,random_layer_6,Conv2d,MM,256,64,512,0.0,0.3421,0.0827,"(1, 64)","(1, 512)",variable_random
133,random_layer_7,Linear,MM,64,256,256,0.4196,0.0293,0.9137,"(1, 256)","(1, 256)",variable_random
133,random_layer_8,Conv2d,MM,2048,256,512,0.1378,0.0529,0.1896,"(1, 256)","(1, 512)",variable_random
133,random_layer_9,Conv2d,MM,2048,32,128,0.0474,0.4666,0.4248,"(1, 32)","(1, 128)",variable_random
133,random_layer_10,Conv2d,MM,128,256,32,0.2762,0.0289,0.6958,"(1, 256)","(1, 32)",variable_random
133,random_layer_11,Linear,MM,1024,1024,32,0.0,0.0884,0.6001,"(1, 1024)","(1, 32)",variable_random
133,random_layer_12,Linear,MM,64,256,512,0.1571,0.0099,0.2585,"(1, 256)","(1, 512)",variable_random
133,random_layer_13,Linear,MM,64,128,32,0.1828,0.5622,0.5662,"(1, 128)","(1, 32)",variable_random
133,random_layer_14,Linear,MM,1024,512,256,0.1807,0.0519,0.2283,"(1, 512)","(1, 256)",variable_random
133,random_layer_15,Linear,MM,2048,256,64,0.0,0.3351,0.1008,"(1, 256)","(1, 64)",variable_random
133,random_layer_16,Linear,MM,128,32,128,0.3142,0.0358,0.4922,"(1, 32)","(1, 128)",variable_random
133,random_layer_17,Linear,MM,1024,256,128,0.0086,0.5368,0.1707,"(1, 256)","(1, 128)",variable_random
133,random_layer_18,Linear,MM,1024,32,32,0.787,0.0753,0.1187,"(1, 32)","(1, 32)",variable_random
133,random_layer_19,Conv2d,MM,32,256,64,0.0779,0.6728,0.7722,"(1, 256)","(1, 64)",variable_random
134,random_layer_0,Linear,MM,256,256,64,0.0,0.6323,0.461,"(1, 256)","(1, 64)",variable_random
134,random_layer_1,Linear,MM,64,512,32,0.646,0.0677,0.7822,"(1, 512)","(1, 32)",variable_random
134,random_layer_2,Linear,MM,128,64,512,0.0,0.0922,0.8442,"(1, 64)","(1, 512)",variable_random
134,random_layer_3,Linear,MM,64,32,512,0.2955,0.0809,0.3445,"(1, 32)","(1, 512)",variable_random
134,random_layer_4,Conv2d,MM,512,1024,256,0.0,0.0053,0.4238,"(1, 1024)","(1, 256)",variable_random
134,random_layer_5,Conv2d,MM,32,32,32,0.0,0.4151,0.1363,"(1, 32)","(1, 32)",variable_random
134,random_layer_6,Linear,MM,512,32,128,0.3766,0.0296,0.8623,"(1, 32)","(1, 128)",variable_random
134,random_layer_7,Linear,MM,256,64,32,0.0,0.0913,0.8511,"(1, 64)","(1, 32)",variable_random
134,random_layer_8,Conv2d,MM,512,256,512,0.2871,0.0418,0.2753,"(1, 256)","(1, 512)",variable_random
134,random_layer_9,Conv2d,MM,2048,64,256,0.0805,0.6686,0.0071,"(1, 64)","(1, 256)",variable_random
134,random_layer_10,Conv2d,MM,32,1024,64,0.4015,0.4166,0.4375,"(1, 1024)","(1, 64)",variable_random
134,random_layer_11,Conv2d,MM,2048,1024,512,0.5396,0.0219,0.3219,"(1, 1024)","(1, 512)",variable_random
134,random_layer_12,Conv2d,MM,64,64,64,0.0,0.0169,0.3177,"(1, 64)","(1, 64)",variable_random
134,random_layer_13,Linear,MM,64,512,64,0.0972,0.6692,0.4546,"(1, 512)","(1, 64)",variable_random
134,random_layer_14,Linear,MM,2048,256,64,0.5827,0.5449,0.1619,"(1, 256)","(1, 64)",variable_random
134,random_layer_15,Linear,MM,2048,256,256,0.6533,0.6423,0.9123,"(1, 256)","(1, 256)",variable_random
134,random_layer_16,Linear,MM,512,64,256,0.7414,0.3763,0.2187,"(1, 64)","(1, 256)",variable_random
134,random_layer_17,Conv2d,MM,2048,128,512,0.5698,0.4712,0.4842,"(1, 128)","(1, 512)",variable_random
134,random_layer_18,Conv2d,MM,32,128,64,0.6461,0.3767,0.3161,"(1, 128)","(1, 64)",variable_random
134,random_layer_19,Conv2d,MM,32,64,128,0.5258,0.6176,0.8947,"(1, 64)","(1, 128)",variable_random
135,random_layer_0,Linear,MM,128,32,512,0.0,0.4873,0.4655,"(1, 32)","(1, 512)",variable_random
135,random_layer_1,Conv2d,MM,32,32,512,0.506,0.1268,0.5098,"(1, 32)","(1, 512)",variable_random
135,random_layer_2,Linear,MM,128,128,128,0.089,0.5165,0.4221,"(1, 128)","(1, 128)",variable_random
135,random_layer_3,Conv2d,MM,64,1024,32,0.6482,0.0682,0.8824,"(1, 1024)","(1, 32)",variable_random
135,random_layer_4,Conv2d,MM,256,256,32,0.2461,0.0825,0.0998,"(1, 256)","(1, 32)",variable_random
135,random_layer_5,Linear,MM,512,512,512,0.0,0.0773,0.4336,"(1, 512)","(1, 512)",variable_random
135,random_layer_6,Linear,MM,32,256,64,0.0,0.4861,0.4745,"(1, 256)","(1, 64)",variable_random
135,random_layer_7,Conv2d,MM,256,64,128,0.5332,0.1374,0.8812,"(1, 64)","(1, 128)",variable_random
135,random_layer_8,Linear,MM,512,512,64,0.243,0.5559,0.3144,"(1, 512)","(1, 64)",variable_random
135,random_layer_9,Linear,MM,2048,1024,128,0.6586,0.1248,0.3833,"(1, 1024)","(1, 128)",variable_random
135,random_layer_10,Conv2d,MM,32,512,32,0.1237,0.3363,0.1354,"(1, 512)","(1, 32)",variable_random
135,random_layer_11,Linear,MM,64,256,32,0.2995,0.5031,0.1798,"(1, 256)","(1, 32)",variable_random
135,random_layer_12,Conv2d,MM,128,1024,128,0.5573,0.5681,0.326,"(1, 1024)","(1, 128)",variable_random
135,random_layer_13,Conv2d,MM,2048,256,128,0.5681,0.1316,0.232,"(1, 256)","(1, 128)",variable_random
135,random_layer_14,Linear,MM,256,256,64,0.0482,0.6508,0.9459,"(1, 256)","(1, 64)",variable_random
135,random_layer_15,Conv2d,MM,128,1024,512,0.4551,0.0177,0.5709,"(1, 1024)","(1, 512)",variable_random
135,random_layer_16,Conv2d,MM,512,512,64,0.4389,0.1404,0.6564,"(1, 512)","(1, 64)",variable_random
135,random_layer_17,Linear,MM,64,256,256,0.3911,0.0849,0.3941,"(1, 256)","(1, 256)",variable_random
135,random_layer_18,Linear,MM,1024,512,128,0.0,0.699,0.6806,"(1, 512)","(1, 128)",variable_random
135,random_layer_19,Linear,MM,1024,256,512,0.5027,0.5299,0.7709,"(1, 256)","(1, 512)",variable_random
136,random_layer_0,Linear,MM,512,1024,128,0.0,0.1025,0.4935,"(1, 1024)","(1, 128)",variable_random
136,random_layer_1,Conv2d,MM,512,64,32,0.0,0.0925,0.2021,"(1, 64)","(1, 32)",variable_random
136,random_layer_2,Conv2d,MM,64,32,32,0.3063,0.3933,0.5218,"(1, 32)","(1, 32)",variable_random
136,random_layer_3,Conv2d,MM,512,256,256,0.298,0.5353,0.4543,"(1, 256)","(1, 256)",variable_random
136,random_layer_4,Linear,MM,1024,1024,512,0.5422,0.4803,0.4687,"(1, 1024)","(1, 512)",variable_random
136,random_layer_5,Conv2d,MM,64,512,128,0.4449,0.3974,0.1437,"(1, 512)","(1, 128)",variable_random
136,random_layer_6,Conv2d,MM,1024,64,512,0.5118,0.0021,0.2132,"(1, 64)","(1, 512)",variable_random
136,random_layer_7,Conv2d,MM,512,128,256,0.0231,0.6594,0.63,"(1, 128)","(1, 256)",variable_random
136,random_layer_8,Conv2d,MM,256,128,64,0.6018,0.0552,0.7416,"(1, 128)","(1, 64)",variable_random
136,random_layer_9,Linear,MM,256,1024,256,0.0352,0.0103,0.0167,"(1, 1024)","(1, 256)",variable_random
136,random_layer_10,Conv2d,MM,128,512,512,0.0,0.1385,0.3355,"(1, 512)","(1, 512)",variable_random
136,random_layer_11,Linear,MM,512,64,64,0.0,0.5668,0.2103,"(1, 64)","(1, 64)",variable_random
136,random_layer_12,Linear,MM,256,64,64,0.6252,0.5062,0.3072,"(1, 64)","(1, 64)",variable_random
136,random_layer_13,Linear,MM,256,32,128,0.6088,0.0807,0.5975,"(1, 32)","(1, 128)",variable_random
136,random_layer_14,Conv2d,MM,256,32,32,0.1642,0.3397,0.7379,"(1, 32)","(1, 32)",variable_random
136,random_layer_15,Conv2d,MM,512,256,256,0.472,0.0556,0.3599,"(1, 256)","(1, 256)",variable_random
136,random_layer_16,Conv2d,MM,32,256,32,0.0503,0.4811,0.0116,"(1, 256)","(1, 32)",variable_random
136,random_layer_17,Conv2d,MM,512,64,256,0.3504,0.5202,0.1357,"(1, 64)","(1, 256)",variable_random
136,random_layer_18,Conv2d,MM,2048,512,512,0.5677,0.0047,0.3988,"(1, 512)","(1, 512)",variable_random
136,random_layer_19,Linear,MM,1024,32,512,0.0,0.3927,0.0979,"(1, 32)","(1, 512)",variable_random
137,random_layer_0,Conv2d,MM,128,256,128,0.2741,0.395,0.5365,"(1, 256)","(1, 128)",variable_random
137,random_layer_1,Linear,MM,2048,64,256,0.6738,0.4004,0.5787,"(1, 64)","(1, 256)",variable_random
137,random_layer_2,Conv2d,MM,2048,512,128,0.4141,0.0691,0.0371,"(1, 512)","(1, 128)",variable_random
137,random_layer_3,Linear,MM,1024,512,64,0.2556,0.1197,0.2267,"(1, 512)","(1, 64)",variable_random
137,random_layer_4,Conv2d,MM,128,64,64,0.3202,0.4256,0.0161,"(1, 64)","(1, 64)",variable_random
137,random_layer_5,Conv2d,MM,2048,1024,64,0.2287,0.1127,0.3324,"(1, 1024)","(1, 64)",variable_random
137,random_layer_6,Conv2d,MM,1024,32,32,0.1918,0.0548,0.534,"(1, 32)","(1, 32)",variable_random
137,random_layer_7,Conv2d,MM,128,1024,256,0.3011,0.0845,0.8746,"(1, 1024)","(1, 256)",variable_random
137,random_layer_8,Linear,MM,32,256,32,0.0553,0.1374,0.8849,"(1, 256)","(1, 32)",variable_random
137,random_layer_9,Conv2d,MM,2048,1024,128,0.382,0.0861,0.293,"(1, 1024)","(1, 128)",variable_random
137,random_layer_10,Linear,MM,128,1024,512,0.1114,0.6263,0.6067,"(1, 1024)","(1, 512)",variable_random
137,random_layer_11,Linear,MM,64,1024,128,0.6486,0.516,0.1786,"(1, 1024)","(1, 128)",variable_random
137,random_layer_12,Conv2d,MM,2048,32,64,0.2431,0.0481,0.0186,"(1, 32)","(1, 64)",variable_random
137,random_layer_13,Conv2d,MM,2048,1024,32,0.1819,0.1189,0.0032,"(1, 1024)","(1, 32)",variable_random
137,random_layer_14,Conv2d,MM,32,1024,128,0.0655,0.0973,0.6094,"(1, 1024)","(1, 128)",variable_random
137,random_layer_15,Conv2d,MM,1024,512,512,0.0268,0.0014,0.0453,"(1, 512)","(1, 512)",variable_random
137,random_layer_16,Conv2d,MM,64,64,64,0.1375,0.3312,0.7245,"(1, 64)","(1, 64)",variable_random
137,random_layer_17,Conv2d,MM,256,64,64,0.4899,0.63,0.5806,"(1, 64)","(1, 64)",variable_random
137,random_layer_18,Linear,MM,1024,256,256,0.6477,0.4921,0.0106,"(1, 256)","(1, 256)",variable_random
137,random_layer_19,Conv2d,MM,128,128,256,0.3326,0.4853,0.4399,"(1, 128)","(1, 256)",variable_random
138,random_layer_0,Linear,MM,256,256,64,0.0,0.0869,0.1412,"(1, 256)","(1, 64)",variable_random
138,random_layer_1,Linear,MM,2048,256,128,0.1074,0.0929,0.1192,"(1, 256)","(1, 128)",variable_random
138,random_layer_2,Conv2d,MM,512,512,512,0.2132,0.5352,0.1875,"(1, 512)","(1, 512)",variable_random
138,random_layer_3,Linear,MM,256,512,512,0.5631,0.4141,0.647,"(1, 512)","(1, 512)",variable_random
138,random_layer_4,Linear,MM,512,512,256,0.3596,0.5296,0.5865,"(1, 512)","(1, 256)",variable_random
138,random_layer_5,Conv2d,MM,1024,512,32,0.5219,0.4925,0.6583,"(1, 512)","(1, 32)",variable_random
138,random_layer_6,Conv2d,MM,1024,512,256,0.2482,0.6687,0.3502,"(1, 512)","(1, 256)",variable_random
138,random_layer_7,Linear,MM,256,64,128,0.6775,0.0011,0.7983,"(1, 64)","(1, 128)",variable_random
138,random_layer_8,Linear,MM,128,128,64,0.0273,0.6381,0.7531,"(1, 128)","(1, 64)",variable_random
138,random_layer_9,Linear,MM,32,128,256,0.5232,0.1056,0.0778,"(1, 128)","(1, 256)",variable_random
138,random_layer_10,Conv2d,MM,128,1024,128,0.2223,0.1088,0.6045,"(1, 1024)","(1, 128)",variable_random
138,random_layer_11,Conv2d,MM,1024,32,64,0.0771,0.6593,0.771,"(1, 32)","(1, 64)",variable_random
138,random_layer_12,Conv2d,MM,1024,1024,512,0.6349,0.4955,0.9158,"(1, 1024)","(1, 512)",variable_random
138,random_layer_13,Linear,MM,32,32,32,0.6355,0.543,0.2133,"(1, 32)","(1, 32)",variable_random
138,random_layer_14,Linear,MM,2048,256,512,0.4942,0.3129,0.0948,"(1, 256)","(1, 512)",variable_random
138,random_layer_15,Conv2d,MM,256,1024,128,0.2601,0.5846,0.9352,"(1, 1024)","(1, 128)",variable_random
138,random_layer_16,Conv2d,MM,2048,1024,256,0.4749,0.1246,0.1171,"(1, 1024)","(1, 256)",variable_random
138,random_layer_17,Conv2d,MM,128,1024,512,0.0965,0.0596,0.1084,"(1, 1024)","(1, 512)",variable_random
138,random_layer_18,Linear,MM,256,32,128,0.1549,0.0719,0.2087,"(1, 32)","(1, 128)",variable_random
138,random_layer_19,Conv2d,MM,128,128,128,0.0911,0.6016,0.3711,"(1, 128)","(1, 128)",variable_random
139,random_layer_0,Conv2d,MM,512,256,512,0.2697,0.5066,0.7329,"(1, 256)","(1, 512)",variable_random
139,random_layer_1,Linear,MM,64,512,256,0.5565,0.0897,0.4556,"(1, 512)","(1, 256)",variable_random
139,random_layer_2,Linear,MM,64,64,256,0.0,0.6021,0.0675,"(1, 64)","(1, 256)",variable_random
139,random_layer_3,Conv2d,MM,128,512,512,0.1665,0.3945,0.1957,"(1, 512)","(1, 512)",variable_random
139,random_layer_4,Conv2d,MM,256,512,512,0.3952,0.4143,0.6038,"(1, 512)","(1, 512)",variable_random
139,random_layer_5,Conv2d,MM,32,128,32,0.5325,0.0101,0.0976,"(1, 128)","(1, 32)",variable_random
139,random_layer_6,Conv2d,MM,256,1024,256,0.4361,0.556,0.0277,"(1, 1024)","(1, 256)",variable_random
139,random_layer_7,Conv2d,MM,64,32,128,0.7511,0.5741,0.3708,"(1, 32)","(1, 128)",variable_random
139,random_layer_8,Linear,MM,32,128,64,0.7056,0.0616,0.3543,"(1, 128)","(1, 64)",variable_random
139,random_layer_9,Conv2d,MM,32,1024,256,0.0,0.5032,0.1704,"(1, 1024)","(1, 256)",variable_random
139,random_layer_10,Linear,MM,512,256,256,0.6782,0.013,0.3693,"(1, 256)","(1, 256)",variable_random
139,random_layer_11,Linear,MM,32,32,512,0.0,0.1463,0.5195,"(1, 32)","(1, 512)",variable_random
139,random_layer_12,Conv2d,MM,128,64,512,0.1291,0.4449,0.1275,"(1, 64)","(1, 512)",variable_random
139,random_layer_13,Linear,MM,512,1024,512,0.4474,0.5939,0.2185,"(1, 1024)","(1, 512)",variable_random
139,random_layer_14,Linear,MM,2048,512,32,0.6414,0.0386,0.823,"(1, 512)","(1, 32)",variable_random
139,random_layer_15,Conv2d,MM,512,128,512,0.0,0.4982,0.4619,"(1, 128)","(1, 512)",variable_random
139,random_layer_16,Linear,MM,512,32,64,0.6507,0.5566,0.617,"(1, 32)","(1, 64)",variable_random
139,random_layer_17,Linear,MM,512,64,512,0.5933,0.3456,0.0361,"(1, 64)","(1, 512)",variable_random
139,random_layer_18,Conv2d,MM,64,32,512,0.2846,0.0156,0.2744,"(1, 32)","(1, 512)",variable_random
139,random_layer_19,Linear,MM,32,128,256,0.0,0.6851,0.5474,"(1, 128)","(1, 256)",variable_random
140,random_layer_0,Conv2d,MM,2048,128,64,0.0,0.3634,0.3266,"(1, 128)","(1, 64)",variable_random
140,random_layer_1,Conv2d,MM,2048,64,32,0.4974,0.1141,0.1267,"(1, 64)","(1, 32)",variable_random
140,random_layer_2,Conv2d,MM,64,128,64,0.0764,0.5241,0.4629,"(1, 128)","(1, 64)",variable_random
140,random_layer_3,Conv2d,MM,512,256,64,0.6932,0.4062,0.4755,"(1, 256)","(1, 64)",variable_random
140,random_layer_4,Conv2d,MM,32,128,128,0.3674,0.6964,0.7348,"(1, 128)","(1, 128)",variable_random
140,random_layer_5,Conv2d,MM,1024,128,256,0.7943,0.1192,0.455,"(1, 128)","(1, 256)",variable_random
140,random_layer_6,Conv2d,MM,1024,32,64,0.3516,0.3942,0.5148,"(1, 32)","(1, 64)",variable_random
140,random_layer_7,Linear,MM,1024,256,256,0.3715,0.0071,0.8659,"(1, 256)","(1, 256)",variable_random
140,random_layer_8,Conv2d,MM,32,64,128,0.3108,0.6537,0.3442,"(1, 64)","(1, 128)",variable_random
140,random_layer_9,Conv2d,MM,1024,1024,256,0.635,0.6627,0.4265,"(1, 1024)","(1, 256)",variable_random
140,random_layer_10,Linear,MM,2048,512,64,0.7418,0.4838,0.2369,"(1, 512)","(1, 64)",variable_random
140,random_layer_11,Conv2d,MM,2048,64,64,0.6,0.4412,0.7263,"(1, 64)","(1, 64)",variable_random
140,random_layer_12,Linear,MM,1024,512,128,0.1864,0.1318,0.7466,"(1, 512)","(1, 128)",variable_random
140,random_layer_13,Conv2d,MM,128,256,128,0.2331,0.4717,0.2072,"(1, 256)","(1, 128)",variable_random
140,random_layer_14,Conv2d,MM,2048,64,64,0.7077,0.3053,0.0972,"(1, 64)","(1, 64)",variable_random
140,random_layer_15,Linear,MM,512,128,256,0.3165,0.1058,0.2929,"(1, 128)","(1, 256)",variable_random
140,random_layer_16,Linear,MM,32,512,32,0.1659,0.4083,0.3059,"(1, 512)","(1, 32)",variable_random
140,random_layer_17,Linear,MM,1024,256,32,0.5275,0.3388,0.9025,"(1, 256)","(1, 32)",variable_random
140,random_layer_18,Linear,MM,256,512,256,0.2471,0.1159,0.4241,"(1, 512)","(1, 256)",variable_random
140,random_layer_19,Conv2d,MM,512,512,512,0.1631,0.0592,0.4768,"(1, 512)","(1, 512)",variable_random
141,random_layer_0,Conv2d,MM,128,512,256,0.0024,0.0729,0.7936,"(1, 512)","(1, 256)",variable_random
141,random_layer_1,Conv2d,MM,64,64,64,0.0,0.0879,0.2998,"(1, 64)","(1, 64)",variable_random
141,random_layer_2,Linear,MM,2048,512,64,0.0003,0.0457,0.8618,"(1, 512)","(1, 64)",variable_random
141,random_layer_3,Linear,MM,64,128,64,0.2259,0.4004,0.6364,"(1, 128)","(1, 64)",variable_random
141,random_layer_4,Conv2d,MM,64,128,256,0.6375,0.1256,0.4475,"(1, 128)","(1, 256)",variable_random
141,random_layer_5,Linear,MM,2048,512,512,0.0496,0.051,0.7815,"(1, 512)","(1, 512)",variable_random
141,random_layer_6,Linear,MM,512,256,128,0.1121,0.4798,0.4238,"(1, 256)","(1, 128)",variable_random
141,random_layer_7,Conv2d,MM,64,32,512,0.5587,0.0609,0.2022,"(1, 32)","(1, 512)",variable_random
141,random_layer_8,Linear,MM,128,64,128,0.4642,0.1258,0.586,"(1, 64)","(1, 128)",variable_random
141,random_layer_9,Linear,MM,256,32,256,0.3201,0.4001,0.9412,"(1, 32)","(1, 256)",variable_random
141,random_layer_10,Conv2d,MM,2048,128,128,0.3225,0.5725,0.4424,"(1, 128)","(1, 128)",variable_random
141,random_layer_11,Linear,MM,64,256,256,0.549,0.0608,0.5162,"(1, 256)","(1, 256)",variable_random
141,random_layer_12,Linear,MM,64,256,256,0.2521,0.4276,0.0475,"(1, 256)","(1, 256)",variable_random
141,random_layer_13,Conv2d,MM,128,64,256,0.2777,0.0173,0.2102,"(1, 64)","(1, 256)",variable_random
141,random_layer_14,Conv2d,MM,512,1024,64,0.0,0.3697,0.53,"(1, 1024)","(1, 64)",variable_random
141,random_layer_15,Linear,MM,512,128,32,0.1519,0.3387,0.1679,"(1, 128)","(1, 32)",variable_random
141,random_layer_16,Linear,MM,128,32,64,0.357,0.0523,0.7448,"(1, 32)","(1, 64)",variable_random
141,random_layer_17,Linear,MM,1024,1024,32,0.0859,0.3417,0.4594,"(1, 1024)","(1, 32)",variable_random
141,random_layer_18,Linear,MM,256,1024,64,0.2176,0.6327,0.4772,"(1, 1024)","(1, 64)",variable_random
141,random_layer_19,Linear,MM,128,256,32,0.6974,0.3156,0.2345,"(1, 256)","(1, 32)",variable_random
142,random_layer_0,Conv2d,MM,128,32,512,0.0508,0.1381,0.5878,"(1, 32)","(1, 512)",variable_random
142,random_layer_1,Conv2d,MM,64,1024,128,0.2899,0.6756,0.7291,"(1, 1024)","(1, 128)",variable_random
142,random_layer_2,Linear,MM,32,256,512,0.6331,0.5487,0.5902,"(1, 256)","(1, 512)",variable_random
142,random_layer_3,Conv2d,MM,32,64,64,0.6549,0.4995,0.036,"(1, 64)","(1, 64)",variable_random
142,random_layer_4,Linear,MM,64,32,32,0.5315,0.4351,0.2864,"(1, 32)","(1, 32)",variable_random
142,random_layer_5,Linear,MM,256,512,32,0.5249,0.073,0.2564,"(1, 512)","(1, 32)",variable_random
142,random_layer_6,Linear,MM,128,512,256,0.0738,0.1198,0.2342,"(1, 512)","(1, 256)",variable_random
142,random_layer_7,Conv2d,MM,2048,1024,64,0.129,0.6673,0.2984,"(1, 1024)","(1, 64)",variable_random
142,random_layer_8,Conv2d,MM,128,1024,128,0.4524,0.0114,0.7825,"(1, 1024)","(1, 128)",variable_random
142,random_layer_9,Linear,MM,512,1024,128,0.0,0.6762,0.276,"(1, 1024)","(1, 128)",variable_random
142,random_layer_10,Linear,MM,64,128,64,0.6263,0.103,0.1275,"(1, 128)","(1, 64)",variable_random
142,random_layer_11,Linear,MM,256,128,256,0.0,0.1365,0.7798,"(1, 128)","(1, 256)",variable_random
142,random_layer_12,Conv2d,MM,128,128,256,0.1106,0.0033,0.8852,"(1, 128)","(1, 256)",variable_random
142,random_layer_13,Linear,MM,256,1024,256,0.0723,0.4983,0.3253,"(1, 1024)","(1, 256)",variable_random
142,random_layer_14,Conv2d,MM,128,1024,128,0.4786,0.3227,0.3438,"(1, 1024)","(1, 128)",variable_random
142,random_layer_15,Linear,MM,64,256,128,0.1398,0.3355,0.0528,"(1, 256)","(1, 128)",variable_random
142,random_layer_16,Conv2d,MM,1024,256,128,0.7018,0.4436,0.9417,"(1, 256)","(1, 128)",variable_random
142,random_layer_17,Linear,MM,256,128,256,0.6042,0.5372,0.3933,"(1, 128)","(1, 256)",variable_random
142,random_layer_18,Conv2d,MM,1024,128,64,0.4768,0.4086,0.5263,"(1, 128)","(1, 64)",variable_random
142,random_layer_19,Linear,MM,128,32,512,0.2259,0.0004,0.3626,"(1, 32)","(1, 512)",variable_random
143,random_layer_0,Conv2d,MM,32,256,512,0.0147,0.1143,0.444,"(1, 256)","(1, 512)",variable_random
143,random_layer_1,Conv2d,MM,256,256,128,0.009,0.0141,0.2655,"(1, 256)","(1, 128)",variable_random
143,random_layer_2,Conv2d,MM,512,32,32,0.0,0.0742,0.6968,"(1, 32)","(1, 32)",variable_random
143,random_layer_3,Linear,MM,2048,128,64,0.0,0.3961,0.7783,"(1, 128)","(1, 64)",variable_random
143,random_layer_4,Conv2d,MM,2048,32,64,0.2322,0.0358,0.3707,"(1, 32)","(1, 64)",variable_random
143,random_layer_5,Linear,MM,128,1024,64,0.057,0.4489,0.5136,"(1, 1024)","(1, 64)",variable_random
143,random_layer_6,Conv2d,MM,64,256,256,0.5527,0.1326,0.6991,"(1, 256)","(1, 256)",variable_random
143,random_layer_7,Linear,MM,512,32,512,0.1551,0.0392,0.5521,"(1, 32)","(1, 512)",variable_random
143,random_layer_8,Conv2d,MM,32,32,32,0.0,0.1103,0.375,"(1, 32)","(1, 32)",variable_random
143,random_layer_9,Conv2d,MM,256,64,32,0.3004,0.4445,0.9485,"(1, 64)","(1, 32)",variable_random
143,random_layer_10,Linear,MM,128,256,256,0.2596,0.3902,0.5427,"(1, 256)","(1, 256)",variable_random
143,random_layer_11,Linear,MM,1024,1024,128,0.4655,0.145,0.4114,"(1, 1024)","(1, 128)",variable_random
143,random_layer_12,Linear,MM,512,128,128,0.308,0.0466,0.66,"(1, 128)","(1, 128)",variable_random
143,random_layer_13,Conv2d,MM,1024,32,128,0.0,0.6462,0.5754,"(1, 32)","(1, 128)",variable_random
143,random_layer_14,Conv2d,MM,1024,64,128,0.5049,0.5275,0.5619,"(1, 64)","(1, 128)",variable_random
143,random_layer_15,Conv2d,MM,256,512,64,0.6315,0.0592,0.6317,"(1, 512)","(1, 64)",variable_random
143,random_layer_16,Conv2d,MM,512,1024,256,0.0515,0.1069,0.1961,"(1, 1024)","(1, 256)",variable_random
143,random_layer_17,Conv2d,MM,32,64,64,0.295,0.4382,0.0068,"(1, 64)","(1, 64)",variable_random
143,random_layer_18,Conv2d,MM,1024,128,256,0.6501,0.0488,0.5298,"(1, 128)","(1, 256)",variable_random
143,random_layer_19,Linear,MM,2048,128,128,0.0,0.0462,0.9282,"(1, 128)","(1, 128)",variable_random
144,random_layer_0,Linear,MM,64,256,64,0.0,0.1288,0.5076,"(1, 256)","(1, 64)",variable_random
144,random_layer_1,Conv2d,MM,1024,32,128,0.0,0.5959,0.2978,"(1, 32)","(1, 128)",variable_random
144,random_layer_2,Linear,MM,1024,64,32,0.3724,0.0596,0.2679,"(1, 64)","(1, 32)",variable_random
144,random_layer_3,Linear,MM,512,32,128,0.2062,0.1499,0.229,"(1, 32)","(1, 128)",variable_random
144,random_layer_4,Conv2d,MM,64,512,128,0.0364,0.1092,0.7847,"(1, 512)","(1, 128)",variable_random
144,random_layer_5,Conv2d,MM,64,128,128,0.2644,0.5926,0.73,"(1, 128)","(1, 128)",variable_random
144,random_layer_6,Linear,MM,64,512,64,0.783,0.3187,0.162,"(1, 512)","(1, 64)",variable_random
144,random_layer_7,Conv2d,MM,1024,512,32,0.5585,0.6643,0.1596,"(1, 512)","(1, 32)",variable_random
144,random_layer_8,Conv2d,MM,2048,512,256,0.9199,0.4834,0.8858,"(1, 512)","(1, 256)",variable_random
144,random_layer_9,Linear,MM,512,512,32,0.4648,0.6237,0.4019,"(1, 512)","(1, 32)",variable_random
144,random_layer_10,Linear,MM,128,512,256,0.5607,0.0253,0.3416,"(1, 512)","(1, 256)",variable_random
144,random_layer_11,Linear,MM,2048,256,512,0.3377,0.0512,0.216,"(1, 256)","(1, 512)",variable_random
144,random_layer_12,Conv2d,MM,1024,128,128,0.4267,0.3098,0.7042,"(1, 128)","(1, 128)",variable_random
144,random_layer_13,Conv2d,MM,128,512,64,0.2779,0.3801,0.0049,"(1, 512)","(1, 64)",variable_random
144,random_layer_14,Linear,MM,32,128,128,0.3054,0.1062,0.6046,"(1, 128)","(1, 128)",variable_random
144,random_layer_15,Conv2d,MM,512,256,64,0.1775,0.1303,0.8401,"(1, 256)","(1, 64)",variable_random
144,random_layer_16,Conv2d,MM,512,128,128,0.135,0.5272,0.6528,"(1, 128)","(1, 128)",variable_random
144,random_layer_17,Conv2d,MM,512,512,32,0.5269,0.5036,0.0285,"(1, 512)","(1, 32)",variable_random
144,random_layer_18,Conv2d,MM,128,1024,128,0.5279,0.1154,0.2589,"(1, 1024)","(1, 128)",variable_random
144,random_layer_19,Conv2d,MM,1024,256,256,0.0385,0.5044,0.6052,"(1, 256)","(1, 256)",variable_random
145,random_layer_0,Linear,MM,2048,32,256,0.0,0.1104,0.0634,"(1, 32)","(1, 256)",variable_random
145,random_layer_1,Linear,MM,32,1024,32,0.0,0.071,0.4125,"(1, 1024)","(1, 32)",variable_random
145,random_layer_2,Conv2d,MM,1024,512,64,0.0292,0.1339,0.6089,"(1, 512)","(1, 64)",variable_random
145,random_layer_3,Linear,MM,64,128,128,0.0,0.1296,0.7005,"(1, 128)","(1, 128)",variable_random
145,random_layer_4,Conv2d,MM,1024,1024,512,0.156,0.4319,0.4157,"(1, 1024)","(1, 512)",variable_random
145,random_layer_5,Linear,MM,512,1024,256,0.2984,0.0406,0.5193,"(1, 1024)","(1, 256)",variable_random
145,random_layer_6,Conv2d,MM,512,512,32,0.1341,0.6899,0.7908,"(1, 512)","(1, 32)",variable_random
145,random_layer_7,Conv2d,MM,2048,64,128,0.6954,0.124,0.134,"(1, 64)","(1, 128)",variable_random
145,random_layer_8,Linear,MM,32,128,256,0.0344,0.6698,0.1609,"(1, 128)","(1, 256)",variable_random
145,random_layer_9,Conv2d,MM,256,32,64,0.6391,0.5829,0.6297,"(1, 32)","(1, 64)",variable_random
145,random_layer_10,Linear,MM,256,512,64,0.6251,0.6949,0.4589,"(1, 512)","(1, 64)",variable_random
145,random_layer_11,Linear,MM,64,32,128,0.9761,0.0276,0.5535,"(1, 32)","(1, 128)",variable_random
145,random_layer_12,Linear,MM,64,256,32,0.0,0.6061,0.7259,"(1, 256)","(1, 32)",variable_random
145,random_layer_13,Conv2d,MM,2048,256,256,0.5893,0.0468,0.6694,"(1, 256)","(1, 256)",variable_random
145,random_layer_14,Conv2d,MM,256,512,64,0.2003,0.1476,0.5575,"(1, 512)","(1, 64)",variable_random
145,random_layer_15,Linear,MM,512,64,32,0.1124,0.0064,0.6706,"(1, 64)","(1, 32)",variable_random
145,random_layer_16,Linear,MM,512,64,64,0.1169,0.0968,0.6046,"(1, 64)","(1, 64)",variable_random
145,random_layer_17,Linear,MM,64,64,128,0.1935,0.4976,0.742,"(1, 64)","(1, 128)",variable_random
145,random_layer_18,Conv2d,MM,128,256,128,0.7217,0.0145,0.9116,"(1, 256)","(1, 128)",variable_random
145,random_layer_19,Conv2d,MM,32,1024,64,0.1916,0.1473,0.2056,"(1, 1024)","(1, 64)",variable_random
146,random_layer_0,Linear,MM,32,256,256,0.0,0.1141,0.4871,"(1, 256)","(1, 256)",variable_random
146,random_layer_1,Linear,MM,2048,1024,512,0.1674,0.0033,0.3791,"(1, 1024)","(1, 512)",variable_random
146,random_layer_2,Conv2d,MM,128,256,128,0.1203,0.0514,0.6309,"(1, 256)","(1, 128)",variable_random
146,random_layer_3,Linear,MM,2048,32,128,0.0,0.4427,0.6307,"(1, 32)","(1, 128)",variable_random
146,random_layer_4,Conv2d,MM,256,32,128,0.6037,0.3744,0.4825,"(1, 32)","(1, 128)",variable_random
146,random_layer_5,Conv2d,MM,1024,64,512,0.323,0.4763,0.4204,"(1, 64)","(1, 512)",variable_random
146,random_layer_6,Linear,MM,2048,256,512,0.5889,0.3189,0.0903,"(1, 256)","(1, 512)",variable_random
146,random_layer_7,Conv2d,MM,512,256,128,0.1972,0.5521,0.2633,"(1, 256)","(1, 128)",variable_random
146,random_layer_8,Linear,MM,1024,256,64,0.6591,0.1234,0.6382,"(1, 256)","(1, 64)",variable_random
146,random_layer_9,Linear,MM,64,128,256,0.1665,0.4845,0.6541,"(1, 128)","(1, 256)",variable_random
146,random_layer_10,Conv2d,MM,1024,64,128,0.4604,0.0776,0.2322,"(1, 64)","(1, 128)",variable_random
146,random_layer_11,Linear,MM,128,128,32,0.0626,0.5806,0.7406,"(1, 128)","(1, 32)",variable_random
146,random_layer_12,Linear,MM,32,64,64,0.581,0.0606,0.0472,"(1, 64)","(1, 64)",variable_random
146,random_layer_13,Linear,MM,128,512,256,0.0267,0.1433,0.373,"(1, 512)","(1, 256)",variable_random
146,random_layer_14,Conv2d,MM,1024,64,512,0.0742,0.0858,0.7083,"(1, 64)","(1, 512)",variable_random
146,random_layer_15,Linear,MM,1024,32,128,0.0,0.3204,0.8558,"(1, 32)","(1, 128)",variable_random
146,random_layer_16,Linear,MM,1024,512,512,0.4199,0.6764,0.8588,"(1, 512)","(1, 512)",variable_random
146,random_layer_17,Linear,MM,256,512,32,0.6887,0.4391,0.6842,"(1, 512)","(1, 32)",variable_random
146,random_layer_18,Linear,MM,512,128,128,0.3591,0.4578,0.3305,"(1, 128)","(1, 128)",variable_random
146,random_layer_19,Linear,MM,32,512,256,0.4513,0.0472,0.8377,"(1, 512)","(1, 256)",variable_random
147,random_layer_0,Conv2d,MM,32,512,128,0.0,0.6375,0.7631,"(1, 512)","(1, 128)",variable_random
147,random_layer_1,Linear,MM,256,128,32,0.4344,0.4251,0.1971,"(1, 128)","(1, 32)",variable_random
147,random_layer_2,Linear,MM,256,64,512,0.5084,0.0323,0.6879,"(1, 64)","(1, 512)",variable_random
147,random_layer_3,Linear,MM,1024,64,128,0.0262,0.4271,0.2391,"(1, 64)","(1, 128)",variable_random
147,random_layer_4,Linear,MM,2048,512,64,0.3339,0.5333,0.9002,"(1, 512)","(1, 64)",variable_random
147,random_layer_5,Conv2d,MM,128,1024,256,0.5106,0.3874,0.3849,"(1, 1024)","(1, 256)",variable_random
147,random_layer_6,Conv2d,MM,256,128,32,0.5006,0.0912,0.8995,"(1, 128)","(1, 32)",variable_random
147,random_layer_7,Conv2d,MM,128,64,512,0.223,0.352,0.1828,"(1, 64)","(1, 512)",variable_random
147,random_layer_8,Linear,MM,1024,256,64,0.4031,0.6782,0.8108,"(1, 256)","(1, 64)",variable_random
147,random_layer_9,Conv2d,MM,64,256,512,0.7747,0.0071,0.3418,"(1, 256)","(1, 512)",variable_random
147,random_layer_10,Conv2d,MM,128,128,64,0.0,0.0458,0.6951,"(1, 128)","(1, 64)",variable_random
147,random_layer_11,Linear,MM,64,32,256,0.3107,0.0879,0.9474,"(1, 32)","(1, 256)",variable_random
147,random_layer_12,Conv2d,MM,64,32,32,0.0981,0.566,0.527,"(1, 32)","(1, 32)",variable_random
147,random_layer_13,Conv2d,MM,512,64,128,0.404,0.0579,0.0014,"(1, 64)","(1, 128)",variable_random
147,random_layer_14,Linear,MM,256,64,256,0.0106,0.5314,0.6438,"(1, 64)","(1, 256)",variable_random
147,random_layer_15,Linear,MM,64,1024,32,0.5597,0.6736,0.5271,"(1, 1024)","(1, 32)",variable_random
147,random_layer_16,Conv2d,MM,2048,64,64,0.6583,0.0921,0.3183,"(1, 64)","(1, 64)",variable_random
147,random_layer_17,Conv2d,MM,128,64,128,0.0904,0.0447,0.8449,"(1, 64)","(1, 128)",variable_random
147,random_layer_18,Conv2d,MM,32,1024,32,0.1233,0.6192,0.7055,"(1, 1024)","(1, 32)",variable_random
147,random_layer_19,Linear,MM,256,256,32,0.5023,0.4742,0.1315,"(1, 256)","(1, 32)",variable_random
148,random_layer_0,Conv2d,MM,32,256,128,0.0886,0.0173,0.5113,"(1, 256)","(1, 128)",variable_random
148,random_layer_1,Conv2d,MM,512,256,256,0.0,0.5603,0.6906,"(1, 256)","(1, 256)",variable_random
148,random_layer_2,Linear,MM,2048,64,512,0.7077,0.129,0.8497,"(1, 64)","(1, 512)",variable_random
148,random_layer_3,Conv2d,MM,64,1024,32,0.0626,0.0082,0.475,"(1, 1024)","(1, 32)",variable_random
148,random_layer_4,Conv2d,MM,512,1024,512,0.0,0.1098,0.4058,"(1, 1024)","(1, 512)",variable_random
148,random_layer_5,Conv2d,MM,64,64,256,0.0,0.1321,0.8229,"(1, 64)","(1, 256)",variable_random
148,random_layer_6,Linear,MM,32,32,128,0.2332,0.4279,0.1726,"(1, 32)","(1, 128)",variable_random
148,random_layer_7,Linear,MM,2048,64,128,0.3649,0.6289,0.507,"(1, 64)","(1, 128)",variable_random
148,random_layer_8,Linear,MM,128,64,512,0.6381,0.0723,0.4185,"(1, 64)","(1, 512)",variable_random
148,random_layer_9,Conv2d,MM,128,32,512,0.0,0.3213,0.1806,"(1, 32)","(1, 512)",variable_random
148,random_layer_10,Linear,MM,512,1024,256,0.2315,0.4903,0.811,"(1, 1024)","(1, 256)",variable_random
148,random_layer_11,Linear,MM,64,64,64,0.4854,0.393,0.5094,"(1, 64)","(1, 64)",variable_random
148,random_layer_12,Conv2d,MM,128,128,256,0.3877,0.1283,0.8535,"(1, 128)","(1, 256)",variable_random
148,random_layer_13,Linear,MM,128,512,32,0.0,0.5258,0.0796,"(1, 512)","(1, 32)",variable_random
148,random_layer_14,Linear,MM,32,32,64,0.3222,0.0681,0.55,"(1, 32)","(1, 64)",variable_random
148,random_layer_15,Linear,MM,1024,64,64,0.1412,0.0909,0.5224,"(1, 64)","(1, 64)",variable_random
148,random_layer_16,Linear,MM,256,512,256,0.2373,0.0762,0.3068,"(1, 512)","(1, 256)",variable_random
148,random_layer_17,Linear,MM,2048,1024,128,0.0608,0.0895,0.7207,"(1, 1024)","(1, 128)",variable_random
148,random_layer_18,Linear,MM,2048,32,32,0.0481,0.0509,0.2865,"(1, 32)","(1, 32)",variable_random
148,random_layer_19,Conv2d,MM,512,256,32,0.0516,0.03,0.5251,"(1, 256)","(1, 32)",variable_random
149,random_layer_0,Conv2d,MM,512,64,512,0.0,0.0724,0.1144,"(1, 64)","(1, 512)",variable_random
149,random_layer_1,Linear,MM,128,32,32,0.0219,0.424,0.634,"(1, 32)","(1, 32)",variable_random
149,random_layer_2,Linear,MM,512,1024,32,0.5383,0.0618,0.0704,"(1, 1024)","(1, 32)",variable_random
149,random_layer_3,Linear,MM,256,128,256,0.0035,0.0965,0.3344,"(1, 128)","(1, 256)",variable_random
149,random_layer_4,Conv2d,MM,512,128,32,0.0,0.0002,0.7259,"(1, 128)","(1, 32)",variable_random
149,random_layer_5,Linear,MM,32,128,32,0.1353,0.0693,0.5353,"(1, 128)","(1, 32)",variable_random
149,random_layer_6,Conv2d,MM,512,512,32,0.1412,0.6336,0.0722,"(1, 512)","(1, 32)",variable_random
149,random_layer_7,Linear,MM,32,128,512,0.5453,0.0917,0.0804,"(1, 128)","(1, 512)",variable_random
149,random_layer_8,Linear,MM,2048,1024,32,0.2176,0.4462,0.8802,"(1, 1024)","(1, 32)",variable_random
149,random_layer_9,Linear,MM,1024,128,256,0.648,0.1085,0.1086,"(1, 128)","(1, 256)",variable_random
149,random_layer_10,Conv2d,MM,32,32,128,0.3345,0.4391,0.7731,"(1, 32)","(1, 128)",variable_random
149,random_layer_11,Conv2d,MM,1024,1024,256,0.3102,0.3695,0.6938,"(1, 1024)","(1, 256)",variable_random
149,random_layer_12,Conv2d,MM,64,64,64,0.2558,0.0873,0.6253,"(1, 64)","(1, 64)",variable_random
149,random_layer_13,Conv2d,MM,32,128,512,0.1592,0.0903,0.159,"(1, 128)","(1, 512)",variable_random
149,random_layer_14,Linear,MM,64,32,32,0.0,0.1218,0.5571,"(1, 32)","(1, 32)",variable_random
149,random_layer_15,Linear,MM,256,128,64,0.1227,0.1069,0.6233,"(1, 128)","(1, 64)",variable_random
149,random_layer_16,Linear,MM,256,1024,64,0.0262,0.5849,0.4494,"(1, 1024)","(1, 64)",variable_random
149,random_layer_17,Conv2d,MM,128,256,32,0.6626,0.1029,0.4674,"(1, 256)","(1, 32)",variable_random
149,random_layer_18,Conv2d,MM,32,32,512,0.1044,0.102,0.8194,"(1, 32)","(1, 512)",variable_random
149,random_layer_19,Linear,MM,32,128,64,0.0,0.0656,0.1684,"(1, 128)","(1, 64)",variable_random
150,random_layer_0,Linear,MM,64,256,512,0.0,0.0276,0.3076,"(1, 256)","(1, 512)",variable_random
150,random_layer_1,Linear,MM,1024,256,32,0.0,0.6851,0.3049,"(1, 256)","(1, 32)",variable_random
150,random_layer_2,Linear,MM,512,32,512,0.99,0.4675,0.5045,"(1, 32)","(1, 512)",variable_random
150,random_layer_3,Conv2d,MM,512,128,64,0.5823,0.0023,0.1486,"(1, 128)","(1, 64)",variable_random
150,random_layer_4,Linear,MM,512,32,32,0.1804,0.0986,0.7105,"(1, 32)","(1, 32)",variable_random
150,random_layer_5,Conv2d,MM,1024,1024,256,0.1733,0.0522,0.8925,"(1, 1024)","(1, 256)",variable_random
150,random_layer_6,Linear,MM,256,128,128,0.0027,0.5986,0.7165,"(1, 128)","(1, 128)",variable_random
150,random_layer_7,Linear,MM,128,512,128,0.2654,0.0281,0.3155,"(1, 512)","(1, 128)",variable_random
150,random_layer_8,Conv2d,MM,128,128,32,0.0688,0.0993,0.0108,"(1, 128)","(1, 32)",variable_random
150,random_layer_9,Conv2d,MM,128,1024,64,0.0112,0.5101,0.399,"(1, 1024)","(1, 64)",variable_random
150,random_layer_10,Linear,MM,2048,1024,32,0.4788,0.0959,0.4856,"(1, 1024)","(1, 32)",variable_random
150,random_layer_11,Conv2d,MM,1024,1024,256,0.0,0.6324,0.4184,"(1, 1024)","(1, 256)",variable_random
150,random_layer_12,Linear,MM,64,128,128,0.458,0.5934,0.3823,"(1, 128)","(1, 128)",variable_random
150,random_layer_13,Conv2d,MM,32,128,128,0.485,0.1203,0.8889,"(1, 128)","(1, 128)",variable_random
150,random_layer_14,Conv2d,MM,512,1024,256,0.446,0.3345,0.0503,"(1, 1024)","(1, 256)",variable_random
150,random_layer_15,Linear,MM,1024,256,128,0.2573,0.4426,0.6484,"(1, 256)","(1, 128)",variable_random
150,random_layer_16,Conv2d,MM,256,1024,128,0.2524,0.1398,0.6033,"(1, 1024)","(1, 128)",variable_random
150,random_layer_17,Linear,MM,128,1024,32,0.1054,0.0652,0.9239,"(1, 1024)","(1, 32)",variable_random
150,random_layer_18,Linear,MM,512,512,32,0.0748,0.0531,0.9241,"(1, 512)","(1, 32)",variable_random
150,random_layer_19,Linear,MM,64,64,32,0.0,0.0631,0.5603,"(1, 64)","(1, 32)",variable_random
151,random_layer_0,Linear,MM,256,512,512,0.0,0.0326,0.526,"(1, 512)","(1, 512)",variable_random
151,random_layer_1,Conv2d,MM,64,32,256,0.004,0.3022,0.6417,"(1, 32)","(1, 256)",variable_random
151,random_layer_2,Conv2d,MM,512,32,256,0.263,0.0236,0.3214,"(1, 32)","(1, 256)",variable_random
151,random_layer_3,Linear,MM,1024,32,256,0.1313,0.071,0.6788,"(1, 32)","(1, 256)",variable_random
151,random_layer_4,Conv2d,MM,512,1024,64,0.009,0.0653,0.6366,"(1, 1024)","(1, 64)",variable_random
151,random_layer_5,Linear,MM,64,512,32,0.1744,0.0696,0.6833,"(1, 512)","(1, 32)",variable_random
151,random_layer_6,Conv2d,MM,128,512,512,0.1441,0.0558,0.3453,"(1, 512)","(1, 512)",variable_random
151,random_layer_7,Linear,MM,1024,64,128,0.0,0.0329,0.5066,"(1, 64)","(1, 128)",variable_random
151,random_layer_8,Linear,MM,512,64,128,0.0,0.0663,0.2355,"(1, 64)","(1, 128)",variable_random
151,random_layer_9,Linear,MM,1024,512,128,0.0,0.101,0.295,"(1, 512)","(1, 128)",variable_random
151,random_layer_10,Linear,MM,2048,32,512,0.0,0.1401,0.8677,"(1, 32)","(1, 512)",variable_random
151,random_layer_11,Conv2d,MM,256,32,512,0.2754,0.0178,0.6384,"(1, 32)","(1, 512)",variable_random
151,random_layer_12,Linear,MM,1024,32,64,0.0617,0.4843,0.8636,"(1, 32)","(1, 64)",variable_random
151,random_layer_13,Linear,MM,256,32,512,0.479,0.1394,0.9206,"(1, 32)","(1, 512)",variable_random
151,random_layer_14,Conv2d,MM,1024,512,256,0.2887,0.1451,0.1815,"(1, 512)","(1, 256)",variable_random
151,random_layer_15,Conv2d,MM,256,256,256,0.0821,0.0793,0.1148,"(1, 256)","(1, 256)",variable_random
151,random_layer_16,Conv2d,MM,32,256,32,0.2047,0.1354,0.2291,"(1, 256)","(1, 32)",variable_random
151,random_layer_17,Linear,MM,1024,64,128,0.1434,0.4891,0.1535,"(1, 64)","(1, 128)",variable_random
151,random_layer_18,Conv2d,MM,512,64,256,0.465,0.548,0.3477,"(1, 64)","(1, 256)",variable_random
151,random_layer_19,Linear,MM,1024,32,64,0.5645,0.1387,0.1477,"(1, 32)","(1, 64)",variable_random
152,random_layer_0,Linear,MM,64,256,128,0.0,0.5481,0.9113,"(1, 256)","(1, 128)",variable_random
152,random_layer_1,Conv2d,MM,64,256,256,0.4722,0.0157,0.4675,"(1, 256)","(1, 256)",variable_random
152,random_layer_2,Conv2d,MM,64,512,512,0.1865,0.0876,0.6171,"(1, 512)","(1, 512)",variable_random
152,random_layer_3,Linear,MM,2048,128,128,0.071,0.4879,0.4538,"(1, 128)","(1, 128)",variable_random
152,random_layer_4,Linear,MM,512,128,128,0.4202,0.3688,0.2594,"(1, 128)","(1, 128)",variable_random
152,random_layer_5,Linear,MM,256,1024,512,0.3951,0.3036,0.8919,"(1, 1024)","(1, 512)",variable_random
152,random_layer_6,Linear,MM,32,512,64,0.4425,0.3015,0.105,"(1, 512)","(1, 64)",variable_random
152,random_layer_7,Conv2d,MM,1024,64,128,0.265,0.3955,0.5882,"(1, 64)","(1, 128)",variable_random
152,random_layer_8,Conv2d,MM,256,32,512,0.6333,0.0894,0.3659,"(1, 32)","(1, 512)",variable_random
152,random_layer_9,Linear,MM,128,256,512,0.0839,0.0935,0.8219,"(1, 256)","(1, 512)",variable_random
152,random_layer_10,Linear,MM,256,32,64,0.1798,0.1393,0.3066,"(1, 32)","(1, 64)",variable_random
152,random_layer_11,Linear,MM,512,64,32,0.0707,0.4023,0.28,"(1, 64)","(1, 32)",variable_random
152,random_layer_12,Linear,MM,2048,32,128,0.2399,0.5621,0.851,"(1, 32)","(1, 128)",variable_random
152,random_layer_13,Linear,MM,512,1024,32,0.5372,0.0548,0.1357,"(1, 1024)","(1, 32)",variable_random
152,random_layer_14,Linear,MM,32,32,512,0.0,0.623,0.2086,"(1, 32)","(1, 512)",variable_random
152,random_layer_15,Linear,MM,2048,1024,128,0.4191,0.111,0.2642,"(1, 1024)","(1, 128)",variable_random
152,random_layer_16,Conv2d,MM,512,128,128,0.2319,0.3028,0.0674,"(1, 128)","(1, 128)",variable_random
152,random_layer_17,Conv2d,MM,32,128,128,0.4659,0.4938,0.5773,"(1, 128)","(1, 128)",variable_random
152,random_layer_18,Conv2d,MM,256,1024,32,0.3911,0.1107,0.8949,"(1, 1024)","(1, 32)",variable_random
152,random_layer_19,Conv2d,MM,256,256,32,0.1214,0.0582,0.3384,"(1, 256)","(1, 32)",variable_random
153,random_layer_0,Conv2d,MM,512,64,64,0.1381,0.6438,0.3713,"(1, 64)","(1, 64)",variable_random
153,random_layer_1,Linear,MM,128,256,128,0.6373,0.0323,0.8647,"(1, 256)","(1, 128)",variable_random
153,random_layer_2,Linear,MM,64,1024,32,0.0,0.3921,0.6206,"(1, 1024)","(1, 32)",variable_random
153,random_layer_3,Linear,MM,1024,256,256,0.3729,0.0974,0.9084,"(1, 256)","(1, 256)",variable_random
153,random_layer_4,Linear,MM,32,512,32,0.1305,0.6199,0.0554,"(1, 512)","(1, 32)",variable_random
153,random_layer_5,Conv2d,MM,128,128,64,0.7391,0.1466,0.8665,"(1, 128)","(1, 64)",variable_random
153,random_layer_6,Linear,MM,256,256,32,0.4946,0.4386,0.8941,"(1, 256)","(1, 32)",variable_random
153,random_layer_7,Linear,MM,512,256,512,0.294,0.6211,0.3736,"(1, 256)","(1, 512)",variable_random
153,random_layer_8,Conv2d,MM,512,32,512,0.5744,0.6432,0.4979,"(1, 32)","(1, 512)",variable_random
153,random_layer_9,Conv2d,MM,128,64,32,0.5324,0.0857,0.7002,"(1, 64)","(1, 32)",variable_random
153,random_layer_10,Conv2d,MM,1024,512,64,0.0764,0.0931,0.7829,"(1, 512)","(1, 64)",variable_random
153,random_layer_11,Linear,MM,256,256,512,0.0,0.1103,0.2631,"(1, 256)","(1, 512)",variable_random
153,random_layer_12,Linear,MM,128,32,64,0.2287,0.1312,0.4933,"(1, 32)","(1, 64)",variable_random
153,random_layer_13,Conv2d,MM,1024,64,512,0.0105,0.0437,0.5573,"(1, 64)","(1, 512)",variable_random
153,random_layer_14,Linear,MM,128,1024,32,0.1419,0.0786,0.0078,"(1, 1024)","(1, 32)",variable_random
153,random_layer_15,Conv2d,MM,512,256,512,0.1514,0.5951,0.8096,"(1, 256)","(1, 512)",variable_random
153,random_layer_16,Linear,MM,256,64,512,0.3215,0.5106,0.3199,"(1, 64)","(1, 512)",variable_random
153,random_layer_17,Conv2d,MM,1024,512,32,0.3402,0.6783,0.4827,"(1, 512)","(1, 32)",variable_random
153,random_layer_18,Conv2d,MM,64,32,128,0.7288,0.1214,0.1583,"(1, 32)","(1, 128)",variable_random
153,random_layer_19,Linear,MM,2048,64,512,0.3828,0.3426,0.8776,"(1, 64)","(1, 512)",variable_random
154,random_layer_0,Linear,MM,128,128,512,0.1849,0.5343,0.2375,"(1, 128)","(1, 512)",variable_random
154,random_layer_1,Conv2d,MM,128,1024,64,0.7334,0.6268,0.8864,"(1, 1024)","(1, 64)",variable_random
154,random_layer_2,Conv2d,MM,64,1024,32,0.8329,0.6823,0.1389,"(1, 1024)","(1, 32)",variable_random
154,random_layer_3,Conv2d,MM,32,256,32,0.6387,0.0745,0.7198,"(1, 256)","(1, 32)",variable_random
154,random_layer_4,Conv2d,MM,512,128,512,0.1637,0.1147,0.0068,"(1, 128)","(1, 512)",variable_random
154,random_layer_5,Conv2d,MM,1024,1024,512,0.2014,0.5466,0.3518,"(1, 1024)","(1, 512)",variable_random
154,random_layer_6,Linear,MM,256,512,32,0.3722,0.0756,0.1583,"(1, 512)","(1, 32)",variable_random
154,random_layer_7,Linear,MM,2048,32,512,0.1906,0.0931,0.7562,"(1, 32)","(1, 512)",variable_random
154,random_layer_8,Conv2d,MM,32,32,64,0.0648,0.5412,0.0354,"(1, 32)","(1, 64)",variable_random
154,random_layer_9,Conv2d,MM,128,1024,128,0.2529,0.0741,0.6601,"(1, 1024)","(1, 128)",variable_random
154,random_layer_10,Conv2d,MM,512,512,32,0.0919,0.494,0.3913,"(1, 512)","(1, 32)",variable_random
154,random_layer_11,Linear,MM,2048,32,256,0.5773,0.0961,0.5312,"(1, 32)","(1, 256)",variable_random
154,random_layer_12,Linear,MM,512,32,64,0.3476,0.0936,0.3437,"(1, 32)","(1, 64)",variable_random
154,random_layer_13,Conv2d,MM,1024,32,512,0.1257,0.3399,0.249,"(1, 32)","(1, 512)",variable_random
154,random_layer_14,Conv2d,MM,32,256,512,0.419,0.0612,0.1985,"(1, 256)","(1, 512)",variable_random
154,random_layer_15,Linear,MM,128,512,512,0.0,0.1288,0.9074,"(1, 512)","(1, 512)",variable_random
154,random_layer_16,Linear,MM,64,64,32,0.0921,0.3954,0.1654,"(1, 64)","(1, 32)",variable_random
154,random_layer_17,Linear,MM,256,256,32,0.2658,0.0116,0.2938,"(1, 256)","(1, 32)",variable_random
154,random_layer_18,Linear,MM,2048,64,32,0.0,0.0986,0.376,"(1, 64)","(1, 32)",variable_random
154,random_layer_19,Linear,MM,1024,128,512,0.2014,0.0976,0.1218,"(1, 128)","(1, 512)",variable_random
155,random_layer_0,Linear,MM,512,256,128,0.0137,0.6711,0.3819,"(1, 256)","(1, 128)",variable_random
155,random_layer_1,Linear,MM,64,64,512,0.6612,0.1196,0.7143,"(1, 64)","(1, 512)",variable_random
155,random_layer_2,Conv2d,MM,128,1024,64,0.5744,0.1365,0.9471,"(1, 1024)","(1, 64)",variable_random
155,random_layer_3,Linear,MM,1024,32,32,0.2539,0.0871,0.692,"(1, 32)","(1, 32)",variable_random
155,random_layer_4,Linear,MM,512,1024,32,0.2775,0.6478,0.1207,"(1, 1024)","(1, 32)",variable_random
155,random_layer_5,Linear,MM,64,1024,32,0.4871,0.4033,0.1385,"(1, 1024)","(1, 32)",variable_random
155,random_layer_6,Linear,MM,512,256,256,0.3614,0.1143,0.608,"(1, 256)","(1, 256)",variable_random
155,random_layer_7,Conv2d,MM,32,64,256,0.0718,0.0407,0.5433,"(1, 64)","(1, 256)",variable_random
155,random_layer_8,Linear,MM,128,128,64,0.1515,0.0701,0.8726,"(1, 128)","(1, 64)",variable_random
155,random_layer_9,Conv2d,MM,256,128,128,0.3249,0.0164,0.2211,"(1, 128)","(1, 128)",variable_random
155,random_layer_10,Conv2d,MM,64,32,512,0.171,0.6495,0.1895,"(1, 32)","(1, 512)",variable_random
155,random_layer_11,Linear,MM,128,128,256,0.3342,0.5552,0.6141,"(1, 128)","(1, 256)",variable_random
155,random_layer_12,Conv2d,MM,2048,256,512,0.2423,0.4846,0.8072,"(1, 256)","(1, 512)",variable_random
155,random_layer_13,Linear,MM,32,32,128,0.4573,0.4852,0.652,"(1, 32)","(1, 128)",variable_random
155,random_layer_14,Conv2d,MM,256,512,512,0.5263,0.3407,0.1592,"(1, 512)","(1, 512)",variable_random
155,random_layer_15,Linear,MM,2048,32,256,0.2826,0.6887,0.7758,"(1, 32)","(1, 256)",variable_random
155,random_layer_16,Conv2d,MM,128,64,256,0.622,0.4674,0.7887,"(1, 64)","(1, 256)",variable_random
155,random_layer_17,Conv2d,MM,128,512,512,0.3969,0.0857,0.7511,"(1, 512)","(1, 512)",variable_random
155,random_layer_18,Conv2d,MM,32,256,512,0.1048,0.0187,0.7333,"(1, 256)","(1, 512)",variable_random
155,random_layer_19,Conv2d,MM,32,128,64,0.0565,0.6885,0.0229,"(1, 128)","(1, 64)",variable_random
156,random_layer_0,Linear,MM,1024,128,512,0.0825,0.121,0.7948,"(1, 128)","(1, 512)",variable_random
156,random_layer_1,Linear,MM,32,256,64,0.2367,0.6336,0.5802,"(1, 256)","(1, 64)",variable_random
156,random_layer_2,Linear,MM,2048,1024,512,0.4891,0.0167,0.8265,"(1, 1024)","(1, 512)",variable_random
156,random_layer_3,Conv2d,MM,32,32,512,0.0241,0.0747,0.2183,"(1, 32)","(1, 512)",variable_random
156,random_layer_4,Linear,MM,512,512,256,0.1177,0.0767,0.8275,"(1, 512)","(1, 256)",variable_random
156,random_layer_5,Linear,MM,32,32,64,0.0,0.423,0.8722,"(1, 32)","(1, 64)",variable_random
156,random_layer_6,Linear,MM,256,64,64,0.2571,0.5605,0.1689,"(1, 64)","(1, 64)",variable_random
156,random_layer_7,Linear,MM,128,512,32,0.5283,0.0753,0.8175,"(1, 512)","(1, 32)",variable_random
156,random_layer_8,Conv2d,MM,256,32,128,0.1672,0.5786,0.8897,"(1, 32)","(1, 128)",variable_random
156,random_layer_9,Conv2d,MM,512,64,512,0.8491,0.5653,0.4326,"(1, 64)","(1, 512)",variable_random
156,random_layer_10,Linear,MM,64,1024,64,0.4885,0.062,0.1932,"(1, 1024)","(1, 64)",variable_random
156,random_layer_11,Linear,MM,2048,32,32,0.0,0.5632,0.8174,"(1, 32)","(1, 32)",variable_random
156,random_layer_12,Conv2d,MM,32,512,256,0.7152,0.4484,0.1195,"(1, 512)","(1, 256)",variable_random
156,random_layer_13,Conv2d,MM,1024,64,512,0.1693,0.0208,0.4895,"(1, 64)","(1, 512)",variable_random
156,random_layer_14,Conv2d,MM,128,512,32,0.0202,0.6544,0.5653,"(1, 512)","(1, 32)",variable_random
156,random_layer_15,Linear,MM,64,512,32,0.5701,0.5498,0.4689,"(1, 512)","(1, 32)",variable_random
156,random_layer_16,Conv2d,MM,64,1024,64,0.5922,0.5086,0.4524,"(1, 1024)","(1, 64)",variable_random
156,random_layer_17,Linear,MM,2048,64,512,0.5339,0.1275,0.4759,"(1, 64)","(1, 512)",variable_random
156,random_layer_18,Linear,MM,512,64,512,0.3499,0.602,0.349,"(1, 64)","(1, 512)",variable_random
156,random_layer_19,Linear,MM,32,128,128,0.6835,0.0837,0.0632,"(1, 128)","(1, 128)",variable_random
157,random_layer_0,Linear,MM,1024,32,64,0.2536,0.1252,0.7743,"(1, 32)","(1, 64)",variable_random
157,random_layer_1,Conv2d,MM,32,512,256,0.0,0.4965,0.8399,"(1, 512)","(1, 256)",variable_random
157,random_layer_2,Linear,MM,32,32,256,0.7283,0.3332,0.5107,"(1, 32)","(1, 256)",variable_random
157,random_layer_3,Linear,MM,2048,256,32,0.4828,0.5422,0.9223,"(1, 256)","(1, 32)",variable_random
157,random_layer_4,Linear,MM,128,1024,128,0.5108,0.4155,0.231,"(1, 1024)","(1, 128)",variable_random
157,random_layer_5,Linear,MM,128,128,128,0.4145,0.3121,0.4987,"(1, 128)","(1, 128)",variable_random
157,random_layer_6,Conv2d,MM,1024,1024,128,0.1504,0.0293,0.2518,"(1, 1024)","(1, 128)",variable_random
157,random_layer_7,Linear,MM,64,128,128,0.2455,0.4141,0.4694,"(1, 128)","(1, 128)",variable_random
157,random_layer_8,Linear,MM,32,512,64,0.4077,0.1417,0.9024,"(1, 512)","(1, 64)",variable_random
157,random_layer_9,Conv2d,MM,32,1024,32,0.2764,0.0237,0.197,"(1, 1024)","(1, 32)",variable_random
157,random_layer_10,Conv2d,MM,1024,64,32,0.0083,0.1055,0.1564,"(1, 64)","(1, 32)",variable_random
157,random_layer_11,Conv2d,MM,32,512,64,0.2798,0.0085,0.1968,"(1, 512)","(1, 64)",variable_random
157,random_layer_12,Conv2d,MM,1024,1024,64,0.1874,0.0411,0.9015,"(1, 1024)","(1, 64)",variable_random
157,random_layer_13,Linear,MM,512,128,128,0.0,0.072,0.2589,"(1, 128)","(1, 128)",variable_random
157,random_layer_14,Conv2d,MM,64,1024,512,0.0,0.0563,0.4272,"(1, 1024)","(1, 512)",variable_random
157,random_layer_15,Linear,MM,2048,64,256,0.0,0.5865,0.7474,"(1, 64)","(1, 256)",variable_random
157,random_layer_16,Linear,MM,64,512,512,0.8451,0.0924,0.2881,"(1, 512)","(1, 512)",variable_random
157,random_layer_17,Conv2d,MM,2048,512,128,0.0,0.5813,0.021,"(1, 512)","(1, 128)",variable_random
157,random_layer_18,Linear,MM,256,256,512,0.666,0.0707,0.1447,"(1, 256)","(1, 512)",variable_random
157,random_layer_19,Linear,MM,128,1024,32,0.0374,0.0297,0.8874,"(1, 1024)","(1, 32)",variable_random
158,random_layer_0,Conv2d,MM,512,32,256,0.0,0.0832,0.2556,"(1, 32)","(1, 256)",variable_random
158,random_layer_1,Conv2d,MM,32,128,256,0.0,0.5358,0.3485,"(1, 128)","(1, 256)",variable_random
158,random_layer_2,Linear,MM,2048,512,512,0.3331,0.5487,0.1323,"(1, 512)","(1, 512)",variable_random
158,random_layer_3,Conv2d,MM,32,512,64,0.5649,0.1057,0.8216,"(1, 512)","(1, 64)",variable_random
158,random_layer_4,Conv2d,MM,128,256,64,0.1763,0.6292,0.4435,"(1, 256)","(1, 64)",variable_random
158,random_layer_5,Conv2d,MM,128,32,32,0.5832,0.3512,0.4251,"(1, 32)","(1, 32)",variable_random
158,random_layer_6,Conv2d,MM,256,256,256,0.3706,0.0227,0.2295,"(1, 256)","(1, 256)",variable_random
158,random_layer_7,Linear,MM,512,128,32,0.0,0.1064,0.0656,"(1, 128)","(1, 32)",variable_random
158,random_layer_8,Linear,MM,512,1024,512,0.0842,0.0949,0.1439,"(1, 1024)","(1, 512)",variable_random
158,random_layer_9,Linear,MM,256,32,32,0.0,0.1063,0.791,"(1, 32)","(1, 32)",variable_random
158,random_layer_10,Conv2d,MM,256,1024,512,0.0,0.3208,0.7735,"(1, 1024)","(1, 512)",variable_random
158,random_layer_11,Conv2d,MM,64,1024,64,0.1758,0.5804,0.3927,"(1, 1024)","(1, 64)",variable_random
158,random_layer_12,Conv2d,MM,128,32,128,0.7202,0.0699,0.8909,"(1, 32)","(1, 128)",variable_random
158,random_layer_13,Linear,MM,64,64,64,0.0982,0.6157,0.2548,"(1, 64)","(1, 64)",variable_random
158,random_layer_14,Conv2d,MM,128,64,256,0.7593,0.4175,0.1498,"(1, 64)","(1, 256)",variable_random
158,random_layer_15,Linear,MM,2048,64,32,0.0698,0.5816,0.9075,"(1, 64)","(1, 32)",variable_random
158,random_layer_16,Conv2d,MM,2048,32,256,0.5972,0.1354,0.5085,"(1, 32)","(1, 256)",variable_random
158,random_layer_17,Linear,MM,512,1024,32,0.0941,0.0621,0.52,"(1, 1024)","(1, 32)",variable_random
158,random_layer_18,Linear,MM,64,128,128,0.2306,0.5248,0.594,"(1, 128)","(1, 128)",variable_random
158,random_layer_19,Conv2d,MM,64,64,128,0.5664,0.4776,0.1737,"(1, 64)","(1, 128)",variable_random
159,random_layer_0,Conv2d,MM,512,256,32,0.0,0.3746,0.3966,"(1, 256)","(1, 32)",variable_random
159,random_layer_1,Conv2d,MM,1024,128,32,0.4301,0.0463,0.195,"(1, 128)","(1, 32)",variable_random
159,random_layer_2,Linear,MM,1024,512,128,0.1282,0.6092,0.5241,"(1, 512)","(1, 128)",variable_random
159,random_layer_3,Linear,MM,256,128,32,0.5742,0.0246,0.0354,"(1, 128)","(1, 32)",variable_random
159,random_layer_4,Conv2d,MM,64,32,32,0.0103,0.1492,0.9119,"(1, 32)","(1, 32)",variable_random
159,random_layer_5,Conv2d,MM,64,128,256,0.1141,0.0624,0.3517,"(1, 128)","(1, 256)",variable_random
159,random_layer_6,Conv2d,MM,512,512,32,0.1637,0.0502,0.5823,"(1, 512)","(1, 32)",variable_random
159,random_layer_7,Conv2d,MM,128,1024,32,0.2962,0.4946,0.5525,"(1, 1024)","(1, 32)",variable_random
159,random_layer_8,Linear,MM,2048,64,64,0.292,0.3928,0.4878,"(1, 64)","(1, 64)",variable_random
159,random_layer_9,Linear,MM,32,128,256,0.2924,0.3596,0.1009,"(1, 128)","(1, 256)",variable_random
159,random_layer_10,Conv2d,MM,512,128,512,0.4285,0.0933,0.1003,"(1, 128)","(1, 512)",variable_random
159,random_layer_11,Conv2d,MM,256,128,128,0.1648,0.0413,0.6651,"(1, 128)","(1, 128)",variable_random
159,random_layer_12,Linear,MM,1024,128,256,0.0,0.1015,0.3533,"(1, 128)","(1, 256)",variable_random
159,random_layer_13,Conv2d,MM,512,1024,128,0.0,0.4003,0.7629,"(1, 1024)","(1, 128)",variable_random
159,random_layer_14,Linear,MM,32,1024,64,0.3811,0.5825,0.1253,"(1, 1024)","(1, 64)",variable_random
159,random_layer_15,Conv2d,MM,2048,128,128,0.5815,0.1277,0.7283,"(1, 128)","(1, 128)",variable_random
159,random_layer_16,Linear,MM,256,64,256,0.2179,0.3243,0.4487,"(1, 64)","(1, 256)",variable_random
159,random_layer_17,Conv2d,MM,2048,256,32,0.2758,0.0704,0.0645,"(1, 256)","(1, 32)",variable_random
159,random_layer_18,Linear,MM,1024,128,32,0.0,0.509,0.8846,"(1, 128)","(1, 32)",variable_random
159,random_layer_19,Linear,MM,32,64,512,0.5176,0.423,0.8341,"(1, 64)","(1, 512)",variable_random
160,random_layer_0,Linear,MM,64,128,32,0.0,0.0003,0.872,"(1, 128)","(1, 32)",variable_random
160,random_layer_1,Linear,MM,256,1024,512,0.0,0.0306,0.2722,"(1, 1024)","(1, 512)",variable_random
160,random_layer_2,Conv2d,MM,32,1024,32,0.0,0.4245,0.1185,"(1, 1024)","(1, 32)",variable_random
160,random_layer_3,Linear,MM,2048,1024,256,0.4191,0.0087,0.6363,"(1, 1024)","(1, 256)",variable_random
160,random_layer_4,Linear,MM,2048,1024,128,0.0065,0.0046,0.5607,"(1, 1024)","(1, 128)",variable_random
160,random_layer_5,Conv2d,MM,256,512,32,0.1305,0.6837,0.5223,"(1, 512)","(1, 32)",variable_random
160,random_layer_6,Linear,MM,32,512,128,0.5818,0.6349,0.5262,"(1, 512)","(1, 128)",variable_random
160,random_layer_7,Linear,MM,2048,64,256,0.5789,0.462,0.438,"(1, 64)","(1, 256)",variable_random
160,random_layer_8,Linear,MM,256,512,512,0.5381,0.4459,0.6358,"(1, 512)","(1, 512)",variable_random
160,random_layer_9,Conv2d,MM,1024,512,128,0.3027,0.0976,0.107,"(1, 512)","(1, 128)",variable_random
160,random_layer_10,Linear,MM,256,1024,256,0.0805,0.3462,0.9204,"(1, 1024)","(1, 256)",variable_random
160,random_layer_11,Conv2d,MM,32,1024,32,0.1101,0.0268,0.2161,"(1, 1024)","(1, 32)",variable_random
160,random_layer_12,Conv2d,MM,512,32,256,0.0546,0.445,0.7958,"(1, 32)","(1, 256)",variable_random
160,random_layer_13,Linear,MM,512,512,256,0.3365,0.0433,0.2874,"(1, 512)","(1, 256)",variable_random
160,random_layer_14,Conv2d,MM,32,32,64,0.0,0.6465,0.0866,"(1, 32)","(1, 64)",variable_random
160,random_layer_15,Conv2d,MM,512,64,256,0.5738,0.3411,0.0062,"(1, 64)","(1, 256)",variable_random
160,random_layer_16,Conv2d,MM,2048,64,128,0.3397,0.5388,0.7079,"(1, 64)","(1, 128)",variable_random
160,random_layer_17,Conv2d,MM,1024,64,512,0.7227,0.0173,0.8949,"(1, 64)","(1, 512)",variable_random
160,random_layer_18,Linear,MM,2048,1024,64,0.2929,0.3893,0.7252,"(1, 1024)","(1, 64)",variable_random
160,random_layer_19,Conv2d,MM,2048,256,256,0.4061,0.4773,0.4628,"(1, 256)","(1, 256)",variable_random
161,random_layer_0,Linear,MM,64,1024,512,0.0146,0.0921,0.0533,"(1, 1024)","(1, 512)",variable_random
161,random_layer_1,Linear,MM,1024,64,128,0.0,0.5092,0.7794,"(1, 64)","(1, 128)",variable_random
161,random_layer_2,Linear,MM,1024,128,256,0.5089,0.6531,0.893,"(1, 128)","(1, 256)",variable_random
161,random_layer_3,Conv2d,MM,32,256,128,0.5237,0.0062,0.4025,"(1, 256)","(1, 128)",variable_random
161,random_layer_4,Linear,MM,64,1024,128,0.1327,0.1497,0.39,"(1, 1024)","(1, 128)",variable_random
161,random_layer_5,Conv2d,MM,32,1024,64,0.0,0.0823,0.4497,"(1, 1024)","(1, 64)",variable_random
161,random_layer_6,Linear,MM,64,256,256,0.2148,0.0459,0.2701,"(1, 256)","(1, 256)",variable_random
161,random_layer_7,Conv2d,MM,1024,32,256,0.3422,0.5346,0.5486,"(1, 32)","(1, 256)",variable_random
161,random_layer_8,Linear,MM,32,1024,512,0.5652,0.6984,0.7782,"(1, 1024)","(1, 512)",variable_random
161,random_layer_9,Linear,MM,32,64,256,0.837,0.3411,0.3744,"(1, 64)","(1, 256)",variable_random
161,random_layer_10,Linear,MM,1024,512,64,0.1907,0.1351,0.3258,"(1, 512)","(1, 64)",variable_random
161,random_layer_11,Conv2d,MM,2048,32,512,0.1056,0.038,0.2858,"(1, 32)","(1, 512)",variable_random
161,random_layer_12,Linear,MM,1024,64,512,0.0131,0.1353,0.5713,"(1, 64)","(1, 512)",variable_random
161,random_layer_13,Conv2d,MM,512,128,512,0.1386,0.4855,0.2027,"(1, 128)","(1, 512)",variable_random
161,random_layer_14,Linear,MM,512,512,256,0.4538,0.1441,0.2813,"(1, 512)","(1, 256)",variable_random
161,random_layer_15,Conv2d,MM,1024,256,512,0.368,0.4983,0.8875,"(1, 256)","(1, 512)",variable_random
161,random_layer_16,Linear,MM,256,512,32,0.6028,0.0096,0.0624,"(1, 512)","(1, 32)",variable_random
161,random_layer_17,Conv2d,MM,2048,512,32,0.0,0.0162,0.5874,"(1, 512)","(1, 32)",variable_random
161,random_layer_18,Linear,MM,128,512,512,0.0555,0.5317,0.5365,"(1, 512)","(1, 512)",variable_random
161,random_layer_19,Conv2d,MM,512,1024,128,0.6965,0.5418,0.3007,"(1, 1024)","(1, 128)",variable_random
162,random_layer_0,Conv2d,MM,2048,128,64,0.0,0.1135,0.8092,"(1, 128)","(1, 64)",variable_random
162,random_layer_1,Conv2d,MM,1024,64,256,0.0679,0.6028,0.5909,"(1, 64)","(1, 256)",variable_random
162,random_layer_2,Conv2d,MM,512,512,32,0.2764,0.1175,0.8704,"(1, 512)","(1, 32)",variable_random
162,random_layer_3,Linear,MM,256,64,256,0.0,0.3395,0.4737,"(1, 64)","(1, 256)",variable_random
162,random_layer_4,Conv2d,MM,512,64,64,0.3509,0.0811,0.2844,"(1, 64)","(1, 64)",variable_random
162,random_layer_5,Conv2d,MM,32,1024,64,0.2341,0.4708,0.1187,"(1, 1024)","(1, 64)",variable_random
162,random_layer_6,Conv2d,MM,512,64,256,0.3468,0.0053,0.6114,"(1, 64)","(1, 256)",variable_random
162,random_layer_7,Linear,MM,128,128,64,0.0,0.0408,0.8333,"(1, 128)","(1, 64)",variable_random
162,random_layer_8,Conv2d,MM,256,128,32,0.0,0.1062,0.6513,"(1, 128)","(1, 32)",variable_random
162,random_layer_9,Linear,MM,1024,32,128,0.2142,0.604,0.0899,"(1, 32)","(1, 128)",variable_random
162,random_layer_10,Conv2d,MM,1024,64,256,0.7032,0.1181,0.943,"(1, 64)","(1, 256)",variable_random
162,random_layer_11,Linear,MM,32,64,128,0.0152,0.477,0.442,"(1, 64)","(1, 128)",variable_random
162,random_layer_12,Conv2d,MM,128,256,256,0.6083,0.1247,0.9273,"(1, 256)","(1, 256)",variable_random
162,random_layer_13,Conv2d,MM,256,128,32,0.2075,0.5284,0.085,"(1, 128)","(1, 32)",variable_random
162,random_layer_14,Linear,MM,512,128,128,0.4333,0.1184,0.0839,"(1, 128)","(1, 128)",variable_random
162,random_layer_15,Conv2d,MM,512,32,128,0.2531,0.0091,0.6004,"(1, 32)","(1, 128)",variable_random
162,random_layer_16,Linear,MM,64,512,512,0.0437,0.6096,0.8083,"(1, 512)","(1, 512)",variable_random
162,random_layer_17,Conv2d,MM,64,32,32,0.5686,0.667,0.4775,"(1, 32)","(1, 32)",variable_random
162,random_layer_18,Conv2d,MM,64,512,64,0.8117,0.1275,0.6382,"(1, 512)","(1, 64)",variable_random
162,random_layer_19,Conv2d,MM,2048,256,256,0.0813,0.3714,0.9112,"(1, 256)","(1, 256)",variable_random
163,random_layer_0,Linear,MM,128,256,32,0.014,0.1188,0.1784,"(1, 256)","(1, 32)",variable_random
163,random_layer_1,Linear,MM,128,1024,256,0.0,0.0943,0.0181,"(1, 1024)","(1, 256)",variable_random
163,random_layer_2,Conv2d,MM,64,64,32,0.0,0.0341,0.6682,"(1, 64)","(1, 32)",variable_random
163,random_layer_3,Conv2d,MM,128,128,64,0.0024,0.0723,0.3118,"(1, 128)","(1, 64)",variable_random
163,random_layer_4,Linear,MM,128,128,128,0.4118,0.0274,0.4487,"(1, 128)","(1, 128)",variable_random
163,random_layer_5,Conv2d,MM,256,32,256,0.0135,0.6465,0.711,"(1, 32)","(1, 256)",variable_random
163,random_layer_6,Conv2d,MM,128,512,128,0.4462,0.4188,0.3078,"(1, 512)","(1, 128)",variable_random
163,random_layer_7,Conv2d,MM,2048,128,32,0.3562,0.3354,0.486,"(1, 128)","(1, 32)",variable_random
163,random_layer_8,Linear,MM,256,512,128,0.1957,0.082,0.181,"(1, 512)","(1, 128)",variable_random
163,random_layer_9,Linear,MM,2048,1024,256,0.3058,0.5074,0.7622,"(1, 1024)","(1, 256)",variable_random
163,random_layer_10,Linear,MM,1024,1024,128,0.5703,0.4373,0.1087,"(1, 1024)","(1, 128)",variable_random
163,random_layer_11,Conv2d,MM,64,256,128,0.6267,0.3916,0.4172,"(1, 256)","(1, 128)",variable_random
163,random_layer_12,Conv2d,MM,2048,1024,64,0.3478,0.0168,0.6372,"(1, 1024)","(1, 64)",variable_random
163,random_layer_13,Linear,MM,32,32,256,0.2342,0.1156,0.2429,"(1, 32)","(1, 256)",variable_random
163,random_layer_14,Conv2d,MM,2048,32,128,0.2254,0.0878,0.8056,"(1, 32)","(1, 128)",variable_random
163,random_layer_15,Conv2d,MM,64,1024,32,0.0,0.5963,0.5325,"(1, 1024)","(1, 32)",variable_random
163,random_layer_16,Linear,MM,512,1024,256,0.6371,0.3729,0.8371,"(1, 1024)","(1, 256)",variable_random
163,random_layer_17,Linear,MM,128,512,32,0.4537,0.4484,0.6195,"(1, 512)","(1, 32)",variable_random
163,random_layer_18,Linear,MM,1024,512,128,0.4156,0.0022,0.3458,"(1, 512)","(1, 128)",variable_random
163,random_layer_19,Linear,MM,256,128,64,0.3513,0.6783,0.3101,"(1, 128)","(1, 64)",variable_random
164,random_layer_0,Linear,MM,32,512,64,0.2047,0.5126,0.4239,"(1, 512)","(1, 64)",variable_random
164,random_layer_1,Conv2d,MM,128,64,64,0.5387,0.4302,0.4318,"(1, 64)","(1, 64)",variable_random
164,random_layer_2,Conv2d,MM,64,1024,64,0.3751,0.3764,0.1772,"(1, 1024)","(1, 64)",variable_random
164,random_layer_3,Linear,MM,2048,32,512,0.4156,0.4748,0.3894,"(1, 32)","(1, 512)",variable_random
164,random_layer_4,Linear,MM,2048,128,512,0.4044,0.019,0.2943,"(1, 128)","(1, 512)",variable_random
164,random_layer_5,Conv2d,MM,1024,128,64,0.0,0.335,0.4962,"(1, 128)","(1, 64)",variable_random
164,random_layer_6,Conv2d,MM,64,256,128,0.0,0.0217,0.6992,"(1, 256)","(1, 128)",variable_random
164,random_layer_7,Conv2d,MM,128,512,128,0.1346,0.0745,0.1462,"(1, 512)","(1, 128)",variable_random
164,random_layer_8,Conv2d,MM,1024,256,256,0.0505,0.5397,0.2556,"(1, 256)","(1, 256)",variable_random
164,random_layer_9,Linear,MM,64,64,32,0.6077,0.6045,0.25,"(1, 64)","(1, 32)",variable_random
164,random_layer_10,Conv2d,MM,2048,128,32,0.6601,0.6102,0.4208,"(1, 128)","(1, 32)",variable_random
164,random_layer_11,Conv2d,MM,128,32,128,0.652,0.1439,0.637,"(1, 32)","(1, 128)",variable_random
164,random_layer_12,Linear,MM,1024,1024,512,0.422,0.4399,0.8887,"(1, 1024)","(1, 512)",variable_random
164,random_layer_13,Linear,MM,256,128,32,0.8468,0.0743,0.0077,"(1, 128)","(1, 32)",variable_random
164,random_layer_14,Linear,MM,64,1024,128,0.2664,0.3513,0.3656,"(1, 1024)","(1, 128)",variable_random
164,random_layer_15,Linear,MM,256,512,128,0.2322,0.5758,0.2445,"(1, 512)","(1, 128)",variable_random
164,random_layer_16,Conv2d,MM,1024,32,32,0.5702,0.4216,0.3996,"(1, 32)","(1, 32)",variable_random
164,random_layer_17,Conv2d,MM,512,1024,256,0.3457,0.4283,0.366,"(1, 1024)","(1, 256)",variable_random
164,random_layer_18,Conv2d,MM,32,128,64,0.5155,0.4354,0.3187,"(1, 128)","(1, 64)",variable_random
164,random_layer_19,Linear,MM,512,32,512,0.3622,0.0826,0.4074,"(1, 32)","(1, 512)",variable_random
165,random_layer_0,Linear,MM,32,32,64,0.0,0.333,0.8333,"(1, 32)","(1, 64)",variable_random
165,random_layer_1,Linear,MM,2048,1024,256,0.1923,0.0876,0.6617,"(1, 1024)","(1, 256)",variable_random
165,random_layer_2,Conv2d,MM,64,1024,64,0.0491,0.0769,0.5625,"(1, 1024)","(1, 64)",variable_random
165,random_layer_3,Conv2d,MM,1024,32,32,0.0,0.0968,0.3658,"(1, 32)","(1, 32)",variable_random
165,random_layer_4,Linear,MM,32,1024,128,0.0,0.0887,0.297,"(1, 1024)","(1, 128)",variable_random
165,random_layer_5,Linear,MM,32,32,256,0.1989,0.5952,0.5532,"(1, 32)","(1, 256)",variable_random
165,random_layer_6,Conv2d,MM,1024,32,256,0.8102,0.6208,0.2264,"(1, 32)","(1, 256)",variable_random
165,random_layer_7,Conv2d,MM,128,128,512,0.6101,0.0015,0.529,"(1, 128)","(1, 512)",variable_random
165,random_layer_8,Conv2d,MM,1024,256,256,0.0,0.5763,0.0788,"(1, 256)","(1, 256)",variable_random
165,random_layer_9,Linear,MM,128,32,32,0.6764,0.1074,0.3149,"(1, 32)","(1, 32)",variable_random
165,random_layer_10,Conv2d,MM,256,256,256,0.2266,0.3988,0.5451,"(1, 256)","(1, 256)",variable_random
165,random_layer_11,Linear,MM,64,256,512,0.4293,0.1464,0.8984,"(1, 256)","(1, 512)",variable_random
165,random_layer_12,Linear,MM,1024,256,32,0.1659,0.5489,0.7556,"(1, 256)","(1, 32)",variable_random
165,random_layer_13,Linear,MM,1024,1024,128,0.3839,0.5575,0.2645,"(1, 1024)","(1, 128)",variable_random
165,random_layer_14,Linear,MM,512,64,512,0.2946,0.5519,0.5821,"(1, 64)","(1, 512)",variable_random
165,random_layer_15,Conv2d,MM,32,512,256,0.4831,0.0735,0.7862,"(1, 512)","(1, 256)",variable_random
165,random_layer_16,Conv2d,MM,256,32,64,0.0915,0.5272,0.5032,"(1, 32)","(1, 64)",variable_random
165,random_layer_17,Conv2d,MM,256,512,128,0.6019,0.4082,0.7172,"(1, 512)","(1, 128)",variable_random
165,random_layer_18,Linear,MM,2048,512,512,0.4332,0.5367,0.2395,"(1, 512)","(1, 512)",variable_random
165,random_layer_19,Linear,MM,256,256,64,0.4832,0.6532,0.9215,"(1, 256)","(1, 64)",variable_random
166,random_layer_0,Linear,MM,128,512,64,0.0,0.5398,0.221,"(1, 512)","(1, 64)",variable_random
166,random_layer_1,Linear,MM,1024,64,256,0.7676,0.1245,0.6148,"(1, 64)","(1, 256)",variable_random
166,random_layer_2,Conv2d,MM,32,512,32,0.0,0.0063,0.863,"(1, 512)","(1, 32)",variable_random
166,random_layer_3,Linear,MM,128,128,128,0.0489,0.0738,0.9188,"(1, 128)","(1, 128)",variable_random
166,random_layer_4,Linear,MM,64,32,128,0.0,0.1453,0.203,"(1, 32)","(1, 128)",variable_random
166,random_layer_5,Linear,MM,256,64,32,0.079,0.3414,0.3374,"(1, 64)","(1, 32)",variable_random
166,random_layer_6,Conv2d,MM,128,512,128,0.3986,0.6856,0.7649,"(1, 512)","(1, 128)",variable_random
166,random_layer_7,Linear,MM,128,32,128,0.688,0.0226,0.2321,"(1, 32)","(1, 128)",variable_random
166,random_layer_8,Linear,MM,128,256,128,0.0675,0.0853,0.7775,"(1, 256)","(1, 128)",variable_random
166,random_layer_9,Conv2d,MM,512,32,256,0.2442,0.5223,0.4444,"(1, 32)","(1, 256)",variable_random
166,random_layer_10,Conv2d,MM,64,32,64,0.6674,0.088,0.9368,"(1, 32)","(1, 64)",variable_random
166,random_layer_11,Conv2d,MM,512,64,64,0.0716,0.1366,0.0025,"(1, 64)","(1, 64)",variable_random
166,random_layer_12,Conv2d,MM,32,32,256,0.2934,0.363,0.1527,"(1, 32)","(1, 256)",variable_random
166,random_layer_13,Linear,MM,256,256,512,0.2998,0.3911,0.9405,"(1, 256)","(1, 512)",variable_random
166,random_layer_14,Conv2d,MM,2048,64,32,0.4304,0.1273,0.1151,"(1, 64)","(1, 32)",variable_random
166,random_layer_15,Linear,MM,512,64,32,0.1142,0.092,0.0569,"(1, 64)","(1, 32)",variable_random
166,random_layer_16,Linear,MM,64,256,128,0.4138,0.35,0.5658,"(1, 256)","(1, 128)",variable_random
166,random_layer_17,Linear,MM,64,128,256,0.5109,0.091,0.7346,"(1, 128)","(1, 256)",variable_random
166,random_layer_18,Linear,MM,128,256,512,0.0,0.601,0.415,"(1, 256)","(1, 512)",variable_random
166,random_layer_19,Conv2d,MM,1024,256,256,0.685,0.0365,0.2045,"(1, 256)","(1, 256)",variable_random
167,random_layer_0,Linear,MM,128,64,256,0.0,0.0478,0.9139,"(1, 64)","(1, 256)",variable_random
167,random_layer_1,Conv2d,MM,256,512,32,0.0,0.6853,0.1363,"(1, 512)","(1, 32)",variable_random
167,random_layer_2,Linear,MM,1024,1024,128,0.7165,0.4851,0.3065,"(1, 1024)","(1, 128)",variable_random
167,random_layer_3,Linear,MM,32,256,32,0.6613,0.6975,0.1647,"(1, 256)","(1, 32)",variable_random
167,random_layer_4,Linear,MM,512,128,128,0.9085,0.6459,0.6598,"(1, 128)","(1, 128)",variable_random
167,random_layer_5,Linear,MM,512,1024,64,0.6607,0.6595,0.0746,"(1, 1024)","(1, 64)",variable_random
167,random_layer_6,Conv2d,MM,512,128,256,0.6608,0.0725,0.0169,"(1, 128)","(1, 256)",variable_random
167,random_layer_7,Linear,MM,512,64,256,0.0733,0.4061,0.7423,"(1, 64)","(1, 256)",variable_random
167,random_layer_8,Linear,MM,512,128,512,0.4573,0.0618,0.4589,"(1, 128)","(1, 512)",variable_random
167,random_layer_9,Linear,MM,32,64,128,0.1739,0.0407,0.0931,"(1, 64)","(1, 128)",variable_random
167,random_layer_10,Conv2d,MM,512,512,64,0.0,0.0178,0.553,"(1, 512)","(1, 64)",variable_random
167,random_layer_11,Conv2d,MM,256,128,256,0.2955,0.6808,0.0762,"(1, 128)","(1, 256)",variable_random
167,random_layer_12,Linear,MM,1024,512,64,0.6386,0.3299,0.7223,"(1, 512)","(1, 64)",variable_random
167,random_layer_13,Linear,MM,256,1024,128,0.3925,0.5934,0.6755,"(1, 1024)","(1, 128)",variable_random
167,random_layer_14,Conv2d,MM,1024,512,64,0.5502,0.0826,0.072,"(1, 512)","(1, 64)",variable_random
167,random_layer_15,Conv2d,MM,32,256,32,0.3405,0.6111,0.7777,"(1, 256)","(1, 32)",variable_random
167,random_layer_16,Conv2d,MM,32,512,64,0.6706,0.1414,0.552,"(1, 512)","(1, 64)",variable_random
167,random_layer_17,Conv2d,MM,256,32,128,0.0,0.0735,0.7487,"(1, 32)","(1, 128)",variable_random
167,random_layer_18,Linear,MM,512,64,256,0.1261,0.0348,0.8692,"(1, 64)","(1, 256)",variable_random
167,random_layer_19,Linear,MM,2048,256,256,0.2213,0.327,0.2723,"(1, 256)","(1, 256)",variable_random
168,random_layer_0,Linear,MM,512,512,512,0.0,0.5665,0.8837,"(1, 512)","(1, 512)",variable_random
168,random_layer_1,Linear,MM,32,32,128,0.5942,0.0856,0.2033,"(1, 32)","(1, 128)",variable_random
168,random_layer_2,Conv2d,MM,1024,256,32,0.0,0.4766,0.2035,"(1, 256)","(1, 32)",variable_random
168,random_layer_3,Linear,MM,256,256,256,0.7259,0.6997,0.9011,"(1, 256)","(1, 256)",variable_random
168,random_layer_4,Linear,MM,2048,32,32,0.8539,0.3695,0.918,"(1, 32)","(1, 32)",variable_random
168,random_layer_5,Linear,MM,32,64,32,0.2013,0.3975,0.1065,"(1, 64)","(1, 32)",variable_random
168,random_layer_6,Linear,MM,256,512,512,0.4458,0.4134,0.6184,"(1, 512)","(1, 512)",variable_random
168,random_layer_7,Linear,MM,1024,64,128,0.6903,0.4845,0.327,"(1, 64)","(1, 128)",variable_random
168,random_layer_8,Linear,MM,512,64,32,0.3184,0.4244,0.9096,"(1, 64)","(1, 32)",variable_random
168,random_layer_9,Conv2d,MM,2048,1024,256,0.2405,0.681,0.1337,"(1, 1024)","(1, 256)",variable_random
168,random_layer_10,Conv2d,MM,128,512,128,0.6574,0.6988,0.3687,"(1, 512)","(1, 128)",variable_random
168,random_layer_11,Conv2d,MM,64,1024,128,0.5684,0.4663,0.0381,"(1, 1024)","(1, 128)",variable_random
168,random_layer_12,Linear,MM,128,256,32,0.5341,0.0445,0.6477,"(1, 256)","(1, 32)",variable_random
168,random_layer_13,Conv2d,MM,128,512,128,0.0,0.4949,0.0014,"(1, 512)","(1, 128)",variable_random
168,random_layer_14,Conv2d,MM,64,1024,512,0.358,0.3674,0.2863,"(1, 1024)","(1, 512)",variable_random
168,random_layer_15,Linear,MM,512,32,64,0.3636,0.4852,0.4045,"(1, 32)","(1, 64)",variable_random
168,random_layer_16,Linear,MM,64,32,512,0.3812,0.149,0.3165,"(1, 32)","(1, 512)",variable_random
168,random_layer_17,Conv2d,MM,512,512,512,0.3444,0.6436,0.0479,"(1, 512)","(1, 512)",variable_random
168,random_layer_18,Linear,MM,32,128,256,0.99,0.0456,0.0294,"(1, 128)","(1, 256)",variable_random
168,random_layer_19,Linear,MM,32,64,128,0.3382,0.5062,0.8963,"(1, 64)","(1, 128)",variable_random
169,random_layer_0,Conv2d,MM,128,64,128,0.1575,0.5774,0.6952,"(1, 64)","(1, 128)",variable_random
169,random_layer_1,Linear,MM,128,32,512,0.4543,0.6202,0.5163,"(1, 32)","(1, 512)",variable_random
169,random_layer_2,Linear,MM,64,256,512,0.5546,0.0186,0.592,"(1, 256)","(1, 512)",variable_random
169,random_layer_3,Conv2d,MM,64,64,32,0.1669,0.1342,0.6226,"(1, 64)","(1, 32)",variable_random
169,random_layer_4,Linear,MM,512,512,128,0.1071,0.0978,0.2145,"(1, 512)","(1, 128)",variable_random
169,random_layer_5,Linear,MM,1024,128,256,0.0777,0.5187,0.3899,"(1, 128)","(1, 256)",variable_random
169,random_layer_6,Linear,MM,1024,1024,128,0.5116,0.1401,0.852,"(1, 1024)","(1, 128)",variable_random
169,random_layer_7,Linear,MM,32,64,32,0.4108,0.0408,0.2518,"(1, 64)","(1, 32)",variable_random
169,random_layer_8,Linear,MM,256,512,32,0.0773,0.1121,0.5609,"(1, 512)","(1, 32)",variable_random
169,random_layer_9,Linear,MM,64,512,128,0.0261,0.6369,0.3904,"(1, 512)","(1, 128)",variable_random
169,random_layer_10,Conv2d,MM,256,64,32,0.4998,0.582,0.1219,"(1, 64)","(1, 32)",variable_random
169,random_layer_11,Linear,MM,128,256,256,0.6425,0.0026,0.2629,"(1, 256)","(1, 256)",variable_random
169,random_layer_12,Linear,MM,1024,512,256,0.0054,0.1057,0.5966,"(1, 512)","(1, 256)",variable_random
169,random_layer_13,Linear,MM,512,64,64,0.1101,0.5727,0.5025,"(1, 64)","(1, 64)",variable_random
169,random_layer_14,Linear,MM,64,256,128,0.6087,0.5602,0.0428,"(1, 256)","(1, 128)",variable_random
169,random_layer_15,Conv2d,MM,256,1024,128,0.7925,0.6343,0.5652,"(1, 1024)","(1, 128)",variable_random
169,random_layer_16,Linear,MM,512,1024,128,0.6311,0.3064,0.3472,"(1, 1024)","(1, 128)",variable_random
169,random_layer_17,Conv2d,MM,32,1024,128,0.5163,0.1133,0.913,"(1, 1024)","(1, 128)",variable_random
169,random_layer_18,Linear,MM,2048,512,32,0.1061,0.1012,0.348,"(1, 512)","(1, 32)",variable_random
169,random_layer_19,Linear,MM,128,128,512,0.0,0.1204,0.2009,"(1, 128)","(1, 512)",variable_random
170,random_layer_0,Linear,MM,256,64,32,0.0,0.4204,0.3853,"(1, 64)","(1, 32)",variable_random
170,random_layer_1,Linear,MM,128,32,512,0.1396,0.1493,0.2245,"(1, 32)","(1, 512)",variable_random
170,random_layer_2,Conv2d,MM,64,256,32,0.2152,0.5625,0.3706,"(1, 256)","(1, 32)",variable_random
170,random_layer_3,Linear,MM,2048,32,512,0.7865,0.1021,0.4815,"(1, 32)","(1, 512)",variable_random
170,random_layer_4,Conv2d,MM,1024,64,256,0.3337,0.464,0.4263,"(1, 64)","(1, 256)",variable_random
170,random_layer_5,Linear,MM,64,64,64,0.2791,0.4443,0.1351,"(1, 64)","(1, 64)",variable_random
170,random_layer_6,Linear,MM,256,32,32,0.5157,0.4953,0.315,"(1, 32)","(1, 32)",variable_random
170,random_layer_7,Conv2d,MM,128,256,512,0.6808,0.6885,0.8011,"(1, 256)","(1, 512)",variable_random
170,random_layer_8,Linear,MM,128,512,512,0.6098,0.5873,0.7545,"(1, 512)","(1, 512)",variable_random
170,random_layer_9,Linear,MM,1024,32,256,0.4644,0.142,0.2693,"(1, 32)","(1, 256)",variable_random
170,random_layer_10,Linear,MM,1024,256,32,0.1273,0.0785,0.2531,"(1, 256)","(1, 32)",variable_random
170,random_layer_11,Conv2d,MM,32,32,32,0.0,0.1191,0.6175,"(1, 32)","(1, 32)",variable_random
170,random_layer_12,Conv2d,MM,64,128,64,0.0,0.149,0.1555,"(1, 128)","(1, 64)",variable_random
170,random_layer_13,Conv2d,MM,32,1024,64,0.1882,0.0965,0.5555,"(1, 1024)","(1, 64)",variable_random
170,random_layer_14,Conv2d,MM,2048,128,128,0.0,0.6407,0.9359,"(1, 128)","(1, 128)",variable_random
170,random_layer_15,Linear,MM,1024,256,512,0.8221,0.032,0.3975,"(1, 256)","(1, 512)",variable_random
170,random_layer_16,Conv2d,MM,128,256,32,0.0,0.3377,0.6501,"(1, 256)","(1, 32)",variable_random
170,random_layer_17,Linear,MM,2048,1024,512,0.2165,0.3349,0.5172,"(1, 1024)","(1, 512)",variable_random
170,random_layer_18,Linear,MM,2048,512,32,0.2332,0.069,0.7774,"(1, 512)","(1, 32)",variable_random
170,random_layer_19,Linear,MM,128,128,512,0.0,0.305,0.7654,"(1, 128)","(1, 512)",variable_random
171,random_layer_0,Linear,MM,32,32,64,0.0,0.6829,0.3841,"(1, 32)","(1, 64)",variable_random
171,random_layer_1,Linear,MM,1024,1024,128,0.6896,0.6603,0.0238,"(1, 1024)","(1, 128)",variable_random
171,random_layer_2,Linear,MM,256,256,256,0.8376,0.5053,0.7822,"(1, 256)","(1, 256)",variable_random
171,random_layer_3,Conv2d,MM,64,1024,32,0.4155,0.1127,0.9398,"(1, 1024)","(1, 32)",variable_random
171,random_layer_4,Linear,MM,1024,1024,128,0.0492,0.0514,0.9068,"(1, 1024)","(1, 128)",variable_random
171,random_layer_5,Linear,MM,512,1024,128,0.0,0.0763,0.3749,"(1, 1024)","(1, 128)",variable_random
171,random_layer_6,Linear,MM,64,64,512,0.032,0.0155,0.1743,"(1, 64)","(1, 512)",variable_random
171,random_layer_7,Linear,MM,64,128,64,0.0,0.0833,0.0632,"(1, 128)","(1, 64)",variable_random
171,random_layer_8,Conv2d,MM,1024,32,32,0.0,0.0593,0.7735,"(1, 32)","(1, 32)",variable_random
171,random_layer_9,Linear,MM,256,1024,128,0.2925,0.481,0.2175,"(1, 1024)","(1, 128)",variable_random
171,random_layer_10,Conv2d,MM,2048,1024,256,0.4125,0.4913,0.3189,"(1, 1024)","(1, 256)",variable_random
171,random_layer_11,Linear,MM,128,512,256,0.5576,0.6779,0.0318,"(1, 512)","(1, 256)",variable_random
171,random_layer_12,Conv2d,MM,512,128,128,0.8086,0.3419,0.2533,"(1, 128)","(1, 128)",variable_random
171,random_layer_13,Linear,MM,1024,1024,512,0.2613,0.1184,0.4458,"(1, 1024)","(1, 512)",variable_random
171,random_layer_14,Linear,MM,64,256,32,0.0,0.1368,0.0183,"(1, 256)","(1, 32)",variable_random
171,random_layer_15,Conv2d,MM,512,64,512,0.0233,0.1422,0.4537,"(1, 64)","(1, 512)",variable_random
171,random_layer_16,Linear,MM,256,32,128,0.2198,0.1387,0.779,"(1, 32)","(1, 128)",variable_random
171,random_layer_17,Linear,MM,64,512,128,0.0926,0.631,0.4036,"(1, 512)","(1, 128)",variable_random
171,random_layer_18,Conv2d,MM,512,1024,512,0.7007,0.1134,0.1189,"(1, 1024)","(1, 512)",variable_random
171,random_layer_19,Conv2d,MM,256,1024,64,0.0718,0.016,0.7506,"(1, 1024)","(1, 64)",variable_random
172,random_layer_0,Linear,MM,32,256,512,0.1401,0.3433,0.1473,"(1, 256)","(1, 512)",variable_random
172,random_layer_1,Linear,MM,1024,1024,256,0.4053,0.6435,0.3948,"(1, 1024)","(1, 256)",variable_random
172,random_layer_2,Conv2d,MM,256,256,32,0.2833,0.1333,0.0812,"(1, 256)","(1, 32)",variable_random
172,random_layer_3,Conv2d,MM,256,128,256,0.0,0.6302,0.2753,"(1, 128)","(1, 256)",variable_random
172,random_layer_4,Conv2d,MM,512,512,128,0.7785,0.5498,0.7325,"(1, 512)","(1, 128)",variable_random
172,random_layer_5,Conv2d,MM,32,1024,128,0.7682,0.0456,0.8683,"(1, 1024)","(1, 128)",variable_random
172,random_layer_6,Linear,MM,64,32,256,0.1147,0.1283,0.2621,"(1, 32)","(1, 256)",variable_random
172,random_layer_7,Linear,MM,128,64,128,0.0797,0.1094,0.8311,"(1, 64)","(1, 128)",variable_random
172,random_layer_8,Conv2d,MM,1024,32,512,0.0857,0.635,0.3611,"(1, 32)","(1, 512)",variable_random
172,random_layer_9,Linear,MM,1024,1024,128,0.7731,0.347,0.5523,"(1, 1024)","(1, 128)",variable_random
172,random_layer_10,Linear,MM,2048,64,256,0.6345,0.1336,0.3127,"(1, 64)","(1, 256)",variable_random
172,random_layer_11,Linear,MM,256,256,128,0.3721,0.132,0.7127,"(1, 256)","(1, 128)",variable_random
172,random_layer_12,Linear,MM,1024,256,32,0.2172,0.0264,0.8889,"(1, 256)","(1, 32)",variable_random
172,random_layer_13,Linear,MM,256,128,256,0.1038,0.4874,0.8573,"(1, 128)","(1, 256)",variable_random
172,random_layer_14,Conv2d,MM,2048,256,32,0.3837,0.0919,0.6494,"(1, 256)","(1, 32)",variable_random
172,random_layer_15,Linear,MM,2048,64,128,0.198,0.4505,0.7848,"(1, 64)","(1, 128)",variable_random
172,random_layer_16,Conv2d,MM,32,128,512,0.4842,0.6635,0.5963,"(1, 128)","(1, 512)",variable_random
172,random_layer_17,Linear,MM,128,256,64,0.5603,0.0004,0.0004,"(1, 256)","(1, 64)",variable_random
172,random_layer_18,Conv2d,MM,2048,1024,256,0.0156,0.0518,0.9475,"(1, 1024)","(1, 256)",variable_random
172,random_layer_19,Linear,MM,256,512,512,0.2661,0.3396,0.7322,"(1, 512)","(1, 512)",variable_random
173,random_layer_0,Linear,MM,64,32,128,0.0,0.3607,0.7342,"(1, 32)","(1, 128)",variable_random
173,random_layer_1,Conv2d,MM,2048,512,32,0.2551,0.023,0.3167,"(1, 512)","(1, 32)",variable_random
173,random_layer_2,Conv2d,MM,128,128,512,0.1682,0.0054,0.1285,"(1, 128)","(1, 512)",variable_random
173,random_layer_3,Conv2d,MM,1024,512,128,0.0,0.333,0.3002,"(1, 512)","(1, 128)",variable_random
173,random_layer_4,Conv2d,MM,512,32,32,0.5294,0.0693,0.9377,"(1, 32)","(1, 32)",variable_random
173,random_layer_5,Linear,MM,32,512,512,0.0,0.6684,0.4629,"(1, 512)","(1, 512)",variable_random
173,random_layer_6,Conv2d,MM,64,128,64,0.6792,0.4139,0.743,"(1, 128)","(1, 64)",variable_random
173,random_layer_7,Conv2d,MM,64,512,128,0.5929,0.5766,0.4417,"(1, 512)","(1, 128)",variable_random
173,random_layer_8,Conv2d,MM,2048,512,64,0.6999,0.5648,0.597,"(1, 512)","(1, 64)",variable_random
173,random_layer_9,Conv2d,MM,32,128,64,0.646,0.1265,0.7295,"(1, 128)","(1, 64)",variable_random
173,random_layer_10,Linear,MM,128,1024,512,0.2874,0.6935,0.8648,"(1, 1024)","(1, 512)",variable_random
173,random_layer_11,Linear,MM,64,1024,256,0.7473,0.43,0.695,"(1, 1024)","(1, 256)",variable_random
173,random_layer_12,Conv2d,MM,32,32,512,0.3828,0.0696,0.8503,"(1, 32)","(1, 512)",variable_random
173,random_layer_13,Conv2d,MM,2048,64,256,0.0,0.3763,0.4026,"(1, 64)","(1, 256)",variable_random
173,random_layer_14,Conv2d,MM,64,512,32,0.2856,0.1272,0.3971,"(1, 512)","(1, 32)",variable_random
173,random_layer_15,Conv2d,MM,1024,64,256,0.4342,0.6722,0.2983,"(1, 64)","(1, 256)",variable_random
173,random_layer_16,Conv2d,MM,64,1024,256,0.6704,0.507,0.7549,"(1, 1024)","(1, 256)",variable_random
173,random_layer_17,Conv2d,MM,1024,512,512,0.6163,0.1317,0.8996,"(1, 512)","(1, 512)",variable_random
173,random_layer_18,Linear,MM,2048,512,128,0.2482,0.3498,0.2434,"(1, 512)","(1, 128)",variable_random
173,random_layer_19,Conv2d,MM,1024,256,64,0.1854,0.0866,0.2485,"(1, 256)","(1, 64)",variable_random
174,random_layer_0,Conv2d,MM,64,128,512,0.0,0.4628,0.0305,"(1, 128)","(1, 512)",variable_random
174,random_layer_1,Conv2d,MM,2048,128,256,0.5305,0.4117,0.1937,"(1, 128)","(1, 256)",variable_random
174,random_layer_2,Linear,MM,64,64,64,0.4759,0.0012,0.4478,"(1, 64)","(1, 64)",variable_random
174,random_layer_3,Linear,MM,32,32,128,0.1656,0.1259,0.1639,"(1, 32)","(1, 128)",variable_random
174,random_layer_4,Conv2d,MM,1024,256,128,0.5197,0.4619,0.5617,"(1, 256)","(1, 128)",variable_random
174,random_layer_5,Linear,MM,64,1024,256,0.5256,0.3437,0.3906,"(1, 1024)","(1, 256)",variable_random
174,random_layer_6,Linear,MM,1024,256,256,0.3194,0.5267,0.0287,"(1, 256)","(1, 256)",variable_random
174,random_layer_7,Conv2d,MM,2048,1024,128,0.576,0.4036,0.1085,"(1, 1024)","(1, 128)",variable_random
174,random_layer_8,Conv2d,MM,64,32,128,0.2263,0.1085,0.8198,"(1, 32)","(1, 128)",variable_random
174,random_layer_9,Conv2d,MM,1024,64,128,0.2033,0.0167,0.8947,"(1, 64)","(1, 128)",variable_random
174,random_layer_10,Linear,MM,1024,1024,64,0.1377,0.6725,0.7781,"(1, 1024)","(1, 64)",variable_random
174,random_layer_11,Linear,MM,512,256,512,0.6978,0.1145,0.2883,"(1, 256)","(1, 512)",variable_random
174,random_layer_12,Conv2d,MM,32,1024,64,0.092,0.0273,0.3707,"(1, 1024)","(1, 64)",variable_random
174,random_layer_13,Linear,MM,64,1024,256,0.019,0.5237,0.7261,"(1, 1024)","(1, 256)",variable_random
174,random_layer_14,Linear,MM,256,512,128,0.715,0.6389,0.8158,"(1, 512)","(1, 128)",variable_random
174,random_layer_15,Conv2d,MM,1024,32,256,0.5651,0.0233,0.6435,"(1, 32)","(1, 256)",variable_random
174,random_layer_16,Linear,MM,128,512,32,0.0,0.3657,0.2876,"(1, 512)","(1, 32)",variable_random
174,random_layer_17,Linear,MM,64,256,512,0.2725,0.6575,0.8942,"(1, 256)","(1, 512)",variable_random
174,random_layer_18,Linear,MM,32,512,128,0.4664,0.0193,0.3969,"(1, 512)","(1, 128)",variable_random
174,random_layer_19,Linear,MM,512,64,32,0.0,0.4061,0.2316,"(1, 64)","(1, 32)",variable_random
175,random_layer_0,Conv2d,MM,2048,128,32,0.0758,0.0205,0.9246,"(1, 128)","(1, 32)",variable_random
175,random_layer_1,Conv2d,MM,2048,32,128,0.0,0.4766,0.8743,"(1, 32)","(1, 128)",variable_random
175,random_layer_2,Linear,MM,64,1024,128,0.5609,0.1268,0.4246,"(1, 1024)","(1, 128)",variable_random
175,random_layer_3,Conv2d,MM,512,256,64,0.2115,0.5505,0.3874,"(1, 256)","(1, 64)",variable_random
175,random_layer_4,Linear,MM,32,64,128,0.7241,0.0433,0.6371,"(1, 64)","(1, 128)",variable_random
175,random_layer_5,Conv2d,MM,128,128,128,0.2168,0.6031,0.0958,"(1, 128)","(1, 128)",variable_random
175,random_layer_6,Linear,MM,128,256,64,0.6599,0.679,0.802,"(1, 256)","(1, 64)",variable_random
175,random_layer_7,Linear,MM,128,1024,32,0.6713,0.6546,0.0096,"(1, 1024)","(1, 32)",variable_random
175,random_layer_8,Conv2d,MM,32,32,128,0.6172,0.1093,0.3992,"(1, 32)","(1, 128)",variable_random
175,random_layer_9,Conv2d,MM,64,512,512,0.2628,0.6612,0.2287,"(1, 512)","(1, 512)",variable_random
175,random_layer_10,Linear,MM,1024,64,128,0.7894,0.596,0.2701,"(1, 64)","(1, 128)",variable_random
175,random_layer_11,Linear,MM,512,64,512,0.6806,0.3894,0.1119,"(1, 64)","(1, 512)",variable_random
175,random_layer_12,Conv2d,MM,64,256,64,0.1579,0.567,0.1519,"(1, 256)","(1, 64)",variable_random
175,random_layer_13,Linear,MM,256,64,128,0.8164,0.4199,0.3915,"(1, 64)","(1, 128)",variable_random
175,random_layer_14,Linear,MM,128,512,64,0.3805,0.5276,0.6934,"(1, 512)","(1, 64)",variable_random
175,random_layer_15,Linear,MM,1024,512,512,0.453,0.1385,0.7722,"(1, 512)","(1, 512)",variable_random
175,random_layer_16,Linear,MM,512,256,32,0.2726,0.0135,0.0799,"(1, 256)","(1, 32)",variable_random
175,random_layer_17,Conv2d,MM,2048,32,32,0.1361,0.4076,0.0322,"(1, 32)","(1, 32)",variable_random
175,random_layer_18,Conv2d,MM,32,32,512,0.4501,0.0826,0.6237,"(1, 32)","(1, 512)",variable_random
175,random_layer_19,Linear,MM,32,256,64,0.0,0.4923,0.757,"(1, 256)","(1, 64)",variable_random
176,random_layer_0,Conv2d,MM,64,128,256,0.0414,0.1256,0.9294,"(1, 128)","(1, 256)",variable_random
176,random_layer_1,Linear,MM,256,256,32,0.0,0.0611,0.345,"(1, 256)","(1, 32)",variable_random
176,random_layer_2,Conv2d,MM,32,64,32,0.0,0.3293,0.6869,"(1, 64)","(1, 32)",variable_random
176,random_layer_3,Linear,MM,256,64,512,0.4069,0.5701,0.1045,"(1, 64)","(1, 512)",variable_random
176,random_layer_4,Conv2d,MM,64,128,256,0.818,0.0387,0.4829,"(1, 128)","(1, 256)",variable_random
176,random_layer_5,Conv2d,MM,32,256,256,0.2273,0.1108,0.3826,"(1, 256)","(1, 256)",variable_random
176,random_layer_6,Conv2d,MM,128,32,32,0.0479,0.4965,0.239,"(1, 32)","(1, 32)",variable_random
176,random_layer_7,Linear,MM,64,256,32,0.4248,0.003,0.416,"(1, 256)","(1, 32)",variable_random
176,random_layer_8,Linear,MM,2048,1024,64,0.0,0.3229,0.3515,"(1, 1024)","(1, 64)",variable_random
176,random_layer_9,Linear,MM,2048,256,256,0.3378,0.0436,0.4323,"(1, 256)","(1, 256)",variable_random
176,random_layer_10,Conv2d,MM,512,512,32,0.1872,0.5662,0.0886,"(1, 512)","(1, 32)",variable_random
176,random_layer_11,Conv2d,MM,1024,256,128,0.7343,0.5571,0.1467,"(1, 256)","(1, 128)",variable_random
176,random_layer_12,Conv2d,MM,512,32,256,0.4144,0.5425,0.17,"(1, 32)","(1, 256)",variable_random
176,random_layer_13,Linear,MM,1024,512,32,0.5214,0.0808,0.291,"(1, 512)","(1, 32)",variable_random
176,random_layer_14,Conv2d,MM,512,128,32,0.0,0.0292,0.2965,"(1, 128)","(1, 32)",variable_random
176,random_layer_15,Conv2d,MM,1024,128,32,0.0503,0.5905,0.0827,"(1, 128)","(1, 32)",variable_random
176,random_layer_16,Linear,MM,512,512,256,0.2313,0.0007,0.4114,"(1, 512)","(1, 256)",variable_random
176,random_layer_17,Linear,MM,128,128,256,0.0,0.4745,0.3939,"(1, 128)","(1, 256)",variable_random
176,random_layer_18,Linear,MM,32,32,512,0.5803,0.5707,0.6102,"(1, 32)","(1, 512)",variable_random
176,random_layer_19,Conv2d,MM,64,512,64,0.5642,0.3827,0.7038,"(1, 512)","(1, 64)",variable_random
177,random_layer_0,Conv2d,MM,64,128,256,0.2848,0.0353,0.8465,"(1, 128)","(1, 256)",variable_random
177,random_layer_1,Conv2d,MM,2048,32,128,0.1236,0.5011,0.1456,"(1, 32)","(1, 128)",variable_random
177,random_layer_2,Conv2d,MM,32,32,64,0.6115,0.5218,0.2594,"(1, 32)","(1, 64)",variable_random
177,random_layer_3,Linear,MM,128,64,128,0.4176,0.0939,0.315,"(1, 64)","(1, 128)",variable_random
177,random_layer_4,Conv2d,MM,2048,32,512,0.0,0.3874,0.1388,"(1, 32)","(1, 512)",variable_random
177,random_layer_5,Conv2d,MM,1024,512,64,0.6384,0.0664,0.7042,"(1, 512)","(1, 64)",variable_random
177,random_layer_6,Conv2d,MM,32,32,32,0.4682,0.0947,0.0762,"(1, 32)","(1, 32)",variable_random
177,random_layer_7,Conv2d,MM,64,1024,32,0.0,0.0743,0.8727,"(1, 1024)","(1, 32)",variable_random
177,random_layer_8,Linear,MM,256,256,128,0.3436,0.5967,0.0946,"(1, 256)","(1, 128)",variable_random
177,random_layer_9,Linear,MM,64,64,512,0.4723,0.05,0.6281,"(1, 64)","(1, 512)",variable_random
177,random_layer_10,Conv2d,MM,64,256,64,0.0232,0.055,0.3619,"(1, 256)","(1, 64)",variable_random
177,random_layer_11,Linear,MM,1024,1024,512,0.1586,0.1175,0.8653,"(1, 1024)","(1, 512)",variable_random
177,random_layer_12,Linear,MM,64,1024,64,0.1784,0.047,0.5582,"(1, 1024)","(1, 64)",variable_random
177,random_layer_13,Linear,MM,32,256,128,0.2397,0.0873,0.1912,"(1, 256)","(1, 128)",variable_random
177,random_layer_14,Conv2d,MM,512,32,32,0.1829,0.0662,0.8627,"(1, 32)","(1, 32)",variable_random
177,random_layer_15,Conv2d,MM,128,128,512,0.2498,0.3687,0.7863,"(1, 128)","(1, 512)",variable_random
177,random_layer_16,Conv2d,MM,64,512,64,0.2866,0.1035,0.0858,"(1, 512)","(1, 64)",variable_random
177,random_layer_17,Linear,MM,64,1024,256,0.0147,0.6937,0.4044,"(1, 1024)","(1, 256)",variable_random
177,random_layer_18,Linear,MM,64,128,64,0.7648,0.0082,0.2189,"(1, 128)","(1, 64)",variable_random
177,random_layer_19,Conv2d,MM,2048,32,64,0.0,0.4286,0.5867,"(1, 32)","(1, 64)",variable_random
178,random_layer_0,Conv2d,MM,1024,64,512,0.0,0.3236,0.2311,"(1, 64)","(1, 512)",variable_random
178,random_layer_1,Linear,MM,128,64,32,0.3524,0.0219,0.0535,"(1, 64)","(1, 32)",variable_random
178,random_layer_2,Linear,MM,256,64,128,0.0894,0.5649,0.2192,"(1, 64)","(1, 128)",variable_random
178,random_layer_3,Conv2d,MM,2048,1024,64,0.6136,0.049,0.8383,"(1, 1024)","(1, 64)",variable_random
178,random_layer_4,Conv2d,MM,1024,512,256,0.1123,0.0298,0.0903,"(1, 512)","(1, 256)",variable_random
178,random_layer_5,Conv2d,MM,256,1024,128,0.035,0.5568,0.2555,"(1, 1024)","(1, 128)",variable_random
178,random_layer_6,Conv2d,MM,128,64,32,0.7019,0.0328,0.7562,"(1, 64)","(1, 32)",variable_random
178,random_layer_7,Linear,MM,1024,1024,64,0.0507,0.6932,0.9289,"(1, 1024)","(1, 64)",variable_random
178,random_layer_8,Linear,MM,32,128,512,0.6069,0.6063,0.4379,"(1, 128)","(1, 512)",variable_random
178,random_layer_9,Conv2d,MM,32,1024,256,0.6265,0.314,0.7533,"(1, 1024)","(1, 256)",variable_random
178,random_layer_10,Linear,MM,32,256,32,0.1436,0.5342,0.8811,"(1, 256)","(1, 32)",variable_random
178,random_layer_11,Linear,MM,32,1024,256,0.5976,0.4289,0.308,"(1, 1024)","(1, 256)",variable_random
178,random_layer_12,Conv2d,MM,2048,512,256,0.4185,0.5182,0.1714,"(1, 512)","(1, 256)",variable_random
178,random_layer_13,Conv2d,MM,1024,32,256,0.4927,0.5671,0.6204,"(1, 32)","(1, 256)",variable_random
178,random_layer_14,Conv2d,MM,32,64,64,0.4987,0.3362,0.1527,"(1, 64)","(1, 64)",variable_random
178,random_layer_15,Linear,MM,2048,512,32,0.6165,0.5313,0.7353,"(1, 512)","(1, 32)",variable_random
178,random_layer_16,Linear,MM,256,1024,32,0.6124,0.4591,0.2241,"(1, 1024)","(1, 32)",variable_random
178,random_layer_17,Linear,MM,256,64,64,0.5474,0.1315,0.2463,"(1, 64)","(1, 64)",variable_random
178,random_layer_18,Conv2d,MM,64,128,128,0.0,0.0525,0.5282,"(1, 128)","(1, 128)",variable_random
178,random_layer_19,Linear,MM,128,256,512,0.0,0.4287,0.7257,"(1, 256)","(1, 512)",variable_random
179,random_layer_0,Conv2d,MM,128,256,64,0.0686,0.0947,0.2694,"(1, 256)","(1, 64)",variable_random
179,random_layer_1,Linear,MM,1024,256,512,0.1542,0.6787,0.9487,"(1, 256)","(1, 512)",variable_random
179,random_layer_2,Linear,MM,512,256,256,0.7597,0.3869,0.1057,"(1, 256)","(1, 256)",variable_random
179,random_layer_3,Linear,MM,64,128,128,0.5825,0.6663,0.278,"(1, 128)","(1, 128)",variable_random
179,random_layer_4,Linear,MM,64,32,32,0.7276,0.0914,0.0376,"(1, 32)","(1, 32)",variable_random
179,random_layer_5,Linear,MM,32,1024,256,0.0,0.1055,0.321,"(1, 1024)","(1, 256)",variable_random
179,random_layer_6,Linear,MM,32,256,128,0.307,0.5119,0.4717,"(1, 256)","(1, 128)",variable_random
179,random_layer_7,Linear,MM,64,256,128,0.4532,0.0883,0.4596,"(1, 256)","(1, 128)",variable_random
179,random_layer_8,Linear,MM,32,256,32,0.2,0.0938,0.6225,"(1, 256)","(1, 32)",variable_random
179,random_layer_9,Conv2d,MM,32,1024,64,0.2,0.1218,0.3583,"(1, 1024)","(1, 64)",variable_random
179,random_layer_10,Conv2d,MM,256,64,512,0.2331,0.5921,0.5804,"(1, 64)","(1, 512)",variable_random
179,random_layer_11,Conv2d,MM,2048,512,128,0.6563,0.5401,0.6166,"(1, 512)","(1, 128)",variable_random
179,random_layer_12,Linear,MM,128,32,32,0.4255,0.4744,0.8524,"(1, 32)","(1, 32)",variable_random
179,random_layer_13,Conv2d,MM,32,1024,256,0.3213,0.1478,0.1388,"(1, 1024)","(1, 256)",variable_random
179,random_layer_14,Linear,MM,128,1024,512,0.2082,0.0338,0.5103,"(1, 1024)","(1, 512)",variable_random
179,random_layer_15,Linear,MM,32,256,32,0.0,0.0316,0.0268,"(1, 256)","(1, 32)",variable_random
179,random_layer_16,Linear,MM,128,64,128,0.2172,0.0816,0.5822,"(1, 64)","(1, 128)",variable_random
179,random_layer_17,Linear,MM,1024,64,256,0.294,0.4003,0.2297,"(1, 64)","(1, 256)",variable_random
179,random_layer_18,Conv2d,MM,128,256,256,0.3566,0.0214,0.6022,"(1, 256)","(1, 256)",variable_random
179,random_layer_19,Linear,MM,2048,1024,256,0.0,0.6261,0.3126,"(1, 1024)","(1, 256)",variable_random
180,random_layer_0,Conv2d,MM,32,256,512,0.0352,0.0081,0.5642,"(1, 256)","(1, 512)",variable_random
180,random_layer_1,Linear,MM,2048,256,32,0.233,0.0913,0.5903,"(1, 256)","(1, 32)",variable_random
180,random_layer_2,Linear,MM,1024,128,256,0.1269,0.068,0.0487,"(1, 128)","(1, 256)",variable_random
180,random_layer_3,Linear,MM,512,64,512,0.0936,0.5753,0.0886,"(1, 64)","(1, 512)",variable_random
180,random_layer_4,Linear,MM,32,32,64,0.4517,0.4447,0.4751,"(1, 32)","(1, 64)",variable_random
180,random_layer_5,Conv2d,MM,2048,256,256,0.7477,0.0415,0.2633,"(1, 256)","(1, 256)",variable_random
180,random_layer_6,Linear,MM,1024,1024,64,0.0,0.131,0.7803,"(1, 1024)","(1, 64)",variable_random
180,random_layer_7,Conv2d,MM,256,128,512,0.1045,0.0119,0.4068,"(1, 128)","(1, 512)",variable_random
180,random_layer_8,Linear,MM,512,512,32,0.0,0.5429,0.6102,"(1, 512)","(1, 32)",variable_random
180,random_layer_9,Conv2d,MM,64,64,256,0.5996,0.1187,0.6336,"(1, 64)","(1, 256)",variable_random
180,random_layer_10,Conv2d,MM,128,32,32,0.0214,0.4406,0.6301,"(1, 32)","(1, 32)",variable_random
180,random_layer_11,Linear,MM,1024,256,32,0.4919,0.5283,0.2105,"(1, 256)","(1, 32)",variable_random
180,random_layer_12,Conv2d,MM,32,64,128,0.7436,0.0494,0.3161,"(1, 64)","(1, 128)",variable_random
180,random_layer_13,Linear,MM,32,32,512,0.0,0.3711,0.3447,"(1, 32)","(1, 512)",variable_random
180,random_layer_14,Conv2d,MM,32,128,32,0.5331,0.6942,0.1581,"(1, 128)","(1, 32)",variable_random
180,random_layer_15,Conv2d,MM,128,32,128,0.8093,0.1055,0.1942,"(1, 32)","(1, 128)",variable_random
180,random_layer_16,Conv2d,MM,128,1024,32,0.0959,0.3396,0.3545,"(1, 1024)","(1, 32)",variable_random
180,random_layer_17,Linear,MM,128,64,256,0.2355,0.6726,0.6882,"(1, 64)","(1, 256)",variable_random
180,random_layer_18,Conv2d,MM,512,64,64,0.5456,0.139,0.4018,"(1, 64)","(1, 64)",variable_random
180,random_layer_19,Linear,MM,1024,128,64,0.0,0.0991,0.4149,"(1, 128)","(1, 64)",variable_random
181,random_layer_0,Conv2d,MM,512,32,512,0.0,0.5588,0.185,"(1, 32)","(1, 512)",variable_random
181,random_layer_1,Conv2d,MM,32,1024,32,0.595,0.5902,0.3128,"(1, 1024)","(1, 32)",variable_random
181,random_layer_2,Linear,MM,512,64,128,0.7642,0.1427,0.6697,"(1, 64)","(1, 128)",variable_random
181,random_layer_3,Conv2d,MM,512,256,128,0.2206,0.0418,0.5748,"(1, 256)","(1, 128)",variable_random
181,random_layer_4,Conv2d,MM,512,256,256,0.1234,0.1227,0.288,"(1, 256)","(1, 256)",variable_random
181,random_layer_5,Linear,MM,2048,128,64,0.0,0.4592,0.5654,"(1, 128)","(1, 64)",variable_random
181,random_layer_6,Conv2d,MM,1024,1024,512,0.5809,0.4249,0.5751,"(1, 1024)","(1, 512)",variable_random
181,random_layer_7,Conv2d,MM,512,1024,32,0.35,0.5266,0.082,"(1, 1024)","(1, 32)",variable_random
181,random_layer_8,Linear,MM,1024,64,256,0.5752,0.5568,0.2892,"(1, 64)","(1, 256)",variable_random
181,random_layer_9,Conv2d,MM,1024,1024,32,0.8322,0.4572,0.8112,"(1, 1024)","(1, 32)",variable_random
181,random_layer_10,Conv2d,MM,64,128,128,0.4924,0.5714,0.2127,"(1, 128)","(1, 128)",variable_random
181,random_layer_11,Conv2d,MM,1024,256,512,0.7812,0.0241,0.1229,"(1, 256)","(1, 512)",variable_random
181,random_layer_12,Conv2d,MM,512,128,512,0.1693,0.0536,0.2698,"(1, 128)","(1, 512)",variable_random
181,random_layer_13,Linear,MM,1024,128,128,0.0773,0.0957,0.84,"(1, 128)","(1, 128)",variable_random
181,random_layer_14,Linear,MM,2048,32,64,0.1194,0.345,0.0654,"(1, 32)","(1, 64)",variable_random
181,random_layer_15,Linear,MM,512,256,512,0.1283,0.0097,0.9054,"(1, 256)","(1, 512)",variable_random
181,random_layer_16,Linear,MM,64,128,128,0.0,0.1088,0.9362,"(1, 128)","(1, 128)",variable_random
181,random_layer_17,Linear,MM,32,64,256,0.0,0.5235,0.7637,"(1, 64)","(1, 256)",variable_random
181,random_layer_18,Linear,MM,1024,512,256,0.5761,0.3933,0.6939,"(1, 512)","(1, 256)",variable_random
181,random_layer_19,Linear,MM,32,64,128,0.4202,0.0718,0.38,"(1, 64)","(1, 128)",variable_random
182,random_layer_0,Conv2d,MM,512,512,128,0.0,0.6969,0.193,"(1, 512)","(1, 128)",variable_random
182,random_layer_1,Conv2d,MM,64,128,256,0.8442,0.4998,0.7273,"(1, 128)","(1, 256)",variable_random
182,random_layer_2,Conv2d,MM,512,1024,32,0.3577,0.1242,0.9221,"(1, 1024)","(1, 32)",variable_random
182,random_layer_3,Conv2d,MM,32,64,512,0.1946,0.0284,0.4895,"(1, 64)","(1, 512)",variable_random
182,random_layer_4,Linear,MM,64,256,64,0.0,0.3907,0.0409,"(1, 256)","(1, 64)",variable_random
182,random_layer_5,Conv2d,MM,64,512,512,0.2754,0.0582,0.8881,"(1, 512)","(1, 512)",variable_random
182,random_layer_6,Linear,MM,32,512,128,0.0,0.1068,0.8254,"(1, 512)","(1, 128)",variable_random
182,random_layer_7,Conv2d,MM,128,256,64,0.1247,0.5413,0.5056,"(1, 256)","(1, 64)",variable_random
182,random_layer_8,Linear,MM,128,1024,64,0.811,0.0466,0.0704,"(1, 1024)","(1, 64)",variable_random
182,random_layer_9,Conv2d,MM,512,128,64,0.0609,0.5817,0.5159,"(1, 128)","(1, 64)",variable_random
182,random_layer_10,Linear,MM,256,512,64,0.8076,0.1227,0.1841,"(1, 512)","(1, 64)",variable_random
182,random_layer_11,Linear,MM,64,256,256,0.5813,0.5991,0.8258,"(1, 256)","(1, 256)",variable_random
182,random_layer_12,Conv2d,MM,512,128,64,0.386,0.0673,0.8806,"(1, 128)","(1, 64)",variable_random
182,random_layer_13,Linear,MM,256,1024,64,0.2634,0.6505,0.5541,"(1, 1024)","(1, 64)",variable_random
182,random_layer_14,Linear,MM,128,512,32,0.6754,0.5254,0.2994,"(1, 512)","(1, 32)",variable_random
182,random_layer_15,Conv2d,MM,32,256,512,0.5595,0.3272,0.8477,"(1, 256)","(1, 512)",variable_random
182,random_layer_16,Linear,MM,32,128,32,0.1149,0.0165,0.1629,"(1, 128)","(1, 32)",variable_random
182,random_layer_17,Linear,MM,256,256,256,0.048,0.0101,0.2184,"(1, 256)","(1, 256)",variable_random
182,random_layer_18,Conv2d,MM,64,512,64,0.2417,0.0891,0.3192,"(1, 512)","(1, 64)",variable_random
182,random_layer_19,Linear,MM,64,128,64,0.0134,0.5554,0.6874,"(1, 128)","(1, 64)",variable_random
183,random_layer_0,Conv2d,MM,128,1024,64,0.0,0.68,0.4384,"(1, 1024)","(1, 64)",variable_random
183,random_layer_1,Linear,MM,128,128,256,0.8778,0.4203,0.6442,"(1, 128)","(1, 256)",variable_random
183,random_layer_2,Linear,MM,256,256,64,0.0855,0.3119,0.8432,"(1, 256)","(1, 64)",variable_random
183,random_layer_3,Conv2d,MM,1024,512,64,0.4061,0.0622,0.8138,"(1, 512)","(1, 64)",variable_random
183,random_layer_4,Conv2d,MM,128,256,32,0.0,0.0114,0.0916,"(1, 256)","(1, 32)",variable_random
183,random_layer_5,Linear,MM,256,128,256,0.0,0.5171,0.105,"(1, 128)","(1, 256)",variable_random
183,random_layer_6,Conv2d,MM,32,512,512,0.451,0.4746,0.7625,"(1, 512)","(1, 512)",variable_random
183,random_layer_7,Conv2d,MM,256,32,512,0.3952,0.5075,0.5918,"(1, 32)","(1, 512)",variable_random
183,random_layer_8,Linear,MM,2048,64,128,0.5387,0.505,0.3273,"(1, 64)","(1, 128)",variable_random
183,random_layer_9,Linear,MM,2048,1024,512,0.3102,0.6544,0.4077,"(1, 1024)","(1, 512)",variable_random
183,random_layer_10,Linear,MM,64,64,128,0.6583,0.5667,0.3032,"(1, 64)","(1, 128)",variable_random
183,random_layer_11,Linear,MM,64,64,32,0.8028,0.3501,0.4043,"(1, 64)","(1, 32)",variable_random
183,random_layer_12,Linear,MM,512,64,128,0.5168,0.0864,0.4314,"(1, 64)","(1, 128)",variable_random
183,random_layer_13,Linear,MM,2048,1024,128,0.0997,0.4808,0.3654,"(1, 1024)","(1, 128)",variable_random
183,random_layer_14,Linear,MM,32,64,32,0.8726,0.6165,0.5245,"(1, 64)","(1, 32)",variable_random
183,random_layer_15,Linear,MM,32,1024,256,0.778,0.4344,0.582,"(1, 1024)","(1, 256)",variable_random
183,random_layer_16,Linear,MM,128,64,128,0.704,0.6293,0.6313,"(1, 64)","(1, 128)",variable_random
183,random_layer_17,Linear,MM,512,32,64,0.8316,0.4032,0.9144,"(1, 32)","(1, 64)",variable_random
183,random_layer_18,Linear,MM,128,64,256,0.324,0.482,0.3491,"(1, 64)","(1, 256)",variable_random
183,random_layer_19,Linear,MM,1024,512,512,0.5011,0.0333,0.1538,"(1, 512)","(1, 512)",variable_random
184,random_layer_0,Linear,MM,2048,128,32,0.192,0.007,0.8325,"(1, 128)","(1, 32)",variable_random
184,random_layer_1,Conv2d,MM,32,1024,256,0.0,0.0511,0.1154,"(1, 1024)","(1, 256)",variable_random
184,random_layer_2,Linear,MM,64,64,64,0.0037,0.0692,0.7711,"(1, 64)","(1, 64)",variable_random
184,random_layer_3,Conv2d,MM,128,256,256,0.0951,0.073,0.433,"(1, 256)","(1, 256)",variable_random
184,random_layer_4,Conv2d,MM,32,256,32,0.1125,0.4407,0.3698,"(1, 256)","(1, 32)",variable_random
184,random_layer_5,Linear,MM,256,256,512,0.2955,0.4394,0.0315,"(1, 256)","(1, 512)",variable_random
184,random_layer_6,Linear,MM,1024,128,128,0.6103,0.4192,0.7439,"(1, 128)","(1, 128)",variable_random
184,random_layer_7,Linear,MM,512,512,64,0.1534,0.0883,0.564,"(1, 512)","(1, 64)",variable_random
184,random_layer_8,Linear,MM,128,256,32,0.1274,0.6746,0.5671,"(1, 256)","(1, 32)",variable_random
184,random_layer_9,Linear,MM,32,512,512,0.342,0.64,0.8784,"(1, 512)","(1, 512)",variable_random
184,random_layer_10,Linear,MM,256,1024,32,0.5955,0.6903,0.4133,"(1, 1024)","(1, 32)",variable_random
184,random_layer_11,Linear,MM,256,256,32,0.6812,0.4638,0.7555,"(1, 256)","(1, 32)",variable_random
184,random_layer_12,Conv2d,MM,128,256,512,0.4131,0.5834,0.5642,"(1, 256)","(1, 512)",variable_random
184,random_layer_13,Conv2d,MM,64,512,64,0.6881,0.0659,0.0078,"(1, 512)","(1, 64)",variable_random
184,random_layer_14,Conv2d,MM,64,128,256,0.2237,0.3974,0.916,"(1, 128)","(1, 256)",variable_random
184,random_layer_15,Linear,MM,128,32,64,0.2398,0.3139,0.2417,"(1, 32)","(1, 64)",variable_random
184,random_layer_16,Linear,MM,32,32,32,0.7605,0.1094,0.6393,"(1, 32)","(1, 32)",variable_random
184,random_layer_17,Conv2d,MM,256,512,256,0.0405,0.6314,0.3017,"(1, 512)","(1, 256)",variable_random
184,random_layer_18,Conv2d,MM,256,32,64,0.5002,0.0616,0.4987,"(1, 32)","(1, 64)",variable_random
184,random_layer_19,Linear,MM,2048,256,256,0.0292,0.1164,0.7261,"(1, 256)","(1, 256)",variable_random
185,random_layer_0,Conv2d,MM,128,64,256,0.0,0.6024,0.4767,"(1, 64)","(1, 256)",variable_random
185,random_layer_1,Linear,MM,512,512,512,0.4718,0.6174,0.4361,"(1, 512)","(1, 512)",variable_random
185,random_layer_2,Conv2d,MM,64,32,128,0.4456,0.1221,0.2292,"(1, 32)","(1, 128)",variable_random
185,random_layer_3,Linear,MM,2048,64,256,0.1543,0.4529,0.0372,"(1, 64)","(1, 256)",variable_random
185,random_layer_4,Linear,MM,1024,32,128,0.2332,0.022,0.6772,"(1, 32)","(1, 128)",variable_random
185,random_layer_5,Conv2d,MM,256,512,32,0.1371,0.6925,0.7738,"(1, 512)","(1, 32)",variable_random
185,random_layer_6,Linear,MM,2048,256,64,0.8502,0.1088,0.1658,"(1, 256)","(1, 64)",variable_random
185,random_layer_7,Conv2d,MM,2048,32,512,0.0,0.0801,0.1045,"(1, 32)","(1, 512)",variable_random
185,random_layer_8,Conv2d,MM,1024,32,128,0.1774,0.0167,0.8125,"(1, 32)","(1, 128)",variable_random
185,random_layer_9,Conv2d,MM,256,32,512,0.1243,0.493,0.8745,"(1, 32)","(1, 512)",variable_random
185,random_layer_10,Conv2d,MM,2048,1024,64,0.4327,0.1231,0.2523,"(1, 1024)","(1, 64)",variable_random
185,random_layer_11,Linear,MM,256,512,128,0.3269,0.0189,0.5151,"(1, 512)","(1, 128)",variable_random
185,random_layer_12,Conv2d,MM,64,256,256,0.2398,0.3584,0.2127,"(1, 256)","(1, 256)",variable_random
185,random_layer_13,Linear,MM,32,64,32,0.5274,0.0591,0.8169,"(1, 64)","(1, 32)",variable_random
185,random_layer_14,Linear,MM,512,128,64,0.0,0.3005,0.1813,"(1, 128)","(1, 64)",variable_random
185,random_layer_15,Conv2d,MM,128,32,32,0.47,0.0974,0.9155,"(1, 32)","(1, 32)",variable_random
185,random_layer_16,Conv2d,MM,64,256,32,0.0325,0.4549,0.5523,"(1, 256)","(1, 32)",variable_random
185,random_layer_17,Linear,MM,1024,128,512,0.4012,0.5207,0.113,"(1, 128)","(1, 512)",variable_random
185,random_layer_18,Linear,MM,512,512,256,0.8028,0.329,0.4272,"(1, 512)","(1, 256)",variable_random
185,random_layer_19,Conv2d,MM,1024,32,512,0.3183,0.0085,0.4881,"(1, 32)","(1, 512)",variable_random
186,random_layer_0,Linear,MM,256,512,128,0.0174,0.0749,0.7771,"(1, 512)","(1, 128)",variable_random
186,random_layer_1,Linear,MM,512,64,256,0.2855,0.6455,0.3837,"(1, 64)","(1, 256)",variable_random
186,random_layer_2,Linear,MM,2048,128,128,0.4851,0.0398,0.5643,"(1, 128)","(1, 128)",variable_random
186,random_layer_3,Conv2d,MM,2048,256,32,0.0,0.041,0.2636,"(1, 256)","(1, 32)",variable_random
186,random_layer_4,Conv2d,MM,512,256,128,0.0,0.0207,0.8108,"(1, 256)","(1, 128)",variable_random
186,random_layer_5,Linear,MM,2048,128,256,0.2088,0.6185,0.142,"(1, 128)","(1, 256)",variable_random
186,random_layer_6,Conv2d,MM,512,512,64,0.6952,0.5797,0.1167,"(1, 512)","(1, 64)",variable_random
186,random_layer_7,Linear,MM,32,128,256,0.3879,0.5353,0.5573,"(1, 128)","(1, 256)",variable_random
186,random_layer_8,Conv2d,MM,1024,256,128,0.5723,0.0473,0.489,"(1, 256)","(1, 128)",variable_random
186,random_layer_9,Linear,MM,32,32,512,0.0,0.697,0.3252,"(1, 32)","(1, 512)",variable_random
186,random_layer_10,Linear,MM,32,512,32,0.7014,0.066,0.3747,"(1, 512)","(1, 32)",variable_random
186,random_layer_11,Conv2d,MM,1024,1024,128,0.0865,0.6989,0.5449,"(1, 1024)","(1, 128)",variable_random
186,random_layer_12,Linear,MM,512,1024,32,0.5794,0.4127,0.6407,"(1, 1024)","(1, 32)",variable_random
186,random_layer_13,Conv2d,MM,256,1024,256,0.5387,0.0131,0.701,"(1, 1024)","(1, 256)",variable_random
186,random_layer_14,Conv2d,MM,512,128,256,0.0,0.3279,0.6339,"(1, 128)","(1, 256)",variable_random
186,random_layer_15,Linear,MM,128,64,512,0.3564,0.131,0.0367,"(1, 64)","(1, 512)",variable_random
186,random_layer_16,Conv2d,MM,128,256,128,0.0475,0.0991,0.0246,"(1, 256)","(1, 128)",variable_random
186,random_layer_17,Conv2d,MM,2048,1024,256,0.1563,0.3572,0.5469,"(1, 1024)","(1, 256)",variable_random
186,random_layer_18,Conv2d,MM,2048,64,512,0.1432,0.0698,0.3579,"(1, 64)","(1, 512)",variable_random
186,random_layer_19,Conv2d,MM,1024,1024,128,0.2119,0.4714,0.5992,"(1, 1024)","(1, 128)",variable_random
187,random_layer_0,Linear,MM,256,512,64,0.1985,0.3809,0.096,"(1, 512)","(1, 64)",variable_random
187,random_layer_1,Linear,MM,256,512,256,0.6373,0.6384,0.3388,"(1, 512)","(1, 256)",variable_random
187,random_layer_2,Linear,MM,64,64,64,0.7377,0.0721,0.021,"(1, 64)","(1, 64)",variable_random
187,random_layer_3,Linear,MM,512,1024,32,0.2103,0.4372,0.3727,"(1, 1024)","(1, 32)",variable_random
187,random_layer_4,Linear,MM,64,512,32,0.5619,0.4196,0.1388,"(1, 512)","(1, 32)",variable_random
187,random_layer_5,Linear,MM,2048,1024,256,0.3764,0.6594,0.2715,"(1, 1024)","(1, 256)",variable_random
187,random_layer_6,Conv2d,MM,128,64,512,0.6848,0.6833,0.0109,"(1, 64)","(1, 512)",variable_random
187,random_layer_7,Linear,MM,512,64,256,0.587,0.0838,0.2036,"(1, 64)","(1, 256)",variable_random
187,random_layer_8,Conv2d,MM,1024,32,64,0.0968,0.6699,0.0397,"(1, 32)","(1, 64)",variable_random
187,random_layer_9,Linear,MM,512,1024,256,0.6107,0.0959,0.2187,"(1, 1024)","(1, 256)",variable_random
187,random_layer_10,Linear,MM,32,32,256,0.0032,0.1031,0.5442,"(1, 32)","(1, 256)",variable_random
187,random_layer_11,Conv2d,MM,256,256,256,0.1986,0.6657,0.5592,"(1, 256)","(1, 256)",variable_random
187,random_layer_12,Linear,MM,1024,512,64,0.6863,0.057,0.1623,"(1, 512)","(1, 64)",variable_random
187,random_layer_13,Linear,MM,64,32,512,0.0,0.3564,0.0836,"(1, 32)","(1, 512)",variable_random
187,random_layer_14,Conv2d,MM,512,32,64,0.2881,0.6594,0.876,"(1, 32)","(1, 64)",variable_random
187,random_layer_15,Conv2d,MM,1024,512,64,0.7923,0.0542,0.6475,"(1, 512)","(1, 64)",variable_random
187,random_layer_16,Conv2d,MM,32,1024,256,0.0,0.5288,0.0392,"(1, 1024)","(1, 256)",variable_random
187,random_layer_17,Linear,MM,256,512,32,0.5531,0.5998,0.6704,"(1, 512)","(1, 32)",variable_random
187,random_layer_18,Conv2d,MM,64,256,512,0.8103,0.0991,0.1726,"(1, 256)","(1, 512)",variable_random
187,random_layer_19,Conv2d,MM,2048,1024,32,0.1349,0.3499,0.8858,"(1, 1024)","(1, 32)",variable_random
188,random_layer_0,Conv2d,MM,256,1024,32,0.0,0.384,0.3222,"(1, 1024)","(1, 32)",variable_random
188,random_layer_1,Conv2d,MM,64,256,512,0.5191,0.0804,0.6093,"(1, 256)","(1, 512)",variable_random
188,random_layer_2,Linear,MM,512,64,256,0.2212,0.0785,0.1509,"(1, 64)","(1, 256)",variable_random
188,random_layer_3,Linear,MM,64,512,128,0.2268,0.3117,0.6879,"(1, 512)","(1, 128)",variable_random
188,random_layer_4,Linear,MM,128,32,512,0.098,0.6293,0.8827,"(1, 32)","(1, 512)",variable_random
188,random_layer_5,Linear,MM,2048,1024,32,0.6109,0.4405,0.3314,"(1, 1024)","(1, 32)",variable_random
188,random_layer_6,Linear,MM,64,1024,32,0.4734,0.0839,0.9452,"(1, 1024)","(1, 32)",variable_random
188,random_layer_7,Linear,MM,32,256,512,0.1249,0.0528,0.8724,"(1, 256)","(1, 512)",variable_random
188,random_layer_8,Conv2d,MM,32,512,32,0.2527,0.4826,0.3067,"(1, 512)","(1, 32)",variable_random
188,random_layer_9,Linear,MM,256,64,512,0.7304,0.0647,0.325,"(1, 64)","(1, 512)",variable_random
188,random_layer_10,Linear,MM,1024,256,32,0.0158,0.4885,0.1972,"(1, 256)","(1, 32)",variable_random
188,random_layer_11,Linear,MM,32,256,32,0.5211,0.5352,0.3513,"(1, 256)","(1, 32)",variable_random
188,random_layer_12,Conv2d,MM,64,1024,32,0.8275,0.0131,0.2549,"(1, 1024)","(1, 32)",variable_random
188,random_layer_13,Linear,MM,1024,1024,512,0.0554,0.6232,0.4994,"(1, 1024)","(1, 512)",variable_random
188,random_layer_14,Linear,MM,256,32,512,0.5337,0.4048,0.3858,"(1, 32)","(1, 512)",variable_random
188,random_layer_15,Linear,MM,2048,512,64,0.2636,0.4814,0.7638,"(1, 512)","(1, 64)",variable_random
188,random_layer_16,Linear,MM,1024,32,256,0.2889,0.4874,0.7813,"(1, 32)","(1, 256)",variable_random
188,random_layer_17,Linear,MM,128,1024,32,0.2936,0.0778,0.5875,"(1, 1024)","(1, 32)",variable_random
188,random_layer_18,Conv2d,MM,256,256,32,0.4082,0.1475,0.4358,"(1, 256)","(1, 32)",variable_random
188,random_layer_19,Conv2d,MM,256,256,256,0.1233,0.1024,0.3476,"(1, 256)","(1, 256)",variable_random
189,random_layer_0,Conv2d,MM,32,32,32,0.0033,0.4611,0.0941,"(1, 32)","(1, 32)",variable_random
189,random_layer_1,Conv2d,MM,1024,512,128,0.3714,0.0434,0.8611,"(1, 512)","(1, 128)",variable_random
189,random_layer_2,Conv2d,MM,32,32,256,0.0,0.3868,0.3974,"(1, 32)","(1, 256)",variable_random
189,random_layer_3,Conv2d,MM,256,64,64,0.431,0.4652,0.0351,"(1, 64)","(1, 64)",variable_random
189,random_layer_4,Linear,MM,1024,512,64,0.7664,0.0108,0.0692,"(1, 512)","(1, 64)",variable_random
189,random_layer_5,Linear,MM,2048,128,32,0.0,0.0384,0.5041,"(1, 128)","(1, 32)",variable_random
189,random_layer_6,Linear,MM,512,512,32,0.0,0.0398,0.4732,"(1, 512)","(1, 32)",variable_random
189,random_layer_7,Conv2d,MM,2048,64,256,0.0152,0.0744,0.0134,"(1, 64)","(1, 256)",variable_random
189,random_layer_8,Conv2d,MM,2048,512,32,0.0,0.506,0.8741,"(1, 512)","(1, 32)",variable_random
189,random_layer_9,Linear,MM,512,32,256,0.4924,0.6695,0.6084,"(1, 32)","(1, 256)",variable_random
189,random_layer_10,Linear,MM,32,128,512,0.5804,0.487,0.5004,"(1, 128)","(1, 512)",variable_random
189,random_layer_11,Conv2d,MM,32,512,128,0.4409,0.4242,0.5192,"(1, 512)","(1, 128)",variable_random
189,random_layer_12,Conv2d,MM,32,32,32,0.4358,0.0918,0.6343,"(1, 32)","(1, 32)",variable_random
189,random_layer_13,Linear,MM,2048,1024,256,0.079,0.0087,0.9149,"(1, 1024)","(1, 256)",variable_random
189,random_layer_14,Linear,MM,32,256,32,0.0,0.0444,0.1545,"(1, 256)","(1, 32)",variable_random
189,random_layer_15,Linear,MM,256,128,32,0.0217,0.0057,0.2875,"(1, 128)","(1, 32)",variable_random
189,random_layer_16,Conv2d,MM,128,32,128,0.0,0.6287,0.3121,"(1, 32)","(1, 128)",variable_random
189,random_layer_17,Linear,MM,1024,1024,128,0.6933,0.302,0.6947,"(1, 1024)","(1, 128)",variable_random
189,random_layer_18,Conv2d,MM,32,64,64,0.3558,0.1106,0.6512,"(1, 64)","(1, 64)",variable_random
189,random_layer_19,Linear,MM,64,64,128,0.1519,0.5979,0.5073,"(1, 64)","(1, 128)",variable_random
190,random_layer_0,Linear,MM,1024,512,128,0.0,0.0193,0.5363,"(1, 512)","(1, 128)",variable_random
190,random_layer_1,Linear,MM,64,32,256,0.0,0.1473,0.3831,"(1, 32)","(1, 256)",variable_random
190,random_layer_2,Conv2d,MM,256,32,512,0.2343,0.6712,0.2666,"(1, 32)","(1, 512)",variable_random
190,random_layer_3,Conv2d,MM,256,64,512,0.5131,0.1349,0.447,"(1, 64)","(1, 512)",variable_random
190,random_layer_4,Conv2d,MM,128,32,64,0.4861,0.6694,0.1867,"(1, 32)","(1, 64)",variable_random
190,random_layer_5,Linear,MM,32,64,256,0.6353,0.1389,0.3747,"(1, 64)","(1, 256)",variable_random
190,random_layer_6,Conv2d,MM,32,64,128,0.32,0.0803,0.1261,"(1, 64)","(1, 128)",variable_random
190,random_layer_7,Linear,MM,512,32,128,0.2682,0.5445,0.2014,"(1, 32)","(1, 128)",variable_random
190,random_layer_8,Conv2d,MM,2048,128,64,0.5212,0.532,0.9089,"(1, 128)","(1, 64)",variable_random
190,random_layer_9,Conv2d,MM,256,1024,64,0.3977,0.0278,0.366,"(1, 1024)","(1, 64)",variable_random
190,random_layer_10,Linear,MM,512,128,512,0.0588,0.0398,0.496,"(1, 128)","(1, 512)",variable_random
190,random_layer_11,Linear,MM,32,512,128,0.1767,0.044,0.3873,"(1, 512)","(1, 128)",variable_random
190,random_layer_12,Conv2d,MM,128,512,128,0.0,0.3548,0.436,"(1, 512)","(1, 128)",variable_random
190,random_layer_13,Conv2d,MM,32,1024,512,0.5134,0.3668,0.0334,"(1, 1024)","(1, 512)",variable_random
190,random_layer_14,Conv2d,MM,512,1024,64,0.3484,0.1346,0.8188,"(1, 1024)","(1, 64)",variable_random
190,random_layer_15,Conv2d,MM,64,64,64,0.0,0.4837,0.1798,"(1, 64)","(1, 64)",variable_random
190,random_layer_16,Linear,MM,1024,256,512,0.5369,0.0018,0.2828,"(1, 256)","(1, 512)",variable_random
190,random_layer_17,Conv2d,MM,128,64,64,0.0657,0.0204,0.2103,"(1, 64)","(1, 64)",variable_random
190,random_layer_18,Linear,MM,32,128,256,0.0,0.1146,0.321,"(1, 128)","(1, 256)",variable_random
190,random_layer_19,Conv2d,MM,1024,32,32,0.1234,0.0926,0.2145,"(1, 32)","(1, 32)",variable_random
191,random_layer_0,Conv2d,MM,256,64,32,0.1373,0.4256,0.2998,"(1, 64)","(1, 32)",variable_random
191,random_layer_1,Conv2d,MM,1024,64,512,0.2307,0.5793,0.3187,"(1, 64)","(1, 512)",variable_random
191,random_layer_2,Linear,MM,1024,256,512,0.6747,0.4106,0.4805,"(1, 256)","(1, 512)",variable_random
191,random_layer_3,Conv2d,MM,512,1024,512,0.2731,0.4027,0.3106,"(1, 1024)","(1, 512)",variable_random
191,random_layer_4,Conv2d,MM,128,256,512,0.5097,0.0528,0.4034,"(1, 256)","(1, 512)",variable_random
191,random_layer_5,Linear,MM,2048,1024,512,0.1586,0.3138,0.3833,"(1, 1024)","(1, 512)",variable_random
191,random_layer_6,Linear,MM,256,1024,256,0.4107,0.5221,0.2034,"(1, 1024)","(1, 256)",variable_random
191,random_layer_7,Linear,MM,64,256,32,0.4729,0.6679,0.03,"(1, 256)","(1, 32)",variable_random
191,random_layer_8,Linear,MM,32,1024,64,0.5106,0.492,0.5237,"(1, 1024)","(1, 64)",variable_random
191,random_layer_9,Linear,MM,1024,128,32,0.6162,0.0319,0.6781,"(1, 128)","(1, 32)",variable_random
191,random_layer_10,Linear,MM,512,64,32,0.0,0.0315,0.1731,"(1, 64)","(1, 32)",variable_random
191,random_layer_11,Linear,MM,1024,256,32,0.0,0.1421,0.5227,"(1, 256)","(1, 32)",variable_random
191,random_layer_12,Linear,MM,1024,256,256,0.0,0.1243,0.4562,"(1, 256)","(1, 256)",variable_random
191,random_layer_13,Linear,MM,32,128,128,0.0,0.1264,0.7501,"(1, 128)","(1, 128)",variable_random
191,random_layer_14,Linear,MM,512,128,128,0.2094,0.4367,0.0663,"(1, 128)","(1, 128)",variable_random
191,random_layer_15,Conv2d,MM,1024,256,256,0.6045,0.313,0.2096,"(1, 256)","(1, 256)",variable_random
191,random_layer_16,Conv2d,MM,128,64,32,0.1514,0.3255,0.4759,"(1, 64)","(1, 32)",variable_random
191,random_layer_17,Linear,MM,2048,128,64,0.3299,0.0374,0.4695,"(1, 128)","(1, 64)",variable_random
191,random_layer_18,Linear,MM,256,512,128,0.2844,0.5122,0.033,"(1, 512)","(1, 128)",variable_random
191,random_layer_19,Conv2d,MM,1024,1024,256,0.7239,0.0575,0.4827,"(1, 1024)","(1, 256)",variable_random
192,random_layer_0,Linear,MM,2048,64,256,0.0566,0.0098,0.1553,"(1, 64)","(1, 256)",variable_random
192,random_layer_1,Linear,MM,128,512,64,0.1007,0.4911,0.8353,"(1, 512)","(1, 64)",variable_random
192,random_layer_2,Linear,MM,64,32,512,0.4897,0.1124,0.6023,"(1, 32)","(1, 512)",variable_random
192,random_layer_3,Linear,MM,256,512,64,0.0,0.0055,0.6032,"(1, 512)","(1, 64)",variable_random
192,random_layer_4,Linear,MM,1024,512,512,0.0,0.14,0.6277,"(1, 512)","(1, 512)",variable_random
192,random_layer_5,Conv2d,MM,512,256,64,0.0,0.0801,0.4297,"(1, 256)","(1, 64)",variable_random
192,random_layer_6,Conv2d,MM,512,256,64,0.1137,0.1498,0.2855,"(1, 256)","(1, 64)",variable_random
192,random_layer_7,Conv2d,MM,256,1024,64,0.2648,0.3832,0.4126,"(1, 1024)","(1, 64)",variable_random
192,random_layer_8,Linear,MM,64,64,128,0.4422,0.4374,0.6626,"(1, 64)","(1, 128)",variable_random
192,random_layer_9,Conv2d,MM,2048,128,128,0.5995,0.0218,0.2073,"(1, 128)","(1, 128)",variable_random
192,random_layer_10,Conv2d,MM,128,1024,32,0.0,0.6699,0.1381,"(1, 1024)","(1, 32)",variable_random
192,random_layer_11,Linear,MM,64,32,128,0.4202,0.0065,0.8971,"(1, 32)","(1, 128)",variable_random
192,random_layer_12,Conv2d,MM,1024,128,512,0.0,0.0966,0.568,"(1, 128)","(1, 512)",variable_random
192,random_layer_13,Conv2d,MM,256,512,256,0.0426,0.4106,0.152,"(1, 512)","(1, 256)",variable_random
192,random_layer_14,Conv2d,MM,256,64,32,0.2504,0.5508,0.0149,"(1, 64)","(1, 32)",variable_random
192,random_layer_15,Conv2d,MM,512,1024,128,0.5181,0.0487,0.7347,"(1, 1024)","(1, 128)",variable_random
192,random_layer_16,Linear,MM,1024,256,64,0.2574,0.5806,0.9309,"(1, 256)","(1, 64)",variable_random
192,random_layer_17,Linear,MM,256,256,256,0.7839,0.4508,0.4023,"(1, 256)","(1, 256)",variable_random
192,random_layer_18,Conv2d,MM,512,1024,32,0.5225,0.5562,0.7067,"(1, 1024)","(1, 32)",variable_random
192,random_layer_19,Linear,MM,1024,32,32,0.4912,0.5559,0.7596,"(1, 32)","(1, 32)",variable_random
193,random_layer_0,Conv2d,MM,2048,128,256,0.465,0.6627,0.2146,"(1, 128)","(1, 256)",variable_random
193,random_layer_1,Conv2d,MM,128,256,64,0.718,0.3147,0.2256,"(1, 256)","(1, 64)",variable_random
193,random_layer_2,Conv2d,MM,64,32,512,0.2275,0.3439,0.6023,"(1, 32)","(1, 512)",variable_random
193,random_layer_3,Linear,MM,64,512,256,0.188,0.5809,0.9333,"(1, 512)","(1, 256)",variable_random
193,random_layer_4,Linear,MM,2048,64,128,0.4434,0.0844,0.2936,"(1, 64)","(1, 128)",variable_random
193,random_layer_5,Linear,MM,64,64,512,0.0,0.0971,0.1232,"(1, 64)","(1, 512)",variable_random
193,random_layer_6,Linear,MM,512,256,64,0.1672,0.0249,0.6316,"(1, 256)","(1, 64)",variable_random
193,random_layer_7,Conv2d,MM,256,1024,64,0.3017,0.527,0.4411,"(1, 1024)","(1, 64)",variable_random
193,random_layer_8,Conv2d,MM,1024,512,256,0.4461,0.1024,0.6309,"(1, 512)","(1, 256)",variable_random
193,random_layer_9,Conv2d,MM,64,128,256,0.156,0.0055,0.8794,"(1, 128)","(1, 256)",variable_random
193,random_layer_10,Linear,MM,1024,32,256,0.0102,0.3689,0.2028,"(1, 32)","(1, 256)",variable_random
193,random_layer_11,Conv2d,MM,2048,64,128,0.2517,0.0338,0.3586,"(1, 64)","(1, 128)",variable_random
193,random_layer_12,Linear,MM,2048,1024,128,0.0,0.4966,0.2072,"(1, 1024)","(1, 128)",variable_random
193,random_layer_13,Conv2d,MM,1024,32,512,0.4481,0.5822,0.6168,"(1, 32)","(1, 512)",variable_random
193,random_layer_14,Conv2d,MM,2048,128,256,0.8296,0.3154,0.112,"(1, 128)","(1, 256)",variable_random
193,random_layer_15,Conv2d,MM,64,1024,256,0.4954,0.4554,0.8204,"(1, 1024)","(1, 256)",variable_random
193,random_layer_16,Linear,MM,64,128,128,0.5488,0.6948,0.8698,"(1, 128)","(1, 128)",variable_random
193,random_layer_17,Conv2d,MM,32,1024,512,0.7495,0.1138,0.6204,"(1, 1024)","(1, 512)",variable_random
193,random_layer_18,Conv2d,MM,256,256,128,0.1576,0.1129,0.3039,"(1, 256)","(1, 128)",variable_random
193,random_layer_19,Linear,MM,1024,32,128,0.0,0.0116,0.2436,"(1, 32)","(1, 128)",variable_random
194,random_layer_0,Linear,MM,2048,128,512,0.0193,0.3537,0.7005,"(1, 128)","(1, 512)",variable_random
194,random_layer_1,Linear,MM,1024,64,128,0.4773,0.0301,0.4018,"(1, 64)","(1, 128)",variable_random
194,random_layer_2,Conv2d,MM,512,64,64,0.0,0.4094,0.7255,"(1, 64)","(1, 64)",variable_random
194,random_layer_3,Linear,MM,64,128,64,0.7681,0.0292,0.0159,"(1, 128)","(1, 64)",variable_random
194,random_layer_4,Linear,MM,1024,256,128,0.0985,0.49,0.2362,"(1, 256)","(1, 128)",variable_random
194,random_layer_5,Conv2d,MM,1024,64,32,0.4536,0.426,0.6734,"(1, 64)","(1, 32)",variable_random
194,random_layer_6,Linear,MM,2048,64,512,0.2469,0.1049,0.5021,"(1, 64)","(1, 512)",variable_random
194,random_layer_7,Conv2d,MM,512,256,64,0.2098,0.6227,0.8105,"(1, 256)","(1, 64)",variable_random
194,random_layer_8,Conv2d,MM,1024,1024,64,0.8057,0.0848,0.2678,"(1, 1024)","(1, 64)",variable_random
194,random_layer_9,Linear,MM,2048,1024,512,0.1013,0.133,0.5044,"(1, 1024)","(1, 512)",variable_random
194,random_layer_10,Linear,MM,32,128,32,0.0591,0.0984,0.4391,"(1, 128)","(1, 32)",variable_random
194,random_layer_11,Conv2d,MM,2048,128,128,0.0,0.6096,0.4989,"(1, 128)","(1, 128)",variable_random
194,random_layer_12,Linear,MM,2048,256,512,0.5515,0.0535,0.5051,"(1, 256)","(1, 512)",variable_random
194,random_layer_13,Conv2d,MM,512,512,64,0.0,0.4644,0.9288,"(1, 512)","(1, 64)",variable_random
194,random_layer_14,Linear,MM,64,512,64,0.4807,0.1149,0.6236,"(1, 512)","(1, 64)",variable_random
194,random_layer_15,Conv2d,MM,64,512,128,0.2211,0.0686,0.7983,"(1, 512)","(1, 128)",variable_random
194,random_layer_16,Linear,MM,32,512,128,0.0,0.5909,0.7554,"(1, 512)","(1, 128)",variable_random
194,random_layer_17,Conv2d,MM,64,512,64,0.3744,0.09,0.6771,"(1, 512)","(1, 64)",variable_random
194,random_layer_18,Conv2d,MM,2048,64,32,0.2294,0.0617,0.1226,"(1, 64)","(1, 32)",variable_random
194,random_layer_19,Conv2d,MM,32,256,128,0.0768,0.0515,0.6572,"(1, 256)","(1, 128)",variable_random
195,random_layer_0,Linear,MM,128,128,512,0.0,0.0796,0.3208,"(1, 128)","(1, 512)",variable_random
195,random_layer_1,Conv2d,MM,32,256,256,0.3451,0.5499,0.6761,"(1, 256)","(1, 256)",variable_random
195,random_layer_2,Conv2d,MM,64,64,64,0.6552,0.3793,0.7858,"(1, 64)","(1, 64)",variable_random
195,random_layer_3,Linear,MM,128,512,64,0.2848,0.6504,0.7352,"(1, 512)","(1, 64)",variable_random
195,random_layer_4,Linear,MM,128,256,64,0.8501,0.0517,0.6407,"(1, 256)","(1, 64)",variable_random
195,random_layer_5,Conv2d,MM,1024,32,64,0.2834,0.1105,0.5273,"(1, 32)","(1, 64)",variable_random
195,random_layer_6,Linear,MM,32,512,128,0.3942,0.1107,0.1894,"(1, 512)","(1, 128)",variable_random
195,random_layer_7,Conv2d,MM,64,256,256,0.1697,0.0897,0.3189,"(1, 256)","(1, 256)",variable_random
195,random_layer_8,Conv2d,MM,1024,64,64,0.2261,0.0326,0.4045,"(1, 64)","(1, 64)",variable_random
195,random_layer_9,Linear,MM,64,1024,32,0.2595,0.0529,0.9241,"(1, 1024)","(1, 32)",variable_random
195,random_layer_10,Linear,MM,128,1024,128,0.2704,0.3172,0.111,"(1, 1024)","(1, 128)",variable_random
195,random_layer_11,Linear,MM,2048,32,256,0.5356,0.3479,0.0634,"(1, 32)","(1, 256)",variable_random
195,random_layer_12,Conv2d,MM,1024,512,64,0.2907,0.0672,0.2823,"(1, 512)","(1, 64)",variable_random
195,random_layer_13,Conv2d,MM,64,128,32,0.0,0.1065,0.2912,"(1, 128)","(1, 32)",variable_random
195,random_layer_14,Conv2d,MM,1024,512,512,0.1916,0.6006,0.4851,"(1, 512)","(1, 512)",variable_random
195,random_layer_15,Linear,MM,128,512,256,0.6049,0.0703,0.0603,"(1, 512)","(1, 256)",variable_random
195,random_layer_16,Linear,MM,2048,256,32,0.054,0.0433,0.782,"(1, 256)","(1, 32)",variable_random
195,random_layer_17,Linear,MM,256,128,128,0.0,0.6858,0.0864,"(1, 128)","(1, 128)",variable_random
195,random_layer_18,Conv2d,MM,128,64,128,0.602,0.5365,0.8058,"(1, 64)","(1, 128)",variable_random
195,random_layer_19,Linear,MM,128,64,64,0.7202,0.0488,0.2847,"(1, 64)","(1, 64)",variable_random
196,random_layer_0,Conv2d,MM,2048,1024,32,0.0,0.0941,0.4826,"(1, 1024)","(1, 32)",variable_random
196,random_layer_1,Conv2d,MM,512,32,32,0.4048,0.6359,0.3478,"(1, 32)","(1, 32)",variable_random
196,random_layer_2,Linear,MM,64,128,512,0.6848,0.098,0.228,"(1, 128)","(1, 512)",variable_random
196,random_layer_3,Conv2d,MM,32,256,128,0.3556,0.1059,0.532,"(1, 256)","(1, 128)",variable_random
196,random_layer_4,Conv2d,MM,32,1024,128,0.126,0.6175,0.5732,"(1, 1024)","(1, 128)",variable_random
196,random_layer_5,Linear,MM,1024,256,64,0.7635,0.3647,0.5476,"(1, 256)","(1, 64)",variable_random
196,random_layer_6,Conv2d,MM,32,512,64,0.304,0.424,0.7954,"(1, 512)","(1, 64)",variable_random
196,random_layer_7,Conv2d,MM,128,256,64,0.4395,0.6437,0.5305,"(1, 256)","(1, 64)",variable_random
196,random_layer_8,Conv2d,MM,2048,512,256,0.5856,0.432,0.0195,"(1, 512)","(1, 256)",variable_random
196,random_layer_9,Conv2d,MM,128,512,256,0.6769,0.1095,0.0998,"(1, 512)","(1, 256)",variable_random
196,random_layer_10,Linear,MM,512,512,128,0.0,0.0387,0.8474,"(1, 512)","(1, 128)",variable_random
196,random_layer_11,Conv2d,MM,512,512,128,0.1573,0.3744,0.3778,"(1, 512)","(1, 128)",variable_random
196,random_layer_12,Linear,MM,512,1024,64,0.3511,0.0884,0.0602,"(1, 1024)","(1, 64)",variable_random
196,random_layer_13,Linear,MM,1024,32,256,0.2284,0.5566,0.2541,"(1, 32)","(1, 256)",variable_random
196,random_layer_14,Linear,MM,32,256,32,0.6616,0.6968,0.0407,"(1, 256)","(1, 32)",variable_random
196,random_layer_15,Linear,MM,128,1024,256,0.319,0.3541,0.9166,"(1, 1024)","(1, 256)",variable_random
196,random_layer_16,Conv2d,MM,128,64,512,0.7015,0.0281,0.3967,"(1, 64)","(1, 512)",variable_random
196,random_layer_17,Linear,MM,32,512,32,0.0297,0.0635,0.9334,"(1, 512)","(1, 32)",variable_random
196,random_layer_18,Conv2d,MM,2048,32,512,0.0,0.3147,0.8043,"(1, 32)","(1, 512)",variable_random
196,random_layer_19,Linear,MM,2048,512,256,0.4472,0.0689,0.1253,"(1, 512)","(1, 256)",variable_random
197,random_layer_0,Conv2d,MM,128,512,256,0.0,0.0132,0.24,"(1, 512)","(1, 256)",variable_random
197,random_layer_1,Conv2d,MM,512,64,64,0.0399,0.1118,0.2904,"(1, 64)","(1, 64)",variable_random
197,random_layer_2,Linear,MM,32,128,512,0.0,0.5196,0.2497,"(1, 128)","(1, 512)",variable_random
197,random_layer_3,Linear,MM,1024,1024,64,0.4707,0.0168,0.7421,"(1, 1024)","(1, 64)",variable_random
197,random_layer_4,Conv2d,MM,512,256,64,0.0,0.1055,0.1733,"(1, 256)","(1, 64)",variable_random
197,random_layer_5,Linear,MM,64,512,32,0.0,0.4526,0.9423,"(1, 512)","(1, 32)",variable_random
197,random_layer_6,Conv2d,MM,2048,512,512,0.3329,0.1317,0.0336,"(1, 512)","(1, 512)",variable_random
197,random_layer_7,Conv2d,MM,32,32,256,0.0571,0.0018,0.4936,"(1, 32)","(1, 256)",variable_random
197,random_layer_8,Conv2d,MM,512,256,32,0.0,0.0258,0.3661,"(1, 256)","(1, 32)",variable_random
197,random_layer_9,Linear,MM,32,256,256,0.2008,0.0366,0.2316,"(1, 256)","(1, 256)",variable_random
197,random_layer_10,Linear,MM,2048,512,256,0.0,0.0766,0.8039,"(1, 512)","(1, 256)",variable_random
197,random_layer_11,Linear,MM,256,512,256,0.2627,0.3393,0.868,"(1, 512)","(1, 256)",variable_random
197,random_layer_12,Conv2d,MM,128,256,128,0.1361,0.141,0.3312,"(1, 256)","(1, 128)",variable_random
197,random_layer_13,Linear,MM,512,512,512,0.1348,0.0581,0.948,"(1, 512)","(1, 512)",variable_random
197,random_layer_14,Conv2d,MM,512,32,32,0.0,0.0757,0.0162,"(1, 32)","(1, 32)",variable_random
197,random_layer_15,Linear,MM,32,64,256,0.0,0.1172,0.193,"(1, 64)","(1, 256)",variable_random
197,random_layer_16,Conv2d,MM,128,64,512,0.0684,0.5696,0.1073,"(1, 64)","(1, 512)",variable_random
197,random_layer_17,Linear,MM,128,128,256,0.4968,0.1139,0.8509,"(1, 128)","(1, 256)",variable_random
197,random_layer_18,Linear,MM,256,256,32,0.2525,0.0492,0.8019,"(1, 256)","(1, 32)",variable_random
197,random_layer_19,Linear,MM,128,512,64,0.0,0.1425,0.6857,"(1, 512)","(1, 64)",variable_random
198,random_layer_0,Linear,MM,32,128,64,0.0,0.0621,0.9329,"(1, 128)","(1, 64)",variable_random
198,random_layer_1,Linear,MM,32,1024,256,0.0,0.0369,0.1425,"(1, 1024)","(1, 256)",variable_random
198,random_layer_2,Conv2d,MM,512,32,128,0.0,0.0866,0.0068,"(1, 32)","(1, 128)",variable_random
198,random_layer_3,Linear,MM,256,1024,512,0.0,0.5562,0.7733,"(1, 1024)","(1, 512)",variable_random
198,random_layer_4,Conv2d,MM,512,256,512,0.7006,0.055,0.2611,"(1, 256)","(1, 512)",variable_random
198,random_layer_5,Linear,MM,64,1024,32,0.1722,0.1032,0.4264,"(1, 1024)","(1, 32)",variable_random
198,random_layer_6,Conv2d,MM,32,1024,64,0.0646,0.0695,0.5846,"(1, 1024)","(1, 64)",variable_random
198,random_layer_7,Conv2d,MM,2048,512,512,0.3793,0.4084,0.2665,"(1, 512)","(1, 512)",variable_random
198,random_layer_8,Linear,MM,256,128,512,0.2121,0.1012,0.3503,"(1, 128)","(1, 512)",variable_random
198,random_layer_9,Conv2d,MM,128,64,32,0.028,0.6696,0.4424,"(1, 64)","(1, 32)",variable_random
198,random_layer_10,Conv2d,MM,1024,512,64,0.5201,0.1204,0.8686,"(1, 512)","(1, 64)",variable_random
198,random_layer_11,Linear,MM,32,1024,512,0.16,0.0634,0.0589,"(1, 1024)","(1, 512)",variable_random
198,random_layer_12,Linear,MM,512,1024,32,0.0,0.0088,0.7357,"(1, 1024)","(1, 32)",variable_random
198,random_layer_13,Linear,MM,256,1024,64,0.0,0.699,0.8366,"(1, 1024)","(1, 64)",variable_random
198,random_layer_14,Linear,MM,64,1024,512,0.8631,0.1336,0.2549,"(1, 1024)","(1, 512)",variable_random
198,random_layer_15,Conv2d,MM,1024,256,128,0.0162,0.6027,0.4676,"(1, 256)","(1, 128)",variable_random
198,random_layer_16,Linear,MM,2048,128,512,0.6152,0.354,0.6506,"(1, 128)","(1, 512)",variable_random
198,random_layer_17,Conv2d,MM,1024,32,32,0.4152,0.4081,0.5327,"(1, 32)","(1, 32)",variable_random
198,random_layer_18,Conv2d,MM,32,32,32,0.5094,0.3433,0.5343,"(1, 32)","(1, 32)",variable_random
198,random_layer_19,Conv2d,MM,1024,128,256,0.3707,0.4331,0.3915,"(1, 128)","(1, 256)",variable_random
199,random_layer_0,Linear,MM,256,1024,64,0.0,0.3688,0.6545,"(1, 1024)","(1, 64)",variable_random
199,random_layer_1,Linear,MM,512,64,32,0.3972,0.6979,0.881,"(1, 64)","(1, 32)",variable_random
199,random_layer_2,Linear,MM,32,256,512,0.4632,0.1073,0.2112,"(1, 256)","(1, 512)",variable_random
199,random_layer_3,Conv2d,MM,256,512,32,0.0,0.5568,0.136,"(1, 512)","(1, 32)",variable_random
199,random_layer_4,Linear,MM,128,64,32,0.5667,0.4419,0.9471,"(1, 64)","(1, 32)",variable_random
199,random_layer_5,Linear,MM,128,128,64,0.3759,0.1316,0.8923,"(1, 128)","(1, 64)",variable_random
199,random_layer_6,Linear,MM,256,32,32,0.1217,0.0856,0.0059,"(1, 32)","(1, 32)",variable_random
199,random_layer_7,Conv2d,MM,512,512,32,0.1057,0.0439,0.9325,"(1, 512)","(1, 32)",variable_random
199,random_layer_8,Conv2d,MM,1024,512,64,0.0541,0.0185,0.6283,"(1, 512)","(1, 64)",variable_random
199,random_layer_9,Linear,MM,512,256,64,0.1347,0.0738,0.1565,"(1, 256)","(1, 64)",variable_random
199,random_layer_10,Conv2d,MM,1024,64,512,0.07,0.1045,0.6939,"(1, 64)","(1, 512)",variable_random
199,random_layer_11,Conv2d,MM,256,128,32,0.2134,0.3025,0.7785,"(1, 128)","(1, 32)",variable_random
199,random_layer_12,Linear,MM,256,512,64,0.4928,0.034,0.1316,"(1, 512)","(1, 64)",variable_random
199,random_layer_13,Conv2d,MM,2048,1024,64,0.1625,0.0618,0.8072,"(1, 1024)","(1, 64)",variable_random
199,random_layer_14,Linear,MM,32,128,32,0.4423,0.5906,0.5766,"(1, 128)","(1, 32)",variable_random
199,random_layer_15,Conv2d,MM,64,256,32,0.4031,0.0641,0.8441,"(1, 256)","(1, 32)",variable_random
199,random_layer_16,Conv2d,MM,256,256,256,0.0146,0.6941,0.1681,"(1, 256)","(1, 256)",variable_random
199,random_layer_17,Linear,MM,1024,32,256,0.7516,0.0416,0.0932,"(1, 32)","(1, 256)",variable_random
199,random_layer_18,Linear,MM,512,32,32,0.0,0.0944,0.4767,"(1, 32)","(1, 32)",variable_random
199,random_layer_19,Conv2d,MM,2048,32,512,0.0,0.405,0.4273,"(1, 32)","(1, 512)",variable_random
